mtllib model_0.mtl
o model_0
v -851.4415893554688 -4.0608415603637695 885.6409301757812 
v -851.4415893554688 6.630610466003418 885.6409301757812 
v -665.3775634765625 -4.0608415603637695 885.6409301757812 
v -665.3775634765625 6.630610466003418 885.6409301757812 
v -399.5719299316406 -4.0608415603637695 885.6409301757812 
v -399.5719299316406 6.630610466003418 885.6409301757812 
v -160.34683227539062 -4.0608415603637695 885.6409301757812 
v -160.34683227539062 6.630610466003418 885.6409301757812 
v -399.5719299316406 -4.061133861541748 -907.2150268554688 
v -399.5719299316406 6.6303181648254395 -907.2150268554688 
v -665.3775634765625 -4.061133861541748 -907.2150268554688 
v -665.3775634765625 6.6303181648254395 -907.2150268554688 
v -851.4415893554688 -4.061133861541748 -907.2150268554688 
v -851.4415893554688 6.6303181648254395 -907.2150268554688 
v -851.4415893554688 6.630610466003418 885.6409301757812 
v -851.4415893554688 -4.0608415603637695 885.6409301757812 
v -851.4415893554688 6.630518913269043 324.49114990234375 
v -851.4415893554688 -4.0609331130981445 324.49114990234375 
v -851.4415893554688 6.630468845367432 15.682289123535156 
v -851.4415893554688 -4.060983180999756 15.682291030883789 
v -851.4415893554688 -4.061133861541748 -907.2150268554688 
v -851.4415893554688 6.6303181648254395 -907.2150268554688 
v -851.4415893554688 -4.061033725738525 -292.2442626953125 
v -851.4415893554688 6.630418300628662 -292.2442626953125 
v -851.4415893554688 -4.060983180999756 15.682291030883789 
v -851.4415893554688 6.630468845367432 15.682289123535156 
v -856.8939819335938 6.646206855773926 324.49114990234375 
v -851.4415893554688 6.630518913269043 324.49114990234375 
v -856.8939819335938 6.6461567878723145 15.682289123535156 
v -851.4415893554688 6.630468845367432 15.682289123535156 
v -669.4669189453125 6.646299362182617 891.817138671875 
v -665.3775634765625 6.630610466003418 885.6409301757812 
v -856.8939819335938 6.646299362182617 891.817138671875 
v -851.4415893554688 6.630610466003418 885.6409301757812 
v -160.34683227539062 6.646299362182617 891.817138671875 
v -160.34683227539062 6.630610466003418 885.6409301757812 
v -400.93505859375 6.646299362182617 891.817138671875 
v -399.5719299316406 6.630610466003418 885.6409301757812 
v -400.93505859375 6.646299362182617 891.817138671875 
v -399.5719299316406 6.630610466003418 885.6409301757812 
v -669.4669189453125 6.646299362182617 891.817138671875 
v -665.3775634765625 6.630610466003418 885.6409301757812 
v -856.8939819335938 6.646299362182617 891.817138671875 
v -851.4415893554688 6.630610466003418 885.6409301757812 
v -856.8939819335938 6.646206855773926 324.49114990234375 
v -851.4415893554688 6.630518913269043 324.49114990234375 
v -669.4669189453125 6.646005153656006 -914.2735595703125 
v -665.3775634765625 6.6303181648254395 -907.2150268554688 
v -400.93505859375 6.646005153656006 -914.2735595703125 
v -399.5719299316406 6.6303181648254395 -907.2150268554688 
v -856.8939819335938 6.646005153656006 -914.2735595703125 
v -851.4415893554688 6.6303181648254395 -907.2150268554688 
v -669.4669189453125 6.646005153656006 -914.2735595703125 
v -665.3775634765625 6.6303181648254395 -907.2150268554688 
v -856.8939819335938 6.646106243133545 -294.0088806152344 
v -851.4415893554688 6.630418300628662 -292.2442626953125 
v -856.8939819335938 6.646005153656006 -914.2735595703125 
v -851.4415893554688 6.6303181648254395 -907.2150268554688 
v 532.7925415039062 -4.0608415603637695 885.6409301757812 
v 346.72857666015625 -4.0608415603637695 885.6409301757812 
v 532.7925415039062 6.630610466003418 885.6409301757812 
v 346.72857666015625 6.630610466003418 885.6409301757812 
v 80.92294311523438 -4.0608415603637695 885.6409301757812 
v 80.92294311523438 6.630610466003418 885.6409301757812 
v -160.34683227539062 -4.0608415603637695 885.6409301757812 
v -160.34683227539062 6.630610466003418 885.6409301757812 
v -133.084716796875 -4.061133861541748 -907.2150268554688 
v -133.084716796875 6.6303181648254395 -907.2150268554688 
v 346.72857666015625 -4.061133861541748 -907.2150268554688 
v 346.72857666015625 6.6303181648254395 -907.2150268554688 
v 532.7925415039062 -4.061133861541748 -907.2150268554688 
v 532.7925415039062 6.6303181648254395 -907.2150268554688 
v 532.7925415039062 6.630610466003418 885.6409301757812 
v 532.7925415039062 -4.0608415603637695 885.6409301757812 
v 532.7925415039062 6.630518913269043 324.49114990234375 
v 532.7925415039062 -4.0609331130981445 324.49114990234375 
v 532.7925415039062 6.630468845367432 15.682289123535156 
v 532.7925415039062 -4.060983180999756 15.682291030883789 
v 532.7925415039062 -4.061133861541748 -907.2150268554688 
v 532.7925415039062 6.6303181648254395 -907.2150268554688 
v 532.7925415039062 -4.061033725738525 -292.2442626953125 
v 532.7925415039062 6.630418300628662 -292.2442626953125 
v 532.7925415039062 -4.060983180999756 15.682291030883789 
v 532.7925415039062 6.630468845367432 15.682289123535156 
v 532.7925415039062 6.630468845367432 15.682289123535156 
v 538.2449951171875 6.6461567878723145 15.682289123535156 
v 532.7925415039062 6.630518913269043 324.49114990234375 
v 538.2449951171875 6.646206855773926 324.49114990234375 
v 532.7925415039062 6.630610466003418 885.6409301757812 
v 538.2449951171875 6.646299362182617 891.817138671875 
v 346.72857666015625 6.630610466003418 885.6409301757812 
v 350.8179016113281 6.646299362182617 891.817138671875 
v 80.92294311523438 6.630610466003418 885.6409301757812 
v 82.28602600097656 6.646299362182617 891.817138671875 
v -160.34683227539062 6.630610466003418 885.6409301757812 
v -160.34683227539062 6.646299362182617 891.817138671875 
v 346.72857666015625 6.630610466003418 885.6409301757812 
v 350.8179016113281 6.646299362182617 891.817138671875 
v 80.92294311523438 6.630610466003418 885.6409301757812 
v 82.28602600097656 6.646299362182617 891.817138671875 
v 532.7925415039062 6.630518913269043 324.49114990234375 
v 538.2449951171875 6.646206855773926 324.49114990234375 
v 532.7925415039062 6.630610466003418 885.6409301757812 
v 538.2449951171875 6.646299362182617 891.817138671875 
v -133.084716796875 6.6303181648254395 -907.2150268554688 
v -131.7216033935547 6.646005153656006 -914.2735595703125 
v 346.72857666015625 6.6303181648254395 -907.2150268554688 
v 350.8179016113281 6.646005153656006 -914.2735595703125 
v 346.72857666015625 6.6303181648254395 -907.2150268554688 
v 350.8179016113281 6.646005153656006 -914.2735595703125 
v 532.7925415039062 6.6303181648254395 -907.2150268554688 
v 538.2449951171875 6.646005153656006 -914.2735595703125 
v 532.7925415039062 6.6303181648254395 -907.2150268554688 
v 538.2449951171875 6.646005153656006 -914.2735595703125 
v 532.7925415039062 6.630418300628662 -292.2442626953125 
v 538.2449951171875 6.646106243133545 -294.0088806152344 
v 532.7925415039062 6.630418300628662 -292.2442626953125 
v 538.2449951171875 6.646106243133545 -294.0088806152344 
v 532.7925415039062 6.630468845367432 15.682289123535156 
v 538.2449951171875 6.6461567878723145 15.682289123535156 
v -856.8939819335938 6.6461567878723145 15.682289123535156 
v -856.8939819335938 6.646106243133545 -294.0088806152344 
v -851.4415893554688 6.630468845367432 15.682289123535156 
v -851.4415893554688 6.630418300628662 -292.2442626953125 
v -869.924072265625 359.51611328125 750.1430053710938 
v -877.2529907226562 359.51611328125 750.1430053710938 
v -869.924072265625 102.05006408691406 750.1430053710938 
v -877.2529907226562 102.05006408691406 750.1430053710938 
v -869.924072265625 102.05006408691406 750.1430053710938 
v -877.2529907226562 102.05006408691406 750.1430053710938 
v -869.924072265625 102.05003356933594 567.9796142578125 
v -877.2529907226562 102.05003356933594 567.9796142578125 
v -869.924072265625 102.05003356933594 567.9796142578125 
v -877.2529907226562 102.05003356933594 567.9796142578125 
v -869.924072265625 359.5160827636719 567.9795532226562 
v -877.2529907226562 359.5160827636719 567.9795532226562 
v -869.924072265625 359.5160827636719 567.9795532226562 
v -877.2529907226562 359.5160827636719 567.9795532226562 
v -869.924072265625 359.51611328125 750.1430053710938 
v -877.2529907226562 359.51611328125 750.1430053710938 
v -870.0557250976562 106.2302474975586 746.9336547851562 
v -870.0557250976562 355.3359375 746.9336547851562 
v -869.924072265625 102.05006408691406 750.1430053710938 
v -869.924072265625 359.51611328125 750.1430053710938 
v -870.0557250976562 106.23021697998047 571.2317504882812 
v -870.0557250976562 106.2302474975586 746.9336547851562 
v -869.924072265625 102.05003356933594 567.9796142578125 
v -869.924072265625 102.05006408691406 750.1430053710938 
v -870.0557250976562 355.3359375 746.9336547851562 
v -870.0557250976562 355.3359069824219 571.2317504882812 
v -869.924072265625 359.51611328125 750.1430053710938 
v -869.924072265625 359.5160827636719 567.9795532226562 
v -877.121337890625 354.7073059082031 571.7024536132812 
v -877.121337890625 106.85881042480469 571.7024536132812 
v -870.45068359375 354.7073059082031 571.7024536132812 
v -870.45068359375 106.85881042480469 571.7024536132812 
v -870.3190307617188 291.4938659667969 567.9795532226562 
v -877.2529907226562 291.4938659667969 567.9795532226562 
v -870.3190307617188 291.493896484375 750.1430053710938 
v -877.2529907226562 291.493896484375 750.1430053710938 
v -877.121337890625 106.85881042480469 571.7024536132812 
v -877.121337890625 106.85884094238281 746.420166015625 
v -870.45068359375 106.85881042480469 571.7024536132812 
v -870.45068359375 106.85884094238281 746.420166015625 
v -870.0557250976562 355.3359069824219 571.2317504882812 
v -870.0557250976562 106.23021697998047 571.2317504882812 
v -869.924072265625 359.5160827636719 567.9795532226562 
v -869.924072265625 102.05003356933594 567.9796142578125 
v -877.121337890625 106.85884094238281 746.420166015625 
v -877.121337890625 354.70733642578125 746.4201049804688 
v -870.45068359375 106.85884094238281 746.420166015625 
v -870.45068359375 354.70733642578125 746.4201049804688 
v -870.0557250976562 287.2508544921875 746.8480224609375 
v -870.0557250976562 287.2508544921875 571.2745361328125 
v -869.9679565429688 290.93603515625 749.715087890625 
v -869.9679565429688 290.9360046386719 568.407470703125 
v -870.3190307617188 229.27835083007812 567.9796142578125 
v -877.2529907226562 229.27835083007812 567.9796142578125 
v -870.3190307617188 229.27838134765625 750.1430053710938 
v -877.2529907226562 229.27838134765625 750.1430053710938 
v -877.121337890625 286.68511962890625 746.4201049804688 
v -877.121337890625 286.6850891113281 571.7024536132812 
v -870.45068359375 286.68511962890625 746.4201049804688 
v -870.45068359375 286.6850891113281 571.7024536132812 
v -870.0557250976562 225.02748107910156 746.8480834960938 
v -870.0557250976562 225.02745056152344 571.2745361328125 
v -869.9679565429688 228.712646484375 749.715087890625 
v -869.9679565429688 228.71261596679688 568.4075317382812 
v -870.3190307617188 169.2157745361328 567.9796142578125 
v -877.2529907226562 169.2157745361328 567.9796142578125 
v -870.3190307617188 169.21580505371094 750.1430053710938 
v -877.2529907226562 169.21580505371094 750.1430053710938 
v -877.121337890625 224.4696044921875 746.420166015625 
v -877.121337890625 224.46957397460938 571.7024536132812 
v -870.45068359375 224.4696044921875 746.420166015625 
v -870.45068359375 224.46957397460938 571.7024536132812 
v -870.0557250976562 164.96490478515625 746.8480834960938 
v -870.0557250976562 164.96487426757812 571.2745361328125 
v -869.9679565429688 168.6500701904297 749.715087890625 
v -869.9679565429688 168.65003967285156 568.4075317382812 
v -870.3190307617188 358.67535400390625 632.6802978515625 
v -877.2529907226562 358.67535400390625 632.6802978515625 
v -870.3190307617188 104.75302124023438 632.6803588867188 
v -877.2529907226562 104.75302124023438 632.6803588867188 
v -877.121337890625 164.4070281982422 746.420166015625 
v -877.121337890625 164.40699768066406 571.7024536132812 
v -870.45068359375 164.4070281982422 746.420166015625 
v -870.45068359375 164.40699768066406 571.7024536132812 
v -870.0557250976562 104.75302124023438 628.3583984375 
v -870.0557250976562 358.67535400390625 628.3583984375 
v -869.9679565429688 104.75302124023438 632.1240844726562 
v -869.9679565429688 358.67535400390625 632.1240234375 
v -870.3190307617188 358.67535400390625 689.0795288085938 
v -877.2529907226562 358.67535400390625 689.0795288085938 
v -870.3190307617188 104.7530288696289 689.07958984375 
v -877.2529907226562 104.7530288696289 689.07958984375 
v -877.121337890625 104.75302124023438 627.8021240234375 
v -877.121337890625 358.67535400390625 627.8020629882812 
v -870.45068359375 104.75302124023438 627.8021240234375 
v -870.45068359375 358.67535400390625 627.8020629882812 
v -870.0557250976562 104.7530288696289 684.7576293945312 
v -870.0557250976562 358.67535400390625 684.757568359375 
v -869.9679565429688 104.7530288696289 688.5232543945312 
v -869.9679565429688 358.67535400390625 688.523193359375 
v -877.121337890625 104.7530288696289 684.2013549804688 
v -877.121337890625 358.67535400390625 684.2012939453125 
v -870.45068359375 104.7530288696289 684.2013549804688 
v -870.45068359375 358.67535400390625 684.2012939453125 
v -870.0557250976562 106.23021697998047 571.2317504882812 
v -870.0557250976562 355.3359069824219 571.2317504882812 
v -870.45068359375 106.85881042480469 571.7024536132812 
v -870.45068359375 354.7073059082031 571.7024536132812 
v -870.0557250976562 355.3359375 746.9336547851562 
v -870.0557250976562 106.2302474975586 746.9336547851562 
v -870.45068359375 354.70733642578125 746.4201049804688 
v -870.45068359375 106.85884094238281 746.420166015625 
v -870.0557250976562 355.3359069824219 571.2317504882812 
v -870.0557250976562 355.3359375 746.9336547851562 
v -870.45068359375 354.7073059082031 571.7024536132812 
v -870.45068359375 354.70733642578125 746.4201049804688 
v -870.0557250976562 106.2302474975586 746.9336547851562 
v -870.0557250976562 106.23021697998047 571.2317504882812 
v -870.45068359375 106.85884094238281 746.420166015625 
v -870.45068359375 106.85881042480469 571.7024536132812 
v -870.3190307617188 291.4938659667969 567.9795532226562 
v -870.3190307617188 291.493896484375 750.1430053710938 
v -869.9679565429688 290.9360046386719 568.407470703125 
v -869.9679565429688 290.93603515625 749.715087890625 
v -870.0557250976562 287.2508544921875 571.2745361328125 
v -870.0557250976562 287.2508544921875 746.8480224609375 
v -870.45068359375 286.6850891113281 571.7024536132812 
v -870.45068359375 286.68511962890625 746.4201049804688 
v -870.3190307617188 229.27835083007812 567.9796142578125 
v -870.3190307617188 229.27838134765625 750.1430053710938 
v -869.9679565429688 228.71261596679688 568.4075317382812 
v -869.9679565429688 228.712646484375 749.715087890625 
v -870.0557250976562 225.02745056152344 571.2745361328125 
v -870.0557250976562 225.02748107910156 746.8480834960938 
v -870.45068359375 224.46957397460938 571.7024536132812 
v -870.45068359375 224.4696044921875 746.420166015625 
v -870.3190307617188 169.2157745361328 567.9796142578125 
v -870.3190307617188 169.21580505371094 750.1430053710938 
v -869.9679565429688 168.65003967285156 568.4075317382812 
v -869.9679565429688 168.6500701904297 749.715087890625 
v -870.0557250976562 164.96487426757812 571.2745361328125 
v -870.0557250976562 164.96490478515625 746.8480834960938 
v -870.45068359375 164.40699768066406 571.7024536132812 
v -870.45068359375 164.4070281982422 746.420166015625 
v -870.3190307617188 358.67535400390625 632.6802978515625 
v -870.3190307617188 104.75302124023438 632.6803588867188 
v -869.9679565429688 358.67535400390625 632.1240234375 
v -869.9679565429688 104.75302124023438 632.1240844726562 
v -870.0557250976562 358.67535400390625 628.3583984375 
v -870.0557250976562 104.75302124023438 628.3583984375 
v -870.45068359375 358.67535400390625 627.8020629882812 
v -870.45068359375 104.75302124023438 627.8021240234375 
v -870.3190307617188 358.67535400390625 689.0795288085938 
v -870.3190307617188 104.7530288696289 689.07958984375 
v -869.9679565429688 358.67535400390625 688.523193359375 
v -869.9679565429688 104.7530288696289 688.5232543945312 
v -870.0557250976562 358.67535400390625 684.757568359375 
v -870.0557250976562 104.7530288696289 684.7576293945312 
v -870.45068359375 358.67535400390625 684.2012939453125 
v -870.45068359375 104.7530288696289 684.2013549804688 
v -877.121337890625 354.70733642578125 746.4201049804688 
v -877.121337890625 354.7073059082031 571.7024536132812 
v -870.45068359375 354.70733642578125 746.4201049804688 
v -870.45068359375 354.7073059082031 571.7024536132812 
v -869.924072265625 359.51605224609375 445.12518310546875 
v -877.2529907226562 359.51605224609375 445.12518310546875 
v -869.924072265625 102.05001831054688 445.1252136230469 
v -877.2529907226562 102.05001831054688 445.1252136230469 
v -869.924072265625 102.05001831054688 445.1252136230469 
v -877.2529907226562 102.05001831054688 445.1252136230469 
v -869.924072265625 102.04998779296875 263.0046081542969 
v -877.2529907226562 102.04998779296875 263.0046081542969 
v -869.924072265625 102.04998779296875 263.0046081542969 
v -877.2529907226562 102.04998779296875 263.0046081542969 
v -869.924072265625 359.5160217285156 263.0045471191406 
v -877.2529907226562 359.5160217285156 263.0045471191406 
v -869.924072265625 359.5160217285156 263.0045471191406 
v -877.2529907226562 359.5160217285156 263.0045471191406 
v -869.924072265625 359.51605224609375 445.12518310546875 
v -877.2529907226562 359.51605224609375 445.12518310546875 
v -870.0557250976562 106.23019409179688 441.9158630371094 
v -870.0557250976562 355.33587646484375 441.9158020019531 
v -869.924072265625 102.05001831054688 445.1252136230469 
v -869.924072265625 359.51605224609375 445.12518310546875 
v -870.0557250976562 106.23017120361328 266.2139587402344 
v -870.0557250976562 106.23019409179688 441.9158630371094 
v -869.924072265625 102.04998779296875 263.0046081542969 
v -869.924072265625 102.05001831054688 445.1252136230469 
v -870.0557250976562 355.33587646484375 441.9158020019531 
v -870.0557250976562 355.3358459472656 266.2138977050781 
v -869.924072265625 359.51605224609375 445.12518310546875 
v -869.924072265625 359.5160217285156 263.0045471191406 
v -877.121337890625 354.7072448730469 266.68463134765625 
v -877.121337890625 106.85875701904297 266.6846618652344 
v -870.45068359375 354.7072448730469 266.68463134765625 
v -870.45068359375 106.85875701904297 266.6846618652344 
v -870.3190307617188 291.49383544921875 263.00457763671875 
v -877.2529907226562 291.49383544921875 263.00457763671875 
v -870.3190307617188 291.4938659667969 445.12518310546875 
v -877.2529907226562 291.4938659667969 445.12518310546875 
v -877.121337890625 106.85875701904297 266.6846618652344 
v -877.121337890625 106.8587875366211 441.4451599121094 
v -870.45068359375 106.85875701904297 266.6846618652344 
v -870.45068359375 106.8587875366211 441.4451599121094 
v -870.0557250976562 355.3358459472656 266.2138977050781 
v -870.0557250976562 106.23017120361328 266.2139587402344 
v -869.924072265625 359.5160217285156 263.0045471191406 
v -869.924072265625 102.04998779296875 263.0046081542969 
v -877.121337890625 106.8587875366211 441.4451599121094 
v -877.121337890625 354.707275390625 441.4450988769531 
v -870.45068359375 106.8587875366211 441.4451599121094 
v -870.45068359375 354.707275390625 441.4450988769531 
v -870.0557250976562 287.2508239746094 441.8730163574219 
v -870.0557250976562 287.25079345703125 266.2567138671875 
v -869.9679565429688 290.93597412109375 444.697265625 
v -869.9679565429688 290.9359436035156 263.4324645996094 
v -870.3190307617188 229.27830505371094 263.00457763671875 
v -877.2529907226562 229.27830505371094 263.00457763671875 
v -870.3190307617188 229.27833557128906 445.12518310546875 
v -877.2529907226562 229.27833557128906 445.12518310546875 
v -877.121337890625 286.6850891113281 441.44512939453125 
v -877.121337890625 286.68505859375 266.68463134765625 
v -870.45068359375 286.6850891113281 441.44512939453125 
v -870.45068359375 286.68505859375 266.68463134765625 
v -870.0557250976562 225.02743530273438 441.873046875 
v -870.0557250976562 225.02740478515625 266.2567138671875 
v -869.9679565429688 228.71258544921875 444.697265625 
v -869.9679565429688 228.7125701904297 263.4324951171875 
v -870.3190307617188 169.21571350097656 263.00457763671875 
v -877.2529907226562 169.21571350097656 263.00457763671875 
v -870.3190307617188 169.2157440185547 445.1252136230469 
v -877.2529907226562 169.2157440185547 445.1252136230469 
v -877.121337890625 224.4695587158203 441.44512939453125 
v -877.121337890625 224.4695281982422 266.68463134765625 
v -870.45068359375 224.4695587158203 441.44512939453125 
v -870.45068359375 224.4695281982422 266.68463134765625 
v -870.0557250976562 164.96485900878906 441.873046875 
v -870.0557250976562 164.96482849121094 266.2567443847656 
v -869.9679565429688 168.6500244140625 444.6972961425781 
v -869.9679565429688 168.64999389648438 263.4324951171875 
v -870.3190307617188 358.67529296875 327.7052917480469 
v -877.2529907226562 358.67529296875 327.7052917480469 
v -870.3190307617188 104.75297546386719 327.7053527832031 
v -877.2529907226562 104.75297546386719 327.7053527832031 
v -877.121337890625 164.406982421875 441.44512939453125 
v -877.121337890625 164.40695190429688 266.6846618652344 
v -870.45068359375 164.406982421875 441.44512939453125 
v -870.45068359375 164.40695190429688 266.6846618652344 
v -870.0557250976562 104.75297546386719 323.3833923339844 
v -870.0557250976562 358.67529296875 323.38336181640625 
v -869.9679565429688 104.75297546386719 327.10626220703125 
v -869.9679565429688 358.67529296875 327.1062316894531 
v -870.3190307617188 358.67529296875 384.1044921875 
v -877.2529907226562 358.67529296875 384.1044921875 
v -870.3190307617188 104.75298309326172 384.1045227050781 
v -877.2529907226562 104.75298309326172 384.1045227050781 
v -877.121337890625 104.75297546386719 322.7843322753906 
v -877.121337890625 358.67529296875 322.7842712402344 
v -870.45068359375 104.75297546386719 322.7843322753906 
v -870.45068359375 358.67529296875 322.7842712402344 
v -870.0557250976562 104.75298309326172 379.7825927734375 
v -870.0557250976562 358.67529296875 379.7825622558594 
v -869.9679565429688 104.75298309326172 383.5054626464844 
v -869.9679565429688 358.67529296875 383.5054016113281 
v -877.121337890625 104.75298309326172 379.1835021972656 
v -877.121337890625 358.67529296875 379.1834716796875 
v -870.45068359375 104.75298309326172 379.1835021972656 
v -870.45068359375 358.67529296875 379.1834716796875 
v -870.0557250976562 106.23017120361328 266.2139587402344 
v -870.0557250976562 355.3358459472656 266.2138977050781 
v -870.45068359375 106.85875701904297 266.6846618652344 
v -870.45068359375 354.7072448730469 266.68463134765625 
v -870.0557250976562 355.33587646484375 441.9158020019531 
v -870.0557250976562 106.23019409179688 441.9158630371094 
v -870.45068359375 354.707275390625 441.4450988769531 
v -870.45068359375 106.8587875366211 441.4451599121094 
v -870.0557250976562 355.3358459472656 266.2138977050781 
v -870.0557250976562 355.33587646484375 441.9158020019531 
v -870.45068359375 354.7072448730469 266.68463134765625 
v -870.45068359375 354.707275390625 441.4450988769531 
v -870.0557250976562 106.23019409179688 441.9158630371094 
v -870.0557250976562 106.23017120361328 266.2139587402344 
v -870.45068359375 106.8587875366211 441.4451599121094 
v -870.45068359375 106.85875701904297 266.6846618652344 
v -870.3190307617188 291.49383544921875 263.00457763671875 
v -870.3190307617188 291.4938659667969 445.12518310546875 
v -869.9679565429688 290.9359436035156 263.4324645996094 
v -869.9679565429688 290.93597412109375 444.697265625 
v -870.0557250976562 287.25079345703125 266.2567138671875 
v -870.0557250976562 287.2508239746094 441.8730163574219 
v -870.45068359375 286.68505859375 266.68463134765625 
v -870.45068359375 286.6850891113281 441.44512939453125 
v -870.3190307617188 229.27830505371094 263.00457763671875 
v -870.3190307617188 229.27833557128906 445.12518310546875 
v -869.9679565429688 228.7125701904297 263.4324951171875 
v -869.9679565429688 228.71258544921875 444.697265625 
v -870.0557250976562 225.02740478515625 266.2567138671875 
v -870.0557250976562 225.02743530273438 441.873046875 
v -870.45068359375 224.4695281982422 266.68463134765625 
v -870.45068359375 224.4695587158203 441.44512939453125 
v -870.3190307617188 169.21571350097656 263.00457763671875 
v -870.3190307617188 169.2157440185547 445.1252136230469 
v -869.9679565429688 168.64999389648438 263.4324951171875 
v -869.9679565429688 168.6500244140625 444.6972961425781 
v -870.0557250976562 164.96482849121094 266.2567443847656 
v -870.0557250976562 164.96485900878906 441.873046875 
v -870.45068359375 164.40695190429688 266.6846618652344 
v -870.45068359375 164.406982421875 441.44512939453125 
v -870.3190307617188 358.67529296875 327.7052917480469 
v -870.3190307617188 104.75297546386719 327.7053527832031 
v -869.9679565429688 358.67529296875 327.1062316894531 
v -869.9679565429688 104.75297546386719 327.10626220703125 
v -870.0557250976562 358.67529296875 323.38336181640625 
v -870.0557250976562 104.75297546386719 323.3833923339844 
v -870.45068359375 358.67529296875 322.7842712402344 
v -870.45068359375 104.75297546386719 322.7843322753906 
v -870.3190307617188 358.67529296875 384.1044921875 
v -870.3190307617188 104.75298309326172 384.1045227050781 
v -869.9679565429688 358.67529296875 383.5054016113281 
v -869.9679565429688 104.75298309326172 383.5054626464844 
v -870.0557250976562 358.67529296875 379.7825622558594 
v -870.0557250976562 104.75298309326172 379.7825927734375 
v -870.45068359375 358.67529296875 379.1834716796875 
v -870.45068359375 104.75298309326172 379.1835021972656 
v -877.121337890625 354.707275390625 441.4450988769531 
v -877.121337890625 354.7072448730469 266.68463134765625 
v -870.45068359375 354.707275390625 441.4450988769531 
v -870.45068359375 354.7072448730469 266.68463134765625 
v -869.924072265625 359.5160217285156 140.15016174316406 
v -877.2529907226562 359.5160217285156 140.15016174316406 
v -869.924072265625 102.04996490478516 140.15020751953125 
v -877.2529907226562 102.04996490478516 140.15020751953125 
v -869.924072265625 102.04996490478516 140.15020751953125 
v -877.2529907226562 102.04996490478516 140.15020751953125 
v -869.924072265625 102.04993438720703 -42.013221740722656 
v -877.2529907226562 102.04993438720703 -42.013221740722656 
v -869.924072265625 102.04993438720703 -42.013221740722656 
v -877.2529907226562 102.04993438720703 -42.013221740722656 
v -869.924072265625 359.5159912109375 -42.01326370239258 
v -877.2529907226562 359.5159912109375 -42.01326370239258 
v -869.924072265625 359.5159912109375 -42.01326370239258 
v -877.2529907226562 359.5159912109375 -42.01326370239258 
v -869.924072265625 359.5160217285156 140.15016174316406 
v -877.2529907226562 359.5160217285156 140.15016174316406 
v -870.0557250976562 106.23014831542969 136.8980255126953 
v -870.0557250976562 355.3358459472656 136.8979949951172 
v -869.924072265625 102.04996490478516 140.15020751953125 
v -869.924072265625 359.5160217285156 140.15016174316406 
v -870.0557250976562 106.23011779785156 -38.76107406616211 
v -870.0557250976562 106.23014831542969 136.8980255126953 
v -869.924072265625 102.04993438720703 -42.013221740722656 
v -869.924072265625 102.04996490478516 140.15020751953125 
v -870.0557250976562 355.3358459472656 136.8979949951172 
v -870.0557250976562 355.3358154296875 -38.76111602783203 
v -869.924072265625 359.5160217285156 140.15016174316406 
v -869.924072265625 359.5159912109375 -42.01326370239258 
v -877.121337890625 354.70721435546875 -38.2904052734375 
v -877.121337890625 106.85871124267578 -38.290367126464844 
v -870.45068359375 354.70721435546875 -38.2904052734375 
v -870.45068359375 106.85871124267578 -38.290367126464844 
v -870.3190307617188 291.4937744140625 -42.01325607299805 
v -877.2529907226562 291.4937744140625 -42.01325607299805 
v -870.3190307617188 291.4938049316406 140.15017700195312 
v -877.2529907226562 291.4938049316406 140.15017700195312 
v -877.121337890625 106.85871124267578 -38.290367126464844 
v -877.121337890625 106.8587417602539 136.42735290527344 
v -870.45068359375 106.85871124267578 -38.290367126464844 
v -870.45068359375 106.8587417602539 136.42735290527344 
v -870.0557250976562 355.3358154296875 -38.76111602783203 
v -870.0557250976562 106.23011779785156 -38.76107406616211 
v -869.924072265625 359.5159912109375 -42.01326370239258 
v -869.924072265625 102.04993438720703 -42.013221740722656 
v -877.121337890625 106.8587417602539 136.42735290527344 
v -877.121337890625 354.7072448730469 136.42730712890625 
v -870.45068359375 106.8587417602539 136.42735290527344 
v -870.45068359375 354.7072448730469 136.42730712890625 
v -870.0557250976562 287.2507629394531 136.855224609375 
v -870.0557250976562 287.250732421875 -38.71830749511719 
v -869.9679565429688 290.9359130859375 139.72225952148438 
v -869.9679565429688 290.9358825683594 -41.58534240722656 
v -870.3190307617188 229.2782440185547 -42.01324462890625 
v -877.2529907226562 229.2782440185547 -42.01324462890625 
v -870.3190307617188 229.2782745361328 140.1501922607422 
v -877.2529907226562 229.2782745361328 140.1501922607422 
v -877.121337890625 286.6850280761719 136.4273223876953 
v -877.121337890625 286.68499755859375 -38.2903938293457 
v -870.45068359375 286.6850280761719 136.4273223876953 
v -870.45068359375 286.68499755859375 -38.2903938293457 
v -870.0557250976562 225.0273895263672 136.85523986816406 
v -870.0557250976562 225.02735900878906 -38.718299865722656 
v -869.9679565429688 228.71253967285156 139.72227478027344 
v -869.9679565429688 228.71250915527344 -41.585330963134766 
v -870.3190307617188 169.21566772460938 -42.01323318481445 
v -877.2529907226562 169.21566772460938 -42.01323318481445 
v -870.3190307617188 169.2156982421875 140.1501922607422 
v -877.2529907226562 169.2156982421875 140.1501922607422 
v -877.121337890625 224.46949768066406 136.4273223876953 
v -877.121337890625 224.46946716308594 -38.29038619995117 
v -870.45068359375 224.46949768066406 136.4273223876953 
v -870.45068359375 224.46946716308594 -38.29038619995117 
v -870.0557250976562 164.9647979736328 136.85525512695312 
v -870.0557250976562 164.9647674560547 -38.71828842163086 
v -869.9679565429688 168.64996337890625 139.72227478027344 
v -869.9679565429688 168.64993286132812 -41.58531951904297 
v -870.3190307617188 358.67523193359375 22.687480926513672 
v -877.2529907226562 358.67523193359375 22.687480926513672 
v -870.3190307617188 104.75292205810547 22.687522888183594 
v -877.2529907226562 104.75292205810547 22.687522888183594 
v -877.121337890625 164.40692138671875 136.42733764648438 
v -877.121337890625 164.4069061279297 -38.290374755859375 
v -870.45068359375 164.40692138671875 136.42733764648438 
v -870.45068359375 164.4069061279297 -38.290374755859375 
v -870.0557250976562 104.75292205810547 18.365589141845703 
v -870.0557250976562 358.67523193359375 18.365549087524414 
v -869.9679565429688 104.75292205810547 22.08844757080078 
v -869.9679565429688 358.67523193359375 22.088407516479492 
v -870.3190307617188 358.6752624511719 79.08668518066406 
v -877.2529907226562 358.6752624511719 79.08668518066406 
v -870.3190307617188 104.7529296875 79.08672332763672 
v -877.2529907226562 104.7529296875 79.08672332763672 
v -877.121337890625 104.75292205810547 17.809288024902344 
v -877.121337890625 358.67523193359375 17.809246063232422 
v -870.45068359375 104.75292205810547 17.809288024902344 
v -870.45068359375 358.67523193359375 17.809246063232422 
v -870.0557250976562 104.7529296875 74.7647933959961 
v -870.0557250976562 358.6752624511719 74.7647476196289 
v -869.9679565429688 104.7529296875 78.4876480102539 
v -869.9679565429688 358.6752624511719 78.48760986328125 
v -877.121337890625 104.7529296875 74.20848846435547 
v -877.121337890625 358.6752624511719 74.20845031738281 
v -870.45068359375 104.7529296875 74.20848846435547 
v -870.45068359375 358.6752624511719 74.20845031738281 
v -870.0557250976562 106.23011779785156 -38.76107406616211 
v -870.0557250976562 355.3358154296875 -38.76111602783203 
v -870.45068359375 106.85871124267578 -38.290367126464844 
v -870.45068359375 354.70721435546875 -38.2904052734375 
v -870.0557250976562 355.3358459472656 136.8979949951172 
v -870.0557250976562 106.23014831542969 136.8980255126953 
v -870.45068359375 354.7072448730469 136.42730712890625 
v -870.45068359375 106.8587417602539 136.42735290527344 
v -870.0557250976562 355.3358154296875 -38.76111602783203 
v -870.0557250976562 355.3358459472656 136.8979949951172 
v -870.45068359375 354.70721435546875 -38.2904052734375 
v -870.45068359375 354.7072448730469 136.42730712890625 
v -870.0557250976562 106.23014831542969 136.8980255126953 
v -870.0557250976562 106.23011779785156 -38.76107406616211 
v -870.45068359375 106.8587417602539 136.42735290527344 
v -870.45068359375 106.85871124267578 -38.290367126464844 
v -870.3190307617188 291.4937744140625 -42.01325607299805 
v -870.3190307617188 291.4938049316406 140.15017700195312 
v -869.9679565429688 290.9358825683594 -41.58534240722656 
v -869.9679565429688 290.9359130859375 139.72225952148438 
v -870.0557250976562 287.250732421875 -38.71830749511719 
v -870.0557250976562 287.2507629394531 136.855224609375 
v -870.45068359375 286.68499755859375 -38.2903938293457 
v -870.45068359375 286.6850280761719 136.4273223876953 
v -870.3190307617188 229.2782440185547 -42.01324462890625 
v -870.3190307617188 229.2782745361328 140.1501922607422 
v -869.9679565429688 228.71250915527344 -41.585330963134766 
v -869.9679565429688 228.71253967285156 139.72227478027344 
v -870.0557250976562 225.02735900878906 -38.718299865722656 
v -870.0557250976562 225.0273895263672 136.85523986816406 
v -870.45068359375 224.46946716308594 -38.29038619995117 
v -870.45068359375 224.46949768066406 136.4273223876953 
v -870.3190307617188 169.21566772460938 -42.01323318481445 
v -870.3190307617188 169.2156982421875 140.1501922607422 
v -869.9679565429688 168.64993286132812 -41.58531951904297 
v -869.9679565429688 168.64996337890625 139.72227478027344 
v -870.0557250976562 164.9647674560547 -38.71828842163086 
v -870.0557250976562 164.9647979736328 136.85525512695312 
v -870.45068359375 164.4069061279297 -38.290374755859375 
v -870.45068359375 164.40692138671875 136.42733764648438 
v -870.3190307617188 358.67523193359375 22.687480926513672 
v -870.3190307617188 104.75292205810547 22.687522888183594 
v -869.9679565429688 358.67523193359375 22.088407516479492 
v -869.9679565429688 104.75292205810547 22.08844757080078 
v -870.0557250976562 358.67523193359375 18.365549087524414 
v -870.0557250976562 104.75292205810547 18.365589141845703 
v -870.45068359375 358.67523193359375 17.809246063232422 
v -870.45068359375 104.75292205810547 17.809288024902344 
v -870.3190307617188 358.6752624511719 79.08668518066406 
v -870.3190307617188 104.7529296875 79.08672332763672 
v -869.9679565429688 358.6752624511719 78.48760986328125 
v -869.9679565429688 104.7529296875 78.4876480102539 
v -870.0557250976562 358.6752624511719 74.7647476196289 
v -870.0557250976562 104.7529296875 74.7647933959961 
v -870.45068359375 358.6752624511719 74.20845031738281 
v -870.45068359375 104.7529296875 74.20848846435547 
v -877.121337890625 354.7072448730469 136.42730712890625 
v -877.121337890625 354.70721435546875 -38.2904052734375 
v -870.45068359375 354.7072448730469 136.42730712890625 
v -870.45068359375 354.70721435546875 -38.2904052734375 
v -869.924072265625 359.5159606933594 -164.86764526367188 
v -877.2529907226562 359.5159606933594 -164.86764526367188 
v -869.924072265625 102.04991912841797 -164.8675994873047 
v -877.2529907226562 102.04991912841797 -164.8675994873047 
v -869.924072265625 102.04991912841797 -164.8675994873047 
v -877.2529907226562 102.04991912841797 -164.8675994873047 
v -869.924072265625 102.04988861083984 -346.9882507324219 
v -877.2529907226562 102.04988861083984 -346.9882507324219 
v -869.924072265625 102.04988861083984 -346.9882507324219 
v -877.2529907226562 102.04988861083984 -346.9882507324219 
v -869.924072265625 359.51593017578125 -346.9883117675781 
v -877.2529907226562 359.51593017578125 -346.9883117675781 
v -869.924072265625 359.51593017578125 -346.9883117675781 
v -877.2529907226562 359.51593017578125 -346.9883117675781 
v -869.924072265625 359.5159606933594 -164.86764526367188 
v -877.2529907226562 359.5159606933594 -164.86764526367188 
v -870.0557250976562 106.23009490966797 -168.07699584960938 
v -870.0557250976562 355.3357849121094 -168.07704162597656 
v -869.924072265625 102.04991912841797 -164.8675994873047 
v -869.924072265625 359.5159606933594 -164.86764526367188 
v -870.0557250976562 106.23007202148438 -343.77886962890625 
v -870.0557250976562 106.23009490966797 -168.07699584960938 
v -869.924072265625 102.04988861083984 -346.9882507324219 
v -869.924072265625 102.04991912841797 -164.8675994873047 
v -870.0557250976562 355.3357849121094 -168.07704162597656 
v -870.0557250976562 355.33575439453125 -343.7789001464844 
v -869.924072265625 359.5159606933594 -164.86764526367188 
v -869.924072265625 359.51593017578125 -346.9883117675781 
v -877.121337890625 354.7071533203125 -343.3081970214844 
v -877.121337890625 106.85865783691406 -343.30816650390625 
v -870.45068359375 354.7071533203125 -343.3081970214844 
v -870.45068359375 106.85865783691406 -343.30816650390625 
v -870.3190307617188 291.4937438964844 -346.98828125 
v -877.2529907226562 291.4937438964844 -346.98828125 
v -870.3190307617188 291.4937438964844 -164.8676300048828 
v -877.2529907226562 291.4937438964844 -164.8676300048828 
v -877.121337890625 106.85865783691406 -343.30816650390625 
v -877.121337890625 106.85868835449219 -168.5476837158203 
v -870.45068359375 106.85865783691406 -343.30816650390625 
v -870.45068359375 106.85868835449219 -168.5476837158203 
v -870.0557250976562 355.33575439453125 -343.7789001464844 
v -870.0557250976562 106.23007202148438 -343.77886962890625 
v -869.924072265625 359.51593017578125 -346.9883117675781 
v -869.924072265625 102.04988861083984 -346.9882507324219 
v -877.121337890625 106.85868835449219 -168.5476837158203 
v -877.121337890625 354.7071838378906 -168.5477294921875 
v -870.45068359375 106.85868835449219 -168.5476837158203 
v -870.45068359375 354.7071838378906 -168.5477294921875 
v -870.0557250976562 287.250732421875 -168.1197967529297 
v -870.0557250976562 287.2507019042969 -343.7361145019531 
v -869.9679565429688 290.9358825683594 -165.29554748535156 
v -869.9679565429688 290.93585205078125 -346.56036376953125 
v -870.3190307617188 229.2781982421875 -346.98828125 
v -877.2529907226562 229.2781982421875 -346.98828125 
v -870.3190307617188 229.27822875976562 -164.86761474609375 
v -877.2529907226562 229.27822875976562 -164.86761474609375 
v -877.121337890625 286.6849670410156 -168.54771423339844 
v -877.121337890625 286.6849365234375 -343.3081970214844 
v -870.45068359375 286.6849670410156 -168.54771423339844 
v -870.45068359375 286.6849365234375 -343.3081970214844 
v -870.0557250976562 225.02732849121094 -168.1197967529297 
v -870.0557250976562 225.02731323242188 -343.7361145019531 
v -869.9679565429688 228.71249389648438 -165.2955322265625 
v -869.9679565429688 228.71246337890625 -346.56036376953125 
v -870.3190307617188 169.2156219482422 -346.98828125 
v -877.2529907226562 169.2156219482422 -346.98828125 
v -870.3190307617188 169.2156524658203 -164.86761474609375 
v -877.2529907226562 169.2156524658203 -164.86761474609375 
v -877.121337890625 224.46945190429688 -168.54769897460938 
v -877.121337890625 224.46942138671875 -343.3081970214844 
v -870.45068359375 224.46945190429688 -168.54769897460938 
v -870.45068359375 224.46942138671875 -343.3081970214844 
v -870.0557250976562 164.96475219726562 -168.11978149414062 
v -870.0557250976562 164.9647216796875 -343.736083984375 
v -869.9679565429688 168.64991760253906 -165.29551696777344 
v -869.9679565429688 168.64988708496094 -346.56036376953125 
v -870.3190307617188 358.6752014160156 -282.28753662109375 
v -877.2529907226562 358.6752014160156 -282.28753662109375 
v -870.3190307617188 104.75287628173828 -282.2875061035156 
v -877.2529907226562 104.75287628173828 -282.2875061035156 
v -877.121337890625 164.40687561035156 -168.54769897460938 
v -877.121337890625 164.40684509277344 -343.30816650390625 
v -870.45068359375 164.40687561035156 -168.54769897460938 
v -870.45068359375 164.40684509277344 -343.30816650390625 
v -870.0557250976562 104.75287628173828 -286.6094055175781 
v -870.0557250976562 358.6752014160156 -286.6094665527344 
v -869.9679565429688 104.75287628173828 -282.8865661621094 
v -869.9679565429688 358.6752014160156 -282.8865966796875 
v -870.3190307617188 358.6752014160156 -225.8883514404297 
v -877.2529907226562 358.6752014160156 -225.8883514404297 
v -870.3190307617188 104.75288391113281 -225.8883056640625 
v -877.2529907226562 104.75288391113281 -225.8883056640625 
v -877.121337890625 104.75287628173828 -287.2085266113281 
v -877.121337890625 358.6752014160156 -287.20855712890625 
v -870.45068359375 104.75287628173828 -287.2085266113281 
v -870.45068359375 358.6752014160156 -287.20855712890625 
v -870.0557250976562 104.75288391113281 -230.21022033691406 
v -870.0557250976562 358.6752014160156 -230.2102508544922 
v -869.9679565429688 104.75288391113281 -226.48736572265625 
v -869.9679565429688 358.6752014160156 -226.48739624023438 
v -877.121337890625 104.75288391113281 -230.80931091308594 
v -877.121337890625 358.6752014160156 -230.80935668945312 
v -870.45068359375 104.75288391113281 -230.80931091308594 
v -870.45068359375 358.6752014160156 -230.80935668945312 
v -870.0557250976562 106.23007202148438 -343.77886962890625 
v -870.0557250976562 355.33575439453125 -343.7789001464844 
v -870.45068359375 106.85865783691406 -343.30816650390625 
v -870.45068359375 354.7071533203125 -343.3081970214844 
v -870.0557250976562 355.3357849121094 -168.07704162597656 
v -870.0557250976562 106.23009490966797 -168.07699584960938 
v -870.45068359375 354.7071838378906 -168.5477294921875 
v -870.45068359375 106.85868835449219 -168.5476837158203 
v -870.0557250976562 355.33575439453125 -343.7789001464844 
v -870.0557250976562 355.3357849121094 -168.07704162597656 
v -870.45068359375 354.7071533203125 -343.3081970214844 
v -870.45068359375 354.7071838378906 -168.5477294921875 
v -870.0557250976562 106.23009490966797 -168.07699584960938 
v -870.0557250976562 106.23007202148438 -343.77886962890625 
v -870.45068359375 106.85868835449219 -168.5476837158203 
v -870.45068359375 106.85865783691406 -343.30816650390625 
v -870.3190307617188 291.4937438964844 -346.98828125 
v -870.3190307617188 291.4937438964844 -164.8676300048828 
v -869.9679565429688 290.93585205078125 -346.56036376953125 
v -869.9679565429688 290.9358825683594 -165.29554748535156 
v -870.0557250976562 287.2507019042969 -343.7361145019531 
v -870.0557250976562 287.250732421875 -168.1197967529297 
v -870.45068359375 286.6849365234375 -343.3081970214844 
v -870.45068359375 286.6849670410156 -168.54771423339844 
v -870.3190307617188 229.2781982421875 -346.98828125 
v -870.3190307617188 229.27822875976562 -164.86761474609375 
v -869.9679565429688 228.71246337890625 -346.56036376953125 
v -869.9679565429688 228.71249389648438 -165.2955322265625 
v -870.0557250976562 225.02731323242188 -343.7361145019531 
v -870.0557250976562 225.02732849121094 -168.1197967529297 
v -870.45068359375 224.46942138671875 -343.3081970214844 
v -870.45068359375 224.46945190429688 -168.54769897460938 
v -870.3190307617188 169.2156219482422 -346.98828125 
v -870.3190307617188 169.2156524658203 -164.86761474609375 
v -869.9679565429688 168.64988708496094 -346.56036376953125 
v -869.9679565429688 168.64991760253906 -165.29551696777344 
v -870.0557250976562 164.9647216796875 -343.736083984375 
v -870.0557250976562 164.96475219726562 -168.11978149414062 
v -870.45068359375 164.40684509277344 -343.30816650390625 
v -870.45068359375 164.40687561035156 -168.54769897460938 
v -870.3190307617188 358.6752014160156 -282.28753662109375 
v -870.3190307617188 104.75287628173828 -282.2875061035156 
v -869.9679565429688 358.6752014160156 -282.8865966796875 
v -869.9679565429688 104.75287628173828 -282.8865661621094 
v -870.0557250976562 358.6752014160156 -286.6094665527344 
v -870.0557250976562 104.75287628173828 -286.6094055175781 
v -870.45068359375 358.6752014160156 -287.20855712890625 
v -870.45068359375 104.75287628173828 -287.2085266113281 
v -870.3190307617188 358.6752014160156 -225.8883514404297 
v -870.3190307617188 104.75288391113281 -225.8883056640625 
v -869.9679565429688 358.6752014160156 -226.48739624023438 
v -869.9679565429688 104.75288391113281 -226.48736572265625 
v -870.0557250976562 358.6752014160156 -230.2102508544922 
v -870.0557250976562 104.75288391113281 -230.21022033691406 
v -870.45068359375 358.6752014160156 -230.80935668945312 
v -870.45068359375 104.75288391113281 -230.80931091308594 
v -877.121337890625 354.7071838378906 -168.5477294921875 
v -877.121337890625 354.7071533203125 -343.3081970214844 
v -870.45068359375 354.7071838378906 -168.5477294921875 
v -870.45068359375 354.7071533203125 -343.3081970214844 
v -869.924072265625 359.51593017578125 -469.8426818847656 
v -877.2529907226562 359.51593017578125 -469.8426818847656 
v -869.924072265625 102.04986572265625 -469.8426208496094 
v -877.2529907226562 102.04986572265625 -469.8426208496094 
v -869.924072265625 102.04986572265625 -469.8426208496094 
v -877.2529907226562 102.04986572265625 -469.8426208496094 
v -869.924072265625 102.04983520507812 -652.0060424804688 
v -877.2529907226562 102.04983520507812 -652.0060424804688 
v -869.924072265625 102.04983520507812 -652.0060424804688 
v -877.2529907226562 102.04983520507812 -652.0060424804688 
v -869.924072265625 359.5158996582031 -652.006103515625 
v -877.2529907226562 359.5158996582031 -652.006103515625 
v -869.924072265625 359.5158996582031 -652.006103515625 
v -877.2529907226562 359.5158996582031 -652.006103515625 
v -869.924072265625 359.51593017578125 -469.8426818847656 
v -877.2529907226562 359.51593017578125 -469.8426818847656 
v -870.0557250976562 106.23004913330078 -473.0947570800781 
v -870.0557250976562 355.3357238769531 -473.09478759765625 
v -869.924072265625 102.04986572265625 -469.8426208496094 
v -869.924072265625 359.51593017578125 -469.8426818847656 
v -870.0557250976562 106.23001861572266 -648.7966918945312 
v -870.0557250976562 106.23004913330078 -473.0947570800781 
v -869.924072265625 102.04983520507812 -652.0060424804688 
v -869.924072265625 102.04986572265625 -469.8426208496094 
v -870.0557250976562 355.3357238769531 -473.09478759765625 
v -870.0557250976562 355.335693359375 -648.7966918945312 
v -869.924072265625 359.51593017578125 -469.8426818847656 
v -869.924072265625 359.5158996582031 -652.006103515625 
v -877.121337890625 354.7071228027344 -648.2832641601562 
v -877.121337890625 106.85861206054688 -648.283203125 
v -870.45068359375 354.7071228027344 -648.2832641601562 
v -870.45068359375 106.85861206054688 -648.283203125 
v -870.3190307617188 291.4936828613281 -652.006103515625 
v -877.2529907226562 291.4936828613281 -652.006103515625 
v -870.3190307617188 291.49371337890625 -469.8426513671875 
v -877.2529907226562 291.49371337890625 -469.8426513671875 
v -877.121337890625 106.85861206054688 -648.283203125 
v -877.121337890625 106.85863494873047 -473.56549072265625 
v -870.45068359375 106.85861206054688 -648.283203125 
v -870.45068359375 106.85863494873047 -473.56549072265625 
v -870.0557250976562 355.335693359375 -648.7966918945312 
v -870.0557250976562 106.23001861572266 -648.7966918945312 
v -869.924072265625 359.5158996582031 -652.006103515625 
v -869.924072265625 102.04983520507812 -652.0060424804688 
v -877.121337890625 106.85863494873047 -473.56549072265625 
v -877.121337890625 354.7071228027344 -473.5655212402344 
v -870.45068359375 106.85863494873047 -473.56549072265625 
v -870.45068359375 354.7071228027344 -473.5655212402344 
v -870.0557250976562 287.25067138671875 -473.1376037597656 
v -870.0557250976562 287.2506408691406 -648.7111206054688 
v -869.9679565429688 290.9358215332031 -470.27056884765625 
v -869.9679565429688 290.935791015625 -651.5781860351562 
v -870.3190307617188 229.2781524658203 -652.006103515625 
v -877.2529907226562 229.2781524658203 -652.006103515625 
v -870.3190307617188 229.27818298339844 -469.8426513671875 
v -877.2529907226562 229.27818298339844 -469.8426513671875 
v -877.121337890625 286.6849365234375 -473.5655212402344 
v -877.121337890625 286.6849060058594 -648.283203125 
v -870.45068359375 286.6849365234375 -473.5655212402344 
v -870.45068359375 286.6849060058594 -648.283203125 
v -870.0557250976562 225.02728271484375 -473.1376037597656 
v -870.0557250976562 225.02725219726562 -648.7111206054688 
v -869.9679565429688 228.7124481201172 -470.27056884765625 
v -869.9679565429688 228.71241760253906 -651.5781860351562 
v -870.3190307617188 169.215576171875 -652.0060424804688 
v -877.2529907226562 169.215576171875 -652.0060424804688 
v -870.3190307617188 169.21560668945312 -469.8426513671875 
v -877.2529907226562 169.21560668945312 -469.8426513671875 
v -877.121337890625 224.4694061279297 -473.5655212402344 
v -877.121337890625 224.46937561035156 -648.283203125 
v -870.45068359375 224.4694061279297 -473.5655212402344 
v -870.45068359375 224.46937561035156 -648.283203125 
v -870.0557250976562 164.96470642089844 -473.1375732421875 
v -870.0557250976562 164.9646759033203 -648.7111206054688 
v -869.9679565429688 168.64987182617188 -470.27056884765625 
v -869.9679565429688 168.64984130859375 -651.5781860351562 
v -870.3190307617188 358.6751403808594 -587.3052978515625 
v -877.2529907226562 358.6751403808594 -587.3052978515625 
v -870.3190307617188 104.75282287597656 -587.3052978515625 
v -877.2529907226562 104.75282287597656 -587.3052978515625 
v -877.121337890625 164.40682983398438 -473.56549072265625 
v -877.121337890625 164.40679931640625 -648.283203125 
v -870.45068359375 164.40682983398438 -473.56549072265625 
v -870.45068359375 164.40679931640625 -648.283203125 
v -870.0557250976562 104.75282287597656 -591.627197265625 
v -870.0557250976562 358.6751403808594 -591.6272583007812 
v -869.9679565429688 104.75282287597656 -587.9043579101562 
v -869.9679565429688 358.6751403808594 -587.9044189453125 
v -870.3190307617188 358.6751403808594 -530.9061279296875 
v -877.2529907226562 358.6751403808594 -530.9061279296875 
v -870.3190307617188 104.7528305053711 -530.9061279296875 
v -877.2529907226562 104.7528305053711 -530.9061279296875 
v -877.121337890625 104.75282287597656 -592.226318359375 
v -877.121337890625 358.6751403808594 -592.2263793945312 
v -870.45068359375 104.75282287597656 -592.226318359375 
v -870.45068359375 358.6751403808594 -592.2263793945312 
v -870.0557250976562 104.7528305053711 -535.2280883789062 
v -870.0557250976562 358.6751403808594 -535.2280883789062 
v -869.9679565429688 104.7528305053711 -531.5051879882812 
v -869.9679565429688 358.6751403808594 -531.5052490234375 
v -877.121337890625 104.7528305053711 -535.8271484375 
v -877.121337890625 358.6751403808594 -535.8272094726562 
v -870.45068359375 104.7528305053711 -535.8271484375 
v -870.45068359375 358.6751403808594 -535.8272094726562 
v -870.0557250976562 106.23001861572266 -648.7966918945312 
v -870.0557250976562 355.335693359375 -648.7966918945312 
v -870.45068359375 106.85861206054688 -648.283203125 
v -870.45068359375 354.7071228027344 -648.2832641601562 
v -870.0557250976562 355.3357238769531 -473.09478759765625 
v -870.0557250976562 106.23004913330078 -473.0947570800781 
v -870.45068359375 354.7071228027344 -473.5655212402344 
v -870.45068359375 106.85863494873047 -473.56549072265625 
v -870.0557250976562 355.335693359375 -648.7966918945312 
v -870.0557250976562 355.3357238769531 -473.09478759765625 
v -870.45068359375 354.7071228027344 -648.2832641601562 
v -870.45068359375 354.7071228027344 -473.5655212402344 
v -870.0557250976562 106.23004913330078 -473.0947570800781 
v -870.0557250976562 106.23001861572266 -648.7966918945312 
v -870.45068359375 106.85863494873047 -473.56549072265625 
v -870.45068359375 106.85861206054688 -648.283203125 
v -870.3190307617188 291.4936828613281 -652.006103515625 
v -870.3190307617188 291.49371337890625 -469.8426513671875 
v -869.9679565429688 290.935791015625 -651.5781860351562 
v -869.9679565429688 290.9358215332031 -470.27056884765625 
v -870.0557250976562 287.2506408691406 -648.7111206054688 
v -870.0557250976562 287.25067138671875 -473.1376037597656 
v -870.45068359375 286.6849060058594 -648.283203125 
v -870.45068359375 286.6849365234375 -473.5655212402344 
v -870.3190307617188 229.2781524658203 -652.006103515625 
v -870.3190307617188 229.27818298339844 -469.8426513671875 
v -869.9679565429688 228.71241760253906 -651.5781860351562 
v -869.9679565429688 228.7124481201172 -470.27056884765625 
v -870.0557250976562 225.02725219726562 -648.7111206054688 
v -870.0557250976562 225.02728271484375 -473.1376037597656 
v -870.45068359375 224.46937561035156 -648.283203125 
v -870.45068359375 224.4694061279297 -473.5655212402344 
v -870.3190307617188 169.215576171875 -652.0060424804688 
v -870.3190307617188 169.21560668945312 -469.8426513671875 
v -869.9679565429688 168.64984130859375 -651.5781860351562 
v -869.9679565429688 168.64987182617188 -470.27056884765625 
v -870.0557250976562 164.9646759033203 -648.7111206054688 
v -870.0557250976562 164.96470642089844 -473.1375732421875 
v -870.45068359375 164.40679931640625 -648.283203125 
v -870.45068359375 164.40682983398438 -473.56549072265625 
v -870.3190307617188 358.6751403808594 -587.3052978515625 
v -870.3190307617188 104.75282287597656 -587.3052978515625 
v -869.9679565429688 358.6751403808594 -587.9044189453125 
v -869.9679565429688 104.75282287597656 -587.9043579101562 
v -870.0557250976562 358.6751403808594 -591.6272583007812 
v -870.0557250976562 104.75282287597656 -591.627197265625 
v -870.45068359375 358.6751403808594 -592.2263793945312 
v -870.45068359375 104.75282287597656 -592.226318359375 
v -870.3190307617188 358.6751403808594 -530.9061279296875 
v -870.3190307617188 104.7528305053711 -530.9061279296875 
v -869.9679565429688 358.6751403808594 -531.5052490234375 
v -869.9679565429688 104.7528305053711 -531.5051879882812 
v -870.0557250976562 358.6751403808594 -535.2280883789062 
v -870.0557250976562 104.7528305053711 -535.2280883789062 
v -870.45068359375 358.6751403808594 -535.8272094726562 
v -870.45068359375 104.7528305053711 -535.8271484375 
v -877.121337890625 354.7071228027344 -473.5655212402344 
v -877.121337890625 354.7071228027344 -648.2832641601562 
v -870.45068359375 354.7071228027344 -473.5655212402344 
v -870.45068359375 354.7071228027344 -648.2832641601562 
v 560.7562866210938 102.05006408691406 750.1430053710938 
v 560.7562866210938 359.51611328125 750.1430053710938 
v 553.4273681640625 102.05006408691406 750.1430053710938 
v 553.4273681640625 359.51611328125 750.1430053710938 
v 560.7562866210938 102.05003356933594 567.9796142578125 
v 560.7562866210938 102.05006408691406 750.1430053710938 
v 553.4273681640625 102.05003356933594 567.9796142578125 
v 553.4273681640625 102.05006408691406 750.1430053710938 
v 560.7562866210938 359.5160827636719 567.9795532226562 
v 560.7562866210938 102.05003356933594 567.9796142578125 
v 553.4273681640625 359.5160827636719 567.9795532226562 
v 553.4273681640625 102.05003356933594 567.9796142578125 
v 560.7562866210938 359.51611328125 750.1430053710938 
v 560.7562866210938 359.5160827636719 567.9795532226562 
v 553.4273681640625 359.51611328125 750.1430053710938 
v 553.4273681640625 359.5160827636719 567.9795532226562 
v 553.4273681640625 359.51611328125 750.1430053710938 
v 553.5590209960938 355.3359375 746.9336547851562 
v 553.4273681640625 102.05006408691406 750.1430053710938 
v 553.5590209960938 106.2302474975586 746.9336547851562 
v 553.4273681640625 102.05006408691406 750.1430053710938 
v 553.5590209960938 106.2302474975586 746.9336547851562 
v 553.4273681640625 102.05003356933594 567.9796142578125 
v 553.5590209960938 106.23021697998047 571.2317504882812 
v 553.4273681640625 359.5160827636719 567.9795532226562 
v 553.5590209960938 355.3359069824219 571.2317504882812 
v 553.4273681640625 359.51611328125 750.1430053710938 
v 553.5590209960938 355.3359375 746.9336547851562 
v 553.9539794921875 106.85881042480469 571.7024536132812 
v 560.6246337890625 106.85881042480469 571.7024536132812 
v 553.9539794921875 354.7073059082031 571.7024536132812 
v 560.6246337890625 354.7073059082031 571.7024536132812 
v 560.7562866210938 291.493896484375 750.1430053710938 
v 560.7562866210938 291.4938659667969 567.9795532226562 
v 553.8223266601562 291.493896484375 750.1430053710938 
v 553.8223266601562 291.4938659667969 567.9795532226562 
v 553.9539794921875 106.85884094238281 746.420166015625 
v 560.6246337890625 106.85884094238281 746.420166015625 
v 553.9539794921875 106.85881042480469 571.7024536132812 
v 560.6246337890625 106.85881042480469 571.7024536132812 
v 553.4273681640625 102.05003356933594 567.9796142578125 
v 553.5590209960938 106.23021697998047 571.2317504882812 
v 553.4273681640625 359.5160827636719 567.9795532226562 
v 553.5590209960938 355.3359069824219 571.2317504882812 
v 553.9539794921875 354.70733642578125 746.4201049804688 
v 560.6246337890625 354.70733642578125 746.4201049804688 
v 553.9539794921875 106.85884094238281 746.420166015625 
v 560.6246337890625 106.85884094238281 746.420166015625 
v 553.4712524414062 290.9360046386719 568.407470703125 
v 553.5590209960938 287.2508544921875 571.2745361328125 
v 553.4712524414062 290.93603515625 749.715087890625 
v 553.5590209960938 287.2508544921875 746.8480224609375 
v 560.7562866210938 229.27838134765625 750.1430053710938 
v 560.7562866210938 229.27835083007812 567.9796142578125 
v 553.8223266601562 229.27838134765625 750.1430053710938 
v 553.8223266601562 229.27835083007812 567.9796142578125 
v 553.9539794921875 286.6850891113281 571.7024536132812 
v 560.6246337890625 286.6850891113281 571.7024536132812 
v 553.9539794921875 286.68511962890625 746.4201049804688 
v 560.6246337890625 286.68511962890625 746.4201049804688 
v 553.4712524414062 228.71261596679688 568.4075317382812 
v 553.5590209960938 225.02745056152344 571.2745361328125 
v 553.4712524414062 228.712646484375 749.715087890625 
v 553.5590209960938 225.02748107910156 746.8480834960938 
v 560.7562866210938 169.21580505371094 750.1430053710938 
v 560.7562866210938 169.2157745361328 567.9796142578125 
v 553.8223266601562 169.21580505371094 750.1430053710938 
v 553.8223266601562 169.2157745361328 567.9796142578125 
v 553.9539794921875 224.46957397460938 571.7024536132812 
v 560.6246337890625 224.46957397460938 571.7024536132812 
v 553.9539794921875 224.4696044921875 746.420166015625 
v 560.6246337890625 224.4696044921875 746.420166015625 
v 553.4712524414062 168.65003967285156 568.4075317382812 
v 553.5590209960938 164.96487426757812 571.2745361328125 
v 553.4712524414062 168.6500701904297 749.715087890625 
v 553.5590209960938 164.96490478515625 746.8480834960938 
v 560.7562866210938 104.75302124023438 632.6803588867188 
v 560.7562866210938 358.67535400390625 632.6802978515625 
v 553.8223266601562 104.75302124023438 632.6803588867188 
v 553.8223266601562 358.67535400390625 632.6802978515625 
v 553.9539794921875 164.40699768066406 571.7024536132812 
v 560.6246337890625 164.40699768066406 571.7024536132812 
v 553.9539794921875 164.4070281982422 746.420166015625 
v 560.6246337890625 164.4070281982422 746.420166015625 
v 553.4712524414062 358.67535400390625 632.1240234375 
v 553.5590209960938 358.67535400390625 628.3583984375 
v 553.4712524414062 104.75302124023438 632.1240844726562 
v 553.5590209960938 104.75302124023438 628.3583984375 
v 560.7562866210938 104.7530288696289 689.07958984375 
v 560.7562866210938 358.67535400390625 689.0795288085938 
v 553.8223266601562 104.7530288696289 689.07958984375 
v 553.8223266601562 358.67535400390625 689.0795288085938 
v 553.9539794921875 358.67535400390625 627.8020629882812 
v 560.6246337890625 358.67535400390625 627.8020629882812 
v 553.9539794921875 104.75302124023438 627.8021240234375 
v 560.6246337890625 104.75302124023438 627.8021240234375 
v 553.4712524414062 358.67535400390625 688.523193359375 
v 553.5590209960938 358.67535400390625 684.757568359375 
v 553.4712524414062 104.7530288696289 688.5232543945312 
v 553.5590209960938 104.7530288696289 684.7576293945312 
v 553.9539794921875 358.67535400390625 684.2012939453125 
v 560.6246337890625 358.67535400390625 684.2012939453125 
v 553.9539794921875 104.7530288696289 684.2013549804688 
v 560.6246337890625 104.7530288696289 684.2013549804688 
v 553.9539794921875 354.7073059082031 571.7024536132812 
v 553.5590209960938 355.3359069824219 571.2317504882812 
v 553.9539794921875 106.85881042480469 571.7024536132812 
v 553.5590209960938 106.23021697998047 571.2317504882812 
v 553.9539794921875 106.85884094238281 746.420166015625 
v 553.5590209960938 106.2302474975586 746.9336547851562 
v 553.9539794921875 354.70733642578125 746.4201049804688 
v 553.5590209960938 355.3359375 746.9336547851562 
v 553.9539794921875 354.70733642578125 746.4201049804688 
v 553.5590209960938 355.3359375 746.9336547851562 
v 553.9539794921875 354.7073059082031 571.7024536132812 
v 553.5590209960938 355.3359069824219 571.2317504882812 
v 553.9539794921875 106.85881042480469 571.7024536132812 
v 553.5590209960938 106.23021697998047 571.2317504882812 
v 553.9539794921875 106.85884094238281 746.420166015625 
v 553.5590209960938 106.2302474975586 746.9336547851562 
v 553.4712524414062 290.93603515625 749.715087890625 
v 553.8223266601562 291.493896484375 750.1430053710938 
v 553.4712524414062 290.9360046386719 568.407470703125 
v 553.8223266601562 291.4938659667969 567.9795532226562 
v 553.9539794921875 286.68511962890625 746.4201049804688 
v 553.5590209960938 287.2508544921875 746.8480224609375 
v 553.9539794921875 286.6850891113281 571.7024536132812 
v 553.5590209960938 287.2508544921875 571.2745361328125 
v 553.4712524414062 228.712646484375 749.715087890625 
v 553.8223266601562 229.27838134765625 750.1430053710938 
v 553.4712524414062 228.71261596679688 568.4075317382812 
v 553.8223266601562 229.27835083007812 567.9796142578125 
v 553.9539794921875 224.4696044921875 746.420166015625 
v 553.5590209960938 225.02748107910156 746.8480834960938 
v 553.9539794921875 224.46957397460938 571.7024536132812 
v 553.5590209960938 225.02745056152344 571.2745361328125 
v 553.4712524414062 168.6500701904297 749.715087890625 
v 553.8223266601562 169.21580505371094 750.1430053710938 
v 553.4712524414062 168.65003967285156 568.4075317382812 
v 553.8223266601562 169.2157745361328 567.9796142578125 
v 553.9539794921875 164.4070281982422 746.420166015625 
v 553.5590209960938 164.96490478515625 746.8480834960938 
v 553.9539794921875 164.40699768066406 571.7024536132812 
v 553.5590209960938 164.96487426757812 571.2745361328125 
v 553.4712524414062 104.75302124023438 632.1240844726562 
v 553.8223266601562 104.75302124023438 632.6803588867188 
v 553.4712524414062 358.67535400390625 632.1240234375 
v 553.8223266601562 358.67535400390625 632.6802978515625 
v 553.9539794921875 104.75302124023438 627.8021240234375 
v 553.5590209960938 104.75302124023438 628.3583984375 
v 553.9539794921875 358.67535400390625 627.8020629882812 
v 553.5590209960938 358.67535400390625 628.3583984375 
v 553.4712524414062 104.7530288696289 688.5232543945312 
v 553.8223266601562 104.7530288696289 689.07958984375 
v 553.4712524414062 358.67535400390625 688.523193359375 
v 553.8223266601562 358.67535400390625 689.0795288085938 
v 553.9539794921875 104.7530288696289 684.2013549804688 
v 553.5590209960938 104.7530288696289 684.7576293945312 
v 553.9539794921875 358.67535400390625 684.2012939453125 
v 553.5590209960938 358.67535400390625 684.757568359375 
v 553.9539794921875 354.7073059082031 571.7024536132812 
v 560.6246337890625 354.7073059082031 571.7024536132812 
v 553.9539794921875 354.70733642578125 746.4201049804688 
v 560.6246337890625 354.70733642578125 746.4201049804688 
v 560.7562866210938 102.05001831054688 445.1252136230469 
v 560.7562866210938 359.51605224609375 445.12518310546875 
v 553.4273681640625 102.05001831054688 445.1252136230469 
v 553.4273681640625 359.51605224609375 445.12518310546875 
v 560.7562866210938 102.04998779296875 263.0046081542969 
v 560.7562866210938 102.05001831054688 445.1252136230469 
v 553.4273681640625 102.04998779296875 263.0046081542969 
v 553.4273681640625 102.05001831054688 445.1252136230469 
v 560.7562866210938 359.5160217285156 263.0045471191406 
v 560.7562866210938 102.04998779296875 263.0046081542969 
v 553.4273681640625 359.5160217285156 263.0045471191406 
v 553.4273681640625 102.04998779296875 263.0046081542969 
v 560.7562866210938 359.51605224609375 445.12518310546875 
v 560.7562866210938 359.5160217285156 263.0045471191406 
v 553.4273681640625 359.51605224609375 445.12518310546875 
v 553.4273681640625 359.5160217285156 263.0045471191406 
v 553.4273681640625 359.51605224609375 445.12518310546875 
v 553.5590209960938 355.33587646484375 441.9158020019531 
v 553.4273681640625 102.05001831054688 445.1252136230469 
v 553.5590209960938 106.23019409179688 441.9158630371094 
v 553.4273681640625 102.05001831054688 445.1252136230469 
v 553.5590209960938 106.23019409179688 441.9158630371094 
v 553.4273681640625 102.04998779296875 263.0046081542969 
v 553.5590209960938 106.23017120361328 266.2139587402344 
v 553.4273681640625 359.5160217285156 263.0045471191406 
v 553.5590209960938 355.3358459472656 266.2138977050781 
v 553.4273681640625 359.51605224609375 445.12518310546875 
v 553.5590209960938 355.33587646484375 441.9158020019531 
v 553.9539794921875 106.85875701904297 266.6846618652344 
v 560.6246337890625 106.85875701904297 266.6846618652344 
v 553.9539794921875 354.7072448730469 266.68463134765625 
v 560.6246337890625 354.7072448730469 266.68463134765625 
v 560.7562866210938 291.4938659667969 445.12518310546875 
v 560.7562866210938 291.49383544921875 263.00457763671875 
v 553.8223266601562 291.4938659667969 445.12518310546875 
v 553.8223266601562 291.49383544921875 263.00457763671875 
v 553.9539794921875 106.8587875366211 441.4451599121094 
v 560.6246337890625 106.8587875366211 441.4451599121094 
v 553.9539794921875 106.85875701904297 266.6846618652344 
v 560.6246337890625 106.85875701904297 266.6846618652344 
v 553.4273681640625 102.04998779296875 263.0046081542969 
v 553.5590209960938 106.23017120361328 266.2139587402344 
v 553.4273681640625 359.5160217285156 263.0045471191406 
v 553.5590209960938 355.3358459472656 266.2138977050781 
v 553.9539794921875 354.707275390625 441.4450988769531 
v 560.6246337890625 354.707275390625 441.4450988769531 
v 553.9539794921875 106.8587875366211 441.4451599121094 
v 560.6246337890625 106.8587875366211 441.4451599121094 
v 553.4712524414062 290.9359436035156 263.4324645996094 
v 553.5590209960938 287.25079345703125 266.2567138671875 
v 553.4712524414062 290.93597412109375 444.697265625 
v 553.5590209960938 287.2508239746094 441.8730163574219 
v 560.7562866210938 229.27833557128906 445.12518310546875 
v 560.7562866210938 229.27830505371094 263.00457763671875 
v 553.8223266601562 229.27833557128906 445.12518310546875 
v 553.8223266601562 229.27830505371094 263.00457763671875 
v 553.9539794921875 286.68505859375 266.68463134765625 
v 560.6246337890625 286.68505859375 266.68463134765625 
v 553.9539794921875 286.6850891113281 441.44512939453125 
v 560.6246337890625 286.6850891113281 441.44512939453125 
v 553.4712524414062 228.7125701904297 263.4324951171875 
v 553.5590209960938 225.02740478515625 266.2567138671875 
v 553.4712524414062 228.71258544921875 444.697265625 
v 553.5590209960938 225.02743530273438 441.873046875 
v 560.7562866210938 169.2157440185547 445.1252136230469 
v 560.7562866210938 169.21571350097656 263.00457763671875 
v 553.8223266601562 169.2157440185547 445.1252136230469 
v 553.8223266601562 169.21571350097656 263.00457763671875 
v 553.9539794921875 224.4695281982422 266.68463134765625 
v 560.6246337890625 224.4695281982422 266.68463134765625 
v 553.9539794921875 224.4695587158203 441.44512939453125 
v 560.6246337890625 224.4695587158203 441.44512939453125 
v 553.4712524414062 168.64999389648438 263.4324951171875 
v 553.5590209960938 164.96482849121094 266.2567443847656 
v 553.4712524414062 168.6500244140625 444.6972961425781 
v 553.5590209960938 164.96485900878906 441.873046875 
v 560.7562866210938 104.75297546386719 327.7053527832031 
v 560.7562866210938 358.67529296875 327.7052917480469 
v 553.8223266601562 104.75297546386719 327.7053527832031 
v 553.8223266601562 358.67529296875 327.7052917480469 
v 553.9539794921875 164.40695190429688 266.6846618652344 
v 560.6246337890625 164.40695190429688 266.6846618652344 
v 553.9539794921875 164.406982421875 441.44512939453125 
v 560.6246337890625 164.406982421875 441.44512939453125 
v 553.4712524414062 358.67529296875 327.1062316894531 
v 553.5590209960938 358.67529296875 323.38336181640625 
v 553.4712524414062 104.75297546386719 327.10626220703125 
v 553.5590209960938 104.75297546386719 323.3833923339844 
v 560.7562866210938 104.75298309326172 384.1045227050781 
v 560.7562866210938 358.67529296875 384.1044921875 
v 553.8223266601562 104.75298309326172 384.1045227050781 
v 553.8223266601562 358.67529296875 384.1044921875 
v 553.9539794921875 358.67529296875 322.7842712402344 
v 560.6246337890625 358.67529296875 322.7842712402344 
v 553.9539794921875 104.75297546386719 322.7843322753906 
v 560.6246337890625 104.75297546386719 322.7843322753906 
v 553.4712524414062 358.67529296875 383.5054016113281 
v 553.5590209960938 358.67529296875 379.7825622558594 
v 553.4712524414062 104.75298309326172 383.5054626464844 
v 553.5590209960938 104.75298309326172 379.7825927734375 
v 553.9539794921875 358.67529296875 379.1834716796875 
v 560.6246337890625 358.67529296875 379.1834716796875 
v 553.9539794921875 104.75298309326172 379.1835021972656 
v 560.6246337890625 104.75298309326172 379.1835021972656 
v 553.9539794921875 354.7072448730469 266.68463134765625 
v 553.5590209960938 355.3358459472656 266.2138977050781 
v 553.9539794921875 106.85875701904297 266.6846618652344 
v 553.5590209960938 106.23017120361328 266.2139587402344 
v 553.9539794921875 106.8587875366211 441.4451599121094 
v 553.5590209960938 106.23019409179688 441.9158630371094 
v 553.9539794921875 354.707275390625 441.4450988769531 
v 553.5590209960938 355.33587646484375 441.9158020019531 
v 553.9539794921875 354.707275390625 441.4450988769531 
v 553.5590209960938 355.33587646484375 441.9158020019531 
v 553.9539794921875 354.7072448730469 266.68463134765625 
v 553.5590209960938 355.3358459472656 266.2138977050781 
v 553.9539794921875 106.85875701904297 266.6846618652344 
v 553.5590209960938 106.23017120361328 266.2139587402344 
v 553.9539794921875 106.8587875366211 441.4451599121094 
v 553.5590209960938 106.23019409179688 441.9158630371094 
v 553.4712524414062 290.93597412109375 444.697265625 
v 553.8223266601562 291.4938659667969 445.12518310546875 
v 553.4712524414062 290.9359436035156 263.4324645996094 
v 553.8223266601562 291.49383544921875 263.00457763671875 
v 553.9539794921875 286.6850891113281 441.44512939453125 
v 553.5590209960938 287.2508239746094 441.8730163574219 
v 553.9539794921875 286.68505859375 266.68463134765625 
v 553.5590209960938 287.25079345703125 266.2567138671875 
v 553.4712524414062 228.71258544921875 444.697265625 
v 553.8223266601562 229.27833557128906 445.12518310546875 
v 553.4712524414062 228.7125701904297 263.4324951171875 
v 553.8223266601562 229.27830505371094 263.00457763671875 
v 553.9539794921875 224.4695587158203 441.44512939453125 
v 553.5590209960938 225.02743530273438 441.873046875 
v 553.9539794921875 224.4695281982422 266.68463134765625 
v 553.5590209960938 225.02740478515625 266.2567138671875 
v 553.4712524414062 168.6500244140625 444.6972961425781 
v 553.8223266601562 169.2157440185547 445.1252136230469 
v 553.4712524414062 168.64999389648438 263.4324951171875 
v 553.8223266601562 169.21571350097656 263.00457763671875 
v 553.9539794921875 164.406982421875 441.44512939453125 
v 553.5590209960938 164.96485900878906 441.873046875 
v 553.9539794921875 164.40695190429688 266.6846618652344 
v 553.5590209960938 164.96482849121094 266.2567443847656 
v 553.4712524414062 104.75297546386719 327.10626220703125 
v 553.8223266601562 104.75297546386719 327.7053527832031 
v 553.4712524414062 358.67529296875 327.1062316894531 
v 553.8223266601562 358.67529296875 327.7052917480469 
v 553.9539794921875 104.75297546386719 322.7843322753906 
v 553.5590209960938 104.75297546386719 323.3833923339844 
v 553.9539794921875 358.67529296875 322.7842712402344 
v 553.5590209960938 358.67529296875 323.38336181640625 
v 553.4712524414062 104.75298309326172 383.5054626464844 
v 553.8223266601562 104.75298309326172 384.1045227050781 
v 553.4712524414062 358.67529296875 383.5054016113281 
v 553.8223266601562 358.67529296875 384.1044921875 
v 553.9539794921875 104.75298309326172 379.1835021972656 
v 553.5590209960938 104.75298309326172 379.7825927734375 
v 553.9539794921875 358.67529296875 379.1834716796875 
v 553.5590209960938 358.67529296875 379.7825622558594 
v 553.9539794921875 354.7072448730469 266.68463134765625 
v 560.6246337890625 354.7072448730469 266.68463134765625 
v 553.9539794921875 354.707275390625 441.4450988769531 
v 560.6246337890625 354.707275390625 441.4450988769531 
v 560.7562866210938 102.04996490478516 140.15020751953125 
v 560.7562866210938 359.5160217285156 140.15016174316406 
v 553.4273681640625 102.04996490478516 140.15020751953125 
v 553.4273681640625 359.5160217285156 140.15016174316406 
v 560.7562866210938 102.04993438720703 -42.013221740722656 
v 560.7562866210938 102.04996490478516 140.15020751953125 
v 553.4273681640625 102.04993438720703 -42.013221740722656 
v 553.4273681640625 102.04996490478516 140.15020751953125 
v 560.7562866210938 359.5159912109375 -42.01326370239258 
v 560.7562866210938 102.04993438720703 -42.013221740722656 
v 553.4273681640625 359.5159912109375 -42.01326370239258 
v 553.4273681640625 102.04993438720703 -42.013221740722656 
v 560.7562866210938 359.5160217285156 140.15016174316406 
v 560.7562866210938 359.5159912109375 -42.01326370239258 
v 553.4273681640625 359.5160217285156 140.15016174316406 
v 553.4273681640625 359.5159912109375 -42.01326370239258 
v 553.4273681640625 359.5160217285156 140.15016174316406 
v 553.5590209960938 355.3358459472656 136.8979949951172 
v 553.4273681640625 102.04996490478516 140.15020751953125 
v 553.5590209960938 106.23014831542969 136.8980255126953 
v 553.4273681640625 102.04996490478516 140.15020751953125 
v 553.5590209960938 106.23014831542969 136.8980255126953 
v 553.4273681640625 102.04993438720703 -42.013221740722656 
v 553.5590209960938 106.23011779785156 -38.76107406616211 
v 553.4273681640625 359.5159912109375 -42.01326370239258 
v 553.5590209960938 355.3358154296875 -38.76111602783203 
v 553.4273681640625 359.5160217285156 140.15016174316406 
v 553.5590209960938 355.3358459472656 136.8979949951172 
v 553.9539794921875 106.85871124267578 -38.290367126464844 
v 560.6246337890625 106.85871124267578 -38.290367126464844 
v 553.9539794921875 354.70721435546875 -38.2904052734375 
v 560.6246337890625 354.70721435546875 -38.2904052734375 
v 560.7562866210938 291.4938049316406 140.15017700195312 
v 560.7562866210938 291.4937744140625 -42.01325607299805 
v 553.8223266601562 291.4938049316406 140.15017700195312 
v 553.8223266601562 291.4937744140625 -42.01325607299805 
v 553.9539794921875 106.8587417602539 136.42735290527344 
v 560.6246337890625 106.8587417602539 136.42735290527344 
v 553.9539794921875 106.85871124267578 -38.290367126464844 
v 560.6246337890625 106.85871124267578 -38.290367126464844 
v 553.4273681640625 102.04993438720703 -42.013221740722656 
v 553.5590209960938 106.23011779785156 -38.76107406616211 
v 553.4273681640625 359.5159912109375 -42.01326370239258 
v 553.5590209960938 355.3358154296875 -38.76111602783203 
v 553.9539794921875 354.7072448730469 136.42730712890625 
v 560.6246337890625 354.7072448730469 136.42730712890625 
v 553.9539794921875 106.8587417602539 136.42735290527344 
v 560.6246337890625 106.8587417602539 136.42735290527344 
v 553.4712524414062 290.9358825683594 -41.58534240722656 
v 553.5590209960938 287.250732421875 -38.71830749511719 
v 553.4712524414062 290.9359130859375 139.72225952148438 
v 553.5590209960938 287.2507629394531 136.855224609375 
v 560.7562866210938 229.2782745361328 140.1501922607422 
v 560.7562866210938 229.2782440185547 -42.01324462890625 
v 553.8223266601562 229.2782745361328 140.1501922607422 
v 553.8223266601562 229.2782440185547 -42.01324462890625 
v 553.9539794921875 286.68499755859375 -38.2903938293457 
v 560.6246337890625 286.68499755859375 -38.2903938293457 
v 553.9539794921875 286.6850280761719 136.4273223876953 
v 560.6246337890625 286.6850280761719 136.4273223876953 
v 553.4712524414062 228.71250915527344 -41.585330963134766 
v 553.5590209960938 225.02735900878906 -38.718299865722656 
v 553.4712524414062 228.71253967285156 139.72227478027344 
v 553.5590209960938 225.0273895263672 136.85523986816406 
v 560.7562866210938 169.2156982421875 140.1501922607422 
v 560.7562866210938 169.21566772460938 -42.01323318481445 
v 553.8223266601562 169.2156982421875 140.1501922607422 
v 553.8223266601562 169.21566772460938 -42.01323318481445 
v 553.9539794921875 224.46946716308594 -38.29038619995117 
v 560.6246337890625 224.46946716308594 -38.29038619995117 
v 553.9539794921875 224.46949768066406 136.4273223876953 
v 560.6246337890625 224.46949768066406 136.4273223876953 
v 553.4712524414062 168.64993286132812 -41.58531951904297 
v 553.5590209960938 164.9647674560547 -38.71828842163086 
v 553.4712524414062 168.64996337890625 139.72227478027344 
v 553.5590209960938 164.9647979736328 136.85525512695312 
v 560.7562866210938 104.75292205810547 22.687522888183594 
v 560.7562866210938 358.67523193359375 22.687480926513672 
v 553.8223266601562 104.75292205810547 22.687522888183594 
v 553.8223266601562 358.67523193359375 22.687480926513672 
v 553.9539794921875 164.4069061279297 -38.290374755859375 
v 560.6246337890625 164.4069061279297 -38.290374755859375 
v 553.9539794921875 164.40692138671875 136.42733764648438 
v 560.6246337890625 164.40692138671875 136.42733764648438 
v 553.4712524414062 358.67523193359375 22.088407516479492 
v 553.5590209960938 358.67523193359375 18.365549087524414 
v 553.4712524414062 104.75292205810547 22.08844757080078 
v 553.5590209960938 104.75292205810547 18.365589141845703 
v 560.7562866210938 104.7529296875 79.08672332763672 
v 560.7562866210938 358.6752624511719 79.08668518066406 
v 553.8223266601562 104.7529296875 79.08672332763672 
v 553.8223266601562 358.6752624511719 79.08668518066406 
v 553.9539794921875 358.67523193359375 17.809246063232422 
v 560.6246337890625 358.67523193359375 17.809246063232422 
v 553.9539794921875 104.75292205810547 17.809288024902344 
v 560.6246337890625 104.75292205810547 17.809288024902344 
v 553.4712524414062 358.6752624511719 78.48760986328125 
v 553.5590209960938 358.6752624511719 74.7647476196289 
v 553.4712524414062 104.7529296875 78.4876480102539 
v 553.5590209960938 104.7529296875 74.7647933959961 
v 553.9539794921875 358.6752624511719 74.20845031738281 
v 560.6246337890625 358.6752624511719 74.20845031738281 
v 553.9539794921875 104.7529296875 74.20848846435547 
v 560.6246337890625 104.7529296875 74.20848846435547 
v 553.9539794921875 354.70721435546875 -38.2904052734375 
v 553.5590209960938 355.3358154296875 -38.76111602783203 
v 553.9539794921875 106.85871124267578 -38.290367126464844 
v 553.5590209960938 106.23011779785156 -38.76107406616211 
v 553.9539794921875 106.8587417602539 136.42735290527344 
v 553.5590209960938 106.23014831542969 136.8980255126953 
v 553.9539794921875 354.7072448730469 136.42730712890625 
v 553.5590209960938 355.3358459472656 136.8979949951172 
v 553.9539794921875 354.7072448730469 136.42730712890625 
v 553.5590209960938 355.3358459472656 136.8979949951172 
v 553.9539794921875 354.70721435546875 -38.2904052734375 
v 553.5590209960938 355.3358154296875 -38.76111602783203 
v 553.9539794921875 106.85871124267578 -38.290367126464844 
v 553.5590209960938 106.23011779785156 -38.76107406616211 
v 553.9539794921875 106.8587417602539 136.42735290527344 
v 553.5590209960938 106.23014831542969 136.8980255126953 
v 553.4712524414062 290.9359130859375 139.72225952148438 
v 553.8223266601562 291.4938049316406 140.15017700195312 
v 553.4712524414062 290.9358825683594 -41.58534240722656 
v 553.8223266601562 291.4937744140625 -42.01325607299805 
v 553.9539794921875 286.6850280761719 136.4273223876953 
v 553.5590209960938 287.2507629394531 136.855224609375 
v 553.9539794921875 286.68499755859375 -38.2903938293457 
v 553.5590209960938 287.250732421875 -38.71830749511719 
v 553.4712524414062 228.71253967285156 139.72227478027344 
v 553.8223266601562 229.2782745361328 140.1501922607422 
v 553.4712524414062 228.71250915527344 -41.585330963134766 
v 553.8223266601562 229.2782440185547 -42.01324462890625 
v 553.9539794921875 224.46949768066406 136.4273223876953 
v 553.5590209960938 225.0273895263672 136.85523986816406 
v 553.9539794921875 224.46946716308594 -38.29038619995117 
v 553.5590209960938 225.02735900878906 -38.718299865722656 
v 553.4712524414062 168.64996337890625 139.72227478027344 
v 553.8223266601562 169.2156982421875 140.1501922607422 
v 553.4712524414062 168.64993286132812 -41.58531951904297 
v 553.8223266601562 169.21566772460938 -42.01323318481445 
v 553.9539794921875 164.40692138671875 136.42733764648438 
v 553.5590209960938 164.9647979736328 136.85525512695312 
v 553.9539794921875 164.4069061279297 -38.290374755859375 
v 553.5590209960938 164.9647674560547 -38.71828842163086 
v 553.4712524414062 104.75292205810547 22.08844757080078 
v 553.8223266601562 104.75292205810547 22.687522888183594 
v 553.4712524414062 358.67523193359375 22.088407516479492 
v 553.8223266601562 358.67523193359375 22.687480926513672 
v 553.9539794921875 104.75292205810547 17.809288024902344 
v 553.5590209960938 104.75292205810547 18.365589141845703 
v 553.9539794921875 358.67523193359375 17.809246063232422 
v 553.5590209960938 358.67523193359375 18.365549087524414 
v 553.4712524414062 104.7529296875 78.4876480102539 
v 553.8223266601562 104.7529296875 79.08672332763672 
v 553.4712524414062 358.6752624511719 78.48760986328125 
v 553.8223266601562 358.6752624511719 79.08668518066406 
v 553.9539794921875 104.7529296875 74.20848846435547 
v 553.5590209960938 104.7529296875 74.7647933959961 
v 553.9539794921875 358.6752624511719 74.20845031738281 
v 553.5590209960938 358.6752624511719 74.7647476196289 
v 553.9539794921875 354.70721435546875 -38.2904052734375 
v 560.6246337890625 354.70721435546875 -38.2904052734375 
v 553.9539794921875 354.7072448730469 136.42730712890625 
v 560.6246337890625 354.7072448730469 136.42730712890625 
v 560.7562866210938 102.04991912841797 -164.8675994873047 
v 560.7562866210938 359.5159606933594 -164.86764526367188 
v 553.4273681640625 102.04991912841797 -164.8675994873047 
v 553.4273681640625 359.5159606933594 -164.86764526367188 
v 560.7562866210938 102.04988861083984 -346.9882507324219 
v 560.7562866210938 102.04991912841797 -164.8675994873047 
v 553.4273681640625 102.04988861083984 -346.9882507324219 
v 553.4273681640625 102.04991912841797 -164.8675994873047 
v 560.7562866210938 359.51593017578125 -346.9883117675781 
v 560.7562866210938 102.04988861083984 -346.9882507324219 
v 553.4273681640625 359.51593017578125 -346.9883117675781 
v 553.4273681640625 102.04988861083984 -346.9882507324219 
v 560.7562866210938 359.5159606933594 -164.86764526367188 
v 560.7562866210938 359.51593017578125 -346.9883117675781 
v 553.4273681640625 359.5159606933594 -164.86764526367188 
v 553.4273681640625 359.51593017578125 -346.9883117675781 
v 553.4273681640625 359.5159606933594 -164.86764526367188 
v 553.5590209960938 355.3357849121094 -168.07704162597656 
v 553.4273681640625 102.04991912841797 -164.8675994873047 
v 553.5590209960938 106.23009490966797 -168.07699584960938 
v 553.4273681640625 102.04991912841797 -164.8675994873047 
v 553.5590209960938 106.23009490966797 -168.07699584960938 
v 553.4273681640625 102.04988861083984 -346.9882507324219 
v 553.5590209960938 106.23007202148438 -343.77886962890625 
v 553.4273681640625 359.51593017578125 -346.9883117675781 
v 553.5590209960938 355.33575439453125 -343.7789001464844 
v 553.4273681640625 359.5159606933594 -164.86764526367188 
v 553.5590209960938 355.3357849121094 -168.07704162597656 
v 553.9539794921875 106.85865783691406 -343.30816650390625 
v 560.6246337890625 106.85865783691406 -343.30816650390625 
v 553.9539794921875 354.7071533203125 -343.3081970214844 
v 560.6246337890625 354.7071533203125 -343.3081970214844 
v 560.7562866210938 291.4937438964844 -164.8676300048828 
v 560.7562866210938 291.4937438964844 -346.98828125 
v 553.8223266601562 291.4937438964844 -164.8676300048828 
v 553.8223266601562 291.4937438964844 -346.98828125 
v 553.9539794921875 106.85868835449219 -168.5476837158203 
v 560.6246337890625 106.85868835449219 -168.5476837158203 
v 553.9539794921875 106.85865783691406 -343.30816650390625 
v 560.6246337890625 106.85865783691406 -343.30816650390625 
v 553.4273681640625 102.04988861083984 -346.9882507324219 
v 553.5590209960938 106.23007202148438 -343.77886962890625 
v 553.4273681640625 359.51593017578125 -346.9883117675781 
v 553.5590209960938 355.33575439453125 -343.7789001464844 
v 553.9539794921875 354.7071838378906 -168.5477294921875 
v 560.6246337890625 354.7071838378906 -168.5477294921875 
v 553.9539794921875 106.85868835449219 -168.5476837158203 
v 560.6246337890625 106.85868835449219 -168.5476837158203 
v 553.4712524414062 290.93585205078125 -346.56036376953125 
v 553.5590209960938 287.2507019042969 -343.7361145019531 
v 553.4712524414062 290.9358825683594 -165.29554748535156 
v 553.5590209960938 287.250732421875 -168.1197967529297 
v 560.7562866210938 229.27822875976562 -164.86761474609375 
v 560.7562866210938 229.2781982421875 -346.98828125 
v 553.8223266601562 229.27822875976562 -164.86761474609375 
v 553.8223266601562 229.2781982421875 -346.98828125 
v 553.9539794921875 286.6849365234375 -343.3081970214844 
v 560.6246337890625 286.6849365234375 -343.3081970214844 
v 553.9539794921875 286.6849670410156 -168.54771423339844 
v 560.6246337890625 286.6849670410156 -168.54771423339844 
v 553.4712524414062 228.71246337890625 -346.56036376953125 
v 553.5590209960938 225.02731323242188 -343.7361145019531 
v 553.4712524414062 228.71249389648438 -165.2955322265625 
v 553.5590209960938 225.02732849121094 -168.1197967529297 
v 560.7562866210938 169.2156524658203 -164.86761474609375 
v 560.7562866210938 169.2156219482422 -346.98828125 
v 553.8223266601562 169.2156524658203 -164.86761474609375 
v 553.8223266601562 169.2156219482422 -346.98828125 
v 553.9539794921875 224.46942138671875 -343.3081970214844 
v 560.6246337890625 224.46942138671875 -343.3081970214844 
v 553.9539794921875 224.46945190429688 -168.54769897460938 
v 560.6246337890625 224.46945190429688 -168.54769897460938 
v 553.4712524414062 168.64988708496094 -346.56036376953125 
v 553.5590209960938 164.9647216796875 -343.736083984375 
v 553.4712524414062 168.64991760253906 -165.29551696777344 
v 553.5590209960938 164.96475219726562 -168.11978149414062 
v 560.7562866210938 104.75287628173828 -282.2875061035156 
v 560.7562866210938 358.6752014160156 -282.28753662109375 
v 553.8223266601562 104.75287628173828 -282.2875061035156 
v 553.8223266601562 358.6752014160156 -282.28753662109375 
v 553.9539794921875 164.40684509277344 -343.30816650390625 
v 560.6246337890625 164.40684509277344 -343.30816650390625 
v 553.9539794921875 164.40687561035156 -168.54769897460938 
v 560.6246337890625 164.40687561035156 -168.54769897460938 
v 553.4712524414062 358.6752014160156 -282.8865966796875 
v 553.5590209960938 358.6752014160156 -286.6094665527344 
v 553.4712524414062 104.75287628173828 -282.8865661621094 
v 553.5590209960938 104.75287628173828 -286.6094055175781 
v 560.7562866210938 104.75288391113281 -225.8883056640625 
v 560.7562866210938 358.6752014160156 -225.8883514404297 
v 553.8223266601562 104.75288391113281 -225.8883056640625 
v 553.8223266601562 358.6752014160156 -225.8883514404297 
v 553.9539794921875 358.6752014160156 -287.20855712890625 
v 560.6246337890625 358.6752014160156 -287.20855712890625 
v 553.9539794921875 104.75287628173828 -287.2085266113281 
v 560.6246337890625 104.75287628173828 -287.2085266113281 
v 553.4712524414062 358.6752014160156 -226.48739624023438 
v 553.5590209960938 358.6752014160156 -230.2102508544922 
v 553.4712524414062 104.75288391113281 -226.48736572265625 
v 553.5590209960938 104.75288391113281 -230.21022033691406 
v 553.9539794921875 358.6752014160156 -230.80935668945312 
v 560.6246337890625 358.6752014160156 -230.80935668945312 
v 553.9539794921875 104.75288391113281 -230.80931091308594 
v 560.6246337890625 104.75288391113281 -230.80931091308594 
v 553.9539794921875 354.7071533203125 -343.3081970214844 
v 553.5590209960938 355.33575439453125 -343.7789001464844 
v 553.9539794921875 106.85865783691406 -343.30816650390625 
v 553.5590209960938 106.23007202148438 -343.77886962890625 
v 553.9539794921875 106.85868835449219 -168.5476837158203 
v 553.5590209960938 106.23009490966797 -168.07699584960938 
v 553.9539794921875 354.7071838378906 -168.5477294921875 
v 553.5590209960938 355.3357849121094 -168.07704162597656 
v 553.9539794921875 354.7071838378906 -168.5477294921875 
v 553.5590209960938 355.3357849121094 -168.07704162597656 
v 553.9539794921875 354.7071533203125 -343.3081970214844 
v 553.5590209960938 355.33575439453125 -343.7789001464844 
v 553.9539794921875 106.85865783691406 -343.30816650390625 
v 553.5590209960938 106.23007202148438 -343.77886962890625 
v 553.9539794921875 106.85868835449219 -168.5476837158203 
v 553.5590209960938 106.23009490966797 -168.07699584960938 
v 553.4712524414062 290.9358825683594 -165.29554748535156 
v 553.8223266601562 291.4937438964844 -164.8676300048828 
v 553.4712524414062 290.93585205078125 -346.56036376953125 
v 553.8223266601562 291.4937438964844 -346.98828125 
v 553.9539794921875 286.6849670410156 -168.54771423339844 
v 553.5590209960938 287.250732421875 -168.1197967529297 
v 553.9539794921875 286.6849365234375 -343.3081970214844 
v 553.5590209960938 287.2507019042969 -343.7361145019531 
v 553.4712524414062 228.71249389648438 -165.2955322265625 
v 553.8223266601562 229.27822875976562 -164.86761474609375 
v 553.4712524414062 228.71246337890625 -346.56036376953125 
v 553.8223266601562 229.2781982421875 -346.98828125 
v 553.9539794921875 224.46945190429688 -168.54769897460938 
v 553.5590209960938 225.02732849121094 -168.1197967529297 
v 553.9539794921875 224.46942138671875 -343.3081970214844 
v 553.5590209960938 225.02731323242188 -343.7361145019531 
v 553.4712524414062 168.64991760253906 -165.29551696777344 
v 553.8223266601562 169.2156524658203 -164.86761474609375 
v 553.4712524414062 168.64988708496094 -346.56036376953125 
v 553.8223266601562 169.2156219482422 -346.98828125 
v 553.9539794921875 164.40687561035156 -168.54769897460938 
v 553.5590209960938 164.96475219726562 -168.11978149414062 
v 553.9539794921875 164.40684509277344 -343.30816650390625 
v 553.5590209960938 164.9647216796875 -343.736083984375 
v 553.4712524414062 104.75287628173828 -282.8865661621094 
v 553.8223266601562 104.75287628173828 -282.2875061035156 
v 553.4712524414062 358.6752014160156 -282.8865966796875 
v 553.8223266601562 358.6752014160156 -282.28753662109375 
v 553.9539794921875 104.75287628173828 -287.2085266113281 
v 553.5590209960938 104.75287628173828 -286.6094055175781 
v 553.9539794921875 358.6752014160156 -287.20855712890625 
v 553.5590209960938 358.6752014160156 -286.6094665527344 
v 553.4712524414062 104.75288391113281 -226.48736572265625 
v 553.8223266601562 104.75288391113281 -225.8883056640625 
v 553.4712524414062 358.6752014160156 -226.48739624023438 
v 553.8223266601562 358.6752014160156 -225.8883514404297 
v 553.9539794921875 104.75288391113281 -230.80931091308594 
v 553.5590209960938 104.75288391113281 -230.21022033691406 
v 553.9539794921875 358.6752014160156 -230.80935668945312 
v 553.5590209960938 358.6752014160156 -230.2102508544922 
v 553.9539794921875 354.7071533203125 -343.3081970214844 
v 560.6246337890625 354.7071533203125 -343.3081970214844 
v 553.9539794921875 354.7071838378906 -168.5477294921875 
v 560.6246337890625 354.7071838378906 -168.5477294921875 
v 560.7562866210938 102.04986572265625 -469.8426208496094 
v 560.7562866210938 359.51593017578125 -469.8426818847656 
v 553.4273681640625 102.04986572265625 -469.8426208496094 
v 553.4273681640625 359.51593017578125 -469.8426818847656 
v 560.7562866210938 102.04983520507812 -652.0060424804688 
v 560.7562866210938 102.04986572265625 -469.8426208496094 
v 553.4273681640625 102.04983520507812 -652.0060424804688 
v 553.4273681640625 102.04986572265625 -469.8426208496094 
v 560.7562866210938 359.5158996582031 -652.006103515625 
v 560.7562866210938 102.04983520507812 -652.0060424804688 
v 553.4273681640625 359.5158996582031 -652.006103515625 
v 553.4273681640625 102.04983520507812 -652.0060424804688 
v 560.7562866210938 359.51593017578125 -469.8426818847656 
v 560.7562866210938 359.5158996582031 -652.006103515625 
v 553.4273681640625 359.51593017578125 -469.8426818847656 
v 553.4273681640625 359.5158996582031 -652.006103515625 
v 553.4273681640625 359.51593017578125 -469.8426818847656 
v 553.5590209960938 355.3357238769531 -473.09478759765625 
v 553.4273681640625 102.04986572265625 -469.8426208496094 
v 553.5590209960938 106.23004913330078 -473.0947570800781 
v 553.4273681640625 102.04986572265625 -469.8426208496094 
v 553.5590209960938 106.23004913330078 -473.0947570800781 
v 553.4273681640625 102.04983520507812 -652.0060424804688 
v 553.5590209960938 106.23001861572266 -648.7966918945312 
v 553.4273681640625 359.5158996582031 -652.006103515625 
v 553.5590209960938 355.335693359375 -648.7966918945312 
v 553.4273681640625 359.51593017578125 -469.8426818847656 
v 553.5590209960938 355.3357238769531 -473.09478759765625 
v 553.9539794921875 106.85861206054688 -648.283203125 
v 560.6246337890625 106.85861206054688 -648.283203125 
v 553.9539794921875 354.7071228027344 -648.2832641601562 
v 560.6246337890625 354.7071228027344 -648.2832641601562 
v 560.7562866210938 291.49371337890625 -469.8426513671875 
v 560.7562866210938 291.4936828613281 -652.006103515625 
v 553.8223266601562 291.49371337890625 -469.8426513671875 
v 553.8223266601562 291.4936828613281 -652.006103515625 
v 553.9539794921875 106.85863494873047 -473.56549072265625 
v 560.6246337890625 106.85863494873047 -473.56549072265625 
v 553.9539794921875 106.85861206054688 -648.283203125 
v 560.6246337890625 106.85861206054688 -648.283203125 
v 553.4273681640625 102.04983520507812 -652.0060424804688 
v 553.5590209960938 106.23001861572266 -648.7966918945312 
v 553.4273681640625 359.5158996582031 -652.006103515625 
v 553.5590209960938 355.335693359375 -648.7966918945312 
v 553.9539794921875 354.7071228027344 -473.5655212402344 
v 560.6246337890625 354.7071228027344 -473.5655212402344 
v 553.9539794921875 106.85863494873047 -473.56549072265625 
v 560.6246337890625 106.85863494873047 -473.56549072265625 
v 553.4712524414062 290.935791015625 -651.5781860351562 
v 553.5590209960938 287.2506408691406 -648.7111206054688 
v 553.4712524414062 290.9358215332031 -470.27056884765625 
v 553.5590209960938 287.25067138671875 -473.1376037597656 
v 560.7562866210938 229.27818298339844 -469.8426513671875 
v 560.7562866210938 229.2781524658203 -652.006103515625 
v 553.8223266601562 229.27818298339844 -469.8426513671875 
v 553.8223266601562 229.2781524658203 -652.006103515625 
v 553.9539794921875 286.6849060058594 -648.283203125 
v 560.6246337890625 286.6849060058594 -648.283203125 
v 553.9539794921875 286.6849365234375 -473.5655212402344 
v 560.6246337890625 286.6849365234375 -473.5655212402344 
v 553.4712524414062 228.71241760253906 -651.5781860351562 
v 553.5590209960938 225.02725219726562 -648.7111206054688 
v 553.4712524414062 228.7124481201172 -470.27056884765625 
v 553.5590209960938 225.02728271484375 -473.1376037597656 
v 560.7562866210938 169.21560668945312 -469.8426513671875 
v 560.7562866210938 169.215576171875 -652.0060424804688 
v 553.8223266601562 169.21560668945312 -469.8426513671875 
v 553.8223266601562 169.215576171875 -652.0060424804688 
v 553.9539794921875 224.46937561035156 -648.283203125 
v 560.6246337890625 224.46937561035156 -648.283203125 
v 553.9539794921875 224.4694061279297 -473.5655212402344 
v 560.6246337890625 224.4694061279297 -473.5655212402344 
v 553.4712524414062 168.64984130859375 -651.5781860351562 
v 553.5590209960938 164.9646759033203 -648.7111206054688 
v 553.4712524414062 168.64987182617188 -470.27056884765625 
v 553.5590209960938 164.96470642089844 -473.1375732421875 
v 560.7562866210938 104.75282287597656 -587.3052978515625 
v 560.7562866210938 358.6751403808594 -587.3052978515625 
v 553.8223266601562 104.75282287597656 -587.3052978515625 
v 553.8223266601562 358.6751403808594 -587.3052978515625 
v 553.9539794921875 164.40679931640625 -648.283203125 
v 560.6246337890625 164.40679931640625 -648.283203125 
v 553.9539794921875 164.40682983398438 -473.56549072265625 
v 560.6246337890625 164.40682983398438 -473.56549072265625 
v 553.4712524414062 358.6751403808594 -587.9044189453125 
v 553.5590209960938 358.6751403808594 -591.6272583007812 
v 553.4712524414062 104.75282287597656 -587.9043579101562 
v 553.5590209960938 104.75282287597656 -591.627197265625 
v 560.7562866210938 104.7528305053711 -530.9061279296875 
v 560.7562866210938 358.6751403808594 -530.9061279296875 
v 553.8223266601562 104.7528305053711 -530.9061279296875 
v 553.8223266601562 358.6751403808594 -530.9061279296875 
v 553.9539794921875 358.6751403808594 -592.2263793945312 
v 560.6246337890625 358.6751403808594 -592.2263793945312 
v 553.9539794921875 104.75282287597656 -592.226318359375 
v 560.6246337890625 104.75282287597656 -592.226318359375 
v 553.4712524414062 358.6751403808594 -531.5052490234375 
v 553.5590209960938 358.6751403808594 -535.2280883789062 
v 553.4712524414062 104.7528305053711 -531.5051879882812 
v 553.5590209960938 104.7528305053711 -535.2280883789062 
v 553.9539794921875 358.6751403808594 -535.8272094726562 
v 560.6246337890625 358.6751403808594 -535.8272094726562 
v 553.9539794921875 104.7528305053711 -535.8271484375 
v 560.6246337890625 104.7528305053711 -535.8271484375 
v 553.9539794921875 354.7071228027344 -648.2832641601562 
v 553.5590209960938 355.335693359375 -648.7966918945312 
v 553.9539794921875 106.85861206054688 -648.283203125 
v 553.5590209960938 106.23001861572266 -648.7966918945312 
v 553.9539794921875 106.85863494873047 -473.56549072265625 
v 553.5590209960938 106.23004913330078 -473.0947570800781 
v 553.9539794921875 354.7071228027344 -473.5655212402344 
v 553.5590209960938 355.3357238769531 -473.09478759765625 
v 553.9539794921875 354.7071228027344 -473.5655212402344 
v 553.5590209960938 355.3357238769531 -473.09478759765625 
v 553.9539794921875 354.7071228027344 -648.2832641601562 
v 553.5590209960938 355.335693359375 -648.7966918945312 
v 553.9539794921875 106.85861206054688 -648.283203125 
v 553.5590209960938 106.23001861572266 -648.7966918945312 
v 553.9539794921875 106.85863494873047 -473.56549072265625 
v 553.5590209960938 106.23004913330078 -473.0947570800781 
v 553.4712524414062 290.9358215332031 -470.27056884765625 
v 553.8223266601562 291.49371337890625 -469.8426513671875 
v 553.4712524414062 290.935791015625 -651.5781860351562 
v 553.8223266601562 291.4936828613281 -652.006103515625 
v 553.9539794921875 286.6849365234375 -473.5655212402344 
v 553.5590209960938 287.25067138671875 -473.1376037597656 
v 553.9539794921875 286.6849060058594 -648.283203125 
v 553.5590209960938 287.2506408691406 -648.7111206054688 
v 553.4712524414062 228.7124481201172 -470.27056884765625 
v 553.8223266601562 229.27818298339844 -469.8426513671875 
v 553.4712524414062 228.71241760253906 -651.5781860351562 
v 553.8223266601562 229.2781524658203 -652.006103515625 
v 553.9539794921875 224.4694061279297 -473.5655212402344 
v 553.5590209960938 225.02728271484375 -473.1376037597656 
v 553.9539794921875 224.46937561035156 -648.283203125 
v 553.5590209960938 225.02725219726562 -648.7111206054688 
v 553.4712524414062 168.64987182617188 -470.27056884765625 
v 553.8223266601562 169.21560668945312 -469.8426513671875 
v 553.4712524414062 168.64984130859375 -651.5781860351562 
v 553.8223266601562 169.215576171875 -652.0060424804688 
v 553.9539794921875 164.40682983398438 -473.56549072265625 
v 553.5590209960938 164.96470642089844 -473.1375732421875 
v 553.9539794921875 164.40679931640625 -648.283203125 
v 553.5590209960938 164.9646759033203 -648.7111206054688 
v 553.4712524414062 104.75282287597656 -587.9043579101562 
v 553.8223266601562 104.75282287597656 -587.3052978515625 
v 553.4712524414062 358.6751403808594 -587.9044189453125 
v 553.8223266601562 358.6751403808594 -587.3052978515625 
v 553.9539794921875 104.75282287597656 -592.226318359375 
v 553.5590209960938 104.75282287597656 -591.627197265625 
v 553.9539794921875 358.6751403808594 -592.2263793945312 
v 553.5590209960938 358.6751403808594 -591.6272583007812 
v 553.4712524414062 104.7528305053711 -531.5051879882812 
v 553.8223266601562 104.7528305053711 -530.9061279296875 
v 553.4712524414062 358.6751403808594 -531.5052490234375 
v 553.8223266601562 358.6751403808594 -530.9061279296875 
v 553.9539794921875 104.7528305053711 -535.8271484375 
v 553.5590209960938 104.7528305053711 -535.2280883789062 
v 553.9539794921875 358.6751403808594 -535.8272094726562 
v 553.5590209960938 358.6751403808594 -535.2280883789062 
v 553.9539794921875 354.7071228027344 -648.2832641601562 
v 560.6246337890625 354.7071228027344 -648.2832641601562 
v 553.9539794921875 354.7071228027344 -473.5655212402344 
v 560.6246337890625 354.7071228027344 -473.5655212402344 
v -856.49609375 364.5924072265625 -652.411865234375 
v -857.19287109375 361.54730224609375 -649.1709594726562 
v -856.49609375 231.5457763671875 -652.411865234375 
v -857.19287109375 231.5457763671875 -649.1709594726562 
v -856.49609375 98.49919128417969 -652.411865234375 
v -857.19287109375 101.54427337646484 -649.1708984375 
v -856.49609375 98.49922180175781 -461.1952209472656 
v -857.19287109375 101.54430389404297 -466.5968322753906 
v -856.49609375 364.5924377441406 -461.1952819824219 
v -857.19287109375 361.5473327636719 -466.5968933105469 
v -859.2833251953125 360.1419372558594 -468.7575378417969 
v -859.2833251953125 102.9496841430664 -468.7574768066406 
v -859.2833251953125 102.94965362548828 -648.090576171875 
v -859.2833251953125 231.5457763671875 -648.0906372070312 
v -859.2833251953125 360.14190673828125 -648.0906372070312 
v -872.5230102539062 102.94970703125 -346.6813049316406 
v -859.2833251953125 102.94970703125 -346.6813049316406 
v -872.5230102539062 102.9497299194336 -164.1072235107422 
v -859.2833251953125 102.9497299194336 -164.1072235107422 
v -872.5230102539062 102.9497299194336 -164.1072235107422 
v -859.2833251953125 102.9497299194336 -164.1072235107422 
v -872.5230102539062 360.1419982910156 -164.10726928710938 
v -859.2833251953125 360.1419982910156 -164.10726928710938 
v -872.5230102539062 102.9498062133789 262.6191711425781 
v -859.2833251953125 102.9498062133789 262.6191711425781 
v -872.5230102539062 102.9498291015625 445.1932373046875 
v -859.2833251953125 102.9498291015625 445.1932373046875 
v -872.5230102539062 360.1420593261719 262.619140625 
v -859.2833251953125 360.1420593261719 262.619140625 
v -872.5230102539062 102.9498062133789 262.6191711425781 
v -859.2833251953125 102.9498062133789 262.6191711425781 
v -872.5230102539062 102.94975280761719 -42.031063079833984 
v -859.2833251953125 102.94975280761719 -42.031063079833984 
v -872.5230102539062 102.94978332519531 140.5430145263672 
v -859.2833251953125 102.94978332519531 140.5430145263672 
v -856.49609375 98.4993667602539 451.6751708984375 
v -856.49609375 99.43632507324219 561.8677978515625 
v -856.49609375 364.59259033203125 451.6751403808594 
v -856.49609375 364.3583679199219 561.8677978515625 
v -859.2833251953125 102.94965362548828 -648.090576171875 
v -872.5230102539062 102.94965362548828 -648.090576171875 
v -859.2833251953125 231.5457763671875 -648.0906372070312 
v -872.5230102539062 231.5457763671875 -648.0906372070312 
v -859.2833251953125 360.14190673828125 -648.0906372070312 
v -872.5230102539062 360.14190673828125 -648.0906372070312 
v -856.49609375 -1.988390326499939 140.5430450439453 
v -856.49609375 -1.988370418548584 262.61920166015625 
v -856.49609375 98.49932098388672 147.02493286132812 
v -856.49609375 98.49933624267578 257.21759033203125 
v -856.49609375 -1.9885616302490234 -910.6083984375 
v -856.49609375 -1.9885188341140747 -648.090576171875 
v -856.49609375 109.50827026367188 -910.6083984375 
v -856.49609375 98.49919128417969 -652.411865234375 
v -856.49609375 462.9720764160156 261.538818359375 
v -856.49609375 462.9720764160156 141.62327575683594 
v -856.49609375 364.592529296875 257.217529296875 
v -856.49609375 364.592529296875 147.02488708496094 
v -856.49609375 98.49933624267578 257.21759033203125 
v -856.49609375 98.49932098388672 147.02493286132812 
v -856.49609375 462.9720458984375 -43.11144256591797 
v -856.49609375 364.5924987792969 -48.513023376464844 
v -856.49609375 462.9720153808594 -163.02696228027344 
v -856.49609375 364.59246826171875 -157.62535095214844 
v -856.49609375 462.97198486328125 -347.7616882324219 
v -856.49609375 364.5924377441406 -353.16326904296875 
v -856.49609375 462.9719543457031 -467.6772155761719 
v -856.49609375 364.5924377441406 -461.1952819824219 
v -856.49609375 462.971923828125 -649.1709594726562 
v -856.49609375 364.5924072265625 -652.411865234375 
v -856.49609375 98.4992904663086 -48.51298141479492 
v -856.49609375 98.499267578125 -157.62530517578125 
v -856.49609375 98.49923706054688 -353.1632080078125 
v -856.49609375 98.49922180175781 -461.1952209472656 
v -856.49609375 231.5457763671875 -652.411865234375 
v -856.49609375 98.49919128417969 -652.411865234375 
v -856.49609375 206.013916015625 -910.6083984375 
v -856.49609375 109.50827026367188 -910.6083984375 
v -872.5230102539062 102.9498291015625 445.1932373046875 
v -872.5230102539062 360.14208984375 445.1932067871094 
v -859.2833251953125 102.9498291015625 445.1932373046875 
v -859.2833251953125 360.14208984375 445.1932067871094 
v -872.5230102539062 360.1419982910156 -164.10726928710938 
v -872.5230102539062 360.1419677734375 -346.68133544921875 
v -859.2833251953125 360.1419982910156 -164.10726928710938 
v -859.2833251953125 360.1419677734375 -346.68133544921875 
v -872.5230102539062 360.14202880859375 140.54298400878906 
v -872.5230102539062 360.1419982910156 -42.031105041503906 
v -859.2833251953125 360.14202880859375 140.54298400878906 
v -859.2833251953125 360.1419982910156 -42.031105041503906 
v -872.5230102539062 360.14208984375 445.1932067871094 
v -872.5230102539062 360.1420593261719 262.619140625 
v -859.2833251953125 360.14208984375 445.1932067871094 
v -859.2833251953125 360.1420593261719 262.619140625 
v -872.5230102539062 360.1419372558594 -468.7575378417969 
v -872.5230102539062 360.14190673828125 -648.0906372070312 
v -859.2833251953125 360.1419372558594 -468.7575378417969 
v -859.2833251953125 360.14190673828125 -648.0906372070312 
v -872.5230102539062 102.9496841430664 -468.7574768066406 
v -872.5230102539062 360.1419372558594 -468.7575378417969 
v -859.2833251953125 102.9496841430664 -468.7574768066406 
v -859.2833251953125 360.1419372558594 -468.7575378417969 
v -872.5230102539062 360.1419982910156 -42.031105041503906 
v -872.5230102539062 102.94975280761719 -42.031063079833984 
v -859.2833251953125 360.1419982910156 -42.031105041503906 
v -859.2833251953125 102.94975280761719 -42.031063079833984 
v -872.5230102539062 102.94978332519531 140.5430145263672 
v -872.5230102539062 360.14202880859375 140.54298400878906 
v -859.2833251953125 102.94978332519531 140.5430145263672 
v -859.2833251953125 360.14202880859375 140.54298400878906 
v -856.49609375 -1.9884896278381348 -468.7574768066406 
v -856.49609375 98.49922180175781 -461.1952209472656 
v -856.49609375 -1.9884697198867798 -346.6813049316406 
v -856.49609375 98.49923706054688 -353.1632080078125 
v -872.5230102539062 360.1419677734375 -346.68133544921875 
v -872.5230102539062 102.94970703125 -346.6813049316406 
v -859.2833251953125 360.1419677734375 -346.68133544921875 
v -859.2833251953125 102.94970703125 -346.6813049316406 
v -856.49609375 462.97210693359375 446.27349853515625 
v -856.49609375 364.59259033203125 451.6751403808594 
v -856.49609375 462.9720764160156 261.538818359375 
v -856.49609375 364.592529296875 257.217529296875 
v -856.49609375 98.4992904663086 -48.51298141479492 
v -856.49609375 -1.9884201288223267 -42.03104782104492 
v -856.49609375 98.499267578125 -157.62530517578125 
v -856.49609375 -1.988439917564392 -164.10720825195312 
v -856.49609375 98.49923706054688 -353.1632080078125 
v -856.49609375 -1.9884697198867798 -346.6813049316406 
v -872.5230102539062 102.71562957763672 568.3497314453125 
v -872.5230102539062 102.71566009521484 749.843505859375 
v -859.2833251953125 102.71562957763672 568.3497314453125 
v -859.2833251953125 102.71566009521484 749.843505859375 
v -856.49609375 -1.9882910251617432 749.843505859375 
v -856.49609375 99.43635559082031 754.164794921875 
v -856.49609375 -1.9882681369781494 890.28515625 
v -856.49609375 92.17500305175781 890.2850952148438 
v -872.5230102539062 359.90789794921875 749.8434448242188 
v -872.5230102539062 359.9078674316406 568.3497314453125 
v -859.2833251953125 359.90789794921875 749.8434448242188 
v -859.2833251953125 359.9078674316406 568.3497314453125 
v -872.5230102539062 102.71566009521484 749.843505859375 
v -872.5230102539062 359.90789794921875 749.8434448242188 
v -859.2833251953125 102.71566009521484 749.843505859375 
v -859.2833251953125 359.90789794921875 749.8434448242188 
v -872.5230102539062 359.9078674316406 568.3497314453125 
v -872.5230102539062 102.71562957763672 568.3497314453125 
v -859.2833251953125 359.9078674316406 568.3497314453125 
v -859.2833251953125 102.71562957763672 568.3497314453125 
v -856.49609375 -1.9883407354354858 445.1932678222656 
v -856.49609375 98.4993667602539 451.6751708984375 
v -856.49609375 -1.9883205890655518 568.3497314453125 
v -856.49609375 99.43632507324219 561.8677978515625 
v -856.49609375 99.43635559082031 754.164794921875 
v -856.49609375 364.3583984375 754.1647338867188 
v -856.49609375 92.17500305175781 890.2850952148438 
v -856.49609375 359.90789794921875 890.2850952148438 
v -856.49609375 364.3583984375 754.1647338867188 
v -856.49609375 462.7379455566406 749.8434448242188 
v -856.49609375 359.90789794921875 890.2850952148438 
v -856.49609375 461.8009948730469 890.2850341796875 
v -856.49609375 462.7379455566406 749.8434448242188 
v -856.49609375 364.3583984375 754.1647338867188 
v -856.49609375 462.7379150390625 566.1890258789062 
v -856.49609375 364.3583679199219 561.8677978515625 
v -856.49609375 364.5924377441406 -353.16326904296875 
v -857.19287109375 361.54736328125 -348.84197998046875 
v -856.49609375 98.49923706054688 -353.1632080078125 
v -857.19287109375 101.54431915283203 -348.8419494628906 
v -856.49609375 98.499267578125 -157.62530517578125 
v -857.19287109375 101.54434967041016 -161.9465789794922 
v -856.49609375 364.59246826171875 -157.62535095214844 
v -857.19287109375 361.5473937988281 -161.94662475585938 
v -859.2833251953125 360.1419982910156 -164.10726928710938 
v -859.2833251953125 360.1419677734375 -346.68133544921875 
v -859.2833251953125 102.94970703125 -346.6813049316406 
v -859.2833251953125 102.9497299194336 -164.1072235107422 
v -856.49609375 364.5924987792969 -48.513023376464844 
v -857.19287109375 361.54742431640625 -44.19174575805664 
v -856.49609375 98.4992904663086 -48.51298141479492 
v -857.19287109375 101.54437255859375 -44.19170379638672 
v -856.49609375 98.49932098388672 147.02493286132812 
v -857.19287109375 101.54440307617188 142.7036590576172 
v -856.49609375 364.592529296875 147.02488708496094 
v -857.19287109375 361.5474548339844 142.70361328125 
v -859.2833251953125 360.14202880859375 140.54298400878906 
v -859.2833251953125 360.1419982910156 -42.031105041503906 
v -859.2833251953125 102.94975280761719 -42.031063079833984 
v -859.2833251953125 102.94978332519531 140.5430145263672 
v -856.49609375 364.592529296875 257.217529296875 
v -857.19287109375 361.5474548339844 260.45849609375 
v -856.49609375 98.49933624267578 257.21759033203125 
v -857.19287109375 101.54441833496094 260.45855712890625 
v -856.49609375 98.4993667602539 451.6751708984375 
v -857.19287109375 101.54444885253906 447.3538818359375 
v -856.49609375 364.59259033203125 451.6751403808594 
v -857.19287109375 361.5474853515625 447.3538513183594 
v -859.2833251953125 360.14208984375 445.1932067871094 
v -859.2833251953125 360.1420593261719 262.619140625 
v -859.2833251953125 102.9498062133789 262.6191711425781 
v -859.2833251953125 102.9498291015625 445.1932373046875 
v -856.49609375 364.3583679199219 561.8677978515625 
v -857.8896484375 361.07904052734375 565.1087646484375 
v -856.49609375 99.43632507324219 561.8677978515625 
v -857.8896484375 101.3102035522461 565.1087646484375 
v -856.49609375 99.43635559082031 754.164794921875 
v -857.8896484375 101.31022644042969 750.923828125 
v -856.49609375 364.3583984375 754.1647338867188 
v -857.8896484375 361.0790710449219 750.9237670898438 
v -859.2833251953125 359.90789794921875 749.8434448242188 
v -859.2833251953125 359.9078674316406 568.3497314453125 
v -859.2833251953125 102.71562957763672 568.3497314453125 
v -859.2833251953125 102.71566009521484 749.843505859375 
v -872.5230102539062 102.94965362548828 -648.090576171875 
v -872.5230102539062 102.9496841430664 -468.7574768066406 
v -859.2833251953125 102.94965362548828 -648.090576171875 
v -859.2833251953125 102.9496841430664 -468.7574768066406 
v -856.49609375 364.59259033203125 451.6751403808594 
v -856.49609375 462.97210693359375 446.27349853515625 
v -856.49609375 364.3583679199219 561.8677978515625 
v -856.49609375 462.7379150390625 566.1890258789062 
v -856.49609375 360.1418762207031 -910.6083984375 
v -856.49609375 462.2691955566406 -910.6084594726562 
v -856.49609375 364.5924072265625 -652.411865234375 
v -856.49609375 462.971923828125 -649.1709594726562 
v -627.937744140625 -1.9885616302490234 -910.6083984375 
v -396.59222412109375 -1.9885616302490234 -910.6083984375 
v -627.937744140625 107.16590118408203 -910.6083984375 
v -396.59222412109375 107.16590118408203 -910.6083984375 
v -856.49609375 -1.9885616302490234 -910.6083984375 
v -627.937744140625 -1.9885616302490234 -910.6083984375 
v -856.49609375 109.50827026367188 -910.6083984375 
v -627.937744140625 107.16590118408203 -910.6083984375 
v -856.49609375 206.013916015625 -910.6083984375 
v -627.937744140625 227.0952606201172 -910.6083984375 
v -396.59222412109375 107.16590118408203 -910.6083984375 
v -396.59222412109375 206.48240661621094 -910.6083984375 
v -399.3795166015625 359.67340087890625 -910.6083984375 
v -305.3082580566406 206.48240661621094 -910.6083984375 
v -305.3082580566406 359.67340087890625 -910.6083984375 
v -211.93385314941406 359.67340087890625 -910.6083984375 
v -209.14654541015625 464.611572265625 -910.6084594726562 
v -305.3082580566406 464.611572265625 -910.6084594726562 
v -214.02432250976562 206.48240661621094 -910.6083984375 
v -214.02432250976562 107.16590118408203 -910.6083984375 
v 309.2904968261719 227.0952606201172 -910.6083984375 
v 309.2904968261719 107.16590118408203 -910.6083984375 
v 537.8487548828125 206.013916015625 -910.6083984375 
v 537.8487548828125 109.50827026367188 -910.6083984375 
v 309.2904968261719 -1.9885616302490234 -910.6083984375 
v 537.8487548828125 -1.9885616302490234 -910.6083984375 
v -214.02432250976562 -1.9885616302490234 -910.6083984375 
v 537.8487548828125 360.1418762207031 -910.6083984375 
v 309.9873352050781 369.97979736328125 -910.6084594726562 
v 537.8487548828125 462.2691955566406 -910.6084594726562 
v 309.9873352050781 464.611572265625 -910.6084594726562 
v -627.937744140625 227.0952606201172 -910.6083984375 
v -628.6346435546875 369.97979736328125 -910.6084594726562 
v -396.59222412109375 206.48240661621094 -910.6083984375 
v -399.3795166015625 359.67340087890625 -910.6083984375 
v -856.49609375 462.7379455566406 749.8434448242188 
v -856.49609375 461.8009948730469 890.2850341796875 
v -628.6346435546875 464.6118469238281 743.3615112304688 
v -628.6346435546875 464.61187744140625 890.2850341796875 
v -305.3082580566406 464.6116943359375 -64.71784210205078 
v -404.25726318359375 464.6116943359375 -64.71784210205078 
v -305.3082580566406 464.61175537109375 141.62327575683594 
v -404.25726318359375 464.61175537109375 141.62327575683594 
v -628.6346435546875 464.61175537109375 141.62327575683594 
v -628.6346435546875 464.61175537109375 235.61111450195312 
v -404.25726318359375 464.61175537109375 141.62327575683594 
v -404.25726318359375 464.61175537109375 235.61111450195312 
v -305.3082580566406 464.61175537109375 141.62327575683594 
v -305.3082580566406 464.61175537109375 235.61111450195312 
v -305.3082580566406 464.6117858886719 441.95220947265625 
v -207.0560760498047 464.61175537109375 235.61111450195312 
v -207.0560760498047 464.6117858886719 441.95220947265625 
v -404.25726318359375 464.6117858886719 441.95220947265625 
v -305.3082580566406 464.6116943359375 -64.71784210205078 
v -207.0560760498047 464.6116943359375 -64.71784210205078 
v -207.0560760498047 464.61175537109375 141.62327575683594 
v 309.9873352050781 464.6117858886719 441.95220947265625 
v 309.9873352050781 464.61181640625 535.9400634765625 
v -207.0560760498047 464.61181640625 535.9400634765625 
v -207.0560760498047 464.6118469238281 724.99609375 
v 309.9873352050781 464.6118469238281 743.3615112304688 
v -207.0560760498047 464.61187744140625 890.2850341796875 
v 309.9873352050781 464.61187744140625 890.2850341796875 
v -305.3082580566406 464.6116027832031 -665.3757934570312 
v -305.3082580566406 464.61163330078125 -459.0346374511719 
v -404.25726318359375 464.6116027832031 -665.3757934570312 
v -404.25726318359375 464.61163330078125 -459.0346374511719 
v -404.25726318359375 464.6118469238281 724.99609375 
v -404.25726318359375 464.61187744140625 890.2850341796875 
v -628.6346435546875 464.6118469238281 743.3615112304688 
v -628.6346435546875 464.61187744140625 890.2850341796875 
v -305.3082580566406 464.6116638183594 -365.0467834472656 
v -305.3082580566406 464.6116943359375 -158.7056884765625 
v -404.25726318359375 464.6116638183594 -365.0467834472656 
v -404.25726318359375 464.6116943359375 -158.7056884765625 
v -628.6346435546875 464.611572265625 -910.6084594726562 
v -402.1667785644531 464.611572265625 -910.6084594726562 
v -628.6346435546875 464.6116027832031 -665.3757934570312 
v -404.25726318359375 464.6116027832031 -665.3757934570312 
v -305.3082580566406 464.611572265625 -910.6084594726562 
v -305.3082580566406 464.6116027832031 -665.3757934570312 
v -207.0560760498047 464.6116027832031 -665.3757934570312 
v -209.14654541015625 464.611572265625 -910.6084594726562 
v 309.9873352050781 464.6116027832031 -665.3757934570312 
v 309.9873352050781 464.611572265625 -910.6084594726562 
v -404.25726318359375 464.61163330078125 -459.0346374511719 
v -305.3082580566406 464.61163330078125 -459.0346374511719 
v -404.25726318359375 464.6116638183594 -365.0467834472656 
v -305.3082580566406 464.6116638183594 -365.0467834472656 
v -207.0560760498047 464.6116638183594 -365.0467834472656 
v -305.3082580566406 464.6116943359375 -158.7056884765625 
v -207.0560760498047 464.6116943359375 -158.7056884765625 
v 309.9873352050781 464.6116638183594 -365.0467834472656 
v 309.9873352050781 464.6116943359375 -158.7056884765625 
v -207.0560760498047 464.61163330078125 -459.0346374511719 
v -404.25726318359375 464.6116943359375 -158.7056884765625 
v -305.3082580566406 464.6116943359375 -158.7056884765625 
v -404.25726318359375 464.6116943359375 -64.71784210205078 
v -305.3082580566406 464.6116943359375 -64.71784210205078 
v -404.25726318359375 464.6117858886719 441.95220947265625 
v -305.3082580566406 464.6117858886719 441.95220947265625 
v -404.25726318359375 464.61181640625 535.9400634765625 
v -305.3082580566406 464.61181640625 535.9400634765625 
v -856.49609375 462.97210693359375 446.27349853515625 
v -628.6346435546875 464.6117858886719 441.95220947265625 
v -856.49609375 462.7379150390625 566.1890258789062 
v -628.6346435546875 464.61181640625 535.9400634765625 
v -628.6346435546875 464.6117858886719 441.95220947265625 
v -628.6346435546875 464.61181640625 535.9400634765625 
v -404.25726318359375 464.61181640625 535.9400634765625 
v -856.49609375 462.9720764160156 141.62327575683594 
v -628.6346435546875 464.61175537109375 141.62327575683594 
v -856.49609375 462.9720764160156 261.538818359375 
v -628.6346435546875 464.61175537109375 235.61111450195312 
v -856.49609375 462.9720153808594 -163.02696228027344 
v -628.6346435546875 464.6116943359375 -158.7056884765625 
v -856.49609375 462.9720458984375 -43.11144256591797 
v -628.6346435546875 464.6116943359375 -64.71784210205078 
v -628.6346435546875 464.6116943359375 -158.7056884765625 
v -404.25726318359375 464.6116943359375 -158.7056884765625 
v -628.6346435546875 464.6116943359375 -64.71784210205078 
v -404.25726318359375 464.6116943359375 -64.71784210205078 
v -856.49609375 462.9719543457031 -467.6772155761719 
v -628.6346435546875 464.61163330078125 -459.0346374511719 
v -856.49609375 462.97198486328125 -347.7616882324219 
v -628.6346435546875 464.6116638183594 -365.0467834472656 
v -628.6346435546875 464.61163330078125 -459.0346374511719 
v -404.25726318359375 464.61163330078125 -459.0346374511719 
v -628.6346435546875 464.6116638183594 -365.0467834472656 
v -404.25726318359375 464.6116638183594 -365.0467834472656 
v -856.49609375 462.2691955566406 -910.6084594726562 
v -628.6346435546875 464.611572265625 -910.6084594726562 
v -856.49609375 462.971923828125 -649.1709594726562 
v -628.6346435546875 464.6116027832031 -665.3757934570312 
v -628.6346435546875 464.6116638183594 -365.0467834472656 
v -628.6346435546875 464.6116943359375 -158.7056884765625 
v -856.49609375 462.97198486328125 -347.7616882324219 
v -856.49609375 462.9720153808594 -163.02696228027344 
v -404.25726318359375 464.6116638183594 -365.0467834472656 
v -404.25726318359375 464.6116943359375 -158.7056884765625 
v -628.6346435546875 464.6116638183594 -365.0467834472656 
v -628.6346435546875 464.6116943359375 -158.7056884765625 
v -404.25726318359375 464.61181640625 535.9400634765625 
v -404.25726318359375 464.6118469238281 724.99609375 
v -628.6346435546875 464.61181640625 535.9400634765625 
v -628.6346435546875 464.6118469238281 743.3615112304688 
v -628.6346435546875 464.6116027832031 -665.3757934570312 
v -628.6346435546875 464.61163330078125 -459.0346374511719 
v -856.49609375 462.971923828125 -649.1709594726562 
v -856.49609375 462.9719543457031 -467.6772155761719 
v -404.25726318359375 464.6116027832031 -665.3757934570312 
v -404.25726318359375 464.61163330078125 -459.0346374511719 
v -628.6346435546875 464.6116027832031 -665.3757934570312 
v -628.6346435546875 464.61163330078125 -459.0346374511719 
v -628.6346435546875 464.61175537109375 235.61111450195312 
v -628.6346435546875 464.6117858886719 441.95220947265625 
v -856.49609375 462.9720764160156 261.538818359375 
v -856.49609375 462.97210693359375 446.27349853515625 
v -404.25726318359375 464.61175537109375 235.61111450195312 
v -404.25726318359375 464.6117858886719 441.95220947265625 
v -628.6346435546875 464.61175537109375 235.61111450195312 
v -628.6346435546875 464.6117858886719 441.95220947265625 
v -628.6346435546875 464.6116943359375 -64.71784210205078 
v -628.6346435546875 464.61175537109375 141.62327575683594 
v -856.49609375 462.9720458984375 -43.11144256591797 
v -856.49609375 462.9720764160156 141.62327575683594 
v -404.25726318359375 464.6116943359375 -64.71784210205078 
v -404.25726318359375 464.61175537109375 141.62327575683594 
v -628.6346435546875 464.6116943359375 -64.71784210205078 
v -628.6346435546875 464.61175537109375 141.62327575683594 
v -856.49609375 462.7379455566406 749.8434448242188 
v -856.49609375 462.7379150390625 566.1890258789062 
v -628.6346435546875 464.6118469238281 743.3615112304688 
v -628.6346435546875 464.61181640625 535.9400634765625 
v -856.49609375 206.013916015625 -910.6083984375 
v -627.937744140625 227.0952606201172 -910.6083984375 
v -856.49609375 360.1418762207031 -910.6083984375 
v -628.6346435546875 369.97979736328125 -910.6084594726562 
v -856.49609375 364.5924072265625 -652.411865234375 
v -856.49609375 231.5457763671875 -652.411865234375 
v -856.49609375 360.1418762207031 -910.6083984375 
v -856.49609375 206.013916015625 -910.6083984375 
v -856.49609375 99.43635559082031 754.164794921875 
v -856.49609375 -1.9882910251617432 749.843505859375 
v -856.49609375 99.43632507324219 561.8677978515625 
v -856.49609375 -1.9883205890655518 568.3497314453125 
v -856.49609375 98.49922180175781 -461.1952209472656 
v -856.49609375 -1.9884896278381348 -468.7574768066406 
v -856.49609375 98.49919128417969 -652.411865234375 
v -856.49609375 -1.9885188341140747 -648.090576171875 
v -856.49609375 98.49932098388672 147.02493286132812 
v -856.49609375 -1.988390326499939 140.5430450439453 
v -856.49609375 98.4992904663086 -48.51298141479492 
v -856.49609375 -1.9884201288223267 -42.03104782104492 
v -856.49609375 98.4993667602539 451.6751708984375 
v -856.49609375 -1.9883407354354858 445.1932678222656 
v -856.49609375 98.49933624267578 257.21759033203125 
v -856.49609375 -1.988370418548584 262.61920166015625 
v -630.72509765625 -1.9884201288223267 -42.03104782104492 
v -400.77313232421875 -1.9884401559829712 -165.18753051757812 
v -630.72509765625 -1.9884401559829712 -165.18753051757812 
v -400.77313232421875 -1.9884694814682007 -345.6009826660156 
v -630.72509765625 -1.9884694814682007 -345.6009826660156 
v -400.0763244628906 -1.9884893894195557 -467.6771545410156 
v -630.0282592773438 -1.9884893894195557 -467.6771545410156 
v -398.68267822265625 -1.9885188341140747 -648.090576171875 
v -629.3314208984375 -1.9885188341140747 -648.090576171875 
v -305.3082580566406 -1.9884896278381348 -468.7574768066406 
v -305.3082580566406 -1.9884694814682007 -345.6009826660156 
v -305.3082580566406 -1.9884401559829712 -165.18753051757812 
v -305.3082580566406 -1.9884201288223267 -42.03104782104492 
v -400.77313232421875 -1.9884201288223267 -42.03104782104492 
v -305.3082580566406 -1.9883902072906494 141.62335205078125 
v -400.77313232421875 -1.9883902072906494 141.62335205078125 
v -305.3082580566406 -1.9883702993392944 263.6994934082031 
v -400.77313232421875 -1.9883702993392944 263.6994934082031 
v -630.72509765625 -1.9883702993392944 263.6994934082031 
v -630.72509765625 -1.9883408546447754 444.1129455566406 
v -400.77313232421875 -1.9883408546447754 444.1129455566406 
v -630.72509765625 -1.9883204698562622 569.4300537109375 
v -400.77313232421875 -1.9883204698562622 569.4300537109375 
v -630.72509765625 -1.9882909059524536 750.923828125 
v -400.77313232421875 -1.9882909059524536 750.923828125 
v -630.72509765625 -1.9882681369781494 890.28515625 
v -400.77313232421875 -1.9882681369781494 890.28515625 
v -305.3082580566406 -1.9882681369781494 890.28515625 
v -305.3082580566406 -1.9882909059524536 750.923828125 
v -209.8433837890625 -1.9882909059524536 750.923828125 
v -209.8433837890625 -1.9882681369781494 890.28515625 
v 312.0777893066406 -1.9882681369781494 890.28515625 
v 312.0777893066406 -1.9882909059524536 750.923828125 
v -209.8433837890625 -1.9883204698562622 569.4300537109375 
v 312.0777893066406 -1.9883204698562622 569.4300537109375 
v -209.8433837890625 -1.9883408546447754 444.1129455566406 
v 312.0777893066406 -1.9883408546447754 444.1129455566406 
v -209.8433837890625 -1.9883702993392944 263.6994934082031 
v 312.0777893066406 -1.9883702993392944 263.6994934082031 
v -209.8433837890625 -1.9883902072906494 141.62335205078125 
v 312.0777893066406 -1.9883902072906494 141.62335205078125 
v 537.8487548828125 -1.988370418548584 262.61920166015625 
v 537.8487548828125 -1.988390326499939 140.5430450439453 
v 312.0777893066406 -1.9884201288223267 -42.03104782104492 
v 537.8487548828125 -1.9884201288223267 -42.03104782104492 
v 312.0777893066406 -1.9884401559829712 -165.18753051757812 
v 537.8487548828125 -1.988439917564392 -164.10720825195312 
v 312.0777893066406 -1.9884694814682007 -345.6009826660156 
v 537.8487548828125 -1.9884697198867798 -346.6813049316406 
v -209.8433837890625 -1.9884694814682007 -345.6009826660156 
v -630.72509765625 -1.9883902072906494 141.62335205078125 
v 537.8487548828125 -1.9882910251617432 749.843505859375 
v 537.8487548828125 -1.9883205890655518 568.3497314453125 
v -214.02432250976562 -1.9885616302490234 -910.6083984375 
v -212.63067626953125 -1.9885188341140747 -648.090576171875 
v 310.68414306640625 -1.9885188341140747 -648.090576171875 
v 311.3809814453125 -1.9884893894195557 -467.6771545410156 
v -211.23703002929688 -1.9884893894195557 -467.6771545410156 
v -209.8433837890625 -1.9884401559829712 -165.18753051757812 
v -209.8433837890625 -1.9884201288223267 -42.03104782104492 
v 309.2904968261719 -1.9885616302490234 -910.6083984375 
v 537.8487548828125 -1.9885188341140747 -648.090576171875 
v 537.8487548828125 -1.9885616302490234 -910.6083984375 
v -305.3082580566406 -1.9883408546447754 444.1129455566406 
v -305.3082580566406 -1.9883204698562622 569.4300537109375 
v -305.3082580566406 -1.9885191917419434 -650.251220703125 
v -396.59222412109375 -1.9885616302490234 -910.6083984375 
v -627.937744140625 -1.9885616302490234 -910.6083984375 
v -856.49609375 -1.9885188341140747 -648.090576171875 
v -856.49609375 -1.9885616302490234 -910.6083984375 
v -305.3082580566406 -1.9885613918304443 -909.528076171875 
v -630.72509765625 -1.9884401559829712 -165.18753051757812 
v -856.49609375 -1.988439917564392 -164.10720825195312 
v -630.72509765625 -1.9884694814682007 -345.6009826660156 
v -856.49609375 -1.9884697198867798 -346.6813049316406 
v -630.0282592773438 -1.9884893894195557 -467.6771545410156 
v -856.49609375 -1.9884896278381348 -468.7574768066406 
v -629.3314208984375 -1.9885188341140747 -648.090576171875 
v -856.49609375 -1.9885188341140747 -648.090576171875 
v -630.72509765625 -1.9884694814682007 -345.6009826660156 
v -856.49609375 -1.9884697198867798 -346.6813049316406 
v -630.0282592773438 -1.9884893894195557 -467.6771545410156 
v -856.49609375 -1.9884896278381348 -468.7574768066406 
v -630.72509765625 -1.9884201288223267 -42.03104782104492 
v -856.49609375 -1.9884201288223267 -42.03104782104492 
v -630.72509765625 -1.9884401559829712 -165.18753051757812 
v -856.49609375 -1.988439917564392 -164.10720825195312 
v -400.77313232421875 -1.9883902072906494 141.62335205078125 
v -630.72509765625 -1.9883902072906494 141.62335205078125 
v -400.77313232421875 -1.9884201288223267 -42.03104782104492 
v -630.72509765625 -1.9884201288223267 -42.03104782104492 
v -630.72509765625 -1.9883902072906494 141.62335205078125 
v -856.49609375 -1.988390326499939 140.5430450439453 
v -630.72509765625 -1.9884201288223267 -42.03104782104492 
v -856.49609375 -1.9884201288223267 -42.03104782104492 
v -630.72509765625 -1.9883702993392944 263.6994934082031 
v -856.49609375 -1.988370418548584 262.61920166015625 
v -630.72509765625 -1.9883902072906494 141.62335205078125 
v -856.49609375 -1.988390326499939 140.5430450439453 
v -630.72509765625 -1.9883408546447754 444.1129455566406 
v -856.49609375 -1.9883407354354858 445.1932678222656 
v -630.72509765625 -1.9883702993392944 263.6994934082031 
v -856.49609375 -1.988370418548584 262.61920166015625 
v -630.72509765625 -1.9883204698562622 569.4300537109375 
v -856.49609375 -1.9883205890655518 568.3497314453125 
v -630.72509765625 -1.9883408546447754 444.1129455566406 
v -856.49609375 -1.9883407354354858 445.1932678222656 
v -856.49609375 -1.9883205890655518 568.3497314453125 
v -630.72509765625 -1.9883204698562622 569.4300537109375 
v -856.49609375 -1.9882910251617432 749.843505859375 
v -630.72509765625 -1.9882909059524536 750.923828125 
v -630.72509765625 -1.9882681369781494 890.28515625 
v -856.49609375 -1.9882681369781494 890.28515625 
v -630.72509765625 -1.9882909059524536 750.923828125 
v -856.49609375 -1.9882910251617432 749.843505859375 
v -305.3082580566406 464.61181640625 535.9400634765625 
v -404.25726318359375 464.61181640625 535.9400634765625 
v -305.3082580566406 464.6118469238281 719.594482421875 
v -404.25726318359375 464.6118469238281 724.99609375 
v -305.3082580566406 464.6118469238281 719.594482421875 
v -404.25726318359375 464.6118469238281 724.99609375 
v -305.3082580566406 464.61187744140625 890.2850341796875 
v -404.25726318359375 464.61187744140625 890.2850341796875 
v 538.5455932617188 361.54730224609375 -649.1709594726562 
v 538.5455932617188 231.5457763671875 -649.1709594726562 
v 537.8487548828125 231.5457763671875 -652.411865234375 
v 537.8487548828125 98.49919128417969 -652.411865234375 
v 537.8487548828125 364.5924072265625 -652.411865234375 
v 538.5455932617188 361.5473327636719 -466.5968933105469 
v 537.8487548828125 364.5924377441406 -462.2756042480469 
v 538.5455932617188 101.54430389404297 -466.5968322753906 
v 537.8487548828125 98.49922180175781 -462.2755432128906 
v 538.5455932617188 101.54427337646484 -649.1708984375 
v 540.6361083984375 231.5457763671875 -648.0906372070312 
v 540.6361083984375 102.94965362548828 -648.090576171875 
v 540.6361083984375 102.9496841430664 -468.7574768066406 
v 540.6361083984375 360.1419372558594 -468.7575378417969 
v 540.6361083984375 360.14190673828125 -648.0906372070312 
v 540.6361083984375 102.9497299194336 -164.1072235107422 
v 540.6361083984375 102.94970703125 -346.6813049316406 
v 553.875732421875 102.9497299194336 -164.1072235107422 
v 553.875732421875 102.94970703125 -346.6813049316406 
v 540.6361083984375 360.1419982910156 -164.10726928710938 
v 540.6361083984375 102.9497299194336 -164.1072235107422 
v 553.875732421875 360.1419982910156 -164.10726928710938 
v 553.875732421875 102.9497299194336 -164.1072235107422 
v 540.6361083984375 102.9498291015625 445.1932373046875 
v 540.6361083984375 102.9498062133789 262.6191711425781 
v 553.875732421875 102.9498291015625 445.1932373046875 
v 553.875732421875 102.9498062133789 262.6191711425781 
v 540.6361083984375 102.9498062133789 262.6191711425781 
v 540.6361083984375 360.1420593261719 262.619140625 
v 553.875732421875 102.9498062133789 262.6191711425781 
v 553.875732421875 360.1420593261719 262.619140625 
v 540.6361083984375 102.94978332519531 140.5430145263672 
v 540.6361083984375 102.94975280761719 -42.031063079833984 
v 553.875732421875 102.94978332519531 140.5430145263672 
v 553.875732421875 102.94975280761719 -42.031063079833984 
v 537.8487548828125 364.3583679199219 561.8677978515625 
v 537.8487548828125 98.2651138305664 561.8677978515625 
v 537.8487548828125 364.59259033203125 451.6751403808594 
v 537.8487548828125 98.4993667602539 451.6751708984375 
v 540.6361083984375 102.94965362548828 -648.090576171875 
v 540.6361083984375 231.5457763671875 -648.0906372070312 
v 553.875732421875 102.94965362548828 -648.090576171875 
v 553.875732421875 231.5457763671875 -648.0906372070312 
v 540.6361083984375 360.14190673828125 -648.0906372070312 
v 553.875732421875 360.14190673828125 -648.0906372070312 
v 537.8487548828125 98.49933624267578 256.13726806640625 
v 537.8487548828125 98.49932098388672 147.02493286132812 
v 537.8487548828125 -1.988370418548584 262.61920166015625 
v 537.8487548828125 -1.988390326499939 140.5430450439453 
v 537.8487548828125 98.49919128417969 -652.411865234375 
v 537.8487548828125 109.50827026367188 -910.6083984375 
v 537.8487548828125 -1.9885188341140747 -648.090576171875 
v 537.8487548828125 -1.9885616302490234 -910.6083984375 
v 537.8487548828125 98.499267578125 -156.54498291015625 
v 537.8487548828125 98.4992904663086 -48.51298141479492 
v 537.8487548828125 364.59246826171875 -156.54502868652344 
v 537.8487548828125 364.5924987792969 -48.513023376464844 
v 537.8487548828125 462.9720153808594 -163.02696228027344 
v 537.8487548828125 462.9720458984375 -43.11144256591797 
v 537.8487548828125 364.592529296875 147.02488708496094 
v 537.8487548828125 462.97198486328125 -347.7616882324219 
v 537.8487548828125 364.5924377441406 -354.24359130859375 
v 537.8487548828125 462.9719543457031 -467.6772155761719 
v 537.8487548828125 364.5924377441406 -462.2756042480469 
v 537.8487548828125 462.971923828125 -649.1709594726562 
v 537.8487548828125 364.5924072265625 -652.411865234375 
v 537.8487548828125 462.2691955566406 -910.6084594726562 
v 537.8487548828125 360.1418762207031 -910.6083984375 
v 537.8487548828125 98.49923706054688 -354.2435302734375 
v 537.8487548828125 98.49922180175781 -462.2755432128906 
v 537.8487548828125 462.9720764160156 141.62327575683594 
v 537.8487548828125 364.592529296875 256.13720703125 
v 537.8487548828125 98.49933624267578 256.13726806640625 
v 537.8487548828125 98.49932098388672 147.02493286132812 
v 537.8487548828125 462.9720764160156 261.538818359375 
v 537.8487548828125 109.50827026367188 -910.6083984375 
v 537.8487548828125 206.013916015625 -910.6083984375 
v 537.8487548828125 98.49919128417969 -652.411865234375 
v 537.8487548828125 231.5457763671875 -652.411865234375 
v 540.6361083984375 360.14208984375 445.1932067871094 
v 540.6361083984375 102.9498291015625 445.1932373046875 
v 553.875732421875 360.14208984375 445.1932067871094 
v 553.875732421875 102.9498291015625 445.1932373046875 
v 540.6361083984375 360.1419677734375 -346.68133544921875 
v 540.6361083984375 360.1419982910156 -164.10726928710938 
v 553.875732421875 360.1419677734375 -346.68133544921875 
v 553.875732421875 360.1419982910156 -164.10726928710938 
v 540.6361083984375 360.1419982910156 -42.031105041503906 
v 540.6361083984375 360.14202880859375 140.54298400878906 
v 553.875732421875 360.1419982910156 -42.031105041503906 
v 553.875732421875 360.14202880859375 140.54298400878906 
v 540.6361083984375 360.1420593261719 262.619140625 
v 540.6361083984375 360.14208984375 445.1932067871094 
v 553.875732421875 360.1420593261719 262.619140625 
v 553.875732421875 360.14208984375 445.1932067871094 
v 540.6361083984375 360.14190673828125 -648.0906372070312 
v 540.6361083984375 360.1419372558594 -468.7575378417969 
v 553.875732421875 360.14190673828125 -648.0906372070312 
v 553.875732421875 360.1419372558594 -468.7575378417969 
v 540.6361083984375 360.1419372558594 -468.7575378417969 
v 540.6361083984375 102.9496841430664 -468.7574768066406 
v 553.875732421875 360.1419372558594 -468.7575378417969 
v 553.875732421875 102.9496841430664 -468.7574768066406 
v 540.6361083984375 102.94975280761719 -42.031063079833984 
v 540.6361083984375 360.1419982910156 -42.031105041503906 
v 553.875732421875 102.94975280761719 -42.031063079833984 
v 553.875732421875 360.1419982910156 -42.031105041503906 
v 540.6361083984375 360.14202880859375 140.54298400878906 
v 540.6361083984375 102.94978332519531 140.5430145263672 
v 553.875732421875 360.14202880859375 140.54298400878906 
v 553.875732421875 102.94978332519531 140.5430145263672 
v 537.8487548828125 98.49923706054688 -354.2435302734375 
v 537.8487548828125 -1.9884697198867798 -346.6813049316406 
v 537.8487548828125 98.49922180175781 -462.2755432128906 
v 537.8487548828125 -1.9884896278381348 -468.7574768066406 
v 540.6361083984375 102.94970703125 -346.6813049316406 
v 540.6361083984375 360.1419677734375 -346.68133544921875 
v 553.875732421875 102.94970703125 -346.6813049316406 
v 553.875732421875 360.1419677734375 -346.68133544921875 
v 537.8487548828125 364.592529296875 256.13720703125 
v 537.8487548828125 462.9720764160156 261.538818359375 
v 537.8487548828125 364.59259033203125 451.6751403808594 
v 537.8487548828125 462.97210693359375 446.27349853515625 
v 537.8487548828125 98.4992904663086 -48.51298141479492 
v 537.8487548828125 -1.9884201288223267 -42.03104782104492 
v 537.8487548828125 98.499267578125 -156.54498291015625 
v 537.8487548828125 -1.988439917564392 -164.10720825195312 
v 540.6361083984375 102.71566009521484 749.843505859375 
v 540.6361083984375 102.71562957763672 568.3497314453125 
v 553.875732421875 102.71566009521484 749.843505859375 
v 553.875732421875 102.71562957763672 568.3497314453125 
v 537.8487548828125 92.17500305175781 890.2850952148438 
v 537.8487548828125 -1.9882681369781494 890.28515625 
v 537.8487548828125 98.26515197753906 754.164794921875 
v 537.8487548828125 -1.9882910251617432 749.843505859375 
v 540.6361083984375 359.9078674316406 568.3497314453125 
v 540.6361083984375 359.90789794921875 749.8434448242188 
v 553.875732421875 359.9078674316406 568.3497314453125 
v 553.875732421875 359.90789794921875 749.8434448242188 
v 540.6361083984375 359.90789794921875 749.8434448242188 
v 540.6361083984375 102.71566009521484 749.843505859375 
v 553.875732421875 359.90789794921875 749.8434448242188 
v 553.875732421875 102.71566009521484 749.843505859375 
v 540.6361083984375 102.71562957763672 568.3497314453125 
v 540.6361083984375 359.9078674316406 568.3497314453125 
v 553.875732421875 102.71562957763672 568.3497314453125 
v 553.875732421875 359.9078674316406 568.3497314453125 
v 537.8487548828125 98.2651138305664 561.8677978515625 
v 537.8487548828125 -1.9883205890655518 568.3497314453125 
v 537.8487548828125 98.4993667602539 451.6751708984375 
v 537.8487548828125 -1.9883407354354858 445.1932678222656 
v 537.8487548828125 359.90789794921875 890.2850952148438 
v 537.8487548828125 92.17500305175781 890.2850952148438 
v 537.8487548828125 364.3583984375 754.1647338867188 
v 537.8487548828125 98.26515197753906 754.164794921875 
v 537.8487548828125 461.8009948730469 890.2850341796875 
v 537.8487548828125 359.90789794921875 890.2850952148438 
v 537.8487548828125 462.7379455566406 749.8434448242188 
v 537.8487548828125 364.3583984375 754.1647338867188 
v 537.8487548828125 364.3583679199219 561.8677978515625 
v 537.8487548828125 462.7379150390625 566.1890258789062 
v 537.8487548828125 364.3583984375 754.1647338867188 
v 537.8487548828125 462.7379455566406 749.8434448242188 
v 538.5455932617188 361.54736328125 -348.84197998046875 
v 538.5455932617188 101.54431915283203 -348.8419494628906 
v 537.8487548828125 98.49923706054688 -354.2435302734375 
v 537.8487548828125 98.499267578125 -156.54498291015625 
v 538.5455932617188 101.54434967041016 -161.9465789794922 
v 537.8487548828125 364.59246826171875 -156.54502868652344 
v 538.5455932617188 361.5473937988281 -161.94662475585938 
v 537.8487548828125 364.5924377441406 -354.24359130859375 
v 540.6361083984375 102.94970703125 -346.6813049316406 
v 540.6361083984375 102.9497299194336 -164.1072235107422 
v 540.6361083984375 360.1419982910156 -164.10726928710938 
v 540.6361083984375 360.1419677734375 -346.68133544921875 
v 538.5455932617188 361.54742431640625 -44.19174575805664 
v 538.5455932617188 101.54437255859375 -44.19170379638672 
v 537.8487548828125 98.4992904663086 -48.51298141479492 
v 537.8487548828125 98.49932098388672 147.02493286132812 
v 538.5455932617188 101.54440307617188 142.7036590576172 
v 537.8487548828125 364.592529296875 147.02488708496094 
v 538.5455932617188 361.5474548339844 142.70361328125 
v 537.8487548828125 364.5924987792969 -48.513023376464844 
v 540.6361083984375 102.94975280761719 -42.031063079833984 
v 540.6361083984375 102.94978332519531 140.5430145263672 
v 540.6361083984375 360.14202880859375 140.54298400878906 
v 540.6361083984375 360.1419982910156 -42.031105041503906 
v 538.5455932617188 361.5474548339844 260.45849609375 
v 538.5455932617188 101.54441833496094 260.45855712890625 
v 537.8487548828125 98.49933624267578 256.13726806640625 
v 537.8487548828125 98.4993667602539 451.6751708984375 
v 538.5455932617188 101.54444885253906 447.3538818359375 
v 537.8487548828125 364.59259033203125 451.6751403808594 
v 538.5455932617188 361.5474853515625 447.3538513183594 
v 537.8487548828125 364.592529296875 256.13720703125 
v 540.6361083984375 102.9498062133789 262.6191711425781 
v 540.6361083984375 102.9498291015625 445.1932373046875 
v 540.6361083984375 360.14208984375 445.1932067871094 
v 540.6361083984375 360.1420593261719 262.619140625 
v 539.242431640625 361.07904052734375 565.1087646484375 
v 539.242431640625 101.3102035522461 565.1087646484375 
v 537.8487548828125 98.2651138305664 561.8677978515625 
v 537.8487548828125 98.26515197753906 754.164794921875 
v 539.242431640625 101.31022644042969 750.923828125 
v 537.8487548828125 364.3583984375 754.1647338867188 
v 539.242431640625 361.0790710449219 750.9237670898438 
v 537.8487548828125 364.3583679199219 561.8677978515625 
v 540.6361083984375 102.71562957763672 568.3497314453125 
v 540.6361083984375 102.71566009521484 749.843505859375 
v 540.6361083984375 359.90789794921875 749.8434448242188 
v 540.6361083984375 359.9078674316406 568.3497314453125 
v 540.6361083984375 102.9496841430664 -468.7574768066406 
v 540.6361083984375 102.94965362548828 -648.090576171875 
v 553.875732421875 102.9496841430664 -468.7574768066406 
v 553.875732421875 102.94965362548828 -648.090576171875 
v 537.8487548828125 462.7379150390625 566.1890258789062 
v 537.8487548828125 364.3583679199219 561.8677978515625 
v 537.8487548828125 462.97210693359375 446.27349853515625 
v 537.8487548828125 364.59259033203125 451.6751403808594 
v -211.93385314941406 359.67340087890625 -910.6083984375 
v 309.9873352050781 369.97979736328125 -910.6084594726562 
v -214.02432250976562 206.48240661621094 -910.6083984375 
v 309.2904968261719 227.0952606201172 -910.6083984375 
v 309.9873352050781 464.61187744140625 890.2850341796875 
v 537.8487548828125 461.8009948730469 890.2850341796875 
v 309.9873352050781 464.6118469238281 743.3615112304688 
v 537.8487548828125 462.7379455566406 749.8434448242188 
v -207.0560760498047 464.61163330078125 -459.0346374511719 
v -207.0560760498047 464.6116027832031 -665.3757934570312 
v -305.3082580566406 464.61163330078125 -459.0346374511719 
v -305.3082580566406 464.6116027832031 -665.3757934570312 
v -305.3082580566406 464.6116943359375 -64.71784210205078 
v -207.0560760498047 464.6116943359375 -64.71784210205078 
v -305.3082580566406 464.6116943359375 -158.7056884765625 
v -207.0560760498047 464.6116943359375 -158.7056884765625 
v -305.3082580566406 464.61175537109375 235.61111450195312 
v -207.0560760498047 464.61175537109375 235.61111450195312 
v -305.3082580566406 464.61175537109375 141.62327575683594 
v -207.0560760498047 464.61175537109375 141.62327575683594 
v -305.3082580566406 464.61181640625 535.9400634765625 
v -207.0560760498047 464.61181640625 535.9400634765625 
v -305.3082580566406 464.6117858886719 441.95220947265625 
v -207.0560760498047 464.6117858886719 441.95220947265625 
v 537.8487548828125 92.17500305175781 890.2850952148438 
v 537.8487548828125 359.90789794921875 890.2850952148438 
v 312.0777893066406 83.27403259277344 890.2850952148438 
v 310.68414306640625 357.5655517578125 890.2850952148438 
v 309.9873352050781 464.61181640625 535.9400634765625 
v 537.8487548828125 462.7379150390625 566.1890258789062 
v 309.9873352050781 464.6117858886719 441.95220947265625 
v 537.8487548828125 462.97210693359375 446.27349853515625 
v 309.9873352050781 464.61175537109375 235.61111450195312 
v 537.8487548828125 462.9720764160156 261.538818359375 
v 309.9873352050781 464.61175537109375 141.62327575683594 
v 537.8487548828125 462.9720764160156 141.62327575683594 
v -207.0560760498047 464.61175537109375 235.61111450195312 
v 309.9873352050781 464.61175537109375 235.61111450195312 
v -207.0560760498047 464.61175537109375 141.62327575683594 
v 309.9873352050781 464.61175537109375 141.62327575683594 
v 309.9873352050781 464.6116943359375 -64.71784210205078 
v 537.8487548828125 462.9720458984375 -43.11144256591797 
v 309.9873352050781 464.6116943359375 -158.7056884765625 
v 537.8487548828125 462.9720153808594 -163.02696228027344 
v -207.0560760498047 464.6116943359375 -64.71784210205078 
v 309.9873352050781 464.6116943359375 -64.71784210205078 
v -207.0560760498047 464.6116943359375 -158.7056884765625 
v 309.9873352050781 464.6116943359375 -158.7056884765625 
v 309.9873352050781 464.6116638183594 -365.0467834472656 
v 537.8487548828125 462.97198486328125 -347.7616882324219 
v 309.9873352050781 464.61163330078125 -459.0346374511719 
v 537.8487548828125 462.9719543457031 -467.6772155761719 
v -207.0560760498047 464.6116638183594 -365.0467834472656 
v 309.9873352050781 464.6116638183594 -365.0467834472656 
v -207.0560760498047 464.61163330078125 -459.0346374511719 
v 309.9873352050781 464.61163330078125 -459.0346374511719 
v 309.9873352050781 464.6116027832031 -665.3757934570312 
v 537.8487548828125 462.971923828125 -649.1709594726562 
v 309.9873352050781 464.611572265625 -910.6084594726562 
v 537.8487548828125 462.2691955566406 -910.6084594726562 
v 537.8487548828125 462.9720153808594 -163.02696228027344 
v 537.8487548828125 462.97198486328125 -347.7616882324219 
v 309.9873352050781 464.6116943359375 -158.7056884765625 
v 309.9873352050781 464.6116638183594 -365.0467834472656 
v 537.8487548828125 462.9719543457031 -467.6772155761719 
v 537.8487548828125 462.971923828125 -649.1709594726562 
v 309.9873352050781 464.61163330078125 -459.0346374511719 
v 309.9873352050781 464.6116027832031 -665.3757934570312 
v 309.9873352050781 464.61163330078125 -459.0346374511719 
v 309.9873352050781 464.6116027832031 -665.3757934570312 
v -207.0560760498047 464.61163330078125 -459.0346374511719 
v -207.0560760498047 464.6116027832031 -665.3757934570312 
v 537.8487548828125 462.97210693359375 446.27349853515625 
v 537.8487548828125 462.9720764160156 261.538818359375 
v 309.9873352050781 464.6117858886719 441.95220947265625 
v 309.9873352050781 464.61175537109375 235.61111450195312 
v 309.9873352050781 464.6117858886719 441.95220947265625 
v 309.9873352050781 464.61175537109375 235.61111450195312 
v -207.0560760498047 464.6117858886719 441.95220947265625 
v -207.0560760498047 464.61175537109375 235.61111450195312 
v 537.8487548828125 462.9720764160156 141.62327575683594 
v 537.8487548828125 462.9720458984375 -43.11144256591797 
v 309.9873352050781 464.61175537109375 141.62327575683594 
v 309.9873352050781 464.6116943359375 -64.71784210205078 
v 309.9873352050781 464.61175537109375 141.62327575683594 
v 309.9873352050781 464.6116943359375 -64.71784210205078 
v -207.0560760498047 464.61175537109375 141.62327575683594 
v -207.0560760498047 464.6116943359375 -64.71784210205078 
v 309.9873352050781 464.61181640625 535.9400634765625 
v 309.9873352050781 464.6118469238281 743.3615112304688 
v 537.8487548828125 462.7379150390625 566.1890258789062 
v 537.8487548828125 462.7379455566406 749.8434448242188 
v 537.8487548828125 206.013916015625 -910.6083984375 
v 537.8487548828125 360.1418762207031 -910.6083984375 
v 537.8487548828125 231.5457763671875 -652.411865234375 
v 537.8487548828125 364.5924072265625 -652.411865234375 
v 537.8487548828125 -1.9883205890655518 568.3497314453125 
v 537.8487548828125 98.2651138305664 561.8677978515625 
v 537.8487548828125 -1.9882910251617432 749.843505859375 
v 537.8487548828125 98.26515197753906 754.164794921875 
v 312.0777893066406 -1.9882681369781494 890.28515625 
v 537.8487548828125 -1.9882681369781494 890.28515625 
v 312.0777893066406 83.27403259277344 890.2850952148438 
v 537.8487548828125 92.17500305175781 890.2850952148438 
v 537.8487548828125 -1.9885188341140747 -648.090576171875 
v 537.8487548828125 98.49919128417969 -652.411865234375 
v 537.8487548828125 -1.9884896278381348 -468.7574768066406 
v 537.8487548828125 98.49922180175781 -462.2755432128906 
v 537.8487548828125 -1.9884697198867798 -346.6813049316406 
v 537.8487548828125 98.49923706054688 -354.2435302734375 
v 537.8487548828125 -1.988439917564392 -164.10720825195312 
v 537.8487548828125 98.499267578125 -156.54498291015625 
v 537.8487548828125 -1.9884201288223267 -42.03104782104492 
v 537.8487548828125 98.4992904663086 -48.51298141479492 
v 537.8487548828125 -1.988390326499939 140.5430450439453 
v 537.8487548828125 98.49932098388672 147.02493286132812 
v 537.8487548828125 -1.988370418548584 262.61920166015625 
v 537.8487548828125 98.49933624267578 256.13726806640625 
v 537.8487548828125 -1.9883407354354858 445.1932678222656 
v 537.8487548828125 98.4993667602539 451.6751708984375 
v 537.8487548828125 359.90789794921875 890.2850952148438 
v 537.8487548828125 461.8009948730469 890.2850341796875 
v 310.68414306640625 357.5655517578125 890.2850952148438 
v 309.9873352050781 464.61187744140625 890.2850341796875 
v -212.63067626953125 -1.9885188341140747 -648.090576171875 
v -305.3082580566406 -1.9885191917419434 -650.251220703125 
v -214.02432250976562 -1.9885616302490234 -910.6083984375 
v -305.3082580566406 -1.9885613918304443 -909.528076171875 
v 537.8487548828125 -1.9885188341140747 -648.090576171875 
v 537.8487548828125 -1.9884896278381348 -468.7574768066406 
v 310.68414306640625 -1.9885188341140747 -648.090576171875 
v 311.3809814453125 -1.9884893894195557 -467.6771545410156 
v -211.23703002929688 -1.9884893894195557 -467.6771545410156 
v -305.3082580566406 -1.9884896278381348 -468.7574768066406 
v -212.63067626953125 -1.9885188341140747 -648.090576171875 
v -305.3082580566406 -1.9885191917419434 -650.251220703125 
v -209.8433837890625 -1.9884694814682007 -345.6009826660156 
v -305.3082580566406 -1.9884694814682007 -345.6009826660156 
v -211.23703002929688 -1.9884893894195557 -467.6771545410156 
v -305.3082580566406 -1.9884896278381348 -468.7574768066406 
v 537.8487548828125 -1.9884896278381348 -468.7574768066406 
v 537.8487548828125 -1.9884697198867798 -346.6813049316406 
v 311.3809814453125 -1.9884893894195557 -467.6771545410156 
v 312.0777893066406 -1.9884694814682007 -345.6009826660156 
v -209.8433837890625 -1.9883902072906494 141.62335205078125 
v -305.3082580566406 -1.9883902072906494 141.62335205078125 
v -209.8433837890625 -1.9884201288223267 -42.03104782104492 
v -305.3082580566406 -1.9884201288223267 -42.03104782104492 
v 537.8487548828125 -1.988370418548584 262.61920166015625 
v 537.8487548828125 -1.9883407354354858 445.1932678222656 
v 312.0777893066406 -1.9883702993392944 263.6994934082031 
v 312.0777893066406 -1.9883408546447754 444.1129455566406 
v 537.8487548828125 -1.9883407354354858 445.1932678222656 
v 537.8487548828125 -1.9883205890655518 568.3497314453125 
v 312.0777893066406 -1.9883408546447754 444.1129455566406 
v 312.0777893066406 -1.9883204698562622 569.4300537109375 
v 537.8487548828125 -1.9882910251617432 749.843505859375 
v 537.8487548828125 -1.9882681369781494 890.28515625 
v 312.0777893066406 -1.9882909059524536 750.923828125 
v 312.0777893066406 -1.9882681369781494 890.28515625 
v -207.0560760498047 464.6118469238281 724.99609375 
v -207.0560760498047 464.61181640625 535.9400634765625 
v -305.3082580566406 464.6118469238281 719.594482421875 
v -305.3082580566406 464.61181640625 535.9400634765625 
v -207.0560760498047 464.61187744140625 890.2850341796875 
v -207.0560760498047 464.6118469238281 724.99609375 
v -305.3082580566406 464.61187744140625 890.2850341796875 
v -305.3082580566406 464.6118469238281 719.594482421875 
v -209.14654541015625 464.611572265625 -910.6084594726562 
v 309.9873352050781 464.611572265625 -910.6084594726562 
v -211.93385314941406 359.67340087890625 -910.6083984375 
v 309.9873352050781 369.97979736328125 -910.6084594726562 
v -856.49609375 360.1418762207031 -910.6083984375 
v -856.49609375 462.2691955566406 -910.6084594726562 
v -628.6346435546875 369.97979736328125 -910.6084594726562 
v -628.6346435546875 464.611572265625 -910.6084594726562 
v -399.3795166015625 359.67340087890625 -910.6083984375 
v -402.1667785644531 464.611572265625 -910.6084594726562 
v -305.3082580566406 359.67340087890625 -910.6083984375 
v -305.3082580566406 464.611572265625 -910.6084594726562 
v -628.6346435546875 369.97979736328125 -910.6084594726562 
v -628.6346435546875 464.611572265625 -910.6084594726562 
v -399.3795166015625 359.67340087890625 -910.6083984375 
v -402.1667785644531 464.611572265625 -910.6084594726562 
v -396.59222412109375 -1.9885668754577637 -943.0179443359375 
v -396.59222412109375 104.58930969238281 -943.0179443359375 
v -396.59222412109375 -1.988572120666504 -975.427490234375 
v -396.59222412109375 104.58930206298828 -975.4275512695312 
v -395.19854736328125 474.9179992675781 -881.4397583007812 
v -395.19854736328125 207.653564453125 -881.439697265625 
v -479.5142517089844 474.9179992675781 -881.4397583007812 
v -479.5142517089844 207.653564453125 -881.439697265625 
v -395.19854736328125 -4.565146446228027 -881.439697265625 
v -479.5142517089844 -4.565146446228027 -881.439697265625 
v -128.31497192382812 474.9179992675781 -909.5281372070312 
v -128.31497192382812 207.653564453125 -909.528076171875 
v -128.31497192382812 474.9179992675781 -881.4397583007812 
v -128.31497192382812 207.653564453125 -881.439697265625 
v -128.31497192382812 -4.565151214599609 -909.528076171875 
v -128.31497192382812 -4.565146446228027 -881.439697265625 
v -479.5142517089844 -4.565151214599609 -909.528076171875 
v -479.5142517089844 207.653564453125 -909.528076171875 
v -479.5142517089844 -4.565146446228027 -881.439697265625 
v -479.5142517089844 207.653564453125 -881.439697265625 
v -479.5142517089844 474.9179992675781 -909.5281372070312 
v -479.5142517089844 474.9179992675781 -881.4397583007812 
v -211.93385314941406 474.9179992675781 -881.4397583007812 
v -212.63067626953125 207.653564453125 -881.439697265625 
v -128.31497192382812 474.9179992675781 -881.4397583007812 
v -128.31497192382812 207.653564453125 -881.439697265625 
v -212.63067626953125 -4.565146446228027 -881.439697265625 
v -128.31497192382812 -4.565146446228027 -881.439697265625 
v -395.19854736328125 207.653564453125 -881.439697265625 
v -395.19854736328125 474.9179992675781 -881.4397583007812 
v -212.63067626953125 207.653564453125 -881.439697265625 
v -211.93385314941406 474.9179992675781 -881.4397583007812 
v -395.19854736328125 -4.565146446228027 -881.439697265625 
v -395.19854736328125 207.653564453125 -881.439697265625 
v -395.19854736328125 -4.565151214599609 -911.688720703125 
v -395.19854736328125 207.653564453125 -911.688720703125 
v -395.19854736328125 207.653564453125 -911.688720703125 
v -395.19854736328125 207.653564453125 -881.439697265625 
v -212.63067626953125 207.653564453125 -911.688720703125 
v -212.63067626953125 207.653564453125 -881.439697265625 
v -212.63067626953125 207.653564453125 -911.688720703125 
v -212.63067626953125 207.653564453125 -881.439697265625 
v -212.63067626953125 -4.565151214599609 -909.528076171875 
v -212.63067626953125 -4.565146446228027 -881.439697265625 
v -661.3853149414062 327.5829162597656 -975.4275512695312 
v -661.3853149414062 327.5828552246094 -1321.1300048828125 
v -661.3853149414062 206.48239135742188 -975.4275512695312 
v -661.3853149414062 206.48233032226562 -1321.1300048828125 
v -661.3853149414062 104.58924102783203 -1321.1300048828125 
v -661.3853149414062 104.58930206298828 -975.4275512695312 
v -396.59222412109375 -1.9886285066604614 -1321.1300048828125 
v -303.91461181640625 -1.9886285066604614 -1321.1300048828125 
v -396.59222412109375 104.58924102783203 -1321.1300048828125 
v -303.91461181640625 104.58924102783203 -1321.1300048828125 
v -211.93385314941406 -1.9886285066604614 -1321.1300048828125 
v -211.93385314941406 104.58924102783203 -1321.1300048828125 
v 92.5782470703125 -1.9886285066604614 -1321.1300048828125 
v 92.5782470703125 104.58924102783203 -1321.1300048828125 
v -211.93385314941406 206.48233032226562 -1321.1300048828125 
v 92.5782470703125 206.48233032226562 -1321.1300048828125 
v 92.5782470703125 327.5828552246094 -1321.1300048828125 
v -211.93385314941406 327.5828552246094 -1321.1300048828125 
v -303.91461181640625 206.48233032226562 -1321.1300048828125 
v -303.91461181640625 327.5828552246094 -1321.1300048828125 
v -396.59222412109375 206.48233032226562 -1321.1300048828125 
v -396.59222412109375 327.5828552246094 -1321.1300048828125 
v -661.3853149414062 206.48233032226562 -1321.1300048828125 
v -661.3853149414062 327.5828552246094 -1321.1300048828125 
v -661.3853149414062 104.58924102783203 -1321.1300048828125 
v -212.63067626953125 206.48239135742188 -943.0180053710938 
v -212.63067626953125 105.76046752929688 -943.0179443359375 
v -211.93385314941406 206.48239135742188 -975.4275512695312 
v -211.93385314941406 104.58930206298828 -975.4275512695312 
v 92.5782470703125 -1.988572120666504 -975.427490234375 
v 92.5782470703125 -1.9886285066604614 -1321.1300048828125 
v 92.5782470703125 104.58930206298828 -975.4275512695312 
v 92.5782470703125 104.58924102783203 -1321.1300048828125 
v 92.5782470703125 206.48239135742188 -975.4275512695312 
v 92.5782470703125 206.48233032226562 -1321.1300048828125 
v 92.5782470703125 327.5829162597656 -975.4275512695312 
v 92.5782470703125 327.5828552246094 -1321.1300048828125 
v -396.59222412109375 -1.988572120666504 -975.427490234375 
v -396.59222412109375 104.58930206298828 -975.4275512695312 
v -661.3853149414062 -1.988572120666504 -975.427490234375 
v -661.3853149414062 104.58930206298828 -975.4275512695312 
v -211.93385314941406 -1.988572120666504 -975.427490234375 
v 92.5782470703125 -1.988572120666504 -975.427490234375 
v -211.93385314941406 104.58930206298828 -975.4275512695312 
v 92.5782470703125 104.58930206298828 -975.4275512695312 
v -211.93385314941406 206.48239135742188 -975.4275512695312 
v 92.5782470703125 206.48239135742188 -975.4275512695312 
v -211.93385314941406 327.5829162597656 -975.4275512695312 
v 92.5782470703125 327.5829162597656 -975.4275512695312 
v -303.91461181640625 327.5829162597656 -975.4275512695312 
v -303.91461181640625 206.48239135742188 -975.4275512695312 
v -396.59222412109375 327.5829162597656 -975.4275512695312 
v -396.59222412109375 206.48239135742188 -975.4275512695312 
v -396.59222412109375 104.58930969238281 -943.0179443359375 
v -396.59222412109375 104.58930206298828 -975.4275512695312 
v -396.59222412109375 206.48239135742188 -943.0180053710938 
v -396.59222412109375 206.48239135742188 -975.4275512695312 
v -661.3853149414062 -1.988572120666504 -975.427490234375 
v -661.3853149414062 -1.9886285066604614 -1321.1300048828125 
v -661.3853149414062 104.58930206298828 -975.4275512695312 
v -661.3853149414062 104.58924102783203 -1321.1300048828125 
v -396.59222412109375 206.48239135742188 -943.0180053710938 
v -396.59222412109375 206.48239135742188 -975.4275512695312 
v -304.6114501953125 206.48239135742188 -943.0180053710938 
v -303.91461181640625 206.48239135742188 -975.4275512695312 
v -396.59222412109375 104.58930206298828 -975.4275512695312 
v -661.3853149414062 104.58930206298828 -975.4275512695312 
v -396.59222412109375 206.48239135742188 -975.4275512695312 
v -661.3853149414062 206.48239135742188 -975.4275512695312 
v -661.3853149414062 327.5829162597656 -975.4275512695312 
v -396.59222412109375 327.5829162597656 -975.4275512695312 
v -396.59222412109375 104.58924102783203 -1321.1300048828125 
v -396.59222412109375 -1.9886285066604614 -1321.1300048828125 
v -661.3853149414062 104.58924102783203 -1321.1300048828125 
v -661.3853149414062 -1.9886285066604614 -1321.1300048828125 
v -212.63067626953125 105.76046752929688 -943.0179443359375 
v -212.63067626953125 -1.9885668754577637 -943.0179443359375 
v -211.93385314941406 104.58930206298828 -975.4275512695312 
v -211.93385314941406 -1.988572120666504 -975.427490234375 
v -396.59222412109375 -1.988572120666504 -975.427490234375 
v -661.3853149414062 -1.988572120666504 -975.427490234375 
v -396.59222412109375 -1.9886285066604614 -1321.1300048828125 
v -661.3853149414062 -1.9886285066604614 -1321.1300048828125 
v -211.93385314941406 -1.988572120666504 -975.427490234375 
v -212.63067626953125 -1.9885668754577637 -943.0179443359375 
v -301.1273193359375 -1.988570213317871 -963.5439453125 
v -303.2178039550781 -1.9885658025741577 -936.5360107421875 
v -396.59222412109375 -1.988572120666504 -975.427490234375 
v -396.59222412109375 -1.9885668754577637 -943.0179443359375 
v -305.3082580566406 -1.9885613918304443 -909.528076171875 
v -396.59222412109375 -1.9885616302490234 -910.6083984375 
v -303.91461181640625 -1.9886285066604614 -1321.1300048828125 
v -396.59222412109375 -1.9886285066604614 -1321.1300048828125 
v -301.1273193359375 -1.988570213317871 -963.5439453125 
v -396.59222412109375 -1.988572120666504 -975.427490234375 
v -661.3853149414062 327.5828552246094 -1321.1300048828125 
v -396.59222412109375 327.5828552246094 -1321.1300048828125 
v -661.3853149414062 327.5829162597656 -975.4275512695312 
v -396.59222412109375 327.5829162597656 -975.4275512695312 
v -303.91461181640625 327.5829162597656 -975.4275512695312 
v -303.91461181640625 327.5828552246094 -1321.1300048828125 
v -211.93385314941406 327.5829162597656 -975.4275512695312 
v -211.93385314941406 327.5828552246094 -1321.1300048828125 
v 92.5782470703125 327.5828552246094 -1321.1300048828125 
v 92.5782470703125 327.5829162597656 -975.4275512695312 
v -211.93385314941406 -1.9886285066604614 -1321.1300048828125 
v -211.93385314941406 -1.988572120666504 -975.427490234375 
v -303.91461181640625 -1.9886285066604614 -1321.1300048828125 
v -301.1273193359375 -1.988570213317871 -963.5439453125 
v 92.5782470703125 -1.988572120666504 -975.427490234375 
v -211.93385314941406 -1.988572120666504 -975.427490234375 
v 92.5782470703125 -1.9886285066604614 -1321.1300048828125 
v -211.93385314941406 -1.9886285066604614 -1321.1300048828125 
v -304.6114501953125 206.48239135742188 -943.0180053710938 
v -212.63067626953125 206.48239135742188 -943.0180053710938 
v -303.91461181640625 206.48239135742188 -975.4275512695312 
v -211.93385314941406 206.48239135742188 -975.4275512695312 
v -305.3082580566406 206.48240661621094 -910.6083984375 
v -214.02432250976562 206.48240661621094 -910.6083984375 
v -304.6114501953125 206.48239135742188 -943.0180053710938 
v -212.63067626953125 206.48239135742188 -943.0180053710938 
v -212.63067626953125 -1.9885668754577637 -943.0179443359375 
v -214.02432250976562 -1.9885616302490234 -910.6083984375 
v -303.2178039550781 -1.9885658025741577 -936.5360107421875 
v -305.3082580566406 -1.9885613918304443 -909.528076171875 
v -214.02432250976562 107.16590118408203 -910.6083984375 
v -214.02432250976562 -1.9885616302490234 -910.6083984375 
v -212.63067626953125 105.76046752929688 -943.0179443359375 
v -212.63067626953125 -1.9885668754577637 -943.0179443359375 
v -396.59222412109375 206.48240661621094 -910.6083984375 
v -305.3082580566406 206.48240661621094 -910.6083984375 
v -396.59222412109375 206.48239135742188 -943.0180053710938 
v -304.6114501953125 206.48239135742188 -943.0180053710938 
v -396.59222412109375 107.16590118408203 -910.6083984375 
v -396.59222412109375 206.48240661621094 -910.6083984375 
v -396.59222412109375 104.58930969238281 -943.0179443359375 
v -396.59222412109375 206.48239135742188 -943.0180053710938 
v -214.02432250976562 206.48240661621094 -910.6083984375 
v -214.02432250976562 107.16590118408203 -910.6083984375 
v -212.63067626953125 206.48239135742188 -943.0180053710938 
v -212.63067626953125 105.76046752929688 -943.0179443359375 
v -396.59222412109375 -1.9885616302490234 -910.6083984375 
v -396.59222412109375 107.16590118408203 -910.6083984375 
v -396.59222412109375 -1.9885668754577637 -943.0179443359375 
v -396.59222412109375 104.58930969238281 -943.0179443359375 
v -207.75289916992188 362.01605224609375 890.2850952148438 
v 310.68414306640625 357.5655517578125 890.2850952148438 
v -207.0560760498047 464.61187744140625 890.2850341796875 
v 309.9873352050781 464.61187744140625 890.2850341796875 
v -207.0560760498047 464.61187744140625 890.2850341796875 
v -305.3082580566406 464.61187744140625 890.2850341796875 
v -207.75289916992188 362.01605224609375 890.2850952148438 
v -305.3082580566406 362.01605224609375 890.2850952148438 
v -209.14654541015625 92.87772369384766 890.2850952148438 
v -305.3082580566406 92.87772369384766 890.2850952148438 
v -401.469970703125 92.87772369384766 890.2850952148438 
v -400.77313232421875 -1.9882681369781494 890.28515625 
v -305.3082580566406 -1.9882681369781494 890.28515625 
v -403.5604553222656 362.01605224609375 890.2850952148438 
v -404.25726318359375 464.61187744140625 890.2850341796875 
v -628.6346435546875 464.61187744140625 890.2850341796875 
v -404.25726318359375 464.61187744140625 890.2850341796875 
v -628.6346435546875 362.01605224609375 890.2850952148438 
v -403.5604553222656 362.01605224609375 890.2850952148438 
v -630.72509765625 -1.9882681369781494 890.28515625 
v -856.49609375 -1.9882681369781494 890.28515625 
v -630.0282592773438 92.87772369384766 890.2850952148438 
v -856.49609375 92.17500305175781 890.2850952148438 
v -856.49609375 461.8009948730469 890.2850341796875 
v -628.6346435546875 464.61187744140625 890.2850341796875 
v -856.49609375 359.90789794921875 890.2850952148438 
v -628.6346435546875 362.01605224609375 890.2850952148438 
v -856.49609375 92.17500305175781 890.2850952148438 
v -630.0282592773438 92.87772369384766 890.2850952148438 
v -628.6346435546875 362.01605224609375 890.2850952148438 
v -403.5604553222656 362.01605224609375 890.2850952148438 
v -630.0282592773438 92.87772369384766 890.2850952148438 
v -401.469970703125 92.87772369384766 890.2850952148438 
v -305.3082580566406 -1.9882681369781494 890.28515625 
v -305.3082580566406 92.87772369384766 890.2850952148438 
v -209.8433837890625 -1.9882681369781494 890.28515625 
v -209.14654541015625 92.87772369384766 890.2850952148438 
v -630.0282592773438 92.87772369384766 890.2850952148438 
v -401.469970703125 92.87772369384766 890.2850952148438 
v -630.72509765625 -1.9882681369781494 890.28515625 
v -400.77313232421875 -1.9882681369781494 890.28515625 
v 312.0777893066406 -1.9882681369781494 890.28515625 
v -209.8433837890625 -1.9882681369781494 890.28515625 
v 312.0777893066406 83.27403259277344 890.2850952148438 
v -209.14654541015625 92.87772369384766 890.2850952148438 
v 312.0777893066406 83.27403259277344 890.2850952148438 
v -209.14654541015625 92.87772369384766 890.2850952148438 
v 310.68414306640625 357.5655517578125 890.2850952148438 
v -207.75289916992188 362.01605224609375 890.2850952148438 
v -80.56442260742188 342.9425964355469 -500.0370178222656 
v -80.56442260742188 -7.986093044281006 -500.0369873046875 
v -80.56442260742188 342.9425964355469 -496.2000732421875 
v -80.56442260742188 -7.9860920906066895 -496.20001220703125 
v -77.05852508544922 342.9425964355469 -496.2000732421875 
v -80.56442260742188 342.9425964355469 -496.2000732421875 
v -77.05852508544922 -7.9860920906066895 -496.20001220703125 
v -80.56442260742188 -7.9860920906066895 -496.20001220703125 
v -77.05852508544922 342.94256591796875 -773.6278686523438 
v -77.05852508544922 -7.986137390136719 -773.6278076171875 
v -80.56442260742188 342.94256591796875 -773.6278686523438 
v -80.56442260742188 -7.986137390136719 -773.6278076171875 
v -77.05852508544922 342.94256591796875 -769.7909545898438 
v -80.56442260742188 342.94256591796875 -769.7909545898438 
v -77.05852508544922 -7.9861369132995605 -769.7908935546875 
v -80.56442260742188 -7.9861369132995605 -769.7908935546875 
v -80.56442260742188 342.94256591796875 -773.6278686523438 
v -80.56442260742188 -7.986137390136719 -773.6278076171875 
v -80.56442260742188 342.94256591796875 -769.7909545898438 
v -80.56442260742188 -7.9861369132995605 -769.7908935546875 
v -77.05852508544922 -7.986137390136719 -773.6278076171875 
v -77.05852508544922 342.94256591796875 -773.6278686523438 
v -77.05852508544922 -7.9861369132995605 -769.7908935546875 
v -77.05852508544922 342.94256591796875 -769.7909545898438 
v -77.05852508544922 342.9426574707031 -226.7241973876953 
v -77.05852508544922 -7.986048221588135 -226.72413635253906 
v -80.56442260742188 342.9426574707031 -226.7241973876953 
v -80.56442260742188 -7.986048221588135 -226.72413635253906 
v -77.05852508544922 342.94268798828125 53.59523010253906 
v -80.56442260742188 342.94268798828125 53.59523010253906 
v -77.05852508544922 -7.986002445220947 53.59528732299805 
v -80.56442260742188 -7.986002445220947 53.59528732299805 
v -77.05852508544922 -7.986093044281006 -500.0369873046875 
v -77.05852508544922 342.9425964355469 -500.0370178222656 
v -77.05852508544922 -7.9860920906066895 -496.20001220703125 
v -77.05852508544922 342.9425964355469 -496.2000732421875 
v -77.05852508544922 342.9425964355469 -500.0370178222656 
v -77.05852508544922 -7.986093044281006 -500.0369873046875 
v -80.56442260742188 342.9425964355469 -500.0370178222656 
v -80.56442260742188 -7.986093044281006 -500.0369873046875 
v -77.05852508544922 342.9426574707031 -222.8872528076172 
v -80.56442260742188 342.9426574707031 -222.8872528076172 
v -77.05852508544922 -7.986047744750977 -222.88720703125 
v -80.56442260742188 -7.986047744750977 -222.88720703125 
v -80.56442260742188 342.94268798828125 49.81389236450195 
v -80.56442260742188 -7.986003398895264 49.81394958496094 
v -80.56442260742188 342.94268798828125 53.59523010253906 
v -80.56442260742188 -7.986002445220947 53.59528732299805 
v 543.2481079101562 476.932861328125 186.776123046875 
v 543.2481079101562 -7.985980987548828 186.7761993408203 
v -89.0369644165039 476.932861328125 186.776123046875 
v -89.0369644165039 -7.985980987548828 186.7761993408203 
v -89.0369644165039 476.932861328125 186.776123046875 
v -89.0369644165039 -7.985980987548828 186.7761993408203 
v -89.0369644165039 476.932861328125 214.7469024658203 
v -89.0369644165039 -7.985976219177246 214.74697875976562 
v 543.2481079101562 476.932861328125 214.7469024658203 
v -89.0369644165039 476.932861328125 214.7469024658203 
v 543.2481079101562 -7.985976219177246 214.74697875976562 
v -89.0369644165039 -7.985976219177246 214.74697875976562 
v -80.56442260742188 342.9425964355469 -638.22265625 
v -80.56442260742188 -7.986115455627441 -638.2225952148438 
v -80.56442260742188 342.9425964355469 -634.3856811523438 
v -80.56442260742188 -7.986114978790283 -634.3856811523438 
v -77.05852508544922 342.9425964355469 -634.3856811523438 
v -80.56442260742188 342.9425964355469 -634.3856811523438 
v -77.05852508544922 -7.986114978790283 -634.3856811523438 
v -80.56442260742188 -7.986114978790283 -634.3856811523438 
v -77.05852508544922 342.9425354003906 -907.698486328125 
v -77.05852508544922 -7.986159324645996 -907.698486328125 
v -80.56442260742188 342.9425354003906 -907.698486328125 
v -80.56442260742188 -7.986159324645996 -907.698486328125 
v -77.05852508544922 342.9425354003906 -903.861572265625 
v -80.56442260742188 342.9425354003906 -903.861572265625 
v -77.05852508544922 -7.986158847808838 -903.8615112304688 
v -80.56442260742188 -7.986158847808838 -903.8615112304688 
v -80.56442260742188 342.9425354003906 -907.698486328125 
v -80.56442260742188 -7.986159324645996 -907.698486328125 
v -80.56442260742188 342.9425354003906 -903.861572265625 
v -80.56442260742188 -7.986158847808838 -903.8615112304688 
v -77.05852508544922 -7.986159324645996 -907.698486328125 
v -77.05852508544922 342.9425354003906 -907.698486328125 
v -77.05852508544922 -7.986158847808838 -903.8615112304688 
v -77.05852508544922 342.9425354003906 -903.861572265625 
v -77.05852508544922 -7.986115455627441 -638.2225952148438 
v -77.05852508544922 342.9425964355469 -638.22265625 
v -77.05852508544922 -7.986114978790283 -634.3856811523438 
v -77.05852508544922 342.9425964355469 -634.3856811523438 
v -77.05852508544922 342.9425964355469 -638.22265625 
v -77.05852508544922 -7.986115455627441 -638.2225952148438 
v -80.56442260742188 342.9425964355469 -638.22265625 
v -80.56442260742188 -7.986115455627441 -638.2225952148438 
v -80.56442260742188 342.9426574707031 -226.7241973876953 
v -80.56442260742188 -7.986048221588135 -226.72413635253906 
v -80.56442260742188 342.9426574707031 -222.8872528076172 
v -80.56442260742188 -7.986047744750977 -222.88720703125 
v -77.05852508544922 -7.986048221588135 -226.72413635253906 
v -77.05852508544922 342.9426574707031 -226.7241973876953 
v -77.05852508544922 -7.986047744750977 -222.88720703125 
v -77.05852508544922 342.9426574707031 -222.8872528076172 
v -77.05852508544922 -7.986003398895264 49.81394958496094 
v -77.05852508544922 342.94268798828125 49.81389236450195 
v -77.05852508544922 -7.986002445220947 53.59528732299805 
v -77.05852508544922 342.94268798828125 53.59523010253906 
v -77.05852508544922 342.94268798828125 49.81389236450195 
v -77.05852508544922 -7.986003398895264 49.81394958496094 
v -80.56442260742188 342.94268798828125 49.81389236450195 
v -80.56442260742188 -7.986003398895264 49.81394958496094 
v -80.56442260742188 342.94268798828125 -86.20303344726562 
v -80.56442260742188 -7.986025333404541 -86.20297241210938 
v -80.56442260742188 342.94268798828125 -82.3660888671875 
v -80.56442260742188 -7.986024856567383 -82.36602783203125 
v -77.05852508544922 342.94268798828125 -82.3660888671875 
v -80.56442260742188 342.94268798828125 -82.3660888671875 
v -77.05852508544922 -7.986024856567383 -82.36602783203125 
v -80.56442260742188 -7.986024856567383 -82.36602783203125 
v -77.05852508544922 342.942626953125 -363.6864318847656 
v -77.05852508544922 -7.98607063293457 -363.6864013671875 
v -80.56442260742188 342.942626953125 -363.6864318847656 
v -80.56442260742188 -7.98607063293457 -363.6864013671875 
v -77.05852508544922 342.942626953125 -359.8495178222656 
v -80.56442260742188 342.942626953125 -359.8495178222656 
v -77.05852508544922 -7.986070156097412 -359.8494567871094 
v -80.56442260742188 -7.986070156097412 -359.8494567871094 
v -80.56442260742188 342.942626953125 -363.6864318847656 
v -80.56442260742188 -7.98607063293457 -363.6864013671875 
v -80.56442260742188 342.942626953125 -359.8495178222656 
v -80.56442260742188 -7.986070156097412 -359.8494567871094 
v -77.05852508544922 -7.98607063293457 -363.6864013671875 
v -77.05852508544922 342.942626953125 -363.6864318847656 
v -77.05852508544922 -7.986070156097412 -359.8494567871094 
v -77.05852508544922 342.942626953125 -359.8495178222656 
v -77.05852508544922 -7.986025333404541 -86.20297241210938 
v -77.05852508544922 342.94268798828125 -86.20303344726562 
v -77.05852508544922 -7.986024856567383 -82.36602783203125 
v -77.05852508544922 342.94268798828125 -82.3660888671875 
v -77.05852508544922 342.94268798828125 -86.20303344726562 
v -77.05852508544922 -7.986025333404541 -86.20297241210938 
v -80.56442260742188 342.94268798828125 -86.20303344726562 
v -80.56442260742188 -7.986025333404541 -86.20297241210938 
v -73.84483337402344 473.3960266113281 890.6609497070312 
v -73.84483337402344 335.6913146972656 890.6609497070312 
v -73.84483337402344 473.3959655761719 438.4574890136719 
v -73.84483337402344 335.6912536621094 438.45751953125 
v -73.84483337402344 473.3958740234375 -13.801567077636719 
v -73.84483337402344 335.691162109375 -13.801544189453125 
v -94.0815200805664 334.81787109375 -918.2640991210938 
v -74.7213134765625 334.81787109375 -918.2640991210938 
v -94.0815200805664 334.8179626464844 -466.0049743652344 
v -74.7213134765625 334.8179626464844 -466.0049743652344 
v -94.0815200805664 334.8180236816406 -13.801544189453125 
v -74.7213134765625 334.8180236816406 -13.801544189453125 
v -72.79307556152344 230.72201538085938 892.9965209960938 
v -72.79307556152344 220.54029846191406 892.9965209960938 
v -72.79307556152344 230.72190856933594 201.8459014892578 
v -72.79307556152344 220.54019165039062 201.8459014892578 
v -82.80427551269531 220.54000854492188 -918.2640380859375 
v -72.79307556152344 220.54000854492188 -918.2640380859375 
v -82.80427551269531 220.54019165039062 201.8459014892578 
v -72.79307556152344 220.54019165039062 201.8459014892578 
v -83.03801727294922 230.35174560546875 -918.2640380859375 
v -83.03801727294922 220.92478942871094 -918.2640380859375 
v -83.03801727294922 230.3519287109375 201.8459014892578 
v -83.03801727294922 220.9249725341797 201.8459014892578 
v -77.05852508544922 342.9427795410156 487.1144104003906 
v -77.05852508544922 -7.985931873321533 487.1144714355469 
v -80.56442260742188 342.9427795410156 487.1144104003906 
v -80.56442260742188 -7.985931873321533 487.1144714355469 
v -77.05852508544922 342.9427795410156 490.95135498046875 
v -80.56442260742188 342.9427795410156 490.95135498046875 
v -77.05852508544922 -7.985931396484375 490.951416015625 
v -80.56442260742188 -7.985931396484375 490.951416015625 
v -80.56442260742188 342.9427795410156 487.1144104003906 
v -80.56442260742188 -7.985931873321533 487.1144714355469 
v -80.56442260742188 342.9427795410156 490.95135498046875 
v -80.56442260742188 -7.985931396484375 490.951416015625 
v -77.05852508544922 -7.985931873321533 487.1144714355469 
v -77.05852508544922 342.9427795410156 487.1144104003906 
v -77.05852508544922 -7.985931396484375 490.951416015625 
v -77.05852508544922 342.9427795410156 490.95135498046875 
v -80.56442260742188 342.9427795410156 621.8523559570312 
v -80.56442260742188 -4.004963397979736 621.8524169921875 
v -80.56442260742188 342.9427795410156 625.6892700195312 
v -80.56442260742188 -4.004962921142578 625.6893310546875 
v -77.05852508544922 342.9427795410156 625.6892700195312 
v -80.56442260742188 342.9427795410156 625.6892700195312 
v -77.05852508544922 -4.004962921142578 625.6893310546875 
v -80.56442260742188 -4.004962921142578 625.6893310546875 
v -77.05852508544922 342.9427490234375 349.2068176269531 
v -77.05852508544922 -7.985954284667969 349.2068786621094 
v -80.56442260742188 342.9427490234375 349.2068176269531 
v -80.56442260742188 -7.985954284667969 349.2068786621094 
v -77.05852508544922 342.9427490234375 352.9881591796875 
v -80.56442260742188 342.9427490234375 352.9881591796875 
v -77.05852508544922 -7.9859538078308105 352.98822021484375 
v -80.56442260742188 -7.9859538078308105 352.98822021484375 
v -80.56442260742188 342.9427490234375 349.2068176269531 
v -80.56442260742188 -7.985954284667969 349.2068786621094 
v -80.56442260742188 342.9427490234375 352.9881591796875 
v -80.56442260742188 -7.9859538078308105 352.98822021484375 
v -77.05852508544922 -7.985954284667969 349.2068786621094 
v -77.05852508544922 342.9427490234375 349.2068176269531 
v -77.05852508544922 -7.9859538078308105 352.98822021484375 
v -77.05852508544922 342.9427490234375 352.9881591796875 
v -77.05852508544922 -4.004963397979736 621.8524169921875 
v -77.05852508544922 342.9427795410156 621.8523559570312 
v -77.05852508544922 -4.004962921142578 625.6893310546875 
v -77.05852508544922 342.9427795410156 625.6892700195312 
v -77.05852508544922 342.9427795410156 621.8523559570312 
v -77.05852508544922 -4.004963397979736 621.8524169921875 
v -80.56442260742188 342.9427795410156 621.8523559570312 
v -80.56442260742188 -4.004963397979736 621.8524169921875 
v -80.56442260742188 342.94281005859375 759.2594604492188 
v -80.56442260742188 -7.98588752746582 759.259521484375 
v -80.56442260742188 342.94281005859375 763.040771484375 
v -80.56442260742188 -7.985887050628662 763.0408325195312 
v -77.05852508544922 342.94281005859375 763.040771484375 
v -80.56442260742188 342.94281005859375 763.040771484375 
v -77.05852508544922 -7.985887050628662 763.0408325195312 
v -80.56442260742188 -7.985887050628662 763.0408325195312 
v -77.05852508544922 -7.98588752746582 759.259521484375 
v -77.05852508544922 342.94281005859375 759.2594604492188 
v -77.05852508544922 -7.985887050628662 763.0408325195312 
v -77.05852508544922 342.94281005859375 763.040771484375 
v -77.05852508544922 342.94281005859375 759.2594604492188 
v -77.05852508544922 -7.98588752746582 759.259521484375 
v -80.56442260742188 342.94281005859375 759.2594604492188 
v -80.56442260742188 -7.98588752746582 759.259521484375 
v -83.03801727294922 230.35203552246094 892.9965209960938 
v -82.80427551269531 230.72201538085938 892.9965209960938 
v -83.03801727294922 230.3519287109375 201.8459014892578 
v -82.80427551269531 230.72190856933594 201.8459014892578 
v -82.80427551269531 220.54029846191406 892.9965209960938 
v -83.03801727294922 220.92507934570312 892.9965209960938 
v -82.80427551269531 220.54019165039062 201.8459014892578 
v -83.03801727294922 220.9249725341797 201.8459014892578 
v -82.80427551269531 230.72201538085938 892.9965209960938 
v -72.79307556152344 230.72201538085938 892.9965209960938 
v -82.80427551269531 230.72190856933594 201.8459014892578 
v -72.79307556152344 230.72190856933594 201.8459014892578 
v -94.0815200805664 334.81817626953125 890.6609497070312 
v -94.95799255371094 335.6913146972656 890.6609497070312 
v -94.0815200805664 334.818115234375 438.45751953125 
v -94.95799255371094 335.6912536621094 438.45751953125 
v -74.7213134765625 334.81787109375 -918.2640991210938 
v -73.84483337402344 335.6910400390625 -918.2640991210938 
v -74.7213134765625 334.8179626464844 -466.0049743652344 
v -73.84483337402344 335.69110107421875 -466.0049743652344 
v -94.95799255371094 473.3957214355469 -918.2640991210938 
v -94.95799255371094 335.6910400390625 -918.2640991210938 
v -94.95799255371094 473.39581298828125 -466.0050048828125 
v -94.95799255371094 335.69110107421875 -466.0049743652344 
v -94.95799255371094 473.3958740234375 -13.801567077636719 
v -94.95799255371094 335.691162109375 -13.801544189453125 
v -75.42245483398438 3.4537675380706787 893.7750854492188 
v -75.42245483398438 -3.7829277515411377 893.7750854492188 
v -75.42245483398438 3.4537463188171387 763.3189086914062 
v -75.42245483398438 -3.7829489707946777 763.3189086914062 
v -81.53826904296875 3.1723053455352783 -917.4854736328125 
v -81.53826904296875 -3.5168616771698 -917.4854736328125 
v -81.53826904296875 3.172356128692627 -606.970947265625 
v -81.53826904296875 -3.516810894012451 -606.970947265625 
v -81.53826904296875 3.1724066734313965 -296.40081787109375 
v -81.53826904296875 -3.5167603492736816 -296.40081787109375 
v -81.53826904296875 3.1724414825439453 -83.20014953613281 
v -81.53826904296875 -3.516725540161133 -83.20014190673828 
v -81.53826904296875 3.172600507736206 893.7750854492188 
v -81.38243865966797 3.4537675380706787 893.7750854492188 
v -81.53826904296875 3.172579288482666 763.3189086914062 
v -81.38243865966797 3.4537463188171387 763.3189086914062 
v -81.38243865966797 -3.7829277515411377 893.7750854492188 
v -81.53826904296875 -3.516566514968872 893.7750854492188 
v -81.38243865966797 -3.7829489707946777 763.3189086914062 
v -81.53826904296875 -3.516587734222412 763.3189086914062 
v -81.38243865966797 3.4537675380706787 893.7750854492188 
v -75.42245483398438 3.4537675380706787 893.7750854492188 
v -81.38243865966797 3.4537463188171387 763.3189086914062 
v -75.42245483398438 3.4537463188171387 763.3189086914062 
v -75.42245483398438 3.453472375869751 -917.4854736328125 
v -81.38243865966797 3.453472375869751 -917.4854736328125 
v -75.42245483398438 3.4535231590270996 -606.970947265625 
v -81.38243865966797 3.4535231590270996 -606.970947265625 
v -75.42245483398438 3.453573703765869 -296.40081787109375 
v -81.38243865966797 3.453573703765869 -296.40081787109375 
v -75.42245483398438 3.453608512878418 -83.20014953613281 
v -81.38243865966797 3.453608512878418 -83.20014953613281 
v -75.42245483398438 3.4536304473876953 52.48312759399414 
v -81.38243865966797 3.4536304473876953 52.48312759399414 
v -75.42245483398438 3.453674793243408 324.6282043457031 
v -81.38243865966797 3.453674793243408 324.6282043457031 
v -75.42245483398438 3.453723192214966 621.9080200195312 
v -81.38243865966797 3.453723192214966 621.9080200195312 
v -81.53826904296875 -3.5168616771698 -917.4854736328125 
v -81.38243865966797 -3.7832229137420654 -917.4854736328125 
v -81.53826904296875 -3.516810894012451 -606.970947265625 
v -81.38243865966797 -3.783172130584717 -606.970947265625 
v -81.53826904296875 -3.5167603492736816 -296.40081787109375 
v -81.38243865966797 -3.7831215858459473 -296.40081787109375 
v -81.38243865966797 -3.783020496368408 324.6282043457031 
v -81.53826904296875 -3.5166592597961426 324.6282043457031 
v -81.38243865966797 -3.783064842224121 52.48312759399414 
v -81.53826904296875 -3.5167036056518555 52.48312759399414 
v -81.38243865966797 -3.7829720973968506 621.9080200195312 
v -81.53826904296875 -3.516610860824585 621.9080200195312 
v -81.38243865966797 -3.783020496368408 324.6282043457031 
v -81.53826904296875 -3.5166592597961426 324.6282043457031 
v -81.53826904296875 3.172356128692627 -606.970947265625 
v -81.38243865966797 3.4535231590270996 -606.970947265625 
v -81.53826904296875 3.1723053455352783 -917.4854736328125 
v -81.38243865966797 3.453472375869751 -917.4854736328125 
v -81.53826904296875 3.1724066734313965 -296.40081787109375 
v -81.38243865966797 3.453573703765869 -296.40081787109375 
v -81.53826904296875 3.172356128692627 -606.970947265625 
v -81.38243865966797 3.4535231590270996 -606.970947265625 
v -81.53826904296875 3.172579288482666 763.3189086914062 
v -81.53826904296875 -3.516587734222412 763.3189086914062 
v -81.53826904296875 3.172600507736206 893.7750854492188 
v -81.53826904296875 -3.516566514968872 893.7750854492188 
v -81.53826904296875 3.1725077629089355 324.6282043457031 
v -81.38243865966797 3.453674793243408 324.6282043457031 
v -81.53826904296875 3.1724634170532227 52.48312759399414 
v -81.38243865966797 3.4536304473876953 52.48312759399414 
v -81.53826904296875 3.172556161880493 621.9080200195312 
v -81.38243865966797 3.453723192214966 621.9080200195312 
v -81.53826904296875 3.1725077629089355 324.6282043457031 
v -81.38243865966797 3.453674793243408 324.6282043457031 
v -81.53826904296875 -3.516610860824585 621.9080200195312 
v -81.53826904296875 3.172556161880493 621.9080200195312 
v -81.53826904296875 -3.5166592597961426 324.6282043457031 
v -81.53826904296875 3.1725077629089355 324.6282043457031 
v -81.53826904296875 -3.5167036056518555 52.48312759399414 
v -81.53826904296875 3.1724634170532227 52.48312759399414 
v -81.38243865966797 -3.783064842224121 52.48312759399414 
v -75.42245483398438 -3.783064842224121 52.48312759399414 
v -81.38243865966797 -3.783020496368408 324.6282043457031 
v -75.42245483398438 -3.783020496368408 324.6282043457031 
v -75.42245483398438 -3.7832229137420654 -917.4854736328125 
v -75.42245483398438 3.453472375869751 -917.4854736328125 
v -75.42245483398438 -3.783172130584717 -606.970947265625 
v -75.42245483398438 3.4535231590270996 -606.970947265625 
v -75.42245483398438 -3.7831215858459473 -296.40081787109375 
v -75.42245483398438 3.453573703765869 -296.40081787109375 
v -75.42245483398438 -3.7830867767333984 -83.20014190673828 
v -75.42245483398438 3.453608512878418 -83.20014953613281 
v -75.42245483398438 -3.783064842224121 52.48312759399414 
v -75.42245483398438 3.4536304473876953 52.48312759399414 
v -75.42245483398438 -3.783020496368408 324.6282043457031 
v -75.42245483398438 3.453674793243408 324.6282043457031 
v -75.42245483398438 -3.7829720973968506 621.9080200195312 
v -75.42245483398438 3.453723192214966 621.9080200195312 
v -81.53826904296875 3.1724414825439453 -83.20014953613281 
v -81.38243865966797 3.453608512878418 -83.20014953613281 
v -81.53826904296875 3.1724066734313965 -296.40081787109375 
v -81.38243865966797 3.453573703765869 -296.40081787109375 
v -81.38243865966797 -3.7830867767333984 -83.20014190673828 
v -81.53826904296875 -3.516725540161133 -83.20014190673828 
v -81.38243865966797 -3.7831215858459473 -296.40081787109375 
v -81.53826904296875 -3.5167603492736816 -296.40081787109375 
v -74.48756408691406 344.9703063964844 903.8399658203125 
v -74.48756408691406 331.6068115234375 903.8399658203125 
v -74.48756408691406 344.9701843261719 205.23797607421875 
v -74.48756408691406 331.606689453125 205.23797607421875 
v -87.61512756347656 331.60650634765625 -918.2640991210938 
v -74.48756408691406 331.60650634765625 -918.2640991210938 
v -87.61512756347656 331.606689453125 205.23797607421875 
v -74.48756408691406 331.606689453125 205.23797607421875 
v -87.92674255371094 344.4668273925781 -918.2640991210938 
v -87.92674255371094 332.0948791503906 -918.2640991210938 
v -87.92674255371094 344.4670104980469 205.23797607421875 
v -87.92674255371094 332.0950622558594 205.23797607421875 
v -87.92674255371094 344.4671325683594 903.8399658203125 
v -87.61512756347656 344.9703063964844 903.8399658203125 
v -87.92674255371094 344.4670104980469 205.23797607421875 
v -87.61512756347656 344.9701843261719 205.23797607421875 
v -87.61512756347656 331.6068115234375 903.8399658203125 
v -87.92674255371094 332.09515380859375 903.8399658203125 
v -87.61512756347656 331.606689453125 205.23797607421875 
v -87.92674255371094 332.0950622558594 205.23797607421875 
v -87.61512756347656 344.9703063964844 903.8399658203125 
v -74.48756408691406 344.9703063964844 903.8399658203125 
v -87.61512756347656 344.9701843261719 205.23797607421875 
v -74.48756408691406 344.9701843261719 205.23797607421875 
v -77.05852508544922 342.9427185058594 213.46795654296875 
v -77.05852508544922 -7.985976696014404 213.46800231933594 
v -80.56442260742188 342.9427185058594 213.46795654296875 
v -80.56442260742188 -7.985976696014404 213.46800231933594 
v -77.05852508544922 342.9427185058594 217.30490112304688 
v -80.56442260742188 342.9427185058594 217.30490112304688 
v -77.05852508544922 -7.985976219177246 217.30494689941406 
v -80.56442260742188 -7.985976219177246 217.30494689941406 
v -80.56442260742188 342.9427185058594 213.46795654296875 
v -80.56442260742188 -7.985976696014404 213.46800231933594 
v -80.56442260742188 342.9427185058594 217.30490112304688 
v -80.56442260742188 -7.985976219177246 217.30494689941406 
v -77.05852508544922 -7.985976696014404 213.46800231933594 
v -77.05852508544922 342.9427185058594 213.46795654296875 
v -77.05852508544922 -7.985976219177246 217.30494689941406 
v -77.05852508544922 342.9427185058594 217.30490112304688 
v -77.05852508544922 342.9427185058594 183.32846069335938 
v -77.05852508544922 -7.985981464385986 183.32852172851562 
v -80.56442260742188 342.9427185058594 183.32846069335938 
v -80.56442260742188 -7.985981464385986 183.32852172851562 
v -77.05852508544922 342.9427185058594 187.1654052734375 
v -80.56442260742188 342.9427185058594 187.1654052734375 
v -77.05852508544922 -7.985980987548828 187.1654510498047 
v -80.56442260742188 -7.985980987548828 187.1654510498047 
v -80.56442260742188 342.9427185058594 183.32846069335938 
v -80.56442260742188 -7.985981464385986 183.32852172851562 
v -80.56442260742188 342.9427185058594 187.1654052734375 
v -80.56442260742188 -7.985980987548828 187.1654510498047 
v -77.05852508544922 -7.985981464385986 183.32852172851562 
v -77.05852508544922 342.9427185058594 183.32846069335938 
v -77.05852508544922 -7.985980987548828 187.1654510498047 
v -77.05852508544922 342.9427185058594 187.1654052734375 
v -80.56442260742188 342.9428405761719 886.3235473632812 
v -80.56442260742188 -7.985867023468018 886.3236083984375 
v -80.56442260742188 342.9428405761719 890.1604614257812 
v -80.56442260742188 -7.985866546630859 890.1605224609375 
v -77.05852508544922 342.9428405761719 890.1604614257812 
v -80.56442260742188 342.9428405761719 890.1604614257812 
v -77.05852508544922 -7.985866546630859 890.1605224609375 
v -80.56442260742188 -7.985866546630859 890.1605224609375 
v -77.05852508544922 -7.985867023468018 886.3236083984375 
v -77.05852508544922 342.9428405761719 886.3235473632812 
v -77.05852508544922 -7.985866546630859 890.1605224609375 
v -77.05852508544922 342.9428405761719 890.1604614257812 
v -77.05852508544922 342.9428405761719 886.3235473632812 
v -77.05852508544922 -7.985867023468018 886.3236083984375 
v -80.56442260742188 342.9428405761719 886.3235473632812 
v -80.56442260742188 -7.985867023468018 886.3236083984375 
v -82.80427551269531 230.72190856933594 201.8459014892578 
v -72.79307556152344 230.72190856933594 201.8459014892578 
v -82.80427551269531 230.7217254638672 -918.2640380859375 
v -72.79307556152344 230.7217254638672 -918.2640380859375 
v -82.80427551269531 220.54019165039062 201.8459014892578 
v -83.03801727294922 220.9249725341797 201.8459014892578 
v -82.80427551269531 220.54000854492188 -918.2640380859375 
v -83.03801727294922 220.92478942871094 -918.2640380859375 
v -83.03801727294922 230.3519287109375 201.8459014892578 
v -82.80427551269531 230.72190856933594 201.8459014892578 
v -83.03801727294922 230.35174560546875 -918.2640380859375 
v -82.80427551269531 230.7217254638672 -918.2640380859375 
v -83.03801727294922 230.3519287109375 201.8459014892578 
v -83.03801727294922 220.9249725341797 201.8459014892578 
v -83.03801727294922 230.35203552246094 892.9965209960938 
v -83.03801727294922 220.92507934570312 892.9965209960938 
v -82.80427551269531 220.54019165039062 201.8459014892578 
v -72.79307556152344 220.54019165039062 201.8459014892578 
v -82.80427551269531 220.54029846191406 892.9965209960938 
v -72.79307556152344 220.54029846191406 892.9965209960938 
v -72.79307556152344 230.72190856933594 201.8459014892578 
v -72.79307556152344 220.54019165039062 201.8459014892578 
v -72.79307556152344 230.7217254638672 -918.2640380859375 
v -72.79307556152344 220.54000854492188 -918.2640380859375 
v -87.61512756347656 344.9701843261719 205.23797607421875 
v -74.48756408691406 344.9701843261719 205.23797607421875 
v -87.61512756347656 344.9700012207031 -918.2640991210938 
v -74.48756408691406 344.9700012207031 -918.2640991210938 
v -87.61512756347656 331.606689453125 205.23797607421875 
v -87.92674255371094 332.0950622558594 205.23797607421875 
v -87.61512756347656 331.60650634765625 -918.2640991210938 
v -87.92674255371094 332.0948791503906 -918.2640991210938 
v -87.92674255371094 344.4670104980469 205.23797607421875 
v -87.61512756347656 344.9701843261719 205.23797607421875 
v -87.92674255371094 344.4668273925781 -918.2640991210938 
v -87.61512756347656 344.9700012207031 -918.2640991210938 
v -87.92674255371094 344.4670104980469 205.23797607421875 
v -87.92674255371094 332.0950622558594 205.23797607421875 
v -87.92674255371094 344.4671325683594 903.8399658203125 
v -87.92674255371094 332.09515380859375 903.8399658203125 
v -87.61512756347656 331.606689453125 205.23797607421875 
v -74.48756408691406 331.606689453125 205.23797607421875 
v -87.61512756347656 331.6068115234375 903.8399658203125 
v -74.48756408691406 331.6068115234375 903.8399658203125 
v -74.48756408691406 344.9701843261719 205.23797607421875 
v -74.48756408691406 331.606689453125 205.23797607421875 
v -74.48756408691406 344.9700012207031 -918.2640991210938 
v -74.48756408691406 331.60650634765625 -918.2640991210938 
v -94.95799255371094 335.6913146972656 890.6609497070312 
v -94.95799255371094 473.3960266113281 890.6609497070312 
v -94.95799255371094 335.6912536621094 438.45751953125 
v -94.95799255371094 473.3959655761719 438.4574890136719 
v -94.95799255371094 335.691162109375 -13.801544189453125 
v -94.95799255371094 473.3958740234375 -13.801567077636719 
v -74.7213134765625 334.818115234375 438.45751953125 
v -73.84483337402344 335.6912536621094 438.45751953125 
v -74.7213134765625 334.81817626953125 890.6609497070312 
v -73.84483337402344 335.6913146972656 890.6609497070312 
v -74.7213134765625 334.8180236816406 -13.801544189453125 
v -73.84483337402344 335.691162109375 -13.801544189453125 
v -74.7213134765625 334.818115234375 438.45751953125 
v -73.84483337402344 335.6912536621094 438.45751953125 
v -74.7213134765625 334.8179626464844 -466.0049743652344 
v -73.84483337402344 335.69110107421875 -466.0049743652344 
v -74.7213134765625 334.8180236816406 -13.801544189453125 
v -73.84483337402344 335.691162109375 -13.801544189453125 
v -94.0815200805664 334.8179626464844 -466.0049743652344 
v -94.95799255371094 335.69110107421875 -466.0049743652344 
v -94.0815200805664 334.81787109375 -918.2640991210938 
v -94.95799255371094 335.6910400390625 -918.2640991210938 
v -94.0815200805664 334.8180236816406 -13.801544189453125 
v -94.95799255371094 335.691162109375 -13.801544189453125 
v -94.0815200805664 334.8179626464844 -466.0049743652344 
v -94.95799255371094 335.69110107421875 -466.0049743652344 
v -94.0815200805664 334.818115234375 438.45751953125 
v -94.95799255371094 335.6912536621094 438.45751953125 
v -94.0815200805664 334.8180236816406 -13.801544189453125 
v -94.95799255371094 335.691162109375 -13.801544189453125 
v -74.7213134765625 334.81817626953125 890.6609497070312 
v -94.0815200805664 334.81817626953125 890.6609497070312 
v -74.7213134765625 334.818115234375 438.45751953125 
v -94.0815200805664 334.818115234375 438.45751953125 
v -74.7213134765625 334.8180236816406 -13.801544189453125 
v -94.0815200805664 334.8180236816406 -13.801544189453125 
v -73.84483337402344 335.6910400390625 -918.2640991210938 
v -73.84483337402344 473.3957214355469 -918.2640991210938 
v -73.84483337402344 335.69110107421875 -466.0049743652344 
v -73.84483337402344 473.39581298828125 -466.0050048828125 
v -73.84483337402344 335.691162109375 -13.801544189453125 
v -73.84483337402344 473.3958740234375 -13.801567077636719 
vn -1.0341130909078582e-15 0.000021845313312951475 -0.009999976493418217 
vn -1.0341130909078582e-15 0.000021845313312951475 -0.009999976493418217 
vn -1.0341130909078582e-15 0.000021845313312951475 -0.009999976493418217 
vn -1.0341130909078582e-15 0.000021845313312951475 -0.009999976493418217 
vn -1.0341130909078582e-15 0.000021845313312951475 -0.009999976493418217 
vn -1.0341130909078582e-15 0.000021845313312951475 -0.009999976493418217 
vn -1.0341130909078582e-15 0.000021845313312951475 -0.009999976493418217 
vn -1.0341130909078582e-15 0.000021845313312951475 -0.009999976493418217 
vn 3.097898490739357e-15 0.000021848571122973226 0.009999976493418217 
vn 3.097898490739357e-15 0.000021848571122973226 0.009999976493418217 
vn 3.097898490739357e-15 0.000021848571122973226 0.009999976493418217 
vn 3.097898490739357e-15 0.000021848571122973226 0.009999976493418217 
vn 3.097898490739357e-15 0.000021848571122973226 0.009999976493418217 
vn 3.097898490739357e-15 0.000021848571122973226 0.009999976493418217 
vn 0.009999976493418217 0.00002184694130846765 -3.5593255773291865e-12 
vn 0.009999976493418217 0.00002184694130846765 -3.5593255773291865e-12 
vn 0.009999976493418217 0.00002184694130846765 -3.5593255773291865e-12 
vn 0.009999976493418217 0.00002184694130846765 -3.5593255773291865e-12 
vn 0.009999976493418217 0.00002184694130846765 -3.5593255773291865e-12 
vn 0.009999976493418217 0.00002184694130846765 -3.5593255773291865e-12 
vn 0.009999976493418217 0.00002184694130846765 -3.5593255773291865e-12 
vn 0.009999976493418217 0.00002184694130846765 -3.5593255773291865e-12 
vn 0.009999976493418217 0.00002184694130846765 -3.5593255773291865e-12 
vn 0.009999976493418217 0.00002184694130846765 -3.5593255773291865e-12 
vn 0.009999976493418217 0.00002184694130846765 -3.5593255773291865e-12 
vn 0.009999976493418217 0.00002184694130846765 -3.5593255773291865e-12 
vn 0.00004369377711554989 0.009999904781579971 -1.6291944460178343e-9 
vn 0.00004369377711554989 0.009999904781579971 -1.6291944460178343e-9 
vn 0.00004369377711554989 0.009999904781579971 -1.6291944460178343e-9 
vn 0.00004369377711554989 0.009999904781579971 -1.6291944460178343e-9 
vn 0.000013502120054909028 0.009999904781579971 -0.000041556882933946326 
vn 0.000013502120054909028 0.009999904781579971 -0.000041556882933946326 
vn 0.000013502120054909028 0.009999904781579971 -0.000041556882933946326 
vn 0.000013502120054909028 0.009999904781579971 -0.000041556882933946326 
vn 0.000013502120054909028 0.009999904781579971 -0.000041556882933946326 
vn 0.000013502120054909028 0.009999904781579971 -0.000041556882933946326 
vn 0.000013502120054909028 0.009999904781579971 -0.000041556882933946326 
vn 0.000013502120054909028 0.009999904781579971 -0.000041556882933946326 
vn 0.000013502120054909028 0.009999904781579971 -0.000041556882933946326 
vn 0.000013502120054909028 0.009999904781579971 -0.000041556882933946326 
vn 0.000013502120054909028 0.009999904781579971 -0.000041556882933946326 
vn 0.000013502120054909028 0.009999904781579971 -0.000041556882933946326 
vn 0.00004369377711554989 0.009999904781579971 -1.6291944460178343e-9 
vn 0.00004369377711554989 0.009999904781579971 -1.6291944460178343e-9 
vn 0.00004369377711554989 0.009999904781579971 -1.6291944460178343e-9 
vn 0.00004369377711554989 0.009999904781579971 -1.6291944460178343e-9 
vn 0.000013502120054909028 0.009999904781579971 0.00004155362694291398 
vn 0.000013502120054909028 0.009999904781579971 0.00004155362694291398 
vn 0.000013502120054909028 0.009999904781579971 0.00004155362694291398 
vn 0.000013502120054909028 0.009999904781579971 0.00004155362694291398 
vn 0.000013502120054909028 0.009999904781579971 0.00004155362694291398 
vn 0.000013502120054909028 0.009999904781579971 0.00004155362694291398 
vn 0.000013502120054909028 0.009999904781579971 0.00004155362694291398 
vn 0.000013502120054909028 0.009999904781579971 0.00004155362694291398 
vn 0.00004369377711554989 0.009999904781579971 -1.6291944460178343e-9 
vn 0.00004369377711554989 0.009999904781579971 -1.6291944460178343e-9 
vn 0.00004369377711554989 0.009999904781579971 -1.6291944460178343e-9 
vn 0.00004369377711554989 0.009999904781579971 -1.6291944460178343e-9 
vn -1.0341130909078582e-15 0.000021845313312951475 -0.009999976493418217 
vn -1.0341130909078582e-15 0.000021845313312951475 -0.009999976493418217 
vn -1.0341130909078582e-15 0.000021845313312951475 -0.009999976493418217 
vn -1.0341130909078582e-15 0.000021845313312951475 -0.009999976493418217 
vn -1.0341130909078582e-15 0.000021845313312951475 -0.009999976493418217 
vn -1.0341130909078582e-15 0.000021845313312951475 -0.009999976493418217 
vn -1.0341130909078582e-15 0.000021845313312951475 -0.009999976493418217 
vn -1.0341130909078582e-15 0.000021845313312951475 -0.009999976493418217 
vn 3.097898490739357e-15 0.000021848571122973226 0.009999976493418217 
vn 3.097898490739357e-15 0.000021848571122973226 0.009999976493418217 
vn 3.097898490739357e-15 0.000021848571122973226 0.009999976493418217 
vn 3.097898490739357e-15 0.000021848571122973226 0.009999976493418217 
vn 3.097898490739357e-15 0.000021848571122973226 0.009999976493418217 
vn 3.097898490739357e-15 0.000021848571122973226 0.009999976493418217 
vn -0.009999976493418217 0.00002184694130846765 -3.557257353264953e-12 
vn -0.009999976493418217 0.00002184694130846765 -3.557257353264953e-12 
vn -0.009999976493418217 0.00002184694130846765 -3.557257353264953e-12 
vn -0.009999976493418217 0.00002184694130846765 -3.557257353264953e-12 
vn -0.009999976493418217 0.00002184694130846765 -3.557257353264953e-12 
vn -0.009999976493418217 0.00002184694130846765 -3.557257353264953e-12 
vn -0.009999976493418217 0.00002184694130846765 -3.557257353264953e-12 
vn -0.009999976493418217 0.00002184694130846765 -3.557257353264953e-12 
vn -0.009999976493418217 0.00002184694130846765 -3.557257353264953e-12 
vn -0.009999976493418217 0.00002184694130846765 -3.557257353264953e-12 
vn -0.009999976493418217 0.00002184694130846765 -3.557257353264953e-12 
vn -0.009999976493418217 0.00002184694130846765 -3.557257353264953e-12 
vn -0.00003534901043167338 0.009999904781579971 -0.000025684188585728407 
vn -0.00003534901043167338 0.009999904781579971 -0.000025684188585728407 
vn -0.00003534901043167338 0.009999904781579971 -0.000025684188585728407 
vn -0.00003534901043167338 0.009999904781579971 -0.000025684188585728407 
vn 0.000013502120054909028 0.009999904781579971 -0.000041556882933946326 
vn 0.000013502120054909028 0.009999904781579971 -0.000041556882933946326 
vn 0.000013502120054909028 0.009999904781579971 -0.000041556882933946326 
vn 0.000013502120054909028 0.009999904781579971 -0.000041556882933946326 
vn 0.000013502120054909028 0.009999904781579971 -0.000041556882933946326 
vn 0.000013502120054909028 0.009999904781579971 -0.000041556882933946326 
vn 0.000013502120054909028 0.009999904781579971 -0.000041556882933946326 
vn 0.000013502120054909028 0.009999904781579971 -0.000041556882933946326 
vn 0.000013502120054909028 0.009999904781579971 -0.000041556882933946326 
vn 0.000013502120054909028 0.009999904781579971 -0.000041556882933946326 
vn 0.000013502120054909028 0.009999904781579971 -0.000041556882933946326 
vn 0.000013502120054909028 0.009999904781579971 -0.000041556882933946326 
vn -0.00003534901043167338 0.009999904781579971 -0.000025684188585728407 
vn -0.00003534901043167338 0.009999904781579971 -0.000025684188585728407 
vn -0.00003534901043167338 0.009999904781579971 -0.000025684188585728407 
vn -0.00003534901043167338 0.009999904781579971 -0.000025684188585728407 
vn 0.000013502120054909028 0.009999904781579971 0.00004155362694291398 
vn 0.000013502120054909028 0.009999904781579971 0.00004155362694291398 
vn 0.000013502120054909028 0.009999904781579971 0.00004155362694291398 
vn 0.000013502120054909028 0.009999904781579971 0.00004155362694291398 
vn 0.000013502120054909028 0.009999904781579971 0.00004155362694291398 
vn 0.000013502120054909028 0.009999904781579971 0.00004155362694291398 
vn 0.000013502120054909028 0.009999904781579971 0.00004155362694291398 
vn 0.000013502120054909028 0.009999904781579971 0.00004155362694291398 
vn -0.00003534901043167338 0.009999904781579971 -0.000025684188585728407 
vn -0.00003534901043167338 0.009999904781579971 -0.000025684188585728407 
vn -0.00003534901043167338 0.009999904781579971 -0.000025684188585728407 
vn -0.00003534901043167338 0.009999904781579971 -0.000025684188585728407 
vn -0.00003534901043167338 0.009999904781579971 -0.000025684188585728407 
vn -0.00003534901043167338 0.009999904781579971 -0.000025684188585728407 
vn -0.00003534901043167338 0.009999904781579971 -0.000025684188585728407 
vn -0.00003534901043167338 0.009999904781579971 -0.000025684188585728407 
vn 0.00004369377711554989 0.009999904781579971 -1.6291944460178343e-9 
vn 0.00004369377711554989 0.009999904781579971 -1.6291944460178343e-9 
vn 0.00004369377711554989 0.009999904781579971 -1.6291944460178343e-9 
vn 0.00004369377711554989 0.009999904781579971 -1.6291944460178343e-9 
vn 3.097898490739357e-15 0.000021848571122973226 0.009999976493418217 
vn 3.097898490739357e-15 0.000021848571122973226 0.009999976493418217 
vn 3.097898490739357e-15 0.000021848571122973226 0.009999976493418217 
vn 3.097898490739357e-15 0.000021848571122973226 0.009999976493418217 
vn -2.068231052255163e-15 -0.009999999776482582 1.629209989140179e-9 
vn -2.068231052255163e-15 -0.009999999776482582 1.629209989140179e-9 
vn -2.068231052255163e-15 -0.009999999776482582 1.629209989140179e-9 
vn -2.068231052255163e-15 -0.009999999776482582 1.629209989140179e-9 
vn -1.0341130909078582e-15 0.000021845313312951475 -0.009999976493418217 
vn -1.0341130909078582e-15 0.000021845313312951475 -0.009999976493418217 
vn -1.0341130909078582e-15 0.000021845313312951475 -0.009999976493418217 
vn -1.0341130909078582e-15 0.000021845313312951475 -0.009999976493418217 
vn 0 0.009999999776482582 -1.629209989140179e-9 
vn 0 0.009999999776482582 -1.629209989140179e-9 
vn 0 0.009999999776482582 -1.629209989140179e-9 
vn 0 0.009999999776482582 -1.629209989140179e-9 
vn 0.00999284815043211 0.00002184687946282793 -0.00037750464980490506 
vn 0.00999284815043211 0.00002184687946282793 -0.00037750464980490506 
vn 0.00999284815043211 0.00002184687946282793 -0.00037750464980490506 
vn 0.00999284815043211 0.00002184687946282793 -0.00037750464980490506 
vn 0.009994630701839924 0.0003276457136962563 -5.33803695690338e-11 
vn 0.009994630701839924 0.0003276457136962563 -5.33803695690338e-11 
vn 0.009994630701839924 0.0003276457136962563 -5.33803695690338e-11 
vn 0.009994630701839924 0.0003276457136962563 -5.33803695690338e-11 
vn 0.009994630701839924 -0.0003276457136962563 5.33803695690338e-11 
vn 0.009994630701839924 -0.0003276457136962563 5.33803695690338e-11 
vn 0.009994630701839924 -0.0003276457136962563 5.33803695690338e-11 
vn 0.009994630701839924 -0.0003276457136962563 5.33803695690338e-11 
vn 3.097898490739357e-15 0.000021848571122973226 0.009999976493418217 
vn 3.097898490739357e-15 0.000021848571122973226 0.009999976493418217 
vn 3.097898490739357e-15 0.000021848571122973226 0.009999976493418217 
vn 3.097898490739357e-15 0.000021848571122973226 0.009999976493418217 
vn 0 0.009999999776482582 -1.629209989140179e-9 
vn 0 0.009999999776482582 -1.629209989140179e-9 
vn 0 0.009999999776482582 -1.629209989140179e-9 
vn 0 0.009999999776482582 -1.629209989140179e-9 
vn 0 0.009999999776482582 -1.629209989140179e-9 
vn 0 0.009999999776482582 -1.629209989140179e-9 
vn 0 0.009999999776482582 -1.629209989140179e-9 
vn 0 0.009999999776482582 -1.629209989140179e-9 
vn 0.00999284815043211 0.00002184700315410737 0.00037750464980490506 
vn 0.00999284815043211 0.00002184700315410737 0.00037750464980490506 
vn 0.00999284815043211 0.00002184700315410737 0.00037750464980490506 
vn 0.00999284815043211 0.00002184700315410737 0.00037750464980490506 
vn -1.0341130909078582e-15 0.000021845313312951475 -0.009999976493418217 
vn -1.0341130909078582e-15 0.000021845313312951475 -0.009999976493418217 
vn -1.0341130909078582e-15 0.000021845313312951475 -0.009999976493418217 
vn -1.0341130909078582e-15 0.000021845313312951475 -0.009999976493418217 
vn 0.009994630701839924 -0.0003276457136962563 5.33803695690338e-11 
vn 0.009994630701839924 -0.0003276457136962563 5.33803695690338e-11 
vn 0.009994630701839924 -0.0003276457136962563 5.33803695690338e-11 
vn 0.009994630701839924 -0.0003276457136962563 5.33803695690338e-11 
vn 0 0.009999999776482582 -1.629209989140179e-9 
vn 0 0.009999999776482582 -1.629209989140179e-9 
vn 0 0.009999999776482582 -1.629209989140179e-9 
vn 0 0.009999999776482582 -1.629209989140179e-9 
vn -2.068231052255163e-15 -0.009999999776482582 1.629209989140179e-9 
vn -2.068231052255163e-15 -0.009999999776482582 1.629209989140179e-9 
vn -2.068231052255163e-15 -0.009999999776482582 1.629209989140179e-9 
vn -2.068231052255163e-15 -0.009999999776482582 1.629209989140179e-9 
vn 0.009994630701839924 -0.0003276457136962563 5.33803695690338e-11 
vn 0.009994630701839924 -0.0003276457136962563 5.33803695690338e-11 
vn 0.009994630701839924 -0.0003276457136962563 5.33803695690338e-11 
vn 0.009994630701839924 -0.0003276457136962563 5.33803695690338e-11 
vn 0 0.009999999776482582 -1.629209989140179e-9 
vn 0 0.009999999776482582 -1.629209989140179e-9 
vn 0 0.009999999776482582 -1.629209989140179e-9 
vn 0 0.009999999776482582 -1.629209989140179e-9 
vn -2.068231052255163e-15 -0.009999999776482582 1.629209989140179e-9 
vn -2.068231052255163e-15 -0.009999999776482582 1.629209989140179e-9 
vn -2.068231052255163e-15 -0.009999999776482582 1.629209989140179e-9 
vn -2.068231052255163e-15 -0.009999999776482582 1.629209989140179e-9 
vn 0.009994630701839924 -0.0003276457136962563 5.33803695690338e-11 
vn 0.009994630701839924 -0.0003276457136962563 5.33803695690338e-11 
vn 0.009994630701839924 -0.0003276457136962563 5.33803695690338e-11 
vn 0.009994630701839924 -0.0003276457136962563 5.33803695690338e-11 
vn 3.097898490739357e-15 -0.000021845313312951475 0.009999976493418217 
vn 3.097898490739357e-15 -0.000021845313312951475 0.009999976493418217 
vn 3.097898490739357e-15 -0.000021845313312951475 0.009999976493418217 
vn 3.097898490739357e-15 -0.000021845313312951475 0.009999976493418217 
vn -2.068231052255163e-15 -0.009999999776482582 1.629209989140179e-9 
vn -2.068231052255163e-15 -0.009999999776482582 1.629209989140179e-9 
vn -2.068231052255163e-15 -0.009999999776482582 1.629209989140179e-9 
vn -2.068231052255163e-15 -0.009999999776482582 1.629209989140179e-9 
vn 0.009995413944125175 0.000021846892195753753 -0.00030202954076230526 
vn 0.009995413944125175 0.000021846892195753753 -0.00030202954076230526 
vn 0.009995413944125175 0.000021846892195753753 -0.00030202954076230526 
vn 0.009995413944125175 0.000021846892195753753 -0.00030202954076230526 
vn 3.097898490739357e-15 -0.000021845313312951475 0.009999976493418217 
vn 3.097898490739357e-15 -0.000021845313312951475 0.009999976493418217 
vn 3.097898490739357e-15 -0.000021845313312951475 0.009999976493418217 
vn 3.097898490739357e-15 -0.000021845313312951475 0.009999976493418217 
vn -1.0341130909078582e-15 0.000021845313312951475 -0.009999976493418217 
vn -1.0341130909078582e-15 0.000021845313312951475 -0.009999976493418217 
vn -1.0341130909078582e-15 0.000021845313312951475 -0.009999976493418217 
vn -1.0341130909078582e-15 0.000021845313312951475 -0.009999976493418217 
vn 0.009995413944125175 0.000021846892195753753 -0.00030202954076230526 
vn 0.009995413944125175 0.000021846892195753753 -0.00030202954076230526 
vn 0.009995413944125175 0.000021846892195753753 -0.00030202954076230526 
vn 0.009995413944125175 0.000021846892195753753 -0.00030202954076230526 
vn -1.0341130909078582e-15 0.000021845313312951475 -0.009999976493418217 
vn -1.0341130909078582e-15 0.000021845313312951475 -0.009999976493418217 
vn -1.0341130909078582e-15 0.000021845313312951475 -0.009999976493418217 
vn -1.0341130909078582e-15 0.000021845313312951475 -0.009999976493418217 
vn 0.007777773775160313 0.000021847965399501845 0.006285360548645258 
vn 0.007777773775160313 0.000021847965399501845 0.006285360548645258 
vn 0.007777773775160313 0.000021847965399501845 0.006285360548645258 
vn 0.007777773775160313 0.000021847965399501845 0.006285360548645258 
vn 0.007777773775160313 0.000021845917217433453 -0.006285360548645258 
vn 0.007777773775160313 0.000021845917217433453 -0.006285360548645258 
vn 0.007777773775160313 0.000021845917217433453 -0.006285360548645258 
vn 0.007777773775160313 0.000021845917217433453 -0.006285360548645258 
vn 0.008487933315336704 -0.005287247244268656 8.614036151044502e-10 
vn 0.008487933315336704 -0.005287247244268656 8.614036151044502e-10 
vn 0.008487933315336704 -0.005287247244268656 8.614036151044502e-10 
vn 0.008487933315336704 -0.005287247244268656 8.614036151044502e-10 
vn 0.008487933315336704 0.005287247244268656 -8.614036151044502e-10 
vn 0.008487933315336704 0.005287247244268656 -8.614036151044502e-10 
vn 0.008487933315336704 0.005287247244268656 -8.614036151044502e-10 
vn 0.008487933315336704 0.005287247244268656 -8.614036151044502e-10 
vn 0.008417900651693344 0.00539805181324482 -8.794560080183089e-10 
vn 0.008417900651693344 0.00539805181324482 -8.794560080183089e-10 
vn 0.008417900651693344 0.00539805181324482 -8.794560080183089e-10 
vn 0.008417900651693344 0.00539805181324482 -8.794560080183089e-10 
vn 0.008199171163141727 -0.005724823102355003 9.326939220954955e-10 
vn 0.008199171163141727 -0.005724823102355003 9.326939220954955e-10 
vn 0.008199171163141727 -0.005724823102355003 9.326939220954955e-10 
vn 0.008199171163141727 -0.005724823102355003 9.326939220954955e-10 
vn 0.008417900651693344 0.00539805181324482 -8.794560080183089e-10 
vn 0.008417900651693344 0.00539805181324482 -8.794560080183089e-10 
vn 0.008417900651693344 0.00539805181324482 -8.794560080183089e-10 
vn 0.008417900651693344 0.00539805181324482 -8.794560080183089e-10 
vn 0.008199171163141727 -0.005724823102355003 9.326939220954955e-10 
vn 0.008199171163141727 -0.005724823102355003 9.326939220954955e-10 
vn 0.008199171163141727 -0.005724823102355003 9.326939220954955e-10 
vn 0.008199171163141727 -0.005724823102355003 9.326939220954955e-10 
vn 0.008417900651693344 0.00539805181324482 -8.794560080183089e-10 
vn 0.008417900651693344 0.00539805181324482 -8.794560080183089e-10 
vn 0.008417900651693344 0.00539805181324482 -8.794560080183089e-10 
vn 0.008417900651693344 0.00539805181324482 -8.794560080183089e-10 
vn 0.008199171163141727 -0.005724823102355003 9.326939220954955e-10 
vn 0.008199171163141727 -0.005724823102355003 9.326939220954955e-10 
vn 0.008199171163141727 -0.005724823102355003 9.326939220954955e-10 
vn 0.008199171163141727 -0.005724823102355003 9.326939220954955e-10 
vn 0.008557792752981186 -0.000021846099116373807 0.00517336605116725 
vn 0.008557792752981186 -0.000021846099116373807 0.00517336605116725 
vn 0.008557792752981186 -0.000021846099116373807 0.00517336605116725 
vn 0.008557792752981186 -0.000021846099116373807 0.00517336605116725 
vn 0.008314676582813263 0.000021846037270734087 -0.005555689334869385 
vn 0.008314676582813263 0.000021846037270734087 -0.005555689334869385 
vn 0.008314676582813263 0.000021846037270734087 -0.005555689334869385 
vn 0.008314676582813263 0.000021846037270734087 -0.005555689334869385 
vn 0.008557792752981186 -0.000021846099116373807 0.00517336605116725 
vn 0.008557792752981186 -0.000021846099116373807 0.00517336605116725 
vn 0.008557792752981186 -0.000021846099116373807 0.00517336605116725 
vn 0.008557792752981186 -0.000021846099116373807 0.00517336605116725 
vn 0.008314676582813263 0.000021846037270734087 -0.005555689334869385 
vn 0.008314676582813263 0.000021846037270734087 -0.005555689334869385 
vn 0.008314676582813263 0.000021846037270734087 -0.005555689334869385 
vn 0.008314676582813263 0.000021846037270734087 -0.005555689334869385 
vn -2.068231052255163e-15 -0.009999999776482582 1.629209989140179e-9 
vn -2.068231052255163e-15 -0.009999999776482582 1.629209989140179e-9 
vn -2.068231052255163e-15 -0.009999999776482582 1.629209989140179e-9 
vn -2.068231052255163e-15 -0.009999999776482582 1.629209989140179e-9 
vn 3.097898490739357e-15 0.000021848571122973226 0.009999976493418217 
vn 3.097898490739357e-15 0.000021848571122973226 0.009999976493418217 
vn 3.097898490739357e-15 0.000021848571122973226 0.009999976493418217 
vn 3.097898490739357e-15 0.000021848571122973226 0.009999976493418217 
vn -2.068231052255163e-15 -0.009999999776482582 1.629209989140179e-9 
vn -2.068231052255163e-15 -0.009999999776482582 1.629209989140179e-9 
vn -2.068231052255163e-15 -0.009999999776482582 1.629209989140179e-9 
vn -2.068231052255163e-15 -0.009999999776482582 1.629209989140179e-9 
vn -1.0341130909078582e-15 0.000021845313312951475 -0.009999976493418217 
vn -1.0341130909078582e-15 0.000021845313312951475 -0.009999976493418217 
vn -1.0341130909078582e-15 0.000021845313312951475 -0.009999976493418217 
vn -1.0341130909078582e-15 0.000021845313312951475 -0.009999976493418217 
vn 0 0.009999999776482582 -1.629209989140179e-9 
vn 0 0.009999999776482582 -1.629209989140179e-9 
vn 0 0.009999999776482582 -1.629209989140179e-9 
vn 0 0.009999999776482582 -1.629209989140179e-9 
vn 0.00999284815043211 0.00002184687946282793 -0.00037750464980490506 
vn 0.00999284815043211 0.00002184687946282793 -0.00037750464980490506 
vn 0.00999284815043211 0.00002184687946282793 -0.00037750464980490506 
vn 0.00999284815043211 0.00002184687946282793 -0.00037750464980490506 
vn 0.009994630701839924 0.0003276457136962563 -5.33803695690338e-11 
vn 0.009994630701839924 0.0003276457136962563 -5.33803695690338e-11 
vn 0.009994630701839924 0.0003276457136962563 -5.33803695690338e-11 
vn 0.009994630701839924 0.0003276457136962563 -5.33803695690338e-11 
vn 0.009994630701839924 -0.0003276457136962563 5.33803695690338e-11 
vn 0.009994630701839924 -0.0003276457136962563 5.33803695690338e-11 
vn 0.009994630701839924 -0.0003276457136962563 5.33803695690338e-11 
vn 0.009994630701839924 -0.0003276457136962563 5.33803695690338e-11 
vn 3.097898490739357e-15 0.000021848571122973226 0.009999976493418217 
vn 3.097898490739357e-15 0.000021848571122973226 0.009999976493418217 
vn 3.097898490739357e-15 0.000021848571122973226 0.009999976493418217 
vn 3.097898490739357e-15 0.000021848571122973226 0.009999976493418217 
vn 0 0.009999999776482582 -1.629209989140179e-9 
vn 0 0.009999999776482582 -1.629209989140179e-9 
vn 0 0.009999999776482582 -1.629209989140179e-9 
vn 0 0.009999999776482582 -1.629209989140179e-9 
vn 0 0.009999999776482582 -1.629209989140179e-9 
vn 0 0.009999999776482582 -1.629209989140179e-9 
vn 0 0.009999999776482582 -1.629209989140179e-9 
vn 0 0.009999999776482582 -1.629209989140179e-9 
vn 0.00999284815043211 0.00002184700315410737 0.00037750464980490506 
vn 0.00999284815043211 0.00002184700315410737 0.00037750464980490506 
vn 0.00999284815043211 0.00002184700315410737 0.00037750464980490506 
vn 0.00999284815043211 0.00002184700315410737 0.00037750464980490506 
vn -1.0341130909078582e-15 0.000021845313312951475 -0.009999976493418217 
vn -1.0341130909078582e-15 0.000021845313312951475 -0.009999976493418217 
vn -1.0341130909078582e-15 0.000021845313312951475 -0.009999976493418217 
vn -1.0341130909078582e-15 0.000021845313312951475 -0.009999976493418217 
vn 0.009994630701839924 -0.0003276457136962563 5.33803695690338e-11 
vn 0.009994630701839924 -0.0003276457136962563 5.33803695690338e-11 
vn 0.009994630701839924 -0.0003276457136962563 5.33803695690338e-11 
vn 0.009994630701839924 -0.0003276457136962563 5.33803695690338e-11 
vn 0 0.009999999776482582 -1.629209989140179e-9 
vn 0 0.009999999776482582 -1.629209989140179e-9 
vn 0 0.009999999776482582 -1.629209989140179e-9 
vn 0 0.009999999776482582 -1.629209989140179e-9 
vn -2.068231052255163e-15 -0.009999999776482582 1.629209989140179e-9 
vn -2.068231052255163e-15 -0.009999999776482582 1.629209989140179e-9 
vn -2.068231052255163e-15 -0.009999999776482582 1.629209989140179e-9 
vn -2.068231052255163e-15 -0.009999999776482582 1.629209989140179e-9 
vn 0.009994630701839924 -0.0003276457136962563 5.33803695690338e-11 
vn 0.009994630701839924 -0.0003276457136962563 5.33803695690338e-11 
vn 0.009994630701839924 -0.0003276457136962563 5.33803695690338e-11 
vn 0.009994630701839924 -0.0003276457136962563 5.33803695690338e-11 
vn 0 0.009999999776482582 -1.629209989140179e-9 
vn 0 0.009999999776482582 -1.629209989140179e-9 
vn 0 0.009999999776482582 -1.629209989140179e-9 
vn 0 0.009999999776482582 -1.629209989140179e-9 
vn -2.068231052255163e-15 -0.009999999776482582 1.629209989140179e-9 
vn -2.068231052255163e-15 -0.009999999776482582 1.629209989140179e-9 
vn -2.068231052255163e-15 -0.009999999776482582 1.629209989140179e-9 
vn -2.068231052255163e-15 -0.009999999776482582 1.629209989140179e-9 
vn 0.009994630701839924 -0.0003276457136962563 5.33803695690338e-11 
vn 0.009994630701839924 -0.0003276457136962563 5.33803695690338e-11 
vn 0.009994630701839924 -0.0003276457136962563 5.33803695690338e-11 
vn 0.009994630701839924 -0.0003276457136962563 5.33803695690338e-11 
vn 3.097898490739357e-15 -0.000021845313312951475 0.009999976493418217 
vn 3.097898490739357e-15 -0.000021845313312951475 0.009999976493418217 
vn 3.097898490739357e-15 -0.000021845313312951475 0.009999976493418217 
vn 3.097898490739357e-15 -0.000021845313312951475 0.009999976493418217 
vn -2.068231052255163e-15 -0.009999999776482582 1.629209989140179e-9 
vn -2.068231052255163e-15 -0.009999999776482582 1.629209989140179e-9 
vn -2.068231052255163e-15 -0.009999999776482582 1.629209989140179e-9 
vn -2.068231052255163e-15 -0.009999999776482582 1.629209989140179e-9 
vn 0.009995413944125175 0.000021846892195753753 -0.00030202954076230526 
vn 0.009995413944125175 0.000021846892195753753 -0.00030202954076230526 
vn 0.009995413944125175 0.000021846892195753753 -0.00030202954076230526 
vn 0.009995413944125175 0.000021846892195753753 -0.00030202954076230526 
vn 3.097898490739357e-15 -0.000021845313312951475 0.009999976493418217 
vn 3.097898490739357e-15 -0.000021845313312951475 0.009999976493418217 
vn 3.097898490739357e-15 -0.000021845313312951475 0.009999976493418217 
vn 3.097898490739357e-15 -0.000021845313312951475 0.009999976493418217 
vn -1.0341130909078582e-15 0.000021845313312951475 -0.009999976493418217 
vn -1.0341130909078582e-15 0.000021845313312951475 -0.009999976493418217 
vn -1.0341130909078582e-15 0.000021845313312951475 -0.009999976493418217 
vn -1.0341130909078582e-15 0.000021845313312951475 -0.009999976493418217 
vn 0.009995413944125175 0.000021846892195753753 -0.00030202954076230526 
vn 0.009995413944125175 0.000021846892195753753 -0.00030202954076230526 
vn 0.009995413944125175 0.000021846892195753753 -0.00030202954076230526 
vn 0.009995413944125175 0.000021846892195753753 -0.00030202954076230526 
vn -1.0341130909078582e-15 0.000021845313312951475 -0.009999976493418217 
vn -1.0341130909078582e-15 0.000021845313312951475 -0.009999976493418217 
vn -1.0341130909078582e-15 0.000021845313312951475 -0.009999976493418217 
vn -1.0341130909078582e-15 0.000021845313312951475 -0.009999976493418217 
vn 0.007777773775160313 0.000021847965399501845 0.006285360548645258 
vn 0.007777773775160313 0.000021847965399501845 0.006285360548645258 
vn 0.007777773775160313 0.000021847965399501845 0.006285360548645258 
vn 0.007777773775160313 0.000021847965399501845 0.006285360548645258 
vn 0.007777773775160313 0.000021845917217433453 -0.006285360548645258 
vn 0.007777773775160313 0.000021845917217433453 -0.006285360548645258 
vn 0.007777773775160313 0.000021845917217433453 -0.006285360548645258 
vn 0.007777773775160313 0.000021845917217433453 -0.006285360548645258 
vn 0.008487933315336704 -0.005287247244268656 8.614036151044502e-10 
vn 0.008487933315336704 -0.005287247244268656 8.614036151044502e-10 
vn 0.008487933315336704 -0.005287247244268656 8.614036151044502e-10 
vn 0.008487933315336704 -0.005287247244268656 8.614036151044502e-10 
vn 0.008487933315336704 0.005287247244268656 -8.614036151044502e-10 
vn 0.008487933315336704 0.005287247244268656 -8.614036151044502e-10 
vn 0.008487933315336704 0.005287247244268656 -8.614036151044502e-10 
vn 0.008487933315336704 0.005287247244268656 -8.614036151044502e-10 
vn 0.008417900651693344 0.00539805181324482 -8.794560080183089e-10 
vn 0.008417900651693344 0.00539805181324482 -8.794560080183089e-10 
vn 0.008417900651693344 0.00539805181324482 -8.794560080183089e-10 
vn 0.008417900651693344 0.00539805181324482 -8.794560080183089e-10 
vn 0.008199171163141727 -0.005724823102355003 9.326939220954955e-10 
vn 0.008199171163141727 -0.005724823102355003 9.326939220954955e-10 
vn 0.008199171163141727 -0.005724823102355003 9.326939220954955e-10 
vn 0.008199171163141727 -0.005724823102355003 9.326939220954955e-10 
vn 0.008417900651693344 0.00539805181324482 -8.794560080183089e-10 
vn 0.008417900651693344 0.00539805181324482 -8.794560080183089e-10 
vn 0.008417900651693344 0.00539805181324482 -8.794560080183089e-10 
vn 0.008417900651693344 0.00539805181324482 -8.794560080183089e-10 
vn 0.008199171163141727 -0.005724823102355003 9.326939220954955e-10 
vn 0.008199171163141727 -0.005724823102355003 9.326939220954955e-10 
vn 0.008199171163141727 -0.005724823102355003 9.326939220954955e-10 
vn 0.008199171163141727 -0.005724823102355003 9.326939220954955e-10 
vn 0.008417900651693344 0.00539805181324482 -8.794560080183089e-10 
vn 0.008417900651693344 0.00539805181324482 -8.794560080183089e-10 
vn 0.008417900651693344 0.00539805181324482 -8.794560080183089e-10 
vn 0.008417900651693344 0.00539805181324482 -8.794560080183089e-10 
vn 0.008199171163141727 -0.005724823102355003 9.326939220954955e-10 
vn 0.008199171163141727 -0.005724823102355003 9.326939220954955e-10 
vn 0.008199171163141727 -0.005724823102355003 9.326939220954955e-10 
vn 0.008199171163141727 -0.005724823102355003 9.326939220954955e-10 
vn 0.008557792752981186 -0.000021846099116373807 0.00517336605116725 
vn 0.008557792752981186 -0.000021846099116373807 0.00517336605116725 
vn 0.008557792752981186 -0.000021846099116373807 0.00517336605116725 
vn 0.008557792752981186 -0.000021846099116373807 0.00517336605116725 
vn 0.008314676582813263 0.000021846037270734087 -0.005555689334869385 
vn 0.008314676582813263 0.000021846037270734087 -0.005555689334869385 
vn 0.008314676582813263 0.000021846037270734087 -0.005555689334869385 
vn 0.008314676582813263 0.000021846037270734087 -0.005555689334869385 
vn 0.008557792752981186 -0.000021846099116373807 0.00517336605116725 
vn 0.008557792752981186 -0.000021846099116373807 0.00517336605116725 
vn 0.008557792752981186 -0.000021846099116373807 0.00517336605116725 
vn 0.008557792752981186 -0.000021846099116373807 0.00517336605116725 
vn 0.008314676582813263 0.000021846037270734087 -0.005555689334869385 
vn 0.008314676582813263 0.000021846037270734087 -0.005555689334869385 
vn 0.008314676582813263 0.000021846037270734087 -0.005555689334869385 
vn 0.008314676582813263 0.000021846037270734087 -0.005555689334869385 
vn -2.068231052255163e-15 -0.009999999776482582 1.629209989140179e-9 
vn -2.068231052255163e-15 -0.009999999776482582 1.629209989140179e-9 
vn -2.068231052255163e-15 -0.009999999776482582 1.629209989140179e-9 
vn -2.068231052255163e-15 -0.009999999776482582 1.629209989140179e-9 
vn 3.097898490739357e-15 0.000021848571122973226 0.009999976493418217 
vn 3.097898490739357e-15 0.000021848571122973226 0.009999976493418217 
vn 3.097898490739357e-15 0.000021848571122973226 0.009999976493418217 
vn 3.097898490739357e-15 0.000021848571122973226 0.009999976493418217 
vn -2.068231052255163e-15 -0.009999999776482582 1.629209989140179e-9 
vn -2.068231052255163e-15 -0.009999999776482582 1.629209989140179e-9 
vn -2.068231052255163e-15 -0.009999999776482582 1.629209989140179e-9 
vn -2.068231052255163e-15 -0.009999999776482582 1.629209989140179e-9 
vn -1.0341130909078582e-15 0.000021845313312951475 -0.009999976493418217 
vn -1.0341130909078582e-15 0.000021845313312951475 -0.009999976493418217 
vn -1.0341130909078582e-15 0.000021845313312951475 -0.009999976493418217 
vn -1.0341130909078582e-15 0.000021845313312951475 -0.009999976493418217 
vn 0 0.009999999776482582 -1.629209989140179e-9 
vn 0 0.009999999776482582 -1.629209989140179e-9 
vn 0 0.009999999776482582 -1.629209989140179e-9 
vn 0 0.009999999776482582 -1.629209989140179e-9 
vn 0.00999284815043211 0.00002184687946282793 -0.00037750464980490506 
vn 0.00999284815043211 0.00002184687946282793 -0.00037750464980490506 
vn 0.00999284815043211 0.00002184687946282793 -0.00037750464980490506 
vn 0.00999284815043211 0.00002184687946282793 -0.00037750464980490506 
vn 0.009994630701839924 0.0003276457136962563 -5.33803695690338e-11 
vn 0.009994630701839924 0.0003276457136962563 -5.33803695690338e-11 
vn 0.009994630701839924 0.0003276457136962563 -5.33803695690338e-11 
vn 0.009994630701839924 0.0003276457136962563 -5.33803695690338e-11 
vn 0.009994630701839924 -0.0003276457136962563 5.33803695690338e-11 
vn 0.009994630701839924 -0.0003276457136962563 5.33803695690338e-11 
vn 0.009994630701839924 -0.0003276457136962563 5.33803695690338e-11 
vn 0.009994630701839924 -0.0003276457136962563 5.33803695690338e-11 
vn 3.097898490739357e-15 0.000021848571122973226 0.009999976493418217 
vn 3.097898490739357e-15 0.000021848571122973226 0.009999976493418217 
vn 3.097898490739357e-15 0.000021848571122973226 0.009999976493418217 
vn 3.097898490739357e-15 0.000021848571122973226 0.009999976493418217 
vn 0 0.009999999776482582 -1.629209989140179e-9 
vn 0 0.009999999776482582 -1.629209989140179e-9 
vn 0 0.009999999776482582 -1.629209989140179e-9 
vn 0 0.009999999776482582 -1.629209989140179e-9 
vn 0 0.009999999776482582 -1.629209989140179e-9 
vn 0 0.009999999776482582 -1.629209989140179e-9 
vn 0 0.009999999776482582 -1.629209989140179e-9 
vn 0 0.009999999776482582 -1.629209989140179e-9 
vn 0.00999284815043211 0.00002184700315410737 0.00037750464980490506 
vn 0.00999284815043211 0.00002184700315410737 0.00037750464980490506 
vn 0.00999284815043211 0.00002184700315410737 0.00037750464980490506 
vn 0.00999284815043211 0.00002184700315410737 0.00037750464980490506 
vn -1.0341130909078582e-15 0.000021845313312951475 -0.009999976493418217 
vn -1.0341130909078582e-15 0.000021845313312951475 -0.009999976493418217 
vn -1.0341130909078582e-15 0.000021845313312951475 -0.009999976493418217 
vn -1.0341130909078582e-15 0.000021845313312951475 -0.009999976493418217 
vn 0.009994630701839924 -0.0003276457136962563 5.33803695690338e-11 
vn 0.009994630701839924 -0.0003276457136962563 5.33803695690338e-11 
vn 0.009994630701839924 -0.0003276457136962563 5.33803695690338e-11 
vn 0.009994630701839924 -0.0003276457136962563 5.33803695690338e-11 
vn 0 0.009999999776482582 -1.629209989140179e-9 
vn 0 0.009999999776482582 -1.629209989140179e-9 
vn 0 0.009999999776482582 -1.629209989140179e-9 
vn 0 0.009999999776482582 -1.629209989140179e-9 
vn -2.068231052255163e-15 -0.009999999776482582 1.629209989140179e-9 
vn -2.068231052255163e-15 -0.009999999776482582 1.629209989140179e-9 
vn -2.068231052255163e-15 -0.009999999776482582 1.629209989140179e-9 
vn -2.068231052255163e-15 -0.009999999776482582 1.629209989140179e-9 
vn 0.009994630701839924 -0.0003276457136962563 5.33803695690338e-11 
vn 0.009994630701839924 -0.0003276457136962563 5.33803695690338e-11 
vn 0.009994630701839924 -0.0003276457136962563 5.33803695690338e-11 
vn 0.009994630701839924 -0.0003276457136962563 5.33803695690338e-11 
vn 0 0.009999999776482582 -1.629209989140179e-9 
vn 0 0.009999999776482582 -1.629209989140179e-9 
vn 0 0.009999999776482582 -1.629209989140179e-9 
vn 0 0.009999999776482582 -1.629209989140179e-9 
vn -2.068231052255163e-15 -0.009999999776482582 1.629209989140179e-9 
vn -2.068231052255163e-15 -0.009999999776482582 1.629209989140179e-9 
vn -2.068231052255163e-15 -0.009999999776482582 1.629209989140179e-9 
vn -2.068231052255163e-15 -0.009999999776482582 1.629209989140179e-9 
vn 0.009994630701839924 -0.0003276457136962563 5.33803695690338e-11 
vn 0.009994630701839924 -0.0003276457136962563 5.33803695690338e-11 
vn 0.009994630701839924 -0.0003276457136962563 5.33803695690338e-11 
vn 0.009994630701839924 -0.0003276457136962563 5.33803695690338e-11 
vn 3.097898490739357e-15 -0.000021845313312951475 0.009999976493418217 
vn 3.097898490739357e-15 -0.000021845313312951475 0.009999976493418217 
vn 3.097898490739357e-15 -0.000021845313312951475 0.009999976493418217 
vn 3.097898490739357e-15 -0.000021845313312951475 0.009999976493418217 
vn -2.068231052255163e-15 -0.009999999776482582 1.629209989140179e-9 
vn -2.068231052255163e-15 -0.009999999776482582 1.629209989140179e-9 
vn -2.068231052255163e-15 -0.009999999776482582 1.629209989140179e-9 
vn -2.068231052255163e-15 -0.009999999776482582 1.629209989140179e-9 
vn 0.009995413944125175 0.000021846892195753753 -0.00030202954076230526 
vn 0.009995413944125175 0.000021846892195753753 -0.00030202954076230526 
vn 0.009995413944125175 0.000021846892195753753 -0.00030202954076230526 
vn 0.009995413944125175 0.000021846892195753753 -0.00030202954076230526 
vn 3.097898490739357e-15 -0.000021845313312951475 0.009999976493418217 
vn 3.097898490739357e-15 -0.000021845313312951475 0.009999976493418217 
vn 3.097898490739357e-15 -0.000021845313312951475 0.009999976493418217 
vn 3.097898490739357e-15 -0.000021845313312951475 0.009999976493418217 
vn -1.0341130909078582e-15 0.000021845313312951475 -0.009999976493418217 
vn -1.0341130909078582e-15 0.000021845313312951475 -0.009999976493418217 
vn -1.0341130909078582e-15 0.000021845313312951475 -0.009999976493418217 
vn -1.0341130909078582e-15 0.000021845313312951475 -0.009999976493418217 
vn 0.009995413944125175 0.000021846892195753753 -0.00030202954076230526 
vn 0.009995413944125175 0.000021846892195753753 -0.00030202954076230526 
vn 0.009995413944125175 0.000021846892195753753 -0.00030202954076230526 
vn 0.009995413944125175 0.000021846892195753753 -0.00030202954076230526 
vn -1.0341130909078582e-15 0.000021845313312951475 -0.009999976493418217 
vn -1.0341130909078582e-15 0.000021845313312951475 -0.009999976493418217 
vn -1.0341130909078582e-15 0.000021845313312951475 -0.009999976493418217 
vn -1.0341130909078582e-15 0.000021845313312951475 -0.009999976493418217 
vn 0.007777773775160313 0.000021847965399501845 0.006285360548645258 
vn 0.007777773775160313 0.000021847965399501845 0.006285360548645258 
vn 0.007777773775160313 0.000021847965399501845 0.006285360548645258 
vn 0.007777773775160313 0.000021847965399501845 0.006285360548645258 
vn 0.007777773775160313 0.000021845917217433453 -0.006285360548645258 
vn 0.007777773775160313 0.000021845917217433453 -0.006285360548645258 
vn 0.007777773775160313 0.000021845917217433453 -0.006285360548645258 
vn 0.007777773775160313 0.000021845917217433453 -0.006285360548645258 
vn 0.008487933315336704 -0.005287247244268656 8.614036151044502e-10 
vn 0.008487933315336704 -0.005287247244268656 8.614036151044502e-10 
vn 0.008487933315336704 -0.005287247244268656 8.614036151044502e-10 
vn 0.008487933315336704 -0.005287247244268656 8.614036151044502e-10 
vn 0.008487933315336704 0.005287247244268656 -8.614036151044502e-10 
vn 0.008487933315336704 0.005287247244268656 -8.614036151044502e-10 
vn 0.008487933315336704 0.005287247244268656 -8.614036151044502e-10 
vn 0.008487933315336704 0.005287247244268656 -8.614036151044502e-10 
vn 0.008417900651693344 0.00539805181324482 -8.794560080183089e-10 
vn 0.008417900651693344 0.00539805181324482 -8.794560080183089e-10 
vn 0.008417900651693344 0.00539805181324482 -8.794560080183089e-10 
vn 0.008417900651693344 0.00539805181324482 -8.794560080183089e-10 
vn 0.008199171163141727 -0.005724823102355003 9.326939220954955e-10 
vn 0.008199171163141727 -0.005724823102355003 9.326939220954955e-10 
vn 0.008199171163141727 -0.005724823102355003 9.326939220954955e-10 
vn 0.008199171163141727 -0.005724823102355003 9.326939220954955e-10 
vn 0.008417900651693344 0.00539805181324482 -8.794560080183089e-10 
vn 0.008417900651693344 0.00539805181324482 -8.794560080183089e-10 
vn 0.008417900651693344 0.00539805181324482 -8.794560080183089e-10 
vn 0.008417900651693344 0.00539805181324482 -8.794560080183089e-10 
vn 0.008199171163141727 -0.005724823102355003 9.326939220954955e-10 
vn 0.008199171163141727 -0.005724823102355003 9.326939220954955e-10 
vn 0.008199171163141727 -0.005724823102355003 9.326939220954955e-10 
vn 0.008199171163141727 -0.005724823102355003 9.326939220954955e-10 
vn 0.008417900651693344 0.00539805181324482 -8.794560080183089e-10 
vn 0.008417900651693344 0.00539805181324482 -8.794560080183089e-10 
vn 0.008417900651693344 0.00539805181324482 -8.794560080183089e-10 
vn 0.008417900651693344 0.00539805181324482 -8.794560080183089e-10 
vn 0.008199171163141727 -0.005724823102355003 9.326939220954955e-10 
vn 0.008199171163141727 -0.005724823102355003 9.326939220954955e-10 
vn 0.008199171163141727 -0.005724823102355003 9.326939220954955e-10 
vn 0.008199171163141727 -0.005724823102355003 9.326939220954955e-10 
vn 0.008557792752981186 -0.000021846099116373807 0.00517336605116725 
vn 0.008557792752981186 -0.000021846099116373807 0.00517336605116725 
vn 0.008557792752981186 -0.000021846099116373807 0.00517336605116725 
vn 0.008557792752981186 -0.000021846099116373807 0.00517336605116725 
vn 0.008314676582813263 0.000021846037270734087 -0.005555689334869385 
vn 0.008314676582813263 0.000021846037270734087 -0.005555689334869385 
vn 0.008314676582813263 0.000021846037270734087 -0.005555689334869385 
vn 0.008314676582813263 0.000021846037270734087 -0.005555689334869385 
vn 0.008557792752981186 -0.000021846099116373807 0.00517336605116725 
vn 0.008557792752981186 -0.000021846099116373807 0.00517336605116725 
vn 0.008557792752981186 -0.000021846099116373807 0.00517336605116725 
vn 0.008557792752981186 -0.000021846099116373807 0.00517336605116725 
vn 0.008314676582813263 0.000021846037270734087 -0.005555689334869385 
vn 0.008314676582813263 0.000021846037270734087 -0.005555689334869385 
vn 0.008314676582813263 0.000021846037270734087 -0.005555689334869385 
vn 0.008314676582813263 0.000021846037270734087 -0.005555689334869385 
vn -2.068231052255163e-15 -0.009999999776482582 1.629209989140179e-9 
vn -2.068231052255163e-15 -0.009999999776482582 1.629209989140179e-9 
vn -2.068231052255163e-15 -0.009999999776482582 1.629209989140179e-9 
vn -2.068231052255163e-15 -0.009999999776482582 1.629209989140179e-9 
vn 3.097898490739357e-15 0.000021848571122973226 0.009999976493418217 
vn 3.097898490739357e-15 0.000021848571122973226 0.009999976493418217 
vn 3.097898490739357e-15 0.000021848571122973226 0.009999976493418217 
vn 3.097898490739357e-15 0.000021848571122973226 0.009999976493418217 
vn -2.068231052255163e-15 -0.009999999776482582 1.629209989140179e-9 
vn -2.068231052255163e-15 -0.009999999776482582 1.629209989140179e-9 
vn -2.068231052255163e-15 -0.009999999776482582 1.629209989140179e-9 
vn -2.068231052255163e-15 -0.009999999776482582 1.629209989140179e-9 
vn -1.0341130909078582e-15 0.000021845313312951475 -0.009999976493418217 
vn -1.0341130909078582e-15 0.000021845313312951475 -0.009999976493418217 
vn -1.0341130909078582e-15 0.000021845313312951475 -0.009999976493418217 
vn -1.0341130909078582e-15 0.000021845313312951475 -0.009999976493418217 
vn 0 0.009999999776482582 -1.629209989140179e-9 
vn 0 0.009999999776482582 -1.629209989140179e-9 
vn 0 0.009999999776482582 -1.629209989140179e-9 
vn 0 0.009999999776482582 -1.629209989140179e-9 
vn 0.00999284815043211 0.00002184687946282793 -0.00037750464980490506 
vn 0.00999284815043211 0.00002184687946282793 -0.00037750464980490506 
vn 0.00999284815043211 0.00002184687946282793 -0.00037750464980490506 
vn 0.00999284815043211 0.00002184687946282793 -0.00037750464980490506 
vn 0.009994630701839924 0.0003276457136962563 -5.33803695690338e-11 
vn 0.009994630701839924 0.0003276457136962563 -5.33803695690338e-11 
vn 0.009994630701839924 0.0003276457136962563 -5.33803695690338e-11 
vn 0.009994630701839924 0.0003276457136962563 -5.33803695690338e-11 
vn 0.009994630701839924 -0.0003276457136962563 5.33803695690338e-11 
vn 0.009994630701839924 -0.0003276457136962563 5.33803695690338e-11 
vn 0.009994630701839924 -0.0003276457136962563 5.33803695690338e-11 
vn 0.009994630701839924 -0.0003276457136962563 5.33803695690338e-11 
vn 3.097898490739357e-15 0.000021848571122973226 0.009999976493418217 
vn 3.097898490739357e-15 0.000021848571122973226 0.009999976493418217 
vn 3.097898490739357e-15 0.000021848571122973226 0.009999976493418217 
vn 3.097898490739357e-15 0.000021848571122973226 0.009999976493418217 
vn 0 0.009999999776482582 -1.629209989140179e-9 
vn 0 0.009999999776482582 -1.629209989140179e-9 
vn 0 0.009999999776482582 -1.629209989140179e-9 
vn 0 0.009999999776482582 -1.629209989140179e-9 
vn 0 0.009999999776482582 -1.629209989140179e-9 
vn 0 0.009999999776482582 -1.629209989140179e-9 
vn 0 0.009999999776482582 -1.629209989140179e-9 
vn 0 0.009999999776482582 -1.629209989140179e-9 
vn 0.00999284815043211 0.00002184700315410737 0.00037750464980490506 
vn 0.00999284815043211 0.00002184700315410737 0.00037750464980490506 
vn 0.00999284815043211 0.00002184700315410737 0.00037750464980490506 
vn 0.00999284815043211 0.00002184700315410737 0.00037750464980490506 
vn -1.0341130909078582e-15 0.000021845313312951475 -0.009999976493418217 
vn -1.0341130909078582e-15 0.000021845313312951475 -0.009999976493418217 
vn -1.0341130909078582e-15 0.000021845313312951475 -0.009999976493418217 
vn -1.0341130909078582e-15 0.000021845313312951475 -0.009999976493418217 
vn 0.009994630701839924 -0.0003276457136962563 5.33803695690338e-11 
vn 0.009994630701839924 -0.0003276457136962563 5.33803695690338e-11 
vn 0.009994630701839924 -0.0003276457136962563 5.33803695690338e-11 
vn 0.009994630701839924 -0.0003276457136962563 5.33803695690338e-11 
vn 0 0.009999999776482582 -1.629209989140179e-9 
vn 0 0.009999999776482582 -1.629209989140179e-9 
vn 0 0.009999999776482582 -1.629209989140179e-9 
vn 0 0.009999999776482582 -1.629209989140179e-9 
vn -2.068231052255163e-15 -0.009999999776482582 1.629209989140179e-9 
vn -2.068231052255163e-15 -0.009999999776482582 1.629209989140179e-9 
vn -2.068231052255163e-15 -0.009999999776482582 1.629209989140179e-9 
vn -2.068231052255163e-15 -0.009999999776482582 1.629209989140179e-9 
vn 0.009994630701839924 -0.0003276457136962563 5.33803695690338e-11 
vn 0.009994630701839924 -0.0003276457136962563 5.33803695690338e-11 
vn 0.009994630701839924 -0.0003276457136962563 5.33803695690338e-11 
vn 0.009994630701839924 -0.0003276457136962563 5.33803695690338e-11 
vn 0 0.009999999776482582 -1.629209989140179e-9 
vn 0 0.009999999776482582 -1.629209989140179e-9 
vn 0 0.009999999776482582 -1.629209989140179e-9 
vn 0 0.009999999776482582 -1.629209989140179e-9 
vn -2.068231052255163e-15 -0.009999999776482582 1.629209989140179e-9 
vn -2.068231052255163e-15 -0.009999999776482582 1.629209989140179e-9 
vn -2.068231052255163e-15 -0.009999999776482582 1.629209989140179e-9 
vn -2.068231052255163e-15 -0.009999999776482582 1.629209989140179e-9 
vn 0.009994630701839924 -0.0003276457136962563 5.33803695690338e-11 
vn 0.009994630701839924 -0.0003276457136962563 5.33803695690338e-11 
vn 0.009994630701839924 -0.0003276457136962563 5.33803695690338e-11 
vn 0.009994630701839924 -0.0003276457136962563 5.33803695690338e-11 
vn 3.097898490739357e-15 -0.000021845313312951475 0.009999976493418217 
vn 3.097898490739357e-15 -0.000021845313312951475 0.009999976493418217 
vn 3.097898490739357e-15 -0.000021845313312951475 0.009999976493418217 
vn 3.097898490739357e-15 -0.000021845313312951475 0.009999976493418217 
vn -2.068231052255163e-15 -0.009999999776482582 1.629209989140179e-9 
vn -2.068231052255163e-15 -0.009999999776482582 1.629209989140179e-9 
vn -2.068231052255163e-15 -0.009999999776482582 1.629209989140179e-9 
vn -2.068231052255163e-15 -0.009999999776482582 1.629209989140179e-9 
vn 0.009995413944125175 0.000021846892195753753 -0.00030202954076230526 
vn 0.009995413944125175 0.000021846892195753753 -0.00030202954076230526 
vn 0.009995413944125175 0.000021846892195753753 -0.00030202954076230526 
vn 0.009995413944125175 0.000021846892195753753 -0.00030202954076230526 
vn 3.097898490739357e-15 -0.000021845313312951475 0.009999976493418217 
vn 3.097898490739357e-15 -0.000021845313312951475 0.009999976493418217 
vn 3.097898490739357e-15 -0.000021845313312951475 0.009999976493418217 
vn 3.097898490739357e-15 -0.000021845313312951475 0.009999976493418217 
vn -1.0341130909078582e-15 0.000021845313312951475 -0.009999976493418217 
vn -1.0341130909078582e-15 0.000021845313312951475 -0.009999976493418217 
vn -1.0341130909078582e-15 0.000021845313312951475 -0.009999976493418217 
vn -1.0341130909078582e-15 0.000021845313312951475 -0.009999976493418217 
vn 0.009995413944125175 0.000021846892195753753 -0.00030202954076230526 
vn 0.009995413944125175 0.000021846892195753753 -0.00030202954076230526 
vn 0.009995413944125175 0.000021846892195753753 -0.00030202954076230526 
vn 0.009995413944125175 0.000021846892195753753 -0.00030202954076230526 
vn -1.0341130909078582e-15 0.000021845313312951475 -0.009999976493418217 
vn -1.0341130909078582e-15 0.000021845313312951475 -0.009999976493418217 
vn -1.0341130909078582e-15 0.000021845313312951475 -0.009999976493418217 
vn -1.0341130909078582e-15 0.000021845313312951475 -0.009999976493418217 
vn 0.007777773775160313 0.000021847965399501845 0.006285360548645258 
vn 0.007777773775160313 0.000021847965399501845 0.006285360548645258 
vn 0.007777773775160313 0.000021847965399501845 0.006285360548645258 
vn 0.007777773775160313 0.000021847965399501845 0.006285360548645258 
vn 0.007777773775160313 0.000021845917217433453 -0.006285360548645258 
vn 0.007777773775160313 0.000021845917217433453 -0.006285360548645258 
vn 0.007777773775160313 0.000021845917217433453 -0.006285360548645258 
vn 0.007777773775160313 0.000021845917217433453 -0.006285360548645258 
vn 0.008487933315336704 -0.005287247244268656 8.614036151044502e-10 
vn 0.008487933315336704 -0.005287247244268656 8.614036151044502e-10 
vn 0.008487933315336704 -0.005287247244268656 8.614036151044502e-10 
vn 0.008487933315336704 -0.005287247244268656 8.614036151044502e-10 
vn 0.008487933315336704 0.005287247244268656 -8.614036151044502e-10 
vn 0.008487933315336704 0.005287247244268656 -8.614036151044502e-10 
vn 0.008487933315336704 0.005287247244268656 -8.614036151044502e-10 
vn 0.008487933315336704 0.005287247244268656 -8.614036151044502e-10 
vn 0.008417900651693344 0.00539805181324482 -8.794560080183089e-10 
vn 0.008417900651693344 0.00539805181324482 -8.794560080183089e-10 
vn 0.008417900651693344 0.00539805181324482 -8.794560080183089e-10 
vn 0.008417900651693344 0.00539805181324482 -8.794560080183089e-10 
vn 0.008199171163141727 -0.005724823102355003 9.326939220954955e-10 
vn 0.008199171163141727 -0.005724823102355003 9.326939220954955e-10 
vn 0.008199171163141727 -0.005724823102355003 9.326939220954955e-10 
vn 0.008199171163141727 -0.005724823102355003 9.326939220954955e-10 
vn 0.008417900651693344 0.00539805181324482 -8.794560080183089e-10 
vn 0.008417900651693344 0.00539805181324482 -8.794560080183089e-10 
vn 0.008417900651693344 0.00539805181324482 -8.794560080183089e-10 
vn 0.008417900651693344 0.00539805181324482 -8.794560080183089e-10 
vn 0.008199171163141727 -0.005724823102355003 9.326939220954955e-10 
vn 0.008199171163141727 -0.005724823102355003 9.326939220954955e-10 
vn 0.008199171163141727 -0.005724823102355003 9.326939220954955e-10 
vn 0.008199171163141727 -0.005724823102355003 9.326939220954955e-10 
vn 0.008417900651693344 0.00539805181324482 -8.794560080183089e-10 
vn 0.008417900651693344 0.00539805181324482 -8.794560080183089e-10 
vn 0.008417900651693344 0.00539805181324482 -8.794560080183089e-10 
vn 0.008417900651693344 0.00539805181324482 -8.794560080183089e-10 
vn 0.008199171163141727 -0.005724823102355003 9.326939220954955e-10 
vn 0.008199171163141727 -0.005724823102355003 9.326939220954955e-10 
vn 0.008199171163141727 -0.005724823102355003 9.326939220954955e-10 
vn 0.008199171163141727 -0.005724823102355003 9.326939220954955e-10 
vn 0.008557792752981186 -0.000021846099116373807 0.00517336605116725 
vn 0.008557792752981186 -0.000021846099116373807 0.00517336605116725 
vn 0.008557792752981186 -0.000021846099116373807 0.00517336605116725 
vn 0.008557792752981186 -0.000021846099116373807 0.00517336605116725 
vn 0.008314676582813263 0.000021846037270734087 -0.005555689334869385 
vn 0.008314676582813263 0.000021846037270734087 -0.005555689334869385 
vn 0.008314676582813263 0.000021846037270734087 -0.005555689334869385 
vn 0.008314676582813263 0.000021846037270734087 -0.005555689334869385 
vn 0.008557792752981186 -0.000021846099116373807 0.00517336605116725 
vn 0.008557792752981186 -0.000021846099116373807 0.00517336605116725 
vn 0.008557792752981186 -0.000021846099116373807 0.00517336605116725 
vn 0.008557792752981186 -0.000021846099116373807 0.00517336605116725 
vn 0.008314676582813263 0.000021846037270734087 -0.005555689334869385 
vn 0.008314676582813263 0.000021846037270734087 -0.005555689334869385 
vn 0.008314676582813263 0.000021846037270734087 -0.005555689334869385 
vn 0.008314676582813263 0.000021846037270734087 -0.005555689334869385 
vn -2.068231052255163e-15 -0.009999999776482582 1.629209989140179e-9 
vn -2.068231052255163e-15 -0.009999999776482582 1.629209989140179e-9 
vn -2.068231052255163e-15 -0.009999999776482582 1.629209989140179e-9 
vn -2.068231052255163e-15 -0.009999999776482582 1.629209989140179e-9 
vn 3.097898490739357e-15 0.000021848571122973226 0.009999976493418217 
vn 3.097898490739357e-15 0.000021848571122973226 0.009999976493418217 
vn 3.097898490739357e-15 0.000021848571122973226 0.009999976493418217 
vn 3.097898490739357e-15 0.000021848571122973226 0.009999976493418217 
vn -2.068231052255163e-15 -0.009999999776482582 1.629209989140179e-9 
vn -2.068231052255163e-15 -0.009999999776482582 1.629209989140179e-9 
vn -2.068231052255163e-15 -0.009999999776482582 1.629209989140179e-9 
vn -2.068231052255163e-15 -0.009999999776482582 1.629209989140179e-9 
vn -1.0341130909078582e-15 0.000021845313312951475 -0.009999976493418217 
vn -1.0341130909078582e-15 0.000021845313312951475 -0.009999976493418217 
vn -1.0341130909078582e-15 0.000021845313312951475 -0.009999976493418217 
vn -1.0341130909078582e-15 0.000021845313312951475 -0.009999976493418217 
vn 0 0.009999999776482582 -1.629209989140179e-9 
vn 0 0.009999999776482582 -1.629209989140179e-9 
vn 0 0.009999999776482582 -1.629209989140179e-9 
vn 0 0.009999999776482582 -1.629209989140179e-9 
vn 0.00999284815043211 0.00002184687946282793 -0.00037750464980490506 
vn 0.00999284815043211 0.00002184687946282793 -0.00037750464980490506 
vn 0.00999284815043211 0.00002184687946282793 -0.00037750464980490506 
vn 0.00999284815043211 0.00002184687946282793 -0.00037750464980490506 
vn 0.009994630701839924 0.0003276457136962563 -5.33803695690338e-11 
vn 0.009994630701839924 0.0003276457136962563 -5.33803695690338e-11 
vn 0.009994630701839924 0.0003276457136962563 -5.33803695690338e-11 
vn 0.009994630701839924 0.0003276457136962563 -5.33803695690338e-11 
vn 0.009994630701839924 -0.0003276457136962563 5.33803695690338e-11 
vn 0.009994630701839924 -0.0003276457136962563 5.33803695690338e-11 
vn 0.009994630701839924 -0.0003276457136962563 5.33803695690338e-11 
vn 0.009994630701839924 -0.0003276457136962563 5.33803695690338e-11 
vn 3.097898490739357e-15 0.000021848571122973226 0.009999976493418217 
vn 3.097898490739357e-15 0.000021848571122973226 0.009999976493418217 
vn 3.097898490739357e-15 0.000021848571122973226 0.009999976493418217 
vn 3.097898490739357e-15 0.000021848571122973226 0.009999976493418217 
vn 0 0.009999999776482582 -1.629209989140179e-9 
vn 0 0.009999999776482582 -1.629209989140179e-9 
vn 0 0.009999999776482582 -1.629209989140179e-9 
vn 0 0.009999999776482582 -1.629209989140179e-9 
vn 0 0.009999999776482582 -1.629209989140179e-9 
vn 0 0.009999999776482582 -1.629209989140179e-9 
vn 0 0.009999999776482582 -1.629209989140179e-9 
vn 0 0.009999999776482582 -1.629209989140179e-9 
vn 0.00999284815043211 0.00002184700315410737 0.00037750464980490506 
vn 0.00999284815043211 0.00002184700315410737 0.00037750464980490506 
vn 0.00999284815043211 0.00002184700315410737 0.00037750464980490506 
vn 0.00999284815043211 0.00002184700315410737 0.00037750464980490506 
vn -1.0341130909078582e-15 0.000021845313312951475 -0.009999976493418217 
vn -1.0341130909078582e-15 0.000021845313312951475 -0.009999976493418217 
vn -1.0341130909078582e-15 0.000021845313312951475 -0.009999976493418217 
vn -1.0341130909078582e-15 0.000021845313312951475 -0.009999976493418217 
vn 0.009994630701839924 -0.0003276457136962563 5.33803695690338e-11 
vn 0.009994630701839924 -0.0003276457136962563 5.33803695690338e-11 
vn 0.009994630701839924 -0.0003276457136962563 5.33803695690338e-11 
vn 0.009994630701839924 -0.0003276457136962563 5.33803695690338e-11 
vn 0 0.009999999776482582 -1.629209989140179e-9 
vn 0 0.009999999776482582 -1.629209989140179e-9 
vn 0 0.009999999776482582 -1.629209989140179e-9 
vn 0 0.009999999776482582 -1.629209989140179e-9 
vn -2.068231052255163e-15 -0.009999999776482582 1.629209989140179e-9 
vn -2.068231052255163e-15 -0.009999999776482582 1.629209989140179e-9 
vn -2.068231052255163e-15 -0.009999999776482582 1.629209989140179e-9 
vn -2.068231052255163e-15 -0.009999999776482582 1.629209989140179e-9 
vn 0.009994630701839924 -0.0003276457136962563 5.33803695690338e-11 
vn 0.009994630701839924 -0.0003276457136962563 5.33803695690338e-11 
vn 0.009994630701839924 -0.0003276457136962563 5.33803695690338e-11 
vn 0.009994630701839924 -0.0003276457136962563 5.33803695690338e-11 
vn 0 0.009999999776482582 -1.629209989140179e-9 
vn 0 0.009999999776482582 -1.629209989140179e-9 
vn 0 0.009999999776482582 -1.629209989140179e-9 
vn 0 0.009999999776482582 -1.629209989140179e-9 
vn -2.068231052255163e-15 -0.009999999776482582 1.629209989140179e-9 
vn -2.068231052255163e-15 -0.009999999776482582 1.629209989140179e-9 
vn -2.068231052255163e-15 -0.009999999776482582 1.629209989140179e-9 
vn -2.068231052255163e-15 -0.009999999776482582 1.629209989140179e-9 
vn 0.009994630701839924 -0.0003276457136962563 5.33803695690338e-11 
vn 0.009994630701839924 -0.0003276457136962563 5.33803695690338e-11 
vn 0.009994630701839924 -0.0003276457136962563 5.33803695690338e-11 
vn 0.009994630701839924 -0.0003276457136962563 5.33803695690338e-11 
vn 3.097898490739357e-15 -0.000021845313312951475 0.009999976493418217 
vn 3.097898490739357e-15 -0.000021845313312951475 0.009999976493418217 
vn 3.097898490739357e-15 -0.000021845313312951475 0.009999976493418217 
vn 3.097898490739357e-15 -0.000021845313312951475 0.009999976493418217 
vn -2.068231052255163e-15 -0.009999999776482582 1.629209989140179e-9 
vn -2.068231052255163e-15 -0.009999999776482582 1.629209989140179e-9 
vn -2.068231052255163e-15 -0.009999999776482582 1.629209989140179e-9 
vn -2.068231052255163e-15 -0.009999999776482582 1.629209989140179e-9 
vn 0.009995413944125175 0.000021846892195753753 -0.00030202954076230526 
vn 0.009995413944125175 0.000021846892195753753 -0.00030202954076230526 
vn 0.009995413944125175 0.000021846892195753753 -0.00030202954076230526 
vn 0.009995413944125175 0.000021846892195753753 -0.00030202954076230526 
vn 3.097898490739357e-15 0.000021848571122973226 0.009999976493418217 
vn 3.097898490739357e-15 0.000021848571122973226 0.009999976493418217 
vn 3.097898490739357e-15 0.000021848571122973226 0.009999976493418217 
vn 3.097898490739357e-15 0.000021848571122973226 0.009999976493418217 
vn -1.0341130909078582e-15 0.000021845313312951475 -0.009999976493418217 
vn -1.0341130909078582e-15 0.000021845313312951475 -0.009999976493418217 
vn -1.0341130909078582e-15 0.000021845313312951475 -0.009999976493418217 
vn -1.0341130909078582e-15 0.000021845313312951475 -0.009999976493418217 
vn 0.009995413944125175 0.000021846892195753753 -0.00030202954076230526 
vn 0.009995413944125175 0.000021846892195753753 -0.00030202954076230526 
vn 0.009995413944125175 0.000021846892195753753 -0.00030202954076230526 
vn 0.009995413944125175 0.000021846892195753753 -0.00030202954076230526 
vn -1.0341130909078582e-15 0.000021845313312951475 -0.009999976493418217 
vn -1.0341130909078582e-15 0.000021845313312951475 -0.009999976493418217 
vn -1.0341130909078582e-15 0.000021845313312951475 -0.009999976493418217 
vn -1.0341130909078582e-15 0.000021845313312951475 -0.009999976493418217 
vn 0.007777773775160313 0.000021847965399501845 0.006285360548645258 
vn 0.007777773775160313 0.000021847965399501845 0.006285360548645258 
vn 0.007777773775160313 0.000021847965399501845 0.006285360548645258 
vn 0.007777773775160313 0.000021847965399501845 0.006285360548645258 
vn 0.007777773775160313 0.000021845917217433453 -0.006285360548645258 
vn 0.007777773775160313 0.000021845917217433453 -0.006285360548645258 
vn 0.007777773775160313 0.000021845917217433453 -0.006285360548645258 
vn 0.007777773775160313 0.000021845917217433453 -0.006285360548645258 
vn 0.008487933315336704 -0.005287247244268656 8.614036151044502e-10 
vn 0.008487933315336704 -0.005287247244268656 8.614036151044502e-10 
vn 0.008487933315336704 -0.005287247244268656 8.614036151044502e-10 
vn 0.008487933315336704 -0.005287247244268656 8.614036151044502e-10 
vn 0.008487933315336704 0.005287247244268656 -8.614036151044502e-10 
vn 0.008487933315336704 0.005287247244268656 -8.614036151044502e-10 
vn 0.008487933315336704 0.005287247244268656 -8.614036151044502e-10 
vn 0.008487933315336704 0.005287247244268656 -8.614036151044502e-10 
vn 0.008417900651693344 0.00539805181324482 -8.794560080183089e-10 
vn 0.008417900651693344 0.00539805181324482 -8.794560080183089e-10 
vn 0.008417900651693344 0.00539805181324482 -8.794560080183089e-10 
vn 0.008417900651693344 0.00539805181324482 -8.794560080183089e-10 
vn 0.008199171163141727 -0.005724823102355003 9.326939220954955e-10 
vn 0.008199171163141727 -0.005724823102355003 9.326939220954955e-10 
vn 0.008199171163141727 -0.005724823102355003 9.326939220954955e-10 
vn 0.008199171163141727 -0.005724823102355003 9.326939220954955e-10 
vn 0.008417900651693344 0.00539805181324482 -8.794560080183089e-10 
vn 0.008417900651693344 0.00539805181324482 -8.794560080183089e-10 
vn 0.008417900651693344 0.00539805181324482 -8.794560080183089e-10 
vn 0.008417900651693344 0.00539805181324482 -8.794560080183089e-10 
vn 0.008199171163141727 -0.005724823102355003 9.326939220954955e-10 
vn 0.008199171163141727 -0.005724823102355003 9.326939220954955e-10 
vn 0.008199171163141727 -0.005724823102355003 9.326939220954955e-10 
vn 0.008199171163141727 -0.005724823102355003 9.326939220954955e-10 
vn 0.008417900651693344 0.00539805181324482 -8.794560080183089e-10 
vn 0.008417900651693344 0.00539805181324482 -8.794560080183089e-10 
vn 0.008417900651693344 0.00539805181324482 -8.794560080183089e-10 
vn 0.008417900651693344 0.00539805181324482 -8.794560080183089e-10 
vn 0.008199171163141727 -0.005724823102355003 9.326939220954955e-10 
vn 0.008199171163141727 -0.005724823102355003 9.326939220954955e-10 
vn 0.008199171163141727 -0.005724823102355003 9.326939220954955e-10 
vn 0.008199171163141727 -0.005724823102355003 9.326939220954955e-10 
vn 0.008557792752981186 -0.000021846099116373807 0.00517336605116725 
vn 0.008557792752981186 -0.000021846099116373807 0.00517336605116725 
vn 0.008557792752981186 -0.000021846099116373807 0.00517336605116725 
vn 0.008557792752981186 -0.000021846099116373807 0.00517336605116725 
vn 0.008314676582813263 0.000021846037270734087 -0.005555689334869385 
vn 0.008314676582813263 0.000021846037270734087 -0.005555689334869385 
vn 0.008314676582813263 0.000021846037270734087 -0.005555689334869385 
vn 0.008314676582813263 0.000021846037270734087 -0.005555689334869385 
vn 0.008557792752981186 0.000021847785319550894 0.00517336605116725 
vn 0.008557792752981186 0.000021847785319550894 0.00517336605116725 
vn 0.008557792752981186 0.000021847785319550894 0.00517336605116725 
vn 0.008557792752981186 0.000021847785319550894 0.00517336605116725 
vn 0.008314676582813263 0.000021846037270734087 -0.005555689334869385 
vn 0.008314676582813263 0.000021846037270734087 -0.005555689334869385 
vn 0.008314676582813263 0.000021846037270734087 -0.005555689334869385 
vn 0.008314676582813263 0.000021846037270734087 -0.005555689334869385 
vn -2.068231052255163e-15 -0.009999999776482582 1.629209989140179e-9 
vn -2.068231052255163e-15 -0.009999999776482582 1.629209989140179e-9 
vn -2.068231052255163e-15 -0.009999999776482582 1.629209989140179e-9 
vn -2.068231052255163e-15 -0.009999999776482582 1.629209989140179e-9 
vn 3.097898490739357e-15 0.000021848571122973226 0.009999976493418217 
vn 3.097898490739357e-15 0.000021848571122973226 0.009999976493418217 
vn 3.097898490739357e-15 0.000021848571122973226 0.009999976493418217 
vn 3.097898490739357e-15 0.000021848571122973226 0.009999976493418217 
vn -2.068231052255163e-15 -0.009999999776482582 1.629209989140179e-9 
vn -2.068231052255163e-15 -0.009999999776482582 1.629209989140179e-9 
vn -2.068231052255163e-15 -0.009999999776482582 1.629209989140179e-9 
vn -2.068231052255163e-15 -0.009999999776482582 1.629209989140179e-9 
vn -1.0341130909078582e-15 0.000021845313312951475 -0.009999976493418217 
vn -1.0341130909078582e-15 0.000021845313312951475 -0.009999976493418217 
vn -1.0341130909078582e-15 0.000021845313312951475 -0.009999976493418217 
vn -1.0341130909078582e-15 0.000021845313312951475 -0.009999976493418217 
vn 0 0.009999999776482582 -1.629209989140179e-9 
vn 0 0.009999999776482582 -1.629209989140179e-9 
vn 0 0.009999999776482582 -1.629209989140179e-9 
vn 0 0.009999999776482582 -1.629209989140179e-9 
vn -0.00999284815043211 0.00002184687946282793 -0.00037750464980490506 
vn -0.00999284815043211 0.00002184687946282793 -0.00037750464980490506 
vn -0.00999284815043211 0.00002184687946282793 -0.00037750464980490506 
vn -0.00999284815043211 0.00002184687946282793 -0.00037750464980490506 
vn -0.009994630701839924 0.0003276457136962563 -5.337830177865044e-11 
vn -0.009994630701839924 0.0003276457136962563 -5.337830177865044e-11 
vn -0.009994630701839924 0.0003276457136962563 -5.337830177865044e-11 
vn -0.009994630701839924 0.0003276457136962563 -5.337830177865044e-11 
vn -0.009994630701839924 -0.0003276457136962563 5.338243735941717e-11 
vn -0.009994630701839924 -0.0003276457136962563 5.338243735941717e-11 
vn -0.009994630701839924 -0.0003276457136962563 5.338243735941717e-11 
vn -0.009994630701839924 -0.0003276457136962563 5.338243735941717e-11 
vn 3.097898490739357e-15 0.000021848571122973226 0.009999976493418217 
vn 3.097898490739357e-15 0.000021848571122973226 0.009999976493418217 
vn 3.097898490739357e-15 0.000021848571122973226 0.009999976493418217 
vn 3.097898490739357e-15 0.000021848571122973226 0.009999976493418217 
vn 0 0.009999999776482582 -1.629209989140179e-9 
vn 0 0.009999999776482582 -1.629209989140179e-9 
vn 0 0.009999999776482582 -1.629209989140179e-9 
vn 0 0.009999999776482582 -1.629209989140179e-9 
vn 0 0.009999999776482582 -1.629209989140179e-9 
vn 0 0.009999999776482582 -1.629209989140179e-9 
vn 0 0.009999999776482582 -1.629209989140179e-9 
vn 0 0.009999999776482582 -1.629209989140179e-9 
vn -0.00999284815043211 0.00002184700315410737 0.00037750464980490506 
vn -0.00999284815043211 0.00002184700315410737 0.00037750464980490506 
vn -0.00999284815043211 0.00002184700315410737 0.00037750464980490506 
vn -0.00999284815043211 0.00002184700315410737 0.00037750464980490506 
vn -1.0341130909078582e-15 0.000021845313312951475 -0.009999976493418217 
vn -1.0341130909078582e-15 0.000021845313312951475 -0.009999976493418217 
vn -1.0341130909078582e-15 0.000021845313312951475 -0.009999976493418217 
vn -1.0341130909078582e-15 0.000021845313312951475 -0.009999976493418217 
vn -0.009994630701839924 -0.0003276457136962563 5.338243735941717e-11 
vn -0.009994630701839924 -0.0003276457136962563 5.338243735941717e-11 
vn -0.009994630701839924 -0.0003276457136962563 5.338243735941717e-11 
vn -0.009994630701839924 -0.0003276457136962563 5.338243735941717e-11 
vn 0 0.009999999776482582 -1.629209989140179e-9 
vn 0 0.009999999776482582 -1.629209989140179e-9 
vn 0 0.009999999776482582 -1.629209989140179e-9 
vn 0 0.009999999776482582 -1.629209989140179e-9 
vn -2.068231052255163e-15 -0.009999999776482582 1.629209989140179e-9 
vn -2.068231052255163e-15 -0.009999999776482582 1.629209989140179e-9 
vn -2.068231052255163e-15 -0.009999999776482582 1.629209989140179e-9 
vn -2.068231052255163e-15 -0.009999999776482582 1.629209989140179e-9 
vn -0.009994630701839924 -0.0003276457136962563 5.338243735941717e-11 
vn -0.009994630701839924 -0.0003276457136962563 5.338243735941717e-11 
vn -0.009994630701839924 -0.0003276457136962563 5.338243735941717e-11 
vn -0.009994630701839924 -0.0003276457136962563 5.338243735941717e-11 
vn 0 0.009999999776482582 -1.629209989140179e-9 
vn 0 0.009999999776482582 -1.629209989140179e-9 
vn 0 0.009999999776482582 -1.629209989140179e-9 
vn 0 0.009999999776482582 -1.629209989140179e-9 
vn -2.068231052255163e-15 -0.009999999776482582 1.629209989140179e-9 
vn -2.068231052255163e-15 -0.009999999776482582 1.629209989140179e-9 
vn -2.068231052255163e-15 -0.009999999776482582 1.629209989140179e-9 
vn -2.068231052255163e-15 -0.009999999776482582 1.629209989140179e-9 
vn -0.009994630701839924 -0.0003276457136962563 5.338243735941717e-11 
vn -0.009994630701839924 -0.0003276457136962563 5.338243735941717e-11 
vn -0.009994630701839924 -0.0003276457136962563 5.338243735941717e-11 
vn -0.009994630701839924 -0.0003276457136962563 5.338243735941717e-11 
vn 3.097898490739357e-15 -0.000021845313312951475 0.009999976493418217 
vn 3.097898490739357e-15 -0.000021845313312951475 0.009999976493418217 
vn 3.097898490739357e-15 -0.000021845313312951475 0.009999976493418217 
vn 3.097898490739357e-15 -0.000021845313312951475 0.009999976493418217 
vn -2.068231052255163e-15 -0.009999999776482582 1.629209989140179e-9 
vn -2.068231052255163e-15 -0.009999999776482582 1.629209989140179e-9 
vn -2.068231052255163e-15 -0.009999999776482582 1.629209989140179e-9 
vn -2.068231052255163e-15 -0.009999999776482582 1.629209989140179e-9 
vn -0.009995413944125175 0.000021846892195753753 -0.00030202954076230526 
vn -0.009995413944125175 0.000021846892195753753 -0.00030202954076230526 
vn -0.009995413944125175 0.000021846892195753753 -0.00030202954076230526 
vn -0.009995413944125175 0.000021846892195753753 -0.00030202954076230526 
vn 3.097898490739357e-15 -0.000021845313312951475 0.009999976493418217 
vn 3.097898490739357e-15 -0.000021845313312951475 0.009999976493418217 
vn 3.097898490739357e-15 -0.000021845313312951475 0.009999976493418217 
vn 3.097898490739357e-15 -0.000021845313312951475 0.009999976493418217 
vn -1.0341130909078582e-15 0.000021845313312951475 -0.009999976493418217 
vn -1.0341130909078582e-15 0.000021845313312951475 -0.009999976493418217 
vn -1.0341130909078582e-15 0.000021845313312951475 -0.009999976493418217 
vn -1.0341130909078582e-15 0.000021845313312951475 -0.009999976493418217 
vn -0.009995413944125175 0.000021846892195753753 -0.00030202954076230526 
vn -0.009995413944125175 0.000021846892195753753 -0.00030202954076230526 
vn -0.009995413944125175 0.000021846892195753753 -0.00030202954076230526 
vn -0.009995413944125175 0.000021846892195753753 -0.00030202954076230526 
vn -1.0341130909078582e-15 0.000021845313312951475 -0.009999976493418217 
vn -1.0341130909078582e-15 0.000021845313312951475 -0.009999976493418217 
vn -1.0341130909078582e-15 0.000021845313312951475 -0.009999976493418217 
vn -1.0341130909078582e-15 0.000021845313312951475 -0.009999976493418217 
vn -0.007777773775160313 0.000021847965399501845 0.006285360548645258 
vn -0.007777773775160313 0.000021847965399501845 0.006285360548645258 
vn -0.007777773775160313 0.000021847965399501845 0.006285360548645258 
vn -0.007777773775160313 0.000021847965399501845 0.006285360548645258 
vn -0.007777773775160313 0.000021845917217433453 -0.006285360548645258 
vn -0.007777773775160313 0.000021845917217433453 -0.006285360548645258 
vn -0.007777773775160313 0.000021845917217433453 -0.006285360548645258 
vn -0.007777773775160313 0.000021845917217433453 -0.006285360548645258 
vn -0.008487933315336704 -0.005287247244268656 8.614053914612896e-10 
vn -0.008487933315336704 -0.005287247244268656 8.614053914612896e-10 
vn -0.008487933315336704 -0.005287247244268656 8.614053914612896e-10 
vn -0.008487933315336704 -0.005287247244268656 8.614053914612896e-10 
vn -0.008487849496304989 0.005287247244268656 -0.00003771732735913247 
vn -0.008487849496304989 0.005287247244268656 -0.00003771732735913247 
vn -0.008487849496304989 0.005287247244268656 -0.00003771732735913247 
vn -0.008487849496304989 0.005287247244268656 -0.00003771732735913247 
vn -0.008417815901339054 0.00539805181324482 -0.00003772630589082837 
vn -0.008417815901339054 0.00539805181324482 -0.00003772630589082837 
vn -0.008417815901339054 0.00539805181324482 -0.00003772630589082837 
vn -0.008417815901339054 0.00539805181324482 -0.00003772630589082837 
vn -0.008199171163141727 -0.005724823102355003 9.326955874300324e-10 
vn -0.008199171163141727 -0.005724823102355003 9.326955874300324e-10 
vn -0.008199171163141727 -0.005724823102355003 9.326955874300324e-10 
vn -0.008199171163141727 -0.005724823102355003 9.326955874300324e-10 
vn -0.008417815901339054 0.00539805181324482 -0.00003772630589082837 
vn -0.008417815901339054 0.00539805181324482 -0.00003772630589082837 
vn -0.008417815901339054 0.00539805181324482 -0.00003772630589082837 
vn -0.008417815901339054 0.00539805181324482 -0.00003772630589082837 
vn -0.008199171163141727 -0.005724823102355003 9.326955874300324e-10 
vn -0.008199171163141727 -0.005724823102355003 9.326955874300324e-10 
vn -0.008199171163141727 -0.005724823102355003 9.326955874300324e-10 
vn -0.008199171163141727 -0.005724823102355003 9.326955874300324e-10 
vn -0.008417815901339054 0.00539805181324482 -0.00003772630589082837 
vn -0.008417815901339054 0.00539805181324482 -0.00003772630589082837 
vn -0.008417815901339054 0.00539805181324482 -0.00003772630589082837 
vn -0.008417815901339054 0.00539805181324482 -0.00003772630589082837 
vn -0.008199171163141727 -0.005724823102355003 9.326955874300324e-10 
vn -0.008199171163141727 -0.005724823102355003 9.326955874300324e-10 
vn -0.008199171163141727 -0.005724823102355003 9.326955874300324e-10 
vn -0.008199171163141727 -0.005724823102355003 9.326955874300324e-10 
vn -0.008557792752981186 -0.000021846099116373807 0.00517336605116725 
vn -0.008557792752981186 -0.000021846099116373807 0.00517336605116725 
vn -0.008557792752981186 -0.000021846099116373807 0.00517336605116725 
vn -0.008557792752981186 -0.000021846099116373807 0.00517336605116725 
vn -0.008314676582813263 0.000021846037270734087 -0.005555689334869385 
vn -0.008314676582813263 0.000021846037270734087 -0.005555689334869385 
vn -0.008314676582813263 0.000021846037270734087 -0.005555689334869385 
vn -0.008314676582813263 0.000021846037270734087 -0.005555689334869385 
vn -0.008557792752981186 -0.000021846099116373807 0.00517336605116725 
vn -0.008557792752981186 -0.000021846099116373807 0.00517336605116725 
vn -0.008557792752981186 -0.000021846099116373807 0.00517336605116725 
vn -0.008557792752981186 -0.000021846099116373807 0.00517336605116725 
vn -0.008314676582813263 0.000021846037270734087 -0.005555689334869385 
vn -0.008314676582813263 0.000021846037270734087 -0.005555689334869385 
vn -0.008314676582813263 0.000021846037270734087 -0.005555689334869385 
vn -0.008314676582813263 0.000021846037270734087 -0.005555689334869385 
vn -2.068231052255163e-15 -0.009999999776482582 1.629209989140179e-9 
vn -2.068231052255163e-15 -0.009999999776482582 1.629209989140179e-9 
vn -2.068231052255163e-15 -0.009999999776482582 1.629209989140179e-9 
vn -2.068231052255163e-15 -0.009999999776482582 1.629209989140179e-9 
vn 3.097898490739357e-15 0.000021848571122973226 0.009999976493418217 
vn 3.097898490739357e-15 0.000021848571122973226 0.009999976493418217 
vn 3.097898490739357e-15 0.000021848571122973226 0.009999976493418217 
vn 3.097898490739357e-15 0.000021848571122973226 0.009999976493418217 
vn -2.068231052255163e-15 -0.009999999776482582 1.629209989140179e-9 
vn -2.068231052255163e-15 -0.009999999776482582 1.629209989140179e-9 
vn -2.068231052255163e-15 -0.009999999776482582 1.629209989140179e-9 
vn -2.068231052255163e-15 -0.009999999776482582 1.629209989140179e-9 
vn -1.0341130909078582e-15 0.000021845313312951475 -0.009999976493418217 
vn -1.0341130909078582e-15 0.000021845313312951475 -0.009999976493418217 
vn -1.0341130909078582e-15 0.000021845313312951475 -0.009999976493418217 
vn -1.0341130909078582e-15 0.000021845313312951475 -0.009999976493418217 
vn 0 0.009999999776482582 -1.629209989140179e-9 
vn 0 0.009999999776482582 -1.629209989140179e-9 
vn 0 0.009999999776482582 -1.629209989140179e-9 
vn 0 0.009999999776482582 -1.629209989140179e-9 
vn -0.00999284815043211 0.00002184687946282793 -0.00037750464980490506 
vn -0.00999284815043211 0.00002184687946282793 -0.00037750464980490506 
vn -0.00999284815043211 0.00002184687946282793 -0.00037750464980490506 
vn -0.00999284815043211 0.00002184687946282793 -0.00037750464980490506 
vn -0.009994630701839924 0.0003276457136962563 -5.337830177865044e-11 
vn -0.009994630701839924 0.0003276457136962563 -5.337830177865044e-11 
vn -0.009994630701839924 0.0003276457136962563 -5.337830177865044e-11 
vn -0.009994630701839924 0.0003276457136962563 -5.337830177865044e-11 
vn -0.009994630701839924 -0.0003276457136962563 5.338243735941717e-11 
vn -0.009994630701839924 -0.0003276457136962563 5.338243735941717e-11 
vn -0.009994630701839924 -0.0003276457136962563 5.338243735941717e-11 
vn -0.009994630701839924 -0.0003276457136962563 5.338243735941717e-11 
vn 3.097898490739357e-15 0.000021848571122973226 0.009999976493418217 
vn 3.097898490739357e-15 0.000021848571122973226 0.009999976493418217 
vn 3.097898490739357e-15 0.000021848571122973226 0.009999976493418217 
vn 3.097898490739357e-15 0.000021848571122973226 0.009999976493418217 
vn 0 0.009999999776482582 -1.629209989140179e-9 
vn 0 0.009999999776482582 -1.629209989140179e-9 
vn 0 0.009999999776482582 -1.629209989140179e-9 
vn 0 0.009999999776482582 -1.629209989140179e-9 
vn 0 0.009999999776482582 -1.629209989140179e-9 
vn 0 0.009999999776482582 -1.629209989140179e-9 
vn 0 0.009999999776482582 -1.629209989140179e-9 
vn 0 0.009999999776482582 -1.629209989140179e-9 
vn -0.00999284815043211 0.00002184700315410737 0.00037750464980490506 
vn -0.00999284815043211 0.00002184700315410737 0.00037750464980490506 
vn -0.00999284815043211 0.00002184700315410737 0.00037750464980490506 
vn -0.00999284815043211 0.00002184700315410737 0.00037750464980490506 
vn -1.0341130909078582e-15 0.000021845313312951475 -0.009999976493418217 
vn -1.0341130909078582e-15 0.000021845313312951475 -0.009999976493418217 
vn -1.0341130909078582e-15 0.000021845313312951475 -0.009999976493418217 
vn -1.0341130909078582e-15 0.000021845313312951475 -0.009999976493418217 
vn -0.009994630701839924 -0.0003276457136962563 5.338243735941717e-11 
vn -0.009994630701839924 -0.0003276457136962563 5.338243735941717e-11 
vn -0.009994630701839924 -0.0003276457136962563 5.338243735941717e-11 
vn -0.009994630701839924 -0.0003276457136962563 5.338243735941717e-11 
vn 0 0.009999999776482582 -1.629209989140179e-9 
vn 0 0.009999999776482582 -1.629209989140179e-9 
vn 0 0.009999999776482582 -1.629209989140179e-9 
vn 0 0.009999999776482582 -1.629209989140179e-9 
vn -2.068231052255163e-15 -0.009999999776482582 1.629209989140179e-9 
vn -2.068231052255163e-15 -0.009999999776482582 1.629209989140179e-9 
vn -2.068231052255163e-15 -0.009999999776482582 1.629209989140179e-9 
vn -2.068231052255163e-15 -0.009999999776482582 1.629209989140179e-9 
vn -0.009994630701839924 -0.0003276457136962563 5.338243735941717e-11 
vn -0.009994630701839924 -0.0003276457136962563 5.338243735941717e-11 
vn -0.009994630701839924 -0.0003276457136962563 5.338243735941717e-11 
vn -0.009994630701839924 -0.0003276457136962563 5.338243735941717e-11 
vn 0 0.009999999776482582 -1.629209989140179e-9 
vn 0 0.009999999776482582 -1.629209989140179e-9 
vn 0 0.009999999776482582 -1.629209989140179e-9 
vn 0 0.009999999776482582 -1.629209989140179e-9 
vn -2.068231052255163e-15 -0.009999999776482582 1.629209989140179e-9 
vn -2.068231052255163e-15 -0.009999999776482582 1.629209989140179e-9 
vn -2.068231052255163e-15 -0.009999999776482582 1.629209989140179e-9 
vn -2.068231052255163e-15 -0.009999999776482582 1.629209989140179e-9 
vn -0.009994630701839924 -0.0003276457136962563 5.338243735941717e-11 
vn -0.009994630701839924 -0.0003276457136962563 5.338243735941717e-11 
vn -0.009994630701839924 -0.0003276457136962563 5.338243735941717e-11 
vn -0.009994630701839924 -0.0003276457136962563 5.338243735941717e-11 
vn 3.097898490739357e-15 -0.000021845313312951475 0.009999976493418217 
vn 3.097898490739357e-15 -0.000021845313312951475 0.009999976493418217 
vn 3.097898490739357e-15 -0.000021845313312951475 0.009999976493418217 
vn 3.097898490739357e-15 -0.000021845313312951475 0.009999976493418217 
vn -2.068231052255163e-15 -0.009999999776482582 1.629209989140179e-9 
vn -2.068231052255163e-15 -0.009999999776482582 1.629209989140179e-9 
vn -2.068231052255163e-15 -0.009999999776482582 1.629209989140179e-9 
vn -2.068231052255163e-15 -0.009999999776482582 1.629209989140179e-9 
vn -0.009995413944125175 0.000021846892195753753 -0.00030202954076230526 
vn -0.009995413944125175 0.000021846892195753753 -0.00030202954076230526 
vn -0.009995413944125175 0.000021846892195753753 -0.00030202954076230526 
vn -0.009995413944125175 0.000021846892195753753 -0.00030202954076230526 
vn 3.097898490739357e-15 -0.000021845313312951475 0.009999976493418217 
vn 3.097898490739357e-15 -0.000021845313312951475 0.009999976493418217 
vn 3.097898490739357e-15 -0.000021845313312951475 0.009999976493418217 
vn 3.097898490739357e-15 -0.000021845313312951475 0.009999976493418217 
vn -1.0341130909078582e-15 0.000021845313312951475 -0.009999976493418217 
vn -1.0341130909078582e-15 0.000021845313312951475 -0.009999976493418217 
vn -1.0341130909078582e-15 0.000021845313312951475 -0.009999976493418217 
vn -1.0341130909078582e-15 0.000021845313312951475 -0.009999976493418217 
vn -0.009995413944125175 0.000021846892195753753 -0.00030202954076230526 
vn -0.009995413944125175 0.000021846892195753753 -0.00030202954076230526 
vn -0.009995413944125175 0.000021846892195753753 -0.00030202954076230526 
vn -0.009995413944125175 0.000021846892195753753 -0.00030202954076230526 
vn -1.0341130909078582e-15 0.000021845313312951475 -0.009999976493418217 
vn -1.0341130909078582e-15 0.000021845313312951475 -0.009999976493418217 
vn -1.0341130909078582e-15 0.000021845313312951475 -0.009999976493418217 
vn -1.0341130909078582e-15 0.000021845313312951475 -0.009999976493418217 
vn -0.007777773775160313 0.000021847965399501845 0.006285360548645258 
vn -0.007777773775160313 0.000021847965399501845 0.006285360548645258 
vn -0.007777773775160313 0.000021847965399501845 0.006285360548645258 
vn -0.007777773775160313 0.000021847965399501845 0.006285360548645258 
vn -0.007777773775160313 0.000021845917217433453 -0.006285360548645258 
vn -0.007777773775160313 0.000021845917217433453 -0.006285360548645258 
vn -0.007777773775160313 0.000021845917217433453 -0.006285360548645258 
vn -0.007777773775160313 0.000021845917217433453 -0.006285360548645258 
vn -0.008487933315336704 -0.005287247244268656 8.614053914612896e-10 
vn -0.008487933315336704 -0.005287247244268656 8.614053914612896e-10 
vn -0.008487933315336704 -0.005287247244268656 8.614053914612896e-10 
vn -0.008487933315336704 -0.005287247244268656 8.614053914612896e-10 
vn -0.008487849496304989 0.005287247244268656 -0.00003771732735913247 
vn -0.008487849496304989 0.005287247244268656 -0.00003771732735913247 
vn -0.008487849496304989 0.005287247244268656 -0.00003771732735913247 
vn -0.008487849496304989 0.005287247244268656 -0.00003771732735913247 
vn -0.008417815901339054 0.00539805181324482 -0.00003772630589082837 
vn -0.008417815901339054 0.00539805181324482 -0.00003772630589082837 
vn -0.008417815901339054 0.00539805181324482 -0.00003772630589082837 
vn -0.008417815901339054 0.00539805181324482 -0.00003772630589082837 
vn -0.008199171163141727 -0.005724823102355003 9.326955874300324e-10 
vn -0.008199171163141727 -0.005724823102355003 9.326955874300324e-10 
vn -0.008199171163141727 -0.005724823102355003 9.326955874300324e-10 
vn -0.008199171163141727 -0.005724823102355003 9.326955874300324e-10 
vn -0.008417815901339054 0.00539805181324482 -0.00003772630589082837 
vn -0.008417815901339054 0.00539805181324482 -0.00003772630589082837 
vn -0.008417815901339054 0.00539805181324482 -0.00003772630589082837 
vn -0.008417815901339054 0.00539805181324482 -0.00003772630589082837 
vn -0.008199171163141727 -0.005724823102355003 9.326955874300324e-10 
vn -0.008199171163141727 -0.005724823102355003 9.326955874300324e-10 
vn -0.008199171163141727 -0.005724823102355003 9.326955874300324e-10 
vn -0.008199171163141727 -0.005724823102355003 9.326955874300324e-10 
vn -0.008417815901339054 0.00539805181324482 -0.00003772630589082837 
vn -0.008417815901339054 0.00539805181324482 -0.00003772630589082837 
vn -0.008417815901339054 0.00539805181324482 -0.00003772630589082837 
vn -0.008417815901339054 0.00539805181324482 -0.00003772630589082837 
vn -0.008199171163141727 -0.005724823102355003 9.326955874300324e-10 
vn -0.008199171163141727 -0.005724823102355003 9.326955874300324e-10 
vn -0.008199171163141727 -0.005724823102355003 9.326955874300324e-10 
vn -0.008199171163141727 -0.005724823102355003 9.326955874300324e-10 
vn -0.008557792752981186 -0.000021846099116373807 0.00517336605116725 
vn -0.008557792752981186 -0.000021846099116373807 0.00517336605116725 
vn -0.008557792752981186 -0.000021846099116373807 0.00517336605116725 
vn -0.008557792752981186 -0.000021846099116373807 0.00517336605116725 
vn -0.008314676582813263 0.000021846037270734087 -0.005555689334869385 
vn -0.008314676582813263 0.000021846037270734087 -0.005555689334869385 
vn -0.008314676582813263 0.000021846037270734087 -0.005555689334869385 
vn -0.008314676582813263 0.000021846037270734087 -0.005555689334869385 
vn -0.008557792752981186 -0.000021846099116373807 0.00517336605116725 
vn -0.008557792752981186 -0.000021846099116373807 0.00517336605116725 
vn -0.008557792752981186 -0.000021846099116373807 0.00517336605116725 
vn -0.008557792752981186 -0.000021846099116373807 0.00517336605116725 
vn -0.008314676582813263 0.000021846037270734087 -0.005555689334869385 
vn -0.008314676582813263 0.000021846037270734087 -0.005555689334869385 
vn -0.008314676582813263 0.000021846037270734087 -0.005555689334869385 
vn -0.008314676582813263 0.000021846037270734087 -0.005555689334869385 
vn -2.068231052255163e-15 -0.009999999776482582 1.629209989140179e-9 
vn -2.068231052255163e-15 -0.009999999776482582 1.629209989140179e-9 
vn -2.068231052255163e-15 -0.009999999776482582 1.629209989140179e-9 
vn -2.068231052255163e-15 -0.009999999776482582 1.629209989140179e-9 
vn 3.097898490739357e-15 0.000021848571122973226 0.009999976493418217 
vn 3.097898490739357e-15 0.000021848571122973226 0.009999976493418217 
vn 3.097898490739357e-15 0.000021848571122973226 0.009999976493418217 
vn 3.097898490739357e-15 0.000021848571122973226 0.009999976493418217 
vn -2.068231052255163e-15 -0.009999999776482582 1.629209989140179e-9 
vn -2.068231052255163e-15 -0.009999999776482582 1.629209989140179e-9 
vn -2.068231052255163e-15 -0.009999999776482582 1.629209989140179e-9 
vn -2.068231052255163e-15 -0.009999999776482582 1.629209989140179e-9 
vn -1.0341130909078582e-15 0.000021845313312951475 -0.009999976493418217 
vn -1.0341130909078582e-15 0.000021845313312951475 -0.009999976493418217 
vn -1.0341130909078582e-15 0.000021845313312951475 -0.009999976493418217 
vn -1.0341130909078582e-15 0.000021845313312951475 -0.009999976493418217 
vn 0 0.009999999776482582 -1.629209989140179e-9 
vn 0 0.009999999776482582 -1.629209989140179e-9 
vn 0 0.009999999776482582 -1.629209989140179e-9 
vn 0 0.009999999776482582 -1.629209989140179e-9 
vn -0.00999284815043211 0.00002184687946282793 -0.00037750464980490506 
vn -0.00999284815043211 0.00002184687946282793 -0.00037750464980490506 
vn -0.00999284815043211 0.00002184687946282793 -0.00037750464980490506 
vn -0.00999284815043211 0.00002184687946282793 -0.00037750464980490506 
vn -0.009994630701839924 0.0003276457136962563 -5.337830177865044e-11 
vn -0.009994630701839924 0.0003276457136962563 -5.337830177865044e-11 
vn -0.009994630701839924 0.0003276457136962563 -5.337830177865044e-11 
vn -0.009994630701839924 0.0003276457136962563 -5.337830177865044e-11 
vn -0.009994630701839924 -0.0003276457136962563 5.338243735941717e-11 
vn -0.009994630701839924 -0.0003276457136962563 5.338243735941717e-11 
vn -0.009994630701839924 -0.0003276457136962563 5.338243735941717e-11 
vn -0.009994630701839924 -0.0003276457136962563 5.338243735941717e-11 
vn 3.097898490739357e-15 0.000021848571122973226 0.009999976493418217 
vn 3.097898490739357e-15 0.000021848571122973226 0.009999976493418217 
vn 3.097898490739357e-15 0.000021848571122973226 0.009999976493418217 
vn 3.097898490739357e-15 0.000021848571122973226 0.009999976493418217 
vn 0 0.009999999776482582 -1.629209989140179e-9 
vn 0 0.009999999776482582 -1.629209989140179e-9 
vn 0 0.009999999776482582 -1.629209989140179e-9 
vn 0 0.009999999776482582 -1.629209989140179e-9 
vn 0 0.009999999776482582 -1.629209989140179e-9 
vn 0 0.009999999776482582 -1.629209989140179e-9 
vn 0 0.009999999776482582 -1.629209989140179e-9 
vn 0 0.009999999776482582 -1.629209989140179e-9 
vn -0.00999284815043211 0.00002184700315410737 0.00037750464980490506 
vn -0.00999284815043211 0.00002184700315410737 0.00037750464980490506 
vn -0.00999284815043211 0.00002184700315410737 0.00037750464980490506 
vn -0.00999284815043211 0.00002184700315410737 0.00037750464980490506 
vn -1.0341130909078582e-15 0.000021845313312951475 -0.009999976493418217 
vn -1.0341130909078582e-15 0.000021845313312951475 -0.009999976493418217 
vn -1.0341130909078582e-15 0.000021845313312951475 -0.009999976493418217 
vn -1.0341130909078582e-15 0.000021845313312951475 -0.009999976493418217 
vn -0.009994630701839924 -0.0003276457136962563 5.338243735941717e-11 
vn -0.009994630701839924 -0.0003276457136962563 5.338243735941717e-11 
vn -0.009994630701839924 -0.0003276457136962563 5.338243735941717e-11 
vn -0.009994630701839924 -0.0003276457136962563 5.338243735941717e-11 
vn 0 0.009999999776482582 -1.629209989140179e-9 
vn 0 0.009999999776482582 -1.629209989140179e-9 
vn 0 0.009999999776482582 -1.629209989140179e-9 
vn 0 0.009999999776482582 -1.629209989140179e-9 
vn -2.068231052255163e-15 -0.009999999776482582 1.629209989140179e-9 
vn -2.068231052255163e-15 -0.009999999776482582 1.629209989140179e-9 
vn -2.068231052255163e-15 -0.009999999776482582 1.629209989140179e-9 
vn -2.068231052255163e-15 -0.009999999776482582 1.629209989140179e-9 
vn -0.009994630701839924 -0.0003276457136962563 5.338243735941717e-11 
vn -0.009994630701839924 -0.0003276457136962563 5.338243735941717e-11 
vn -0.009994630701839924 -0.0003276457136962563 5.338243735941717e-11 
vn -0.009994630701839924 -0.0003276457136962563 5.338243735941717e-11 
vn 0 0.009999999776482582 -1.629209989140179e-9 
vn 0 0.009999999776482582 -1.629209989140179e-9 
vn 0 0.009999999776482582 -1.629209989140179e-9 
vn 0 0.009999999776482582 -1.629209989140179e-9 
vn -2.068231052255163e-15 -0.009999999776482582 1.629209989140179e-9 
vn -2.068231052255163e-15 -0.009999999776482582 1.629209989140179e-9 
vn -2.068231052255163e-15 -0.009999999776482582 1.629209989140179e-9 
vn -2.068231052255163e-15 -0.009999999776482582 1.629209989140179e-9 
vn -0.009994630701839924 -0.0003276457136962563 5.338243735941717e-11 
vn -0.009994630701839924 -0.0003276457136962563 5.338243735941717e-11 
vn -0.009994630701839924 -0.0003276457136962563 5.338243735941717e-11 
vn -0.009994630701839924 -0.0003276457136962563 5.338243735941717e-11 
vn 3.097898490739357e-15 -0.000021845313312951475 0.009999976493418217 
vn 3.097898490739357e-15 -0.000021845313312951475 0.009999976493418217 
vn 3.097898490739357e-15 -0.000021845313312951475 0.009999976493418217 
vn 3.097898490739357e-15 -0.000021845313312951475 0.009999976493418217 
vn -2.068231052255163e-15 -0.009999999776482582 1.629209989140179e-9 
vn -2.068231052255163e-15 -0.009999999776482582 1.629209989140179e-9 
vn -2.068231052255163e-15 -0.009999999776482582 1.629209989140179e-9 
vn -2.068231052255163e-15 -0.009999999776482582 1.629209989140179e-9 
vn -0.009995413944125175 0.000021846892195753753 -0.00030202954076230526 
vn -0.009995413944125175 0.000021846892195753753 -0.00030202954076230526 
vn -0.009995413944125175 0.000021846892195753753 -0.00030202954076230526 
vn -0.009995413944125175 0.000021846892195753753 -0.00030202954076230526 
vn 3.097898490739357e-15 -0.000021845313312951475 0.009999976493418217 
vn 3.097898490739357e-15 -0.000021845313312951475 0.009999976493418217 
vn 3.097898490739357e-15 -0.000021845313312951475 0.009999976493418217 
vn 3.097898490739357e-15 -0.000021845313312951475 0.009999976493418217 
vn -1.0341130909078582e-15 0.000021845313312951475 -0.009999976493418217 
vn -1.0341130909078582e-15 0.000021845313312951475 -0.009999976493418217 
vn -1.0341130909078582e-15 0.000021845313312951475 -0.009999976493418217 
vn -1.0341130909078582e-15 0.000021845313312951475 -0.009999976493418217 
vn -0.009995413944125175 0.000021846892195753753 -0.00030202954076230526 
vn -0.009995413944125175 0.000021846892195753753 -0.00030202954076230526 
vn -0.009995413944125175 0.000021846892195753753 -0.00030202954076230526 
vn -0.009995413944125175 0.000021846892195753753 -0.00030202954076230526 
vn -1.0341130909078582e-15 0.000021845313312951475 -0.009999976493418217 
vn -1.0341130909078582e-15 0.000021845313312951475 -0.009999976493418217 
vn -1.0341130909078582e-15 0.000021845313312951475 -0.009999976493418217 
vn -1.0341130909078582e-15 0.000021845313312951475 -0.009999976493418217 
vn -0.007777773775160313 0.000021847965399501845 0.006285360548645258 
vn -0.007777773775160313 0.000021847965399501845 0.006285360548645258 
vn -0.007777773775160313 0.000021847965399501845 0.006285360548645258 
vn -0.007777773775160313 0.000021847965399501845 0.006285360548645258 
vn -0.007777773775160313 0.000021845917217433453 -0.006285360548645258 
vn -0.007777773775160313 0.000021845917217433453 -0.006285360548645258 
vn -0.007777773775160313 0.000021845917217433453 -0.006285360548645258 
vn -0.007777773775160313 0.000021845917217433453 -0.006285360548645258 
vn -0.008487933315336704 -0.005287247244268656 8.614053914612896e-10 
vn -0.008487933315336704 -0.005287247244268656 8.614053914612896e-10 
vn -0.008487933315336704 -0.005287247244268656 8.614053914612896e-10 
vn -0.008487933315336704 -0.005287247244268656 8.614053914612896e-10 
vn -0.008487849496304989 0.005287247244268656 -0.00003771732735913247 
vn -0.008487849496304989 0.005287247244268656 -0.00003771732735913247 
vn -0.008487849496304989 0.005287247244268656 -0.00003771732735913247 
vn -0.008487849496304989 0.005287247244268656 -0.00003771732735913247 
vn -0.008417815901339054 0.00539805181324482 -0.00003772630589082837 
vn -0.008417815901339054 0.00539805181324482 -0.00003772630589082837 
vn -0.008417815901339054 0.00539805181324482 -0.00003772630589082837 
vn -0.008417815901339054 0.00539805181324482 -0.00003772630589082837 
vn -0.008199171163141727 -0.005724823102355003 9.326955874300324e-10 
vn -0.008199171163141727 -0.005724823102355003 9.326955874300324e-10 
vn -0.008199171163141727 -0.005724823102355003 9.326955874300324e-10 
vn -0.008199171163141727 -0.005724823102355003 9.326955874300324e-10 
vn -0.008417815901339054 0.00539805181324482 -0.00003772630589082837 
vn -0.008417815901339054 0.00539805181324482 -0.00003772630589082837 
vn -0.008417815901339054 0.00539805181324482 -0.00003772630589082837 
vn -0.008417815901339054 0.00539805181324482 -0.00003772630589082837 
vn -0.008199171163141727 -0.005724823102355003 9.326955874300324e-10 
vn -0.008199171163141727 -0.005724823102355003 9.326955874300324e-10 
vn -0.008199171163141727 -0.005724823102355003 9.326955874300324e-10 
vn -0.008199171163141727 -0.005724823102355003 9.326955874300324e-10 
vn -0.008417815901339054 0.00539805181324482 -0.00003772630589082837 
vn -0.008417815901339054 0.00539805181324482 -0.00003772630589082837 
vn -0.008417815901339054 0.00539805181324482 -0.00003772630589082837 
vn -0.008417815901339054 0.00539805181324482 -0.00003772630589082837 
vn -0.008199171163141727 -0.005724823102355003 9.326955874300324e-10 
vn -0.008199171163141727 -0.005724823102355003 9.326955874300324e-10 
vn -0.008199171163141727 -0.005724823102355003 9.326955874300324e-10 
vn -0.008199171163141727 -0.005724823102355003 9.326955874300324e-10 
vn -0.008557792752981186 -0.000021846099116373807 0.00517336605116725 
vn -0.008557792752981186 -0.000021846099116373807 0.00517336605116725 
vn -0.008557792752981186 -0.000021846099116373807 0.00517336605116725 
vn -0.008557792752981186 -0.000021846099116373807 0.00517336605116725 
vn -0.008314676582813263 0.000021846037270734087 -0.005555689334869385 
vn -0.008314676582813263 0.000021846037270734087 -0.005555689334869385 
vn -0.008314676582813263 0.000021846037270734087 -0.005555689334869385 
vn -0.008314676582813263 0.000021846037270734087 -0.005555689334869385 
vn -0.008557792752981186 -0.000021846099116373807 0.00517336605116725 
vn -0.008557792752981186 -0.000021846099116373807 0.00517336605116725 
vn -0.008557792752981186 -0.000021846099116373807 0.00517336605116725 
vn -0.008557792752981186 -0.000021846099116373807 0.00517336605116725 
vn -0.008314676582813263 0.000021846037270734087 -0.005555689334869385 
vn -0.008314676582813263 0.000021846037270734087 -0.005555689334869385 
vn -0.008314676582813263 0.000021846037270734087 -0.005555689334869385 
vn -0.008314676582813263 0.000021846037270734087 -0.005555689334869385 
vn -2.068231052255163e-15 -0.009999999776482582 1.629209989140179e-9 
vn -2.068231052255163e-15 -0.009999999776482582 1.629209989140179e-9 
vn -2.068231052255163e-15 -0.009999999776482582 1.629209989140179e-9 
vn -2.068231052255163e-15 -0.009999999776482582 1.629209989140179e-9 
vn 3.097898490739357e-15 0.000021848571122973226 0.009999976493418217 
vn 3.097898490739357e-15 0.000021848571122973226 0.009999976493418217 
vn 3.097898490739357e-15 0.000021848571122973226 0.009999976493418217 
vn 3.097898490739357e-15 0.000021848571122973226 0.009999976493418217 
vn -2.068231052255163e-15 -0.009999999776482582 1.629209989140179e-9 
vn -2.068231052255163e-15 -0.009999999776482582 1.629209989140179e-9 
vn -2.068231052255163e-15 -0.009999999776482582 1.629209989140179e-9 
vn -2.068231052255163e-15 -0.009999999776482582 1.629209989140179e-9 
vn -1.0341130909078582e-15 0.000021845313312951475 -0.009999976493418217 
vn -1.0341130909078582e-15 0.000021845313312951475 -0.009999976493418217 
vn -1.0341130909078582e-15 0.000021845313312951475 -0.009999976493418217 
vn -1.0341130909078582e-15 0.000021845313312951475 -0.009999976493418217 
vn 0 0.009999999776482582 -1.629209989140179e-9 
vn 0 0.009999999776482582 -1.629209989140179e-9 
vn 0 0.009999999776482582 -1.629209989140179e-9 
vn 0 0.009999999776482582 -1.629209989140179e-9 
vn -0.00999284815043211 0.00002184687946282793 -0.00037750464980490506 
vn -0.00999284815043211 0.00002184687946282793 -0.00037750464980490506 
vn -0.00999284815043211 0.00002184687946282793 -0.00037750464980490506 
vn -0.00999284815043211 0.00002184687946282793 -0.00037750464980490506 
vn -0.009994630701839924 0.0003276457136962563 -5.337830177865044e-11 
vn -0.009994630701839924 0.0003276457136962563 -5.337830177865044e-11 
vn -0.009994630701839924 0.0003276457136962563 -5.337830177865044e-11 
vn -0.009994630701839924 0.0003276457136962563 -5.337830177865044e-11 
vn -0.009994630701839924 -0.0003276457136962563 5.338243735941717e-11 
vn -0.009994630701839924 -0.0003276457136962563 5.338243735941717e-11 
vn -0.009994630701839924 -0.0003276457136962563 5.338243735941717e-11 
vn -0.009994630701839924 -0.0003276457136962563 5.338243735941717e-11 
vn 3.097898490739357e-15 0.000021848571122973226 0.009999976493418217 
vn 3.097898490739357e-15 0.000021848571122973226 0.009999976493418217 
vn 3.097898490739357e-15 0.000021848571122973226 0.009999976493418217 
vn 3.097898490739357e-15 0.000021848571122973226 0.009999976493418217 
vn 0 0.009999999776482582 -1.629209989140179e-9 
vn 0 0.009999999776482582 -1.629209989140179e-9 
vn 0 0.009999999776482582 -1.629209989140179e-9 
vn 0 0.009999999776482582 -1.629209989140179e-9 
vn 0 0.009999999776482582 -1.629209989140179e-9 
vn 0 0.009999999776482582 -1.629209989140179e-9 
vn 0 0.009999999776482582 -1.629209989140179e-9 
vn 0 0.009999999776482582 -1.629209989140179e-9 
vn -0.00999284815043211 0.00002184700315410737 0.00037750464980490506 
vn -0.00999284815043211 0.00002184700315410737 0.00037750464980490506 
vn -0.00999284815043211 0.00002184700315410737 0.00037750464980490506 
vn -0.00999284815043211 0.00002184700315410737 0.00037750464980490506 
vn -1.0341130909078582e-15 0.000021845313312951475 -0.009999976493418217 
vn -1.0341130909078582e-15 0.000021845313312951475 -0.009999976493418217 
vn -1.0341130909078582e-15 0.000021845313312951475 -0.009999976493418217 
vn -1.0341130909078582e-15 0.000021845313312951475 -0.009999976493418217 
vn -0.009994630701839924 -0.0003276457136962563 5.338243735941717e-11 
vn -0.009994630701839924 -0.0003276457136962563 5.338243735941717e-11 
vn -0.009994630701839924 -0.0003276457136962563 5.338243735941717e-11 
vn -0.009994630701839924 -0.0003276457136962563 5.338243735941717e-11 
vn 0 0.009999999776482582 -1.629209989140179e-9 
vn 0 0.009999999776482582 -1.629209989140179e-9 
vn 0 0.009999999776482582 -1.629209989140179e-9 
vn 0 0.009999999776482582 -1.629209989140179e-9 
vn -2.068231052255163e-15 -0.009999999776482582 1.629209989140179e-9 
vn -2.068231052255163e-15 -0.009999999776482582 1.629209989140179e-9 
vn -2.068231052255163e-15 -0.009999999776482582 1.629209989140179e-9 
vn -2.068231052255163e-15 -0.009999999776482582 1.629209989140179e-9 
vn -0.009994630701839924 -0.0003276457136962563 5.338243735941717e-11 
vn -0.009994630701839924 -0.0003276457136962563 5.338243735941717e-11 
vn -0.009994630701839924 -0.0003276457136962563 5.338243735941717e-11 
vn -0.009994630701839924 -0.0003276457136962563 5.338243735941717e-11 
vn 0 0.009999999776482582 -1.629209989140179e-9 
vn 0 0.009999999776482582 -1.629209989140179e-9 
vn 0 0.009999999776482582 -1.629209989140179e-9 
vn 0 0.009999999776482582 -1.629209989140179e-9 
vn -2.068231052255163e-15 -0.009999999776482582 1.629209989140179e-9 
vn -2.068231052255163e-15 -0.009999999776482582 1.629209989140179e-9 
vn -2.068231052255163e-15 -0.009999999776482582 1.629209989140179e-9 
vn -2.068231052255163e-15 -0.009999999776482582 1.629209989140179e-9 
vn -0.009994630701839924 -0.0003276457136962563 5.338243735941717e-11 
vn -0.009994630701839924 -0.0003276457136962563 5.338243735941717e-11 
vn -0.009994630701839924 -0.0003276457136962563 5.338243735941717e-11 
vn -0.009994630701839924 -0.0003276457136962563 5.338243735941717e-11 
vn 3.097898490739357e-15 -0.000021845313312951475 0.009999976493418217 
vn 3.097898490739357e-15 -0.000021845313312951475 0.009999976493418217 
vn 3.097898490739357e-15 -0.000021845313312951475 0.009999976493418217 
vn 3.097898490739357e-15 -0.000021845313312951475 0.009999976493418217 
vn -2.068231052255163e-15 -0.009999999776482582 1.629209989140179e-9 
vn -2.068231052255163e-15 -0.009999999776482582 1.629209989140179e-9 
vn -2.068231052255163e-15 -0.009999999776482582 1.629209989140179e-9 
vn -2.068231052255163e-15 -0.009999999776482582 1.629209989140179e-9 
vn -0.009995413944125175 0.000021846892195753753 -0.00030202954076230526 
vn -0.009995413944125175 0.000021846892195753753 -0.00030202954076230526 
vn -0.009995413944125175 0.000021846892195753753 -0.00030202954076230526 
vn -0.009995413944125175 0.000021846892195753753 -0.00030202954076230526 
vn 3.097898490739357e-15 -0.000021845313312951475 0.009999976493418217 
vn 3.097898490739357e-15 -0.000021845313312951475 0.009999976493418217 
vn 3.097898490739357e-15 -0.000021845313312951475 0.009999976493418217 
vn 3.097898490739357e-15 -0.000021845313312951475 0.009999976493418217 
vn -1.0341130909078582e-15 0.000021845313312951475 -0.009999976493418217 
vn -1.0341130909078582e-15 0.000021845313312951475 -0.009999976493418217 
vn -1.0341130909078582e-15 0.000021845313312951475 -0.009999976493418217 
vn -1.0341130909078582e-15 0.000021845313312951475 -0.009999976493418217 
vn -0.009995413944125175 0.000021846892195753753 -0.00030202954076230526 
vn -0.009995413944125175 0.000021846892195753753 -0.00030202954076230526 
vn -0.009995413944125175 0.000021846892195753753 -0.00030202954076230526 
vn -0.009995413944125175 0.000021846892195753753 -0.00030202954076230526 
vn -1.0341130909078582e-15 0.000021845313312951475 -0.009999976493418217 
vn -1.0341130909078582e-15 0.000021845313312951475 -0.009999976493418217 
vn -1.0341130909078582e-15 0.000021845313312951475 -0.009999976493418217 
vn -1.0341130909078582e-15 0.000021845313312951475 -0.009999976493418217 
vn -0.007777773775160313 0.000021847965399501845 0.006285360548645258 
vn -0.007777773775160313 0.000021847965399501845 0.006285360548645258 
vn -0.007777773775160313 0.000021847965399501845 0.006285360548645258 
vn -0.007777773775160313 0.000021847965399501845 0.006285360548645258 
vn -0.007777773775160313 0.000021845917217433453 -0.006285360548645258 
vn -0.007777773775160313 0.000021845917217433453 -0.006285360548645258 
vn -0.007777773775160313 0.000021845917217433453 -0.006285360548645258 
vn -0.007777773775160313 0.000021845917217433453 -0.006285360548645258 
vn -0.008487933315336704 -0.005287247244268656 8.614053914612896e-10 
vn -0.008487933315336704 -0.005287247244268656 8.614053914612896e-10 
vn -0.008487933315336704 -0.005287247244268656 8.614053914612896e-10 
vn -0.008487933315336704 -0.005287247244268656 8.614053914612896e-10 
vn -0.008487849496304989 0.005287247244268656 -0.00003771732735913247 
vn -0.008487849496304989 0.005287247244268656 -0.00003771732735913247 
vn -0.008487849496304989 0.005287247244268656 -0.00003771732735913247 
vn -0.008487849496304989 0.005287247244268656 -0.00003771732735913247 
vn -0.008417815901339054 0.00539805181324482 -0.00003772630589082837 
vn -0.008417815901339054 0.00539805181324482 -0.00003772630589082837 
vn -0.008417815901339054 0.00539805181324482 -0.00003772630589082837 
vn -0.008417815901339054 0.00539805181324482 -0.00003772630589082837 
vn -0.008199171163141727 -0.005724823102355003 9.326955874300324e-10 
vn -0.008199171163141727 -0.005724823102355003 9.326955874300324e-10 
vn -0.008199171163141727 -0.005724823102355003 9.326955874300324e-10 
vn -0.008199171163141727 -0.005724823102355003 9.326955874300324e-10 
vn -0.008417815901339054 0.00539805181324482 -0.00003772630589082837 
vn -0.008417815901339054 0.00539805181324482 -0.00003772630589082837 
vn -0.008417815901339054 0.00539805181324482 -0.00003772630589082837 
vn -0.008417815901339054 0.00539805181324482 -0.00003772630589082837 
vn -0.008199171163141727 -0.005724823102355003 9.326955874300324e-10 
vn -0.008199171163141727 -0.005724823102355003 9.326955874300324e-10 
vn -0.008199171163141727 -0.005724823102355003 9.326955874300324e-10 
vn -0.008199171163141727 -0.005724823102355003 9.326955874300324e-10 
vn -0.008417815901339054 0.00539805181324482 -0.00003772630589082837 
vn -0.008417815901339054 0.00539805181324482 -0.00003772630589082837 
vn -0.008417815901339054 0.00539805181324482 -0.00003772630589082837 
vn -0.008417815901339054 0.00539805181324482 -0.00003772630589082837 
vn -0.008199171163141727 -0.005724823102355003 9.326955874300324e-10 
vn -0.008199171163141727 -0.005724823102355003 9.326955874300324e-10 
vn -0.008199171163141727 -0.005724823102355003 9.326955874300324e-10 
vn -0.008199171163141727 -0.005724823102355003 9.326955874300324e-10 
vn -0.008557792752981186 -0.000021846099116373807 0.00517336605116725 
vn -0.008557792752981186 -0.000021846099116373807 0.00517336605116725 
vn -0.008557792752981186 -0.000021846099116373807 0.00517336605116725 
vn -0.008557792752981186 -0.000021846099116373807 0.00517336605116725 
vn -0.008314676582813263 0.000021846037270734087 -0.005555689334869385 
vn -0.008314676582813263 0.000021846037270734087 -0.005555689334869385 
vn -0.008314676582813263 0.000021846037270734087 -0.005555689334869385 
vn -0.008314676582813263 0.000021846037270734087 -0.005555689334869385 
vn -0.008557792752981186 -0.000021846099116373807 0.00517336605116725 
vn -0.008557792752981186 -0.000021846099116373807 0.00517336605116725 
vn -0.008557792752981186 -0.000021846099116373807 0.00517336605116725 
vn -0.008557792752981186 -0.000021846099116373807 0.00517336605116725 
vn -0.008314676582813263 0.000021846037270734087 -0.005555689334869385 
vn -0.008314676582813263 0.000021846037270734087 -0.005555689334869385 
vn -0.008314676582813263 0.000021846037270734087 -0.005555689334869385 
vn -0.008314676582813263 0.000021846037270734087 -0.005555689334869385 
vn -2.068231052255163e-15 -0.009999999776482582 1.629209989140179e-9 
vn -2.068231052255163e-15 -0.009999999776482582 1.629209989140179e-9 
vn -2.068231052255163e-15 -0.009999999776482582 1.629209989140179e-9 
vn -2.068231052255163e-15 -0.009999999776482582 1.629209989140179e-9 
vn 3.097898490739357e-15 0.000021848571122973226 0.009999976493418217 
vn 3.097898490739357e-15 0.000021848571122973226 0.009999976493418217 
vn 3.097898490739357e-15 0.000021848571122973226 0.009999976493418217 
vn 3.097898490739357e-15 0.000021848571122973226 0.009999976493418217 
vn -2.068231052255163e-15 -0.009999999776482582 1.629209989140179e-9 
vn -2.068231052255163e-15 -0.009999999776482582 1.629209989140179e-9 
vn -2.068231052255163e-15 -0.009999999776482582 1.629209989140179e-9 
vn -2.068231052255163e-15 -0.009999999776482582 1.629209989140179e-9 
vn -1.0341130909078582e-15 0.000021845313312951475 -0.009999976493418217 
vn -1.0341130909078582e-15 0.000021845313312951475 -0.009999976493418217 
vn -1.0341130909078582e-15 0.000021845313312951475 -0.009999976493418217 
vn -1.0341130909078582e-15 0.000021845313312951475 -0.009999976493418217 
vn 0 0.009999999776482582 -1.629209989140179e-9 
vn 0 0.009999999776482582 -1.629209989140179e-9 
vn 0 0.009999999776482582 -1.629209989140179e-9 
vn 0 0.009999999776482582 -1.629209989140179e-9 
vn -0.00999284815043211 0.00002184687946282793 -0.00037750464980490506 
vn -0.00999284815043211 0.00002184687946282793 -0.00037750464980490506 
vn -0.00999284815043211 0.00002184687946282793 -0.00037750464980490506 
vn -0.00999284815043211 0.00002184687946282793 -0.00037750464980490506 
vn -0.009994630701839924 0.0003276457136962563 -5.337830177865044e-11 
vn -0.009994630701839924 0.0003276457136962563 -5.337830177865044e-11 
vn -0.009994630701839924 0.0003276457136962563 -5.337830177865044e-11 
vn -0.009994630701839924 0.0003276457136962563 -5.337830177865044e-11 
vn -0.009994630701839924 -0.0003276457136962563 5.338243735941717e-11 
vn -0.009994630701839924 -0.0003276457136962563 5.338243735941717e-11 
vn -0.009994630701839924 -0.0003276457136962563 5.338243735941717e-11 
vn -0.009994630701839924 -0.0003276457136962563 5.338243735941717e-11 
vn 3.097898490739357e-15 0.000021848571122973226 0.009999976493418217 
vn 3.097898490739357e-15 0.000021848571122973226 0.009999976493418217 
vn 3.097898490739357e-15 0.000021848571122973226 0.009999976493418217 
vn 3.097898490739357e-15 0.000021848571122973226 0.009999976493418217 
vn 0 0.009999999776482582 -1.629209989140179e-9 
vn 0 0.009999999776482582 -1.629209989140179e-9 
vn 0 0.009999999776482582 -1.629209989140179e-9 
vn 0 0.009999999776482582 -1.629209989140179e-9 
vn 0 0.009999999776482582 -1.629209989140179e-9 
vn 0 0.009999999776482582 -1.629209989140179e-9 
vn 0 0.009999999776482582 -1.629209989140179e-9 
vn 0 0.009999999776482582 -1.629209989140179e-9 
vn -0.00999284815043211 0.00002184700315410737 0.00037750464980490506 
vn -0.00999284815043211 0.00002184700315410737 0.00037750464980490506 
vn -0.00999284815043211 0.00002184700315410737 0.00037750464980490506 
vn -0.00999284815043211 0.00002184700315410737 0.00037750464980490506 
vn -1.0341130909078582e-15 0.000021845313312951475 -0.009999976493418217 
vn -1.0341130909078582e-15 0.000021845313312951475 -0.009999976493418217 
vn -1.0341130909078582e-15 0.000021845313312951475 -0.009999976493418217 
vn -1.0341130909078582e-15 0.000021845313312951475 -0.009999976493418217 
vn -0.009994630701839924 -0.0003276457136962563 5.338243735941717e-11 
vn -0.009994630701839924 -0.0003276457136962563 5.338243735941717e-11 
vn -0.009994630701839924 -0.0003276457136962563 5.338243735941717e-11 
vn -0.009994630701839924 -0.0003276457136962563 5.338243735941717e-11 
vn 0 0.009999999776482582 -1.629209989140179e-9 
vn 0 0.009999999776482582 -1.629209989140179e-9 
vn 0 0.009999999776482582 -1.629209989140179e-9 
vn 0 0.009999999776482582 -1.629209989140179e-9 
vn -2.068231052255163e-15 -0.009999999776482582 1.629209989140179e-9 
vn -2.068231052255163e-15 -0.009999999776482582 1.629209989140179e-9 
vn -2.068231052255163e-15 -0.009999999776482582 1.629209989140179e-9 
vn -2.068231052255163e-15 -0.009999999776482582 1.629209989140179e-9 
vn -0.009994630701839924 -0.0003276457136962563 5.338243735941717e-11 
vn -0.009994630701839924 -0.0003276457136962563 5.338243735941717e-11 
vn -0.009994630701839924 -0.0003276457136962563 5.338243735941717e-11 
vn -0.009994630701839924 -0.0003276457136962563 5.338243735941717e-11 
vn 0 0.009999999776482582 -1.629209989140179e-9 
vn 0 0.009999999776482582 -1.629209989140179e-9 
vn 0 0.009999999776482582 -1.629209989140179e-9 
vn 0 0.009999999776482582 -1.629209989140179e-9 
vn -2.068231052255163e-15 -0.009999999776482582 1.629209989140179e-9 
vn -2.068231052255163e-15 -0.009999999776482582 1.629209989140179e-9 
vn -2.068231052255163e-15 -0.009999999776482582 1.629209989140179e-9 
vn -2.068231052255163e-15 -0.009999999776482582 1.629209989140179e-9 
vn -0.009994630701839924 -0.0003276457136962563 5.338243735941717e-11 
vn -0.009994630701839924 -0.0003276457136962563 5.338243735941717e-11 
vn -0.009994630701839924 -0.0003276457136962563 5.338243735941717e-11 
vn -0.009994630701839924 -0.0003276457136962563 5.338243735941717e-11 
vn 3.097898490739357e-15 -0.000021845313312951475 0.009999976493418217 
vn 3.097898490739357e-15 -0.000021845313312951475 0.009999976493418217 
vn 3.097898490739357e-15 -0.000021845313312951475 0.009999976493418217 
vn 3.097898490739357e-15 -0.000021845313312951475 0.009999976493418217 
vn -2.068231052255163e-15 -0.009999999776482582 1.629209989140179e-9 
vn -2.068231052255163e-15 -0.009999999776482582 1.629209989140179e-9 
vn -2.068231052255163e-15 -0.009999999776482582 1.629209989140179e-9 
vn -2.068231052255163e-15 -0.009999999776482582 1.629209989140179e-9 
vn -0.009995413944125175 0.000021846892195753753 -0.00030202954076230526 
vn -0.009995413944125175 0.000021846892195753753 -0.00030202954076230526 
vn -0.009995413944125175 0.000021846892195753753 -0.00030202954076230526 
vn -0.009995413944125175 0.000021846892195753753 -0.00030202954076230526 
vn 3.097898490739357e-15 0.000021848571122973226 0.009999976493418217 
vn 3.097898490739357e-15 0.000021848571122973226 0.009999976493418217 
vn 3.097898490739357e-15 0.000021848571122973226 0.009999976493418217 
vn 3.097898490739357e-15 0.000021848571122973226 0.009999976493418217 
vn -1.0341130909078582e-15 0.000021845313312951475 -0.009999976493418217 
vn -1.0341130909078582e-15 0.000021845313312951475 -0.009999976493418217 
vn -1.0341130909078582e-15 0.000021845313312951475 -0.009999976493418217 
vn -1.0341130909078582e-15 0.000021845313312951475 -0.009999976493418217 
vn -0.009995413944125175 0.000021846892195753753 -0.00030202954076230526 
vn -0.009995413944125175 0.000021846892195753753 -0.00030202954076230526 
vn -0.009995413944125175 0.000021846892195753753 -0.00030202954076230526 
vn -0.009995413944125175 0.000021846892195753753 -0.00030202954076230526 
vn -1.0341130909078582e-15 0.000021845313312951475 -0.009999976493418217 
vn -1.0341130909078582e-15 0.000021845313312951475 -0.009999976493418217 
vn -1.0341130909078582e-15 0.000021845313312951475 -0.009999976493418217 
vn -1.0341130909078582e-15 0.000021845313312951475 -0.009999976493418217 
vn -0.007777773775160313 0.000021847965399501845 0.006285360548645258 
vn -0.007777773775160313 0.000021847965399501845 0.006285360548645258 
vn -0.007777773775160313 0.000021847965399501845 0.006285360548645258 
vn -0.007777773775160313 0.000021847965399501845 0.006285360548645258 
vn -0.007777773775160313 0.000021845917217433453 -0.006285360548645258 
vn -0.007777773775160313 0.000021845917217433453 -0.006285360548645258 
vn -0.007777773775160313 0.000021845917217433453 -0.006285360548645258 
vn -0.007777773775160313 0.000021845917217433453 -0.006285360548645258 
vn -0.008487933315336704 -0.005287247244268656 8.614053914612896e-10 
vn -0.008487933315336704 -0.005287247244268656 8.614053914612896e-10 
vn -0.008487933315336704 -0.005287247244268656 8.614053914612896e-10 
vn -0.008487933315336704 -0.005287247244268656 8.614053914612896e-10 
vn -0.008487849496304989 0.005287247244268656 -0.00003771732735913247 
vn -0.008487849496304989 0.005287247244268656 -0.00003771732735913247 
vn -0.008487849496304989 0.005287247244268656 -0.00003771732735913247 
vn -0.008487849496304989 0.005287247244268656 -0.00003771732735913247 
vn -0.008417815901339054 0.00539805181324482 -0.00003772630589082837 
vn -0.008417815901339054 0.00539805181324482 -0.00003772630589082837 
vn -0.008417815901339054 0.00539805181324482 -0.00003772630589082837 
vn -0.008417815901339054 0.00539805181324482 -0.00003772630589082837 
vn -0.008199171163141727 -0.005724823102355003 9.326955874300324e-10 
vn -0.008199171163141727 -0.005724823102355003 9.326955874300324e-10 
vn -0.008199171163141727 -0.005724823102355003 9.326955874300324e-10 
vn -0.008199171163141727 -0.005724823102355003 9.326955874300324e-10 
vn -0.008417815901339054 0.00539805181324482 -0.00003772630589082837 
vn -0.008417815901339054 0.00539805181324482 -0.00003772630589082837 
vn -0.008417815901339054 0.00539805181324482 -0.00003772630589082837 
vn -0.008417815901339054 0.00539805181324482 -0.00003772630589082837 
vn -0.008199171163141727 -0.005724823102355003 9.326955874300324e-10 
vn -0.008199171163141727 -0.005724823102355003 9.326955874300324e-10 
vn -0.008199171163141727 -0.005724823102355003 9.326955874300324e-10 
vn -0.008199171163141727 -0.005724823102355003 9.326955874300324e-10 
vn -0.008417815901339054 0.00539805181324482 -0.00003772630589082837 
vn -0.008417815901339054 0.00539805181324482 -0.00003772630589082837 
vn -0.008417815901339054 0.00539805181324482 -0.00003772630589082837 
vn -0.008417815901339054 0.00539805181324482 -0.00003772630589082837 
vn -0.008199171163141727 -0.005724823102355003 9.326955874300324e-10 
vn -0.008199171163141727 -0.005724823102355003 9.326955874300324e-10 
vn -0.008199171163141727 -0.005724823102355003 9.326955874300324e-10 
vn -0.008199171163141727 -0.005724823102355003 9.326955874300324e-10 
vn -0.008557792752981186 -0.000021846099116373807 0.00517336605116725 
vn -0.008557792752981186 -0.000021846099116373807 0.00517336605116725 
vn -0.008557792752981186 -0.000021846099116373807 0.00517336605116725 
vn -0.008557792752981186 -0.000021846099116373807 0.00517336605116725 
vn -0.008314676582813263 0.000021846037270734087 -0.005555689334869385 
vn -0.008314676582813263 0.000021846037270734087 -0.005555689334869385 
vn -0.008314676582813263 0.000021846037270734087 -0.005555689334869385 
vn -0.008314676582813263 0.000021846037270734087 -0.005555689334869385 
vn -0.008557792752981186 0.000021847785319550894 0.00517336605116725 
vn -0.008557792752981186 0.000021847785319550894 0.00517336605116725 
vn -0.008557792752981186 0.000021847785319550894 0.00517336605116725 
vn -0.008557792752981186 0.000021847785319550894 0.00517336605116725 
vn -0.008314676582813263 0.000021846037270734087 -0.005555689334869385 
vn -0.008314676582813263 0.000021846037270734087 -0.005555689334869385 
vn -0.008314676582813263 0.000021846037270734087 -0.005555689334869385 
vn -0.008314676582813263 0.000021846037270734087 -0.005555689334869385 
vn -2.068231052255163e-15 -0.009999999776482582 1.629209989140179e-9 
vn -2.068231052255163e-15 -0.009999999776482582 1.629209989140179e-9 
vn -2.068231052255163e-15 -0.009999999776482582 1.629209989140179e-9 
vn -2.068231052255163e-15 -0.009999999776482582 1.629209989140179e-9 
vn 0.009990070946514606 -0.0003276456845924258 0.00030186816002242267 
vn 0.009378509595990181 -0.0024437063839286566 0.0024641137570142746 
vn 0.009917679242789745 0.000021847150492249057 0.0012802970595657825 
vn 0.008099018596112728 0.000021847898096893914 0.005865612532943487 
vn 0.009990070946514606 0.0003276457719039172 0.0003018680727109313 
vn 0.009378509595990181 0.0024437070824205875 0.0024641130585223436 
vn 0.009992551989853382 0.00024029336054809391 -0.00030194310238584876 
vn 0.009640735574066639 0.0020178169943392277 -0.0017276096623390913 
vn 0.009992551989853382 -0.00024029346241150051 -0.0003019430150743574 
vn 0.009640735574066639 -0.002017817460000515 -0.0017276089638471603 
vn 0.005397494416683912 -0.006715084426105022 -0.005076878238469362 
vn 0.005403701215982437 0.0067150830291211605 -0.005070273764431477 
vn 0.004330327268689871 0.00635131960734725 0.006396014709025621 
vn 0.0028304907027632 0.000021848503820365295 0.009591029025614262 
vn 0.004373385105282068 -0.0063513172790408134 0.006366652902215719 
vn 0 0.009999999776482582 -1.629209989140179e-9 
vn 0 0.009999999776482582 -1.629209989140179e-9 
vn 0 0.009999999776482582 -1.629209989140179e-9 
vn 0 0.009999999776482582 -1.629209989140179e-9 
vn -1.0341130909078582e-15 0.000021845313312951475 -0.009999976493418217 
vn -1.0341130909078582e-15 0.000021845313312951475 -0.009999976493418217 
vn -1.0341130909078582e-15 0.000021845313312951475 -0.009999976493418217 
vn -1.0341130909078582e-15 0.000021845313312951475 -0.009999976493418217 
vn 0 0.009999999776482582 -1.629209989140179e-9 
vn 0 0.009999999776482582 -1.629209989140179e-9 
vn 0 0.009999999776482582 -1.629209989140179e-9 
vn 0 0.009999999776482582 -1.629209989140179e-9 
vn 3.097898490739357e-15 0.000021848571122973226 0.009999976493418217 
vn 3.097898490739357e-15 0.000021848571122973226 0.009999976493418217 
vn 3.097898490739357e-15 0.000021848571122973226 0.009999976493418217 
vn 3.097898490739357e-15 0.000021848571122973226 0.009999976493418217 
vn 0 0.009999999776482582 -1.629209989140179e-9 
vn 0 0.009999999776482582 -1.629209989140179e-9 
vn 0 0.009999999776482582 -1.629209989140179e-9 
vn 0 0.009999999776482582 -1.629209989140179e-9 
vn 0.009999976493418217 0.00002184694130846765 -3.5593255773291865e-12 
vn 0.009999976493418217 0.00002184694130846765 -3.5593255773291865e-12 
vn 0.009999976493418217 0.00002184694130846765 -3.5593255773291865e-12 
vn 0.009999976493418217 0.00002184694130846765 -3.5593255773291865e-12 
vn 3.097898490739357e-15 0.000021848571122973226 0.009999976493418217 
vn 3.097898490739357e-15 0.000021848571122973226 0.009999976493418217 
vn 3.097898490739357e-15 0.000021848571122973226 0.009999976493418217 
vn 3.097898490739357e-15 0.000021848571122973226 0.009999976493418217 
vn 3.097898490739357e-15 0.000021848571122973226 0.009999976493418217 
vn 3.097898490739357e-15 0.000021848571122973226 0.009999976493418217 
vn 0.009999976493418217 0.00002184694130846765 -3.5593255773291865e-12 
vn 0.009999976493418217 0.00002184694130846765 -3.5593255773291865e-12 
vn 0.009999976493418217 0.00002184694130846765 -3.5593255773291865e-12 
vn 0.009999976493418217 0.00002184694130846765 -3.5593255773291865e-12 
vn 0.009999976493418217 0.00002184694130846765 -3.5593255773291865e-12 
vn 0.009999976493418217 0.00002184694130846765 -3.5593255773291865e-12 
vn 0.009999976493418217 0.00002184694130846765 -3.5593255773291865e-12 
vn 0.009999976493418217 0.00002184694130846765 -3.5593255773291865e-12 
vn 0.009999976493418217 0.00002184694130846765 -3.5593255773291865e-12 
vn 0.009999976493418217 0.00002184694130846765 -3.5593255773291865e-12 
vn 0.009999976493418217 0.00002184694130846765 -3.5593255773291865e-12 
vn 0.009999976493418217 0.00002184694130846765 -3.5593255773291865e-12 
vn 0.009999976493418217 0.00002184694130846765 -3.5593255773291865e-12 
vn 0.009999976493418217 0.00002184694130846765 -3.5593255773291865e-12 
vn 0.009999976493418217 0.00002184694130846765 -3.5593255773291865e-12 
vn 0.009999976493418217 0.00002184694130846765 -3.5593255773291865e-12 
vn 0.009999976493418217 0.00002184694130846765 -3.5593255773291865e-12 
vn 0.009999976493418217 0.00002184694130846765 -3.5593255773291865e-12 
vn 0.009999976493418217 0.00002184694130846765 -3.5593255773291865e-12 
vn 0.009999976493418217 0.00002184694130846765 -3.5593255773291865e-12 
vn 0.009999976493418217 0.00002184694130846765 -3.5593255773291865e-12 
vn 0.009999976493418217 0.00002184694130846765 -3.5593255773291865e-12 
vn 0.009999976493418217 0.00002184694130846765 -3.5593255773291865e-12 
vn 0.009999976493418217 0.00002184694130846765 -3.5593255773291865e-12 
vn 0.009999976493418217 0.00002184694130846765 -3.5593255773291865e-12 
vn 0.009999976493418217 0.00002184694130846765 -3.5593255773291865e-12 
vn 0.009999976493418217 0.00002184694130846765 -3.5593255773291865e-12 
vn 0.009999976493418217 0.00002184694130846765 -3.5593255773291865e-12 
vn 0.009999976493418217 0.00002184694130846765 -3.5593255773291865e-12 
vn 0.009999976493418217 0.00002184694130846765 -3.5593255773291865e-12 
vn 0.009999976493418217 0.00002184694130846765 -3.5593255773291865e-12 
vn 0.009999976493418217 0.00002184694130846765 -3.5593255773291865e-12 
vn -1.0341130909078582e-15 0.000021845313312951475 -0.009999976493418217 
vn -1.0341130909078582e-15 0.000021845313312951475 -0.009999976493418217 
vn -1.0341130909078582e-15 0.000021845313312951475 -0.009999976493418217 
vn -1.0341130909078582e-15 0.000021845313312951475 -0.009999976493418217 
vn -2.068231052255163e-15 -0.009999999776482582 1.629209989140179e-9 
vn -2.068231052255163e-15 -0.009999999776482582 1.629209989140179e-9 
vn -2.068231052255163e-15 -0.009999999776482582 1.629209989140179e-9 
vn -2.068231052255163e-15 -0.009999999776482582 1.629209989140179e-9 
vn -2.068231052255163e-15 -0.009999999776482582 1.629209989140179e-9 
vn -2.068231052255163e-15 -0.009999999776482582 1.629209989140179e-9 
vn -2.068231052255163e-15 -0.009999999776482582 1.629209989140179e-9 
vn -2.068231052255163e-15 -0.009999999776482582 1.629209989140179e-9 
vn -2.068231052255163e-15 -0.009999999776482582 1.629209989140179e-9 
vn -2.068231052255163e-15 -0.009999999776482582 1.629209989140179e-9 
vn -2.068231052255163e-15 -0.009999999776482582 1.629209989140179e-9 
vn -2.068231052255163e-15 -0.009999999776482582 1.629209989140179e-9 
vn -2.068231052255163e-15 -0.009999999776482582 1.629209989140179e-9 
vn -2.068231052255163e-15 -0.009999999776482582 1.629209989140179e-9 
vn -2.068231052255163e-15 -0.009999999776482582 1.629209989140179e-9 
vn -2.068231052255163e-15 -0.009999999776482582 1.629209989140179e-9 
vn -1.0341130909078582e-15 0.000021845313312951475 -0.009999976493418217 
vn -1.0341130909078582e-15 0.000021845313312951475 -0.009999976493418217 
vn -1.0341130909078582e-15 0.000021845313312951475 -0.009999976493418217 
vn -1.0341130909078582e-15 0.000021845313312951475 -0.009999976493418217 
vn 3.097898490739357e-15 0.000021848571122973226 0.009999976493418217 
vn 3.097898490739357e-15 0.000021848571122973226 0.009999976493418217 
vn 3.097898490739357e-15 0.000021848571122973226 0.009999976493418217 
vn 3.097898490739357e-15 0.000021848571122973226 0.009999976493418217 
vn -1.0341130909078582e-15 0.000021845313312951475 -0.009999976493418217 
vn -1.0341130909078582e-15 0.000021845313312951475 -0.009999976493418217 
vn -1.0341130909078582e-15 0.000021845313312951475 -0.009999976493418217 
vn -1.0341130909078582e-15 0.000021845313312951475 -0.009999976493418217 
vn 0.009999976493418217 0.00002184694130846765 -3.5593255773291865e-12 
vn 0.009999976493418217 0.00002184694130846765 -3.5593255773291865e-12 
vn 0.009999976493418217 0.00002184694130846765 -3.5593255773291865e-12 
vn 0.009999976493418217 0.00002184694130846765 -3.5593255773291865e-12 
vn 3.097898490739357e-15 0.000021848571122973226 0.009999976493418217 
vn 3.097898490739357e-15 0.000021848571122973226 0.009999976493418217 
vn 3.097898490739357e-15 0.000021848571122973226 0.009999976493418217 
vn 3.097898490739357e-15 0.000021848571122973226 0.009999976493418217 
vn 0.009999976493418217 -0.00002184694130846765 3.5593255773291865e-12 
vn 0.009999976493418217 -0.00002184694130846765 3.5593255773291865e-12 
vn 0.009999976493418217 -0.00002184694130846765 3.5593255773291865e-12 
vn 0.009999976493418217 -0.00002184694130846765 3.5593255773291865e-12 
vn 0.009999976493418217 0.00002184694130846765 -3.5593255773291865e-12 
vn 0.009999976493418217 0.00002184694130846765 -3.5593255773291865e-12 
vn 0.009999976493418217 0.00002184694130846765 -3.5593255773291865e-12 
vn 0.009999976493418217 0.00002184694130846765 -3.5593255773291865e-12 
vn 0.009999976493418217 0.00002184694130846765 -3.5593255773291865e-12 
vn 0.009999976493418217 0.00002184694130846765 -3.5593255773291865e-12 
vn 0 0.009999999776482582 -1.629209989140179e-9 
vn 0 0.009999999776482582 -1.629209989140179e-9 
vn 0 0.009999999776482582 -1.629209989140179e-9 
vn 0 0.009999999776482582 -1.629209989140179e-9 
vn 0.009999976493418217 0.00002184694130846765 -3.5593255773291865e-12 
vn 0.009999976493418217 0.00002184694130846765 -3.5593255773291865e-12 
vn 0.009999976493418217 0.00002184694130846765 -3.5593255773291865e-12 
vn 0.009999976493418217 0.00002184694130846765 -3.5593255773291865e-12 
vn -2.068231052255163e-15 -0.009999999776482582 1.629209989140179e-9 
vn -2.068231052255163e-15 -0.009999999776482582 1.629209989140179e-9 
vn -2.068231052255163e-15 -0.009999999776482582 1.629209989140179e-9 
vn -2.068231052255163e-15 -0.009999999776482582 1.629209989140179e-9 
vn -1.0341130909078582e-15 0.000021845313312951475 -0.009999976493418217 
vn -1.0341130909078582e-15 0.000021845313312951475 -0.009999976493418217 
vn -1.0341130909078582e-15 0.000021845313312951475 -0.009999976493418217 
vn -1.0341130909078582e-15 0.000021845313312951475 -0.009999976493418217 
vn 3.097898490739357e-15 0.000021848571122973226 0.009999976493418217 
vn 3.097898490739357e-15 0.000021848571122973226 0.009999976493418217 
vn 3.097898490739357e-15 0.000021848571122973226 0.009999976493418217 
vn 3.097898490739357e-15 0.000021848571122973226 0.009999976493418217 
vn 0.009999976493418217 -0.00002184694130846765 3.5593255773291865e-12 
vn 0.009999976493418217 -0.00002184694130846765 3.5593255773291865e-12 
vn 0.009999976493418217 -0.00002184694130846765 3.5593255773291865e-12 
vn 0.009999976493418217 -0.00002184694130846765 3.5593255773291865e-12 
vn 0.009999976493418217 0.00002184694130846765 -3.5593255773291865e-12 
vn 0.009999976493418217 0.00002184694130846765 -3.5593255773291865e-12 
vn 0.009999976493418217 0.00002184694130846765 -3.5593255773291865e-12 
vn 0.009999976493418217 0.00002184694130846765 -3.5593255773291865e-12 
vn 0.009999976493418217 0.00002184694130846765 -3.5593255773291865e-12 
vn 0.009999976493418217 0.00002184694130846765 -3.5593255773291865e-12 
vn 0.009999976493418217 0.00002184694130846765 -3.5593255773291865e-12 
vn 0.009999976493418217 0.00002184694130846765 -3.5593255773291865e-12 
vn 0.009999976493418217 0.00002184694130846765 -3.5593255773291865e-12 
vn 0.009999976493418217 0.00002184694130846765 -3.5593255773291865e-12 
vn 0.009999976493418217 0.00002184694130846765 -3.5593255773291865e-12 
vn 0.009999976493418217 0.00002184694130846765 -3.5593255773291865e-12 
vn 0.009992551989853382 -0.00024029336054809391 0.00030194310238584876 
vn 0.009627129882574081 -0.0020178169943392277 0.0018018821720033884 
vn 0.009992551989853382 0.00024029346241150051 0.0003019430150743574 
vn 0.009627129882574081 0.002017817460000515 0.0018018814735114574 
vn 0.009992551989853382 0.00024029336054809391 -0.00030194310238584876 
vn 0.009627129882574081 0.0020178169943392277 -0.0018018821720033884 
vn 0.009992551989853382 -0.00024029346241150051 -0.0003019430150743574 
vn 0.009627129882574081 -0.002017817460000515 -0.0018018814735114574 
vn 0.005397494416683912 -0.006715084426105022 -0.005076878238469362 
vn 0.005397494416683912 -0.0067150830291211605 0.005076880566775799 
vn 0.005403701215982437 0.006715084426105022 0.00507027143612504 
vn 0.005403701215982437 0.0067150830291211605 -0.005070273764431477 
vn 0.009991406463086605 -0.0002839722437784076 0.00030190852703526616 
vn 0.009607231244444847 -0.0019750024657696486 0.001949478406459093 
vn 0.009991406463086605 0.00028397233108989894 0.0003019084397237748 
vn 0.009607231244444847 0.0019750031642615795 0.001949477824382484 
vn 0.009991406463086605 0.0002839722437784076 -0.00030190852703526616 
vn 0.009607231244444847 0.0019750024657696486 -0.001949478406459093 
vn 0.009991406463086605 -0.00028397233108989894 -0.0003019084397237748 
vn 0.009607231244444847 -0.0019750031642615795 -0.001949477824382484 
vn 0.005397494416683912 -0.006715084426105022 -0.005076878238469362 
vn 0.005397494416683912 -0.0067150830291211605 0.005076880566775799 
vn 0.005403701215982437 0.006715084426105022 0.00507027143612504 
vn 0.005403701215982437 0.0067150830291211605 -0.005070273764431477 
vn 0.009991406463086605 -0.0002839722437784076 0.00030190852703526616 
vn 0.009607231244444847 -0.0019750024657696486 0.001949478406459093 
vn 0.009991406463086605 0.00028397233108989894 0.0003019084397237748 
vn 0.009607231244444847 0.0019750031642615795 0.001949477824382484 
vn 0.009991406463086605 0.0002839722437784076 -0.00030190852703526616 
vn 0.009607231244444847 0.0019750024657696486 -0.001949478406459093 
vn 0.009991406463086605 -0.00028397233108989894 -0.0003019084397237748 
vn 0.009607231244444847 -0.0019750031642615795 -0.001949477824382484 
vn 0.005397494416683912 -0.006715084426105022 -0.005076878238469362 
vn 0.005397494416683912 -0.0067150830291211605 0.005076880566775799 
vn 0.005403701215982437 0.006715084426105022 0.00507027143612504 
vn 0.005403701215982437 0.0067150830291211605 -0.005070273764431477 
vn 0.009990070946514606 -0.0003276456845924258 0.00030186816002242267 
vn 0.009591936133801937 -0.0019750024657696486 0.0020233953837305307 
vn 0.00998750701546669 0.00032764580100774765 0.0003773028147406876 
vn 0.00944229494780302 0.0026549529284238815 0.0019478935282677412 
vn 0.009982846677303314 0.0003713128389790654 -0.00045264698565006256 
vn 0.009183069691061974 0.0031565821263939142 -0.0023889781441539526 
vn 0.009990070946514606 -0.0003276457719039172 -0.0003018680727109313 
vn 0.009378509595990181 -0.0024437070824205875 -0.0024641130585223436 
vn 0.004373385105282068 -0.00635131960734725 -0.006366650573909283 
vn 0.005397494416683912 -0.0067150830291211605 0.005076880566775799 
vn 0.005403701215982437 0.006715084426105022 0.00507027143612504 
vn 0.004330327268689871 0.0063513172790408134 -0.006396017037332058 
vn 0 0.009999999776482582 -1.629209989140179e-9 
vn 0 0.009999999776482582 -1.629209989140179e-9 
vn 0 0.009999999776482582 -1.629209989140179e-9 
vn 0 0.009999999776482582 -1.629209989140179e-9 
vn 0.009999976493418217 0.00002184694130846765 -3.5593255773291865e-12 
vn 0.009999976493418217 0.00002184694130846765 -3.5593255773291865e-12 
vn 0.009999976493418217 0.00002184694130846765 -3.5593255773291865e-12 
vn 0.009999976493418217 0.00002184694130846765 -3.5593255773291865e-12 
vn 0.009999976493418217 0.00002184694130846765 -3.5593255773291865e-12 
vn 0.009999976493418217 0.00002184694130846765 -3.5593255773291865e-12 
vn 0.009999976493418217 0.00002184694130846765 -3.5593255773291865e-12 
vn 0.009999976493418217 0.00002184694130846765 -3.5593255773291865e-12 
vn 3.097898490739357e-15 -0.000021845313312951475 0.009999976493418217 
vn 3.097898490739357e-15 -0.000021845313312951475 0.009999976493418217 
vn 3.097898490739357e-15 -0.000021845313312951475 0.009999976493418217 
vn 3.097898490739357e-15 -0.000021845313312951475 0.009999976493418217 
vn 3.097898490739357e-15 0.000021848571122973226 0.009999976493418217 
vn 3.097898490739357e-15 0.000021848571122973226 0.009999976493418217 
vn 3.097898490739357e-15 0.000021848571122973226 0.009999976493418217 
vn 3.097898490739357e-15 0.000021848571122973226 0.009999976493418217 
vn 3.097898490739357e-15 0.000021848571122973226 0.009999976493418217 
vn 3.097898490739357e-15 0.000021848571122973226 0.009999976493418217 
vn 3.097898490739357e-15 0.000021848571122973226 0.009999976493418217 
vn 3.097898490739357e-15 0.000021848571122973226 0.009999976493418217 
vn 3.097898490739357e-15 0.000021848571122973226 0.009999976493418217 
vn 3.097898490739357e-15 0.000021848571122973226 0.009999976493418217 
vn 3.097898490739357e-15 0.000021848571122973226 0.009999976493418217 
vn 3.097898490739357e-15 0.000021848571122973226 0.009999976493418217 
vn 3.097898490739357e-15 0.000021848571122973226 0.009999976493418217 
vn 3.097898490739357e-15 0.000021848571122973226 0.009999976493418217 
vn 3.097898490739357e-15 0.000021848571122973226 0.009999976493418217 
vn 3.097898490739357e-15 0.000021848571122973226 0.009999976493418217 
vn 3.097898490739357e-15 0.000021848571122973226 0.009999976493418217 
vn 3.097898490739357e-15 0.000021848571122973226 0.009999976493418217 
vn 3.097898490739357e-15 0.000021848571122973226 0.009999976493418217 
vn 3.097898490739357e-15 0.000021848571122973226 0.009999976493418217 
vn 3.097898490739357e-15 0.000021848571122973226 0.009999976493418217 
vn 3.097898490739357e-15 0.000021848571122973226 0.009999976493418217 
vn 3.097898490739357e-15 0.000021848571122973226 0.009999976493418217 
vn 3.097898490739357e-15 0.000021848571122973226 0.009999976493418217 
vn 3.097898490739357e-15 0.000021848571122973226 0.009999976493418217 
vn 3.097898490739357e-15 0.000021848571122973226 0.009999976493418217 
vn 3.097898490739357e-15 0.000021848571122973226 0.009999976493418217 
vn 3.097898490739357e-15 -0.000021845313312951475 0.009999976493418217 
vn 3.097898490739357e-15 -0.000021845313312951475 0.009999976493418217 
vn 3.097898490739357e-15 -0.000021845313312951475 0.009999976493418217 
vn 3.097898490739357e-15 -0.000021845313312951475 0.009999976493418217 
vn 0.00013107800623402 -0.009999141097068787 1.6290701010390762e-9 
vn 0.00013107800623402 -0.009999141097068787 1.6290701010390762e-9 
vn 0.00013107800623402 -0.009999141097068787 1.6290701010390762e-9 
vn 0.00013107800623402 -0.009999141097068787 1.6290701010390762e-9 
vn -2.068231052255163e-15 -0.009999999776482582 1.629209989140179e-9 
vn -2.068231052255163e-15 -0.009999999776482582 1.629209989140179e-9 
vn -2.068231052255163e-15 -0.009999999776482582 1.629209989140179e-9 
vn -2.068231052255163e-15 -0.009999999776482582 1.629209989140179e-9 
vn -2.068231052255163e-15 -0.009999999776482582 1.629209989140179e-9 
vn -2.068231052255163e-15 -0.009999999776482582 1.629209989140179e-9 
vn -2.068231052255163e-15 -0.009999999776482582 1.629209989140179e-9 
vn -2.068231052255163e-15 -0.009999999776482582 1.629209989140179e-9 
vn -2.068231052255163e-15 -0.009999999776482582 1.629209989140179e-9 
vn -2.068231052255163e-15 -0.009999999776482582 1.629209989140179e-9 
vn -2.068231052255163e-15 -0.009999999776482582 1.629209989140179e-9 
vn -2.068231052255163e-15 -0.009999999776482582 1.629209989140179e-9 
vn -2.068231052255163e-15 -0.009999999776482582 1.629209989140179e-9 
vn -2.068231052255163e-15 -0.009999999776482582 1.629209989140179e-9 
vn -2.068231052255163e-15 -0.009999999776482582 1.629209989140179e-9 
vn -2.068231052255163e-15 -0.009999999776482582 1.629209989140179e-9 
vn -2.068231052255163e-15 -0.009999999776482582 1.629209989140179e-9 
vn -2.068231052255163e-15 -0.009999999776482582 1.629209989140179e-9 
vn -2.068231052255163e-15 -0.009999999776482582 1.629209989140179e-9 
vn -2.068231052255163e-15 -0.009999999776482582 1.629209989140179e-9 
vn -2.068231052255163e-15 -0.009999999776482582 1.629209989140179e-9 
vn -2.068231052255163e-15 -0.009999999776482582 1.629209989140179e-9 
vn -2.068231052255163e-15 -0.009999999776482582 1.629209989140179e-9 
vn -2.068231052255163e-15 -0.009999999776482582 1.629209989140179e-9 
vn -2.068231052255163e-15 -0.009999999776482582 1.629209989140179e-9 
vn -2.068231052255163e-15 -0.009999999776482582 1.629209989140179e-9 
vn -2.068231052255163e-15 -0.009999999776482582 1.629209989140179e-9 
vn -2.068231052255163e-15 -0.009999999776482582 1.629209989140179e-9 
vn -2.068231052255163e-15 -0.009999999776482582 1.629209989140179e-9 
vn -2.068231052255163e-15 -0.009999999776482582 1.629209989140179e-9 
vn -2.068231052255163e-15 -0.009999999776482582 1.629209989140179e-9 
vn -2.068231052255163e-15 -0.009999999776482582 1.629209989140179e-9 
vn -2.068231052255163e-15 -0.009999999776482582 1.629209989140179e-9 
vn -2.068231052255163e-15 -0.009999999776482582 1.629209989140179e-9 
vn -2.068231052255163e-15 -0.009999999776482582 1.629209989140179e-9 
vn -2.068231052255163e-15 -0.009999999776482582 1.629209989140179e-9 
vn -2.068231052255163e-15 -0.009999999776482582 1.629209989140179e-9 
vn -2.068231052255163e-15 -0.009999999776482582 1.629209989140179e-9 
vn -2.068231052255163e-15 -0.009999999776482582 1.629209989140179e-9 
vn -2.068231052255163e-15 -0.009999999776482582 1.629209989140179e-9 
vn -2.068231052255163e-15 -0.009999999776482582 1.629209989140179e-9 
vn -2.068231052255163e-15 -0.009999999776482582 1.629209989140179e-9 
vn -2.068231052255163e-15 -0.009999999776482582 1.629209989140179e-9 
vn -2.068231052255163e-15 -0.009999999776482582 1.629209989140179e-9 
vn -2.068231052255163e-15 -0.009999999776482582 1.629209989140179e-9 
vn -2.068231052255163e-15 -0.009999999776482582 1.629209989140179e-9 
vn -2.068231052255163e-15 -0.009999999776482582 1.629209989140179e-9 
vn -2.068231052255163e-15 -0.009999999776482582 1.629209989140179e-9 
vn -2.068231052255163e-15 -0.009999999776482582 1.629209989140179e-9 
vn -2.068231052255163e-15 -0.009999999776482582 1.629209989140179e-9 
vn -2.068231052255163e-15 -0.009999999776482582 1.629209989140179e-9 
vn -2.068231052255163e-15 -0.009999999776482582 1.629209989140179e-9 
vn -2.068231052255163e-15 -0.009999999776482582 1.629209989140179e-9 
vn -2.068231052255163e-15 -0.009999999776482582 1.629209989140179e-9 
vn -2.068231052255163e-15 -0.009999999776482582 1.629209989140179e-9 
vn -2.068231052255163e-15 -0.009999999776482582 1.629209989140179e-9 
vn -2.068231052255163e-15 -0.009999999776482582 1.629209989140179e-9 
vn -2.068231052255163e-15 -0.009999999776482582 1.629209989140179e-9 
vn -2.068231052255163e-15 -0.009999999776482582 1.629209989140179e-9 
vn -2.068231052255163e-15 -0.009999999776482582 1.629209989140179e-9 
vn -2.068231052255163e-15 -0.009999999776482582 1.629209989140179e-9 
vn -2.068231052255163e-15 -0.009999999776482582 1.629209989140179e-9 
vn -2.068231052255163e-15 -0.009999999776482582 1.629209989140179e-9 
vn -2.068231052255163e-15 -0.009999999776482582 1.629209989140179e-9 
vn 0.00008738672477193177 -0.00999961793422699 1.6291477056284975e-9 
vn 0.00008738672477193177 -0.00999961793422699 1.6291477056284975e-9 
vn 0.00008738672477193177 -0.00999961793422699 1.6291477056284975e-9 
vn 0.00008738672477193177 -0.00999961793422699 1.6291477056284975e-9 
vn -2.068231052255163e-15 -0.009999999776482582 1.629209989140179e-9 
vn -2.068231052255163e-15 -0.009999999776482582 1.629209989140179e-9 
vn -2.068231052255163e-15 -0.009999999776482582 1.629209989140179e-9 
vn 0.00008738672477193177 -0.00999961793422699 1.6291477056284975e-9 
vn 0.00008738672477193177 -0.00999961793422699 1.6291477056284975e-9 
vn 0.00008738672477193177 -0.00999961793422699 1.6291477056284975e-9 
vn 0.00008738672477193177 -0.00999961793422699 1.6291477056284975e-9 
vn 0.00008738672477193177 -0.00999961793422699 1.6291477056284975e-9 
vn 0.00008738672477193177 -0.00999961793422699 1.6291477056284975e-9 
vn 0.00008738672477193177 -0.00999961793422699 1.6291477056284975e-9 
vn 0.00008738672477193177 -0.00999961793422699 1.6291477056284975e-9 
vn -2.068231052255163e-15 -0.009999999776482582 1.629209989140179e-9 
vn -2.068231052255163e-15 -0.009999999776482582 1.629209989140179e-9 
vn -2.068231052255163e-15 -0.009999999776482582 1.629209989140179e-9 
vn -2.068231052255163e-15 -0.009999999776482582 1.629209989140179e-9 
vn 0.00008738672477193177 -0.00999961793422699 1.6291477056284975e-9 
vn 0.00008738672477193177 -0.00999961793422699 1.6291477056284975e-9 
vn 0.00008738672477193177 -0.00999961793422699 1.6291477056284975e-9 
vn 0.00008738672477193177 -0.00999961793422699 1.6291477056284975e-9 
vn 2.068231052255163e-15 -0.009999999776482582 1.629209989140179e-9 
vn 2.068231052255163e-15 -0.009999999776482582 1.629209989140179e-9 
vn 2.068231052255163e-15 -0.009999999776482582 1.629209989140179e-9 
vn 2.068231052255163e-15 -0.009999999776482582 1.629209989140179e-9 
vn 0.00008738672477193177 -0.00999961793422699 1.6291477056284975e-9 
vn 0.00008738672477193177 -0.00999961793422699 1.6291477056284975e-9 
vn 0.00008738672477193177 -0.00999961793422699 1.6291477056284975e-9 
vn 0.00008738672477193177 -0.00999961793422699 1.6291477056284975e-9 
vn 0.00008738672477193177 -0.00999961793422699 1.6291477056284975e-9 
vn 0.00008738672477193177 -0.00999961793422699 1.6291477056284975e-9 
vn 0.00008738672477193177 -0.00999961793422699 1.6291477056284975e-9 
vn 0.00008738672477193177 -0.00999961793422699 1.6291477056284975e-9 
vn -2.068231052255163e-15 -0.009999999776482582 1.629209989140179e-9 
vn -2.068231052255163e-15 -0.009999999776482582 1.629209989140179e-9 
vn -2.068231052255163e-15 -0.009999999776482582 1.629209989140179e-9 
vn -2.068231052255163e-15 -0.009999999776482582 1.629209989140179e-9 
vn -2.068231052255163e-15 -0.009999999776482582 1.629209989140179e-9 
vn -2.068231052255163e-15 -0.009999999776482582 1.629209989140179e-9 
vn -2.068231052255163e-15 -0.009999999776482582 1.629209989140179e-9 
vn -2.068231052255163e-15 -0.009999999776482582 1.629209989140179e-9 
vn 0.00008738672477193177 -0.00999961793422699 1.6291477056284975e-9 
vn 0.00008738672477193177 -0.00999961793422699 1.6291477056284975e-9 
vn 0.00008738672477193177 -0.00999961793422699 1.6291477056284975e-9 
vn 0.00008738672477193177 -0.00999961793422699 1.6291477056284975e-9 
vn 2.068231052255163e-15 -0.009999999776482582 1.629209989140179e-9 
vn 2.068231052255163e-15 -0.009999999776482582 1.629209989140179e-9 
vn 2.068231052255163e-15 -0.009999999776482582 1.629209989140179e-9 
vn 2.068231052255163e-15 -0.009999999776482582 1.629209989140179e-9 
vn 0.00008738672477193177 -0.00999961793422699 1.6291477056284975e-9 
vn 0.00008738672477193177 -0.00999961793422699 1.6291477056284975e-9 
vn 0.00008738672477193177 -0.00999961793422699 1.6291477056284975e-9 
vn 0.00008738672477193177 -0.00999961793422699 1.6291477056284975e-9 
vn -2.068231052255163e-15 -0.009999999776482582 1.629209989140179e-9 
vn -2.068231052255163e-15 -0.009999999776482582 1.629209989140179e-9 
vn -2.068231052255163e-15 -0.009999999776482582 1.629209989140179e-9 
vn -2.068231052255163e-15 -0.009999999776482582 1.629209989140179e-9 
vn 0.00008738672477193177 -0.00999961793422699 1.6291477056284975e-9 
vn 0.00008738672477193177 -0.00999961793422699 1.6291477056284975e-9 
vn 0.00008738672477193177 -0.00999961793422699 1.6291477056284975e-9 
vn 0.00008738672477193177 -0.00999961793422699 1.6291477056284975e-9 
vn 2.068231052255163e-15 -0.009999999776482582 1.629209989140179e-9 
vn 2.068231052255163e-15 -0.009999999776482582 1.629209989140179e-9 
vn 2.068231052255163e-15 -0.009999999776482582 1.629209989140179e-9 
vn 2.068231052255163e-15 -0.009999999776482582 1.629209989140179e-9 
vn 0.00008738672477193177 -0.00999961793422699 1.6291477056284975e-9 
vn 0.00008738672477193177 -0.00999961793422699 1.6291477056284975e-9 
vn 0.00008738672477193177 -0.00999961793422699 1.6291477056284975e-9 
vn 0.00008738672477193177 -0.00999961793422699 1.6291477056284975e-9 
vn 3.097898490739357e-15 -0.000021845313312951475 0.009999976493418217 
vn 3.097898490739357e-15 -0.000021845313312951475 0.009999976493418217 
vn 3.097898490739357e-15 -0.000021845313312951475 0.009999976493418217 
vn 3.097898490739357e-15 -0.000021845313312951475 0.009999976493418217 
vn 0.009999976493418217 0.00002184694130846765 -3.5593255773291865e-12 
vn 0.009999976493418217 0.00002184694130846765 -3.5593255773291865e-12 
vn 0.009999976493418217 0.00002184694130846765 -3.5593255773291865e-12 
vn 0.009999976493418217 0.00002184694130846765 -3.5593255773291865e-12 
vn 0.009999976493418217 -0.00002184694130846765 3.5593255773291865e-12 
vn 0.009999976493418217 -0.00002184694130846765 3.5593255773291865e-12 
vn 0.009999976493418217 -0.00002184694130846765 3.5593255773291865e-12 
vn 0.009999976493418217 -0.00002184694130846765 3.5593255773291865e-12 
vn 0.009999976493418217 0.00002184694130846765 -3.5593255773291865e-12 
vn 0.009999976493418217 0.00002184694130846765 -3.5593255773291865e-12 
vn 0.009999976493418217 0.00002184694130846765 -3.5593255773291865e-12 
vn 0.009999976493418217 0.00002184694130846765 -3.5593255773291865e-12 
vn 0.009999976493418217 0.00002184694130846765 -3.5593255773291865e-12 
vn 0.009999976493418217 0.00002184694130846765 -3.5593255773291865e-12 
vn 0.009999976493418217 0.00002184694130846765 -3.5593255773291865e-12 
vn 0.009999976493418217 0.00002184694130846765 -3.5593255773291865e-12 
vn 0.009999976493418217 0.00002184694130846765 -3.5593255773291865e-12 
vn 0.009999976493418217 0.00002184694130846765 -3.5593255773291865e-12 
vn 0.009999976493418217 0.00002184694130846765 -3.5593255773291865e-12 
vn 0.009999976493418217 0.00002184694130846765 -3.5593255773291865e-12 
vn 0 0.009999999776482582 -1.629209989140179e-9 
vn 0 0.009999999776482582 -1.629209989140179e-9 
vn 0 0.009999999776482582 -1.629209989140179e-9 
vn 0 0.009999999776482582 -1.629209989140179e-9 
vn 0 0.009999999776482582 -1.629209989140179e-9 
vn 0 0.009999999776482582 -1.629209989140179e-9 
vn 0 0.009999999776482582 -1.629209989140179e-9 
vn 0 0.009999999776482582 -1.629209989140179e-9 
vn 0 0.009999999776482582 -1.629209989140179e-9 
vn 0 0.009999999776482582 -1.629209989140179e-9 
vn 0 0.009999999776482582 -1.629209989140179e-9 
vn 0 0.009999999776482582 -1.629209989140179e-9 
vn 0 0.009999999776482582 -1.629209989140179e-9 
vn 0 0.009999999776482582 -1.629209989140179e-9 
vn 0 0.009999999776482582 -1.629209989140179e-9 
vn 0 0.009999999776482582 -1.629209989140179e-9 
vn 0 0.009999999776482582 -1.629209989140179e-9 
vn 0 0.009999999776482582 -1.629209989140179e-9 
vn 0 0.009999999776482582 -1.629209989140179e-9 
vn 0 0.009999999776482582 -1.629209989140179e-9 
vn 0 0.009999999776482582 -1.629209989140179e-9 
vn 0 0.009999999776482582 -1.629209989140179e-9 
vn 0 0.009999999776482582 -1.629209989140179e-9 
vn 0 0.009999999776482582 -1.629209989140179e-9 
vn 0 0.009999999776482582 -1.629209989140179e-9 
vn 0 0.009999999776482582 -1.629209989140179e-9 
vn 0 0.009999999776482582 -1.629209989140179e-9 
vn 0 0.009999999776482582 -1.629209989140179e-9 
vn 0 0.009999999776482582 -1.629209989140179e-9 
vn 0 0.009999999776482582 -1.629209989140179e-9 
vn 0 0.009999999776482582 -1.629209989140179e-9 
vn 0 0.009999999776482582 -1.629209989140179e-9 
vn 0 0.009999999776482582 -1.629209989140179e-9 
vn 0 0.009999999776482582 -1.629209989140179e-9 
vn 0 0.009999999776482582 -1.629209989140179e-9 
vn 0 0.009999999776482582 -1.629209989140179e-9 
vn 0 0.009999999776482582 -1.629209989140179e-9 
vn 0 0.009999999776482582 -1.629209989140179e-9 
vn 0 0.009999999776482582 -1.629209989140179e-9 
vn 0 0.009999999776482582 -1.629209989140179e-9 
vn 0 0.009999999776482582 -1.629209989140179e-9 
vn 0 0.009999999776482582 -1.629209989140179e-9 
vn 0 0.009999999776482582 -1.629209989140179e-9 
vn 0 0.009999999776482582 -1.629209989140179e-9 
vn 0 0.009999999776482582 -1.629209989140179e-9 
vn 0 0.009999999776482582 -1.629209989140179e-9 
vn 0 0.009999999776482582 -1.629209989140179e-9 
vn 0 0.009999999776482582 -1.629209989140179e-9 
vn 0 0.009999999776482582 -1.629209989140179e-9 
vn 0 0.009999999776482582 -1.629209989140179e-9 
vn 0 0.009999999776482582 -1.629209989140179e-9 
vn 0 0.009999999776482582 -1.629209989140179e-9 
vn 0 0.009999999776482582 -1.629209989140179e-9 
vn 0 0.009999999776482582 -1.629209989140179e-9 
vn 0 0.009999999776482582 -1.629209989140179e-9 
vn 0 0.009999999776482582 -1.629209989140179e-9 
vn 0 0.009999999776482582 -1.629209989140179e-9 
vn 0 0.009999999776482582 -1.629209989140179e-9 
vn 0 0.009999999776482582 -1.629209989140179e-9 
vn 0 0.009999999776482582 -1.629209989140179e-9 
vn 0 0.009999999776482582 -1.629209989140179e-9 
vn 0 0.009999999776482582 -1.629209989140179e-9 
vn 0 0.009999999776482582 -1.629209989140179e-9 
vn 0 0.009999999776482582 -1.629209989140179e-9 
vn 0 0.009999999776482582 -1.629209989140179e-9 
vn 0 0.009999999776482582 -1.629209989140179e-9 
vn 0 0.009999999776482582 -1.629209989140179e-9 
vn 0 0.009999999776482582 -1.629209989140179e-9 
vn 0 0.009999999776482582 -1.629209989140179e-9 
vn 0 0.009999999776482582 -1.629209989140179e-9 
vn 0 0.009999999776482582 -1.629209989140179e-9 
vn 0 0.009999999776482582 -1.629209989140179e-9 
vn 0 0.009999999776482582 -1.629209989140179e-9 
vn 0 0.009999999776482582 -1.629209989140179e-9 
vn 0 0.009999999776482582 -1.629209989140179e-9 
vn 0 0.009999999776482582 -1.629209989140179e-9 
vn 0 0.009999999776482582 -1.629209989140179e-9 
vn 0 0.009999999776482582 -1.629209989140179e-9 
vn 0 0.009999999776482582 -1.629209989140179e-9 
vn 0 0.009999999776482582 -1.629209989140179e-9 
vn 0 0.009999999776482582 -1.629209989140179e-9 
vn 0 0.009999999776482582 -1.629209989140179e-9 
vn 0 0.009999999776482582 -1.629209989140179e-9 
vn 0 0.009999999776482582 -1.629209989140179e-9 
vn 0 0.009999999776482582 -1.629209989140179e-9 
vn 0 0.009999999776482582 -1.629209989140179e-9 
vn 0 0.009999999776482582 -1.629209989140179e-9 
vn 0 0.009999999776482582 -1.629209989140179e-9 
vn 0 0.009999999776482582 -1.629209989140179e-9 
vn 0 0.009999999776482582 -1.629209989140179e-9 
vn 0 0.009999999776482582 -1.629209989140179e-9 
vn 0 0.009999999776482582 -1.629209989140179e-9 
vn 0 0.009999999776482582 -1.629209989140179e-9 
vn 0 0.009999999776482582 -1.629209989140179e-9 
vn 0 0.009999999776482582 -1.629209989140179e-9 
vn 0 0.009999999776482582 -1.629209989140179e-9 
vn 0 0.009999999776482582 -1.629209989140179e-9 
vn 0 0.009999999776482582 -1.629209989140179e-9 
vn 0 0.009999999776482582 -1.629209989140179e-9 
vn 0 0.009999999776482582 -1.629209989140179e-9 
vn 0 0.009999999776482582 -1.629209989140179e-9 
vn 0 0.009999999776482582 -1.629209989140179e-9 
vn 0 0.009999999776482582 -1.629209989140179e-9 
vn 0 0.009999999776482582 -1.629209989140179e-9 
vn 0 0.009999999776482582 -1.629209989140179e-9 
vn 0 0.009999999776482582 -1.629209989140179e-9 
vn 0 0.009999999776482582 -1.629209989140179e-9 
vn 0 0.009999999776482582 -1.629209989140179e-9 
vn 0 0.009999999776482582 -1.629209989140179e-9 
vn 0 0.009999999776482582 -1.629209989140179e-9 
vn 0 0.009999999776482582 -1.629209989140179e-9 
vn 0 0.009999999776482582 -1.629209989140179e-9 
vn 0 0.009999999776482582 -1.629209989140179e-9 
vn 0 0.009999999776482582 -1.629209989140179e-9 
vn 0 0.009999999776482582 -1.629209989140179e-9 
vn -2.068231052255163e-15 -0.009999999776482582 1.629209989140179e-9 
vn -2.068231052255163e-15 -0.009999999776482582 1.629209989140179e-9 
vn -2.068231052255163e-15 -0.009999999776482582 1.629209989140179e-9 
vn -2.068231052255163e-15 -0.009999999776482582 1.629209989140179e-9 
vn 2.068231052255163e-15 -0.009999999776482582 1.629209989140179e-9 
vn 2.068231052255163e-15 -0.009999999776482582 1.629209989140179e-9 
vn 2.068231052255163e-15 -0.009999999776482582 1.629209989140179e-9 
vn 2.068231052255163e-15 -0.009999999776482582 1.629209989140179e-9 
vn -0.00938803143799305 -0.0024437063839286566 0.0024275854229927063 
vn -0.008099018596112728 0.000021847898096893914 0.005865612532943487 
vn -0.009917679242789745 0.000021847150492249057 0.0012802970595657825 
vn -0.009990070946514606 0.0003276457719039172 0.0003018680727109313 
vn -0.009990070946514606 -0.0003276456845924258 0.00030186816002242267 
vn -0.009621957316994667 -0.0019750031642615795 -0.0018754452466964722 
vn -0.009991406463086605 -0.00028397233108989894 -0.0003019084397237748 
vn -0.009621957316994667 0.0019750024657696486 -0.0018754458287730813 
vn -0.009991406463086605 0.0002839722437784076 -0.00030190852703526616 
vn -0.00938803143799305 0.0024437070824205875 0.0024275844916701317 
vn -0.0028304907027632 0.000021848503820365295 0.009591029025614262 
vn -0.004330327268689871 0.00635131960734725 0.006396014709025621 
vn -0.005377814639359713 0.0067150830291211605 -0.005097721703350544 
vn -0.005397494416683912 -0.006715084426105022 -0.005076878238469362 
vn -0.004373385105282068 -0.0063513172790408134 0.006366652902215719 
vn 0 0.009999999776482582 -1.629209989140179e-9 
vn 0 0.009999999776482582 -1.629209989140179e-9 
vn 0 0.009999999776482582 -1.629209989140179e-9 
vn 0 0.009999999776482582 -1.629209989140179e-9 
vn -1.0341130909078582e-15 0.000021845313312951475 -0.009999976493418217 
vn -1.0341130909078582e-15 0.000021845313312951475 -0.009999976493418217 
vn -1.0341130909078582e-15 0.000021845313312951475 -0.009999976493418217 
vn -1.0341130909078582e-15 0.000021845313312951475 -0.009999976493418217 
vn 0 0.009999999776482582 -1.629209989140179e-9 
vn 0 0.009999999776482582 -1.629209989140179e-9 
vn 0 0.009999999776482582 -1.629209989140179e-9 
vn 0 0.009999999776482582 -1.629209989140179e-9 
vn 3.097898490739357e-15 0.000021848571122973226 0.009999976493418217 
vn 3.097898490739357e-15 0.000021848571122973226 0.009999976493418217 
vn 3.097898490739357e-15 0.000021848571122973226 0.009999976493418217 
vn 3.097898490739357e-15 0.000021848571122973226 0.009999976493418217 
vn 0 0.009999999776482582 -1.629209989140179e-9 
vn 0 0.009999999776482582 -1.629209989140179e-9 
vn 0 0.009999999776482582 -1.629209989140179e-9 
vn 0 0.009999999776482582 -1.629209989140179e-9 
vn -0.009999976493418217 0.00002184694130846765 -3.557257353264953e-12 
vn -0.009999976493418217 0.00002184694130846765 -3.557257353264953e-12 
vn -0.009999976493418217 0.00002184694130846765 -3.557257353264953e-12 
vn -0.009999976493418217 0.00002184694130846765 -3.557257353264953e-12 
vn 3.097898490739357e-15 0.000021848571122973226 0.009999976493418217 
vn 3.097898490739357e-15 0.000021848571122973226 0.009999976493418217 
vn 3.097898490739357e-15 0.000021848571122973226 0.009999976493418217 
vn 3.097898490739357e-15 0.000021848571122973226 0.009999976493418217 
vn 3.097898490739357e-15 0.000021848571122973226 0.009999976493418217 
vn 3.097898490739357e-15 0.000021848571122973226 0.009999976493418217 
vn -0.009999976493418217 -0.00002184694130846765 3.56139380139342e-12 
vn -0.009999976493418217 -0.00002184694130846765 3.56139380139342e-12 
vn -0.009999976493418217 -0.00002184694130846765 3.56139380139342e-12 
vn -0.009999976493418217 -0.00002184694130846765 3.56139380139342e-12 
vn -0.009999976493418217 -0.00002184694130846765 3.56139380139342e-12 
vn -0.009999976493418217 -0.00002184694130846765 3.56139380139342e-12 
vn -0.009999976493418217 -0.00002184694130846765 3.56139380139342e-12 
vn -0.009999976493418217 -0.00002184694130846765 3.56139380139342e-12 
vn -0.009999976493418217 0.00002184694130846765 -3.557257353264953e-12 
vn -0.009999976493418217 0.00002184694130846765 -3.557257353264953e-12 
vn -0.009999976493418217 0.00002184694130846765 -3.557257353264953e-12 
vn -0.009999976493418217 0.00002184694130846765 -3.557257353264953e-12 
vn -0.009999976493418217 0.00002184694130846765 -3.557257353264953e-12 
vn -0.009999976493418217 0.00002184694130846765 -3.557257353264953e-12 
vn -0.009999976493418217 0.00002184694130846765 -3.557257353264953e-12 
vn -0.009999976493418217 0.00002184694130846765 -3.557257353264953e-12 
vn -0.009999976493418217 0.00002184694130846765 -3.557257353264953e-12 
vn -0.009999976493418217 0.00002184694130846765 -3.557257353264953e-12 
vn -0.009999976493418217 0.00002184694130846765 -3.557257353264953e-12 
vn -0.009999976493418217 0.00002184694130846765 -3.557257353264953e-12 
vn -0.009999976493418217 0.00002184694130846765 -3.557257353264953e-12 
vn -0.009999976493418217 0.00002184694130846765 -3.557257353264953e-12 
vn -0.009999976493418217 0.00002184694130846765 -3.557257353264953e-12 
vn -0.009999976493418217 0.00002184694130846765 -3.557257353264953e-12 
vn -0.009999976493418217 0.00002184694130846765 -3.557257353264953e-12 
vn -0.009999976493418217 0.00002184694130846765 -3.557257353264953e-12 
vn -0.009999976493418217 0.00002184694130846765 -3.557257353264953e-12 
vn -0.009999976493418217 0.00002184694130846765 -3.557257353264953e-12 
vn -0.009999976493418217 0.00002184694130846765 -3.557257353264953e-12 
vn -0.009999976493418217 0.00002184694130846765 -3.557257353264953e-12 
vn -0.009999976493418217 0.00002184694130846765 -3.557257353264953e-12 
vn -0.009999976493418217 0.00002184694130846765 -3.557257353264953e-12 
vn -0.009999976493418217 0.00002184694130846765 -3.557257353264953e-12 
vn -0.009999976493418217 0.00002184694130846765 -3.557257353264953e-12 
vn -1.0341130909078582e-15 0.000021845313312951475 -0.009999976493418217 
vn -1.0341130909078582e-15 0.000021845313312951475 -0.009999976493418217 
vn -1.0341130909078582e-15 0.000021845313312951475 -0.009999976493418217 
vn -1.0341130909078582e-15 0.000021845313312951475 -0.009999976493418217 
vn -2.068231052255163e-15 -0.009999999776482582 1.629209989140179e-9 
vn -2.068231052255163e-15 -0.009999999776482582 1.629209989140179e-9 
vn -2.068231052255163e-15 -0.009999999776482582 1.629209989140179e-9 
vn -2.068231052255163e-15 -0.009999999776482582 1.629209989140179e-9 
vn -2.068231052255163e-15 -0.009999999776482582 1.629209989140179e-9 
vn -2.068231052255163e-15 -0.009999999776482582 1.629209989140179e-9 
vn -2.068231052255163e-15 -0.009999999776482582 1.629209989140179e-9 
vn -2.068231052255163e-15 -0.009999999776482582 1.629209989140179e-9 
vn -2.068231052255163e-15 -0.009999999776482582 1.629209989140179e-9 
vn -2.068231052255163e-15 -0.009999999776482582 1.629209989140179e-9 
vn -2.068231052255163e-15 -0.009999999776482582 1.629209989140179e-9 
vn -2.068231052255163e-15 -0.009999999776482582 1.629209989140179e-9 
vn -2.068231052255163e-15 -0.009999999776482582 1.629209989140179e-9 
vn -2.068231052255163e-15 -0.009999999776482582 1.629209989140179e-9 
vn -2.068231052255163e-15 -0.009999999776482582 1.629209989140179e-9 
vn -2.068231052255163e-15 -0.009999999776482582 1.629209989140179e-9 
vn -1.0341130909078582e-15 0.000021845313312951475 -0.009999976493418217 
vn -1.0341130909078582e-15 0.000021845313312951475 -0.009999976493418217 
vn -1.0341130909078582e-15 0.000021845313312951475 -0.009999976493418217 
vn -1.0341130909078582e-15 0.000021845313312951475 -0.009999976493418217 
vn 3.097898490739357e-15 0.000021848571122973226 0.009999976493418217 
vn 3.097898490739357e-15 0.000021848571122973226 0.009999976493418217 
vn 3.097898490739357e-15 0.000021848571122973226 0.009999976493418217 
vn 3.097898490739357e-15 0.000021848571122973226 0.009999976493418217 
vn -1.0341130909078582e-15 0.000021845313312951475 -0.009999976493418217 
vn -1.0341130909078582e-15 0.000021845313312951475 -0.009999976493418217 
vn -1.0341130909078582e-15 0.000021845313312951475 -0.009999976493418217 
vn -1.0341130909078582e-15 0.000021845313312951475 -0.009999976493418217 
vn -0.009999976493418217 -0.00002184694130846765 3.56139380139342e-12 
vn -0.009999976493418217 -0.00002184694130846765 3.56139380139342e-12 
vn -0.009999976493418217 -0.00002184694130846765 3.56139380139342e-12 
vn -0.009999976493418217 -0.00002184694130846765 3.56139380139342e-12 
vn 3.097898490739357e-15 0.000021848571122973226 0.009999976493418217 
vn 3.097898490739357e-15 0.000021848571122973226 0.009999976493418217 
vn 3.097898490739357e-15 0.000021848571122973226 0.009999976493418217 
vn 3.097898490739357e-15 0.000021848571122973226 0.009999976493418217 
vn -0.009999976493418217 -0.00002184694130846765 3.56139380139342e-12 
vn -0.009999976493418217 -0.00002184694130846765 3.56139380139342e-12 
vn -0.009999976493418217 -0.00002184694130846765 3.56139380139342e-12 
vn -0.009999976493418217 -0.00002184694130846765 3.56139380139342e-12 
vn -0.009999976493418217 -0.00002184694130846765 3.56139380139342e-12 
vn -0.009999976493418217 -0.00002184694130846765 3.56139380139342e-12 
vn -0.009999976493418217 -0.00002184694130846765 3.56139380139342e-12 
vn -0.009999976493418217 -0.00002184694130846765 3.56139380139342e-12 
vn 0 0.009999999776482582 -1.629209989140179e-9 
vn 0 0.009999999776482582 -1.629209989140179e-9 
vn 0 0.009999999776482582 -1.629209989140179e-9 
vn 0 0.009999999776482582 -1.629209989140179e-9 
vn -0.009999976493418217 -0.00002184694130846765 3.56139380139342e-12 
vn -0.009999976493418217 -0.00002184694130846765 3.56139380139342e-12 
vn -0.009999976493418217 -0.00002184694130846765 3.56139380139342e-12 
vn -0.009999976493418217 -0.00002184694130846765 3.56139380139342e-12 
vn -2.068231052255163e-15 -0.009999999776482582 1.629209989140179e-9 
vn -2.068231052255163e-15 -0.009999999776482582 1.629209989140179e-9 
vn -2.068231052255163e-15 -0.009999999776482582 1.629209989140179e-9 
vn -2.068231052255163e-15 -0.009999999776482582 1.629209989140179e-9 
vn -1.0341130909078582e-15 0.000021845313312951475 -0.009999976493418217 
vn -1.0341130909078582e-15 0.000021845313312951475 -0.009999976493418217 
vn -1.0341130909078582e-15 0.000021845313312951475 -0.009999976493418217 
vn -1.0341130909078582e-15 0.000021845313312951475 -0.009999976493418217 
vn 3.097898490739357e-15 0.000021848571122973226 0.009999976493418217 
vn 3.097898490739357e-15 0.000021848571122973226 0.009999976493418217 
vn 3.097898490739357e-15 0.000021848571122973226 0.009999976493418217 
vn 3.097898490739357e-15 0.000021848571122973226 0.009999976493418217 
vn -0.009999976493418217 -0.00002184694130846765 3.56139380139342e-12 
vn -0.009999976493418217 -0.00002184694130846765 3.56139380139342e-12 
vn -0.009999976493418217 -0.00002184694130846765 3.56139380139342e-12 
vn -0.009999976493418217 -0.00002184694130846765 3.56139380139342e-12 
vn -0.009999976493418217 0.00002184694130846765 -3.557257353264953e-12 
vn -0.009999976493418217 0.00002184694130846765 -3.557257353264953e-12 
vn -0.009999976493418217 0.00002184694130846765 -3.557257353264953e-12 
vn -0.009999976493418217 0.00002184694130846765 -3.557257353264953e-12 
vn -0.009999976493418217 0.00002184694130846765 -3.557257353264953e-12 
vn -0.009999976493418217 0.00002184694130846765 -3.557257353264953e-12 
vn -0.009999976493418217 0.00002184694130846765 -3.557257353264953e-12 
vn -0.009999976493418217 0.00002184694130846765 -3.557257353264953e-12 
vn -0.009999976493418217 0.00002184694130846765 -3.557257353264953e-12 
vn -0.009999976493418217 0.00002184694130846765 -3.557257353264953e-12 
vn -0.009999976493418217 0.00002184694130846765 -3.557257353264953e-12 
vn -0.009999976493418217 0.00002184694130846765 -3.557257353264953e-12 
vn -0.009634003974497318 -0.0020178169943392277 0.0017647589556872845 
vn -0.009634003974497318 0.002017817460000515 0.0017647583736106753 
vn -0.009992551989853382 0.00024029346241150051 0.0003019430150743574 
vn -0.009992551989853382 0.00024029336054809391 -0.00030194310238584876 
vn -0.009634003974497318 0.0020178169943392277 -0.0017647589556872845 
vn -0.009992551989853382 -0.00024029346241150051 -0.0003019430150743574 
vn -0.009634003974497318 -0.002017817460000515 -0.0017647583736106753 
vn -0.009992551989853382 -0.00024029336054809391 0.00030194310238584876 
vn -0.005377814639359713 0.006715084426105022 0.0050977193750441074 
vn -0.005377814639359713 0.0067150830291211605 -0.005097721703350544 
vn -0.005397494416683912 -0.006715084426105022 -0.005076878238469362 
vn -0.005397494416683912 -0.0067150830291211605 0.005076880566775799 
vn -0.009621957316994667 -0.0019750024657696486 0.0018754458287730813 
vn -0.009621957316994667 0.0019750031642615795 0.0018754452466964722 
vn -0.009991406463086605 0.00028397233108989894 0.0003019084397237748 
vn -0.009991406463086605 0.0002839722437784076 -0.00030190852703526616 
vn -0.009621957316994667 0.0019750024657696486 -0.0018754458287730813 
vn -0.009991406463086605 -0.00028397233108989894 -0.0003019084397237748 
vn -0.009621957316994667 -0.0019750031642615795 -0.0018754452466964722 
vn -0.009991406463086605 -0.0002839722437784076 0.00030190852703526616 
vn -0.005377814639359713 0.006715084426105022 0.0050977193750441074 
vn -0.005377814639359713 0.0067150830291211605 -0.005097721703350544 
vn -0.005397494416683912 -0.006715084426105022 -0.005076878238469362 
vn -0.005397494416683912 -0.0067150830291211605 0.005076880566775799 
vn -0.009607231244444847 -0.0019750024657696486 0.001949478406459093 
vn -0.009607231244444847 0.0019750031642615795 0.001949477824382484 
vn -0.009991406463086605 0.00028397233108989894 0.0003019084397237748 
vn -0.009991406463086605 0.0002839722437784076 -0.00030190852703526616 
vn -0.009607231244444847 0.0019750024657696486 -0.001949478406459093 
vn -0.009991406463086605 -0.00028397233108989894 -0.0003019084397237748 
vn -0.009607231244444847 -0.0019750031642615795 -0.001949477824382484 
vn -0.009991406463086605 -0.0002839722437784076 0.00030190852703526616 
vn -0.005429447162896395 0.006715084426105022 0.005042691715061665 
vn -0.005429447162896395 0.0067150830291211605 -0.005042694043368101 
vn -0.005397494416683912 -0.006715084426105022 -0.005076878238469362 
vn -0.005397494416683912 -0.0067150830291211605 0.005076880566775799 
vn -0.00958441011607647 -0.001932150567881763 0.002099018543958664 
vn -0.009592954069375992 0.0019321511499583721 0.002059616381302476 
vn -0.009990070946514606 0.0003276457719039172 0.0003018680727109313 
vn -0.009990070946514606 0.0003276456845924258 -0.00030186816002242267 
vn -0.00938803143799305 0.0024437063839286566 -0.0024275854229927063 
vn -0.009990070946514606 -0.0003276457719039172 -0.0003018680727109313 
vn -0.00938803143799305 -0.0024437070824205875 -0.0024275844916701317 
vn -0.009990070946514606 -0.0003276456845924258 0.00030186816002242267 
vn -0.005377814639359713 0.006715084426105022 0.0050977193750441074 
vn -0.004330327268689871 0.0063513172790408134 -0.006396017037332058 
vn -0.004373385105282068 -0.00635131960734725 -0.006366650573909283 
vn -0.005397494416683912 -0.0067150830291211605 0.005076880566775799 
vn 0 0.009999999776482582 -1.629209989140179e-9 
vn 0 0.009999999776482582 -1.629209989140179e-9 
vn 0 0.009999999776482582 -1.629209989140179e-9 
vn 0 0.009999999776482582 -1.629209989140179e-9 
vn -0.009999976493418217 0.00002184694130846765 -3.557257353264953e-12 
vn -0.009999976493418217 0.00002184694130846765 -3.557257353264953e-12 
vn -0.009999976493418217 0.00002184694130846765 -3.557257353264953e-12 
vn -0.009999976493418217 0.00002184694130846765 -3.557257353264953e-12 
vn 3.097898490739357e-15 0.000021848571122973226 0.009999976493418217 
vn 3.097898490739357e-15 0.000021848571122973226 0.009999976493418217 
vn 3.097898490739357e-15 0.000021848571122973226 0.009999976493418217 
vn 3.097898490739357e-15 0.000021848571122973226 0.009999976493418217 
vn -0.00013107800623402 -0.009999141097068787 1.6290701010390762e-9 
vn -0.00013107800623402 -0.009999141097068787 1.6290701010390762e-9 
vn -0.00013107800623402 -0.009999141097068787 1.6290701010390762e-9 
vn -0.00013107800623402 -0.009999141097068787 1.6290701010390762e-9 
vn 2.068231052255163e-15 -0.009999999776482582 1.629209989140179e-9 
vn 2.068231052255163e-15 -0.009999999776482582 1.629209989140179e-9 
vn 2.068231052255163e-15 -0.009999999776482582 1.629209989140179e-9 
vn 2.068231052255163e-15 -0.009999999776482582 1.629209989140179e-9 
vn 2.068231052255163e-15 -0.009999999776482582 1.629209989140179e-9 
vn 2.068231052255163e-15 -0.009999999776482582 1.629209989140179e-9 
vn 2.068231052255163e-15 -0.009999999776482582 1.629209989140179e-9 
vn 2.068231052255163e-15 -0.009999999776482582 1.629209989140179e-9 
vn -2.068231052255163e-15 -0.009999999776482582 1.629209989140179e-9 
vn -2.068231052255163e-15 -0.009999999776482582 1.629209989140179e-9 
vn -2.068231052255163e-15 -0.009999999776482582 1.629209989140179e-9 
vn -2.068231052255163e-15 -0.009999999776482582 1.629209989140179e-9 
vn 2.068231052255163e-15 -0.009999999776482582 1.629209989140179e-9 
vn 2.068231052255163e-15 -0.009999999776482582 1.629209989140179e-9 
vn 2.068231052255163e-15 -0.009999999776482582 1.629209989140179e-9 
vn 2.068231052255163e-15 -0.009999999776482582 1.629209989140179e-9 
vn -1.0341130909078582e-15 -0.000021848571122973226 -0.009999976493418217 
vn -1.0341130909078582e-15 -0.000021848571122973226 -0.009999976493418217 
vn -1.0341130909078582e-15 -0.000021848571122973226 -0.009999976493418217 
vn -1.0341130909078582e-15 -0.000021848571122973226 -0.009999976493418217 
vn -0.00007873271533753723 -0.00999961793422699 -0.00003791405106312595 
vn -0.00007873271533753723 -0.00999961793422699 -0.00003791405106312595 
vn -0.00007873271533753723 -0.00999961793422699 -0.00003791405106312595 
vn -0.00007873271533753723 -0.00999961793422699 -0.00003791405106312595 
vn -0.00007873271533753723 -0.00999961793422699 -0.00003791405106312595 
vn -0.00007873271533753723 -0.00999961793422699 -0.00003791405106312595 
vn -0.00007873271533753723 -0.00999961793422699 -0.00003791405106312595 
vn -0.00007873271533753723 -0.00999961793422699 -0.00003791405106312595 
vn -2.068231052255163e-15 -0.009999999776482582 1.629209989140179e-9 
vn -2.068231052255163e-15 -0.009999999776482582 1.629209989140179e-9 
vn -2.068231052255163e-15 -0.009999999776482582 1.629209989140179e-9 
vn -2.068231052255163e-15 -0.009999999776482582 1.629209989140179e-9 
vn -0.00007873271533753723 -0.00999961793422699 -0.00003791405106312595 
vn -0.00007873271533753723 -0.00999961793422699 -0.00003791405106312595 
vn -0.00007873271533753723 -0.00999961793422699 -0.00003791405106312595 
vn -0.00007873271533753723 -0.00999961793422699 -0.00003791405106312595 
vn -2.068231052255163e-15 -0.009999999776482582 1.629209989140179e-9 
vn -2.068231052255163e-15 -0.009999999776482582 1.629209989140179e-9 
vn -2.068231052255163e-15 -0.009999999776482582 1.629209989140179e-9 
vn -2.068231052255163e-15 -0.009999999776482582 1.629209989140179e-9 
vn -0.00007873271533753723 -0.00999961793422699 -0.00003791405106312595 
vn -0.00007873271533753723 -0.00999961793422699 -0.00003791405106312595 
vn -0.00007873271533753723 -0.00999961793422699 -0.00003791405106312595 
vn -0.00007873271533753723 -0.00999961793422699 -0.00003791405106312595 
vn -2.068231052255163e-15 -0.009999999776482582 1.629209989140179e-9 
vn -2.068231052255163e-15 -0.009999999776482582 1.629209989140179e-9 
vn -2.068231052255163e-15 -0.009999999776482582 1.629209989140179e-9 
vn -2.068231052255163e-15 -0.009999999776482582 1.629209989140179e-9 
vn -0.00007873271533753723 -0.00999961793422699 0.0000379173070541583 
vn -0.00007873271533753723 -0.00999961793422699 0.0000379173070541583 
vn -0.00007873271533753723 -0.00999961793422699 0.0000379173070541583 
vn -0.00007873271533753723 -0.00999961793422699 0.0000379173070541583 
vn -0.00007873271533753723 -0.00999961793422699 0.0000379173070541583 
vn -0.00007873271533753723 -0.00999961793422699 0.0000379173070541583 
vn -0.00007873271533753723 -0.00999961793422699 0.0000379173070541583 
vn -0.00007873271533753723 -0.00999961793422699 0.0000379173070541583 
vn -0.00007873271533753723 -0.00999961793422699 -0.00003791405106312595 
vn -0.00007873271533753723 -0.00999961793422699 -0.00003791405106312595 
vn -0.00007873271533753723 -0.00999961793422699 -0.00003791405106312595 
vn -0.00007873271533753723 -0.00999961793422699 -0.00003791405106312595 
vn -2.068231052255163e-15 -0.009999999776482582 1.629209989140179e-9 
vn -2.068231052255163e-15 -0.009999999776482582 1.629209989140179e-9 
vn -2.068231052255163e-15 -0.009999999776482582 1.629209989140179e-9 
vn -2.068231052255163e-15 -0.009999999776482582 1.629209989140179e-9 
vn -0.00007873271533753723 -0.00999961793422699 0.0000379173070541583 
vn -0.00007873271533753723 -0.00999961793422699 0.0000379173070541583 
vn -0.00007873271533753723 -0.00999961793422699 0.0000379173070541583 
vn -0.00007873271533753723 -0.00999961793422699 0.0000379173070541583 
vn 2.068231052255163e-15 -0.009999999776482582 1.629209989140179e-9 
vn 2.068231052255163e-15 -0.009999999776482582 1.629209989140179e-9 
vn 2.068231052255163e-15 -0.009999999776482582 1.629209989140179e-9 
vn 2.068231052255163e-15 -0.009999999776482582 1.629209989140179e-9 
vn -0.00007873271533753723 -0.00999961793422699 0.0000379173070541583 
vn -0.00007873271533753723 -0.00999961793422699 0.0000379173070541583 
vn -0.00007873271533753723 -0.00999961793422699 0.0000379173070541583 
vn -0.00007873271533753723 -0.00999961793422699 0.0000379173070541583 
vn -2.068231052255163e-15 -0.009999999776482582 1.629209989140179e-9 
vn -2.068231052255163e-15 -0.009999999776482582 1.629209989140179e-9 
vn -2.068231052255163e-15 -0.009999999776482582 1.629209989140179e-9 
vn -2.068231052255163e-15 -0.009999999776482582 1.629209989140179e-9 
vn -0.00007873271533753723 -0.00999961793422699 0.0000379173070541583 
vn -0.00007873271533753723 -0.00999961793422699 0.0000379173070541583 
vn -0.00007873271533753723 -0.00999961793422699 0.0000379173070541583 
vn -0.00007873271533753723 -0.00999961793422699 0.0000379173070541583 
vn -0.009999976493418217 0.00002184694130846765 -3.557257353264953e-12 
vn -0.009999976493418217 0.00002184694130846765 -3.557257353264953e-12 
vn -0.009999976493418217 0.00002184694130846765 -3.557257353264953e-12 
vn -0.009999976493418217 0.00002184694130846765 -3.557257353264953e-12 
vn -0.009999976493418217 -0.00002184694130846765 3.56139380139342e-12 
vn -0.009999976493418217 -0.00002184694130846765 3.56139380139342e-12 
vn -0.009999976493418217 -0.00002184694130846765 3.56139380139342e-12 
vn -0.009999976493418217 -0.00002184694130846765 3.56139380139342e-12 
vn -1.0341130909078582e-15 0.000021845313312951475 -0.009999976493418217 
vn -1.0341130909078582e-15 0.000021845313312951475 -0.009999976493418217 
vn -1.0341130909078582e-15 0.000021845313312951475 -0.009999976493418217 
vn -1.0341130909078582e-15 0.000021845313312951475 -0.009999976493418217 
vn -0.009999976493418217 -0.00002184694130846765 3.56139380139342e-12 
vn -0.009999976493418217 -0.00002184694130846765 3.56139380139342e-12 
vn -0.009999976493418217 -0.00002184694130846765 3.56139380139342e-12 
vn -0.009999976493418217 -0.00002184694130846765 3.56139380139342e-12 
vn -0.009999976493418217 -0.00002184694130846765 3.56139380139342e-12 
vn -0.009999976493418217 -0.00002184694130846765 3.56139380139342e-12 
vn -0.009999976493418217 -0.00002184694130846765 3.56139380139342e-12 
vn -0.009999976493418217 -0.00002184694130846765 3.56139380139342e-12 
vn -0.009999976493418217 -0.00002184694130846765 3.56139380139342e-12 
vn -0.009999976493418217 -0.00002184694130846765 3.56139380139342e-12 
vn -0.009999976493418217 -0.00002184694130846765 3.56139380139342e-12 
vn -0.009999976493418217 -0.00002184694130846765 3.56139380139342e-12 
vn -0.009999976493418217 0.00002184694130846765 -3.557257353264953e-12 
vn -0.009999976493418217 0.00002184694130846765 -3.557257353264953e-12 
vn -0.009999976493418217 0.00002184694130846765 -3.557257353264953e-12 
vn -0.009999976493418217 0.00002184694130846765 -3.557257353264953e-12 
vn -1.0341130909078582e-15 0.000021845313312951475 -0.009999976493418217 
vn -1.0341130909078582e-15 0.000021845313312951475 -0.009999976493418217 
vn -1.0341130909078582e-15 0.000021845313312951475 -0.009999976493418217 
vn -1.0341130909078582e-15 0.000021845313312951475 -0.009999976493418217 
vn 0 0.009999999776482582 -1.629209989140179e-9 
vn 0 0.009999999776482582 -1.629209989140179e-9 
vn 0 0.009999999776482582 -1.629209989140179e-9 
vn 0 0.009999999776482582 -1.629209989140179e-9 
vn 0 0.009999999776482582 -1.629209989140179e-9 
vn 0 0.009999999776482582 -1.629209989140179e-9 
vn 0 0.009999999776482582 -1.629209989140179e-9 
vn 0 0.009999999776482582 -1.629209989140179e-9 
vn 0 0.009999999776482582 -1.629209989140179e-9 
vn 0 0.009999999776482582 -1.629209989140179e-9 
vn 0 0.009999999776482582 -1.629209989140179e-9 
vn 0 0.009999999776482582 -1.629209989140179e-9 
vn 0 0.009999999776482582 -1.629209989140179e-9 
vn 0 0.009999999776482582 -1.629209989140179e-9 
vn 0 0.009999999776482582 -1.629209989140179e-9 
vn 0 0.009999999776482582 -1.629209989140179e-9 
vn 0 0.009999999776482582 -1.629209989140179e-9 
vn 0 0.009999999776482582 -1.629209989140179e-9 
vn 0 0.009999999776482582 -1.629209989140179e-9 
vn 0 0.009999999776482582 -1.629209989140179e-9 
vn 0 0.009999999776482582 -1.629209989140179e-9 
vn 0 0.009999999776482582 -1.629209989140179e-9 
vn 0 0.009999999776482582 -1.629209989140179e-9 
vn 0 0.009999999776482582 -1.629209989140179e-9 
vn 0 0.009999999776482582 -1.629209989140179e-9 
vn 0 0.009999999776482582 -1.629209989140179e-9 
vn 0 0.009999999776482582 -1.629209989140179e-9 
vn 0 0.009999999776482582 -1.629209989140179e-9 
vn 0 0.009999999776482582 -1.629209989140179e-9 
vn 0 0.009999999776482582 -1.629209989140179e-9 
vn 0 0.009999999776482582 -1.629209989140179e-9 
vn 0 0.009999999776482582 -1.629209989140179e-9 
vn 0 0.009999999776482582 -1.629209989140179e-9 
vn 0 0.009999999776482582 -1.629209989140179e-9 
vn 0 0.009999999776482582 -1.629209989140179e-9 
vn 0 0.009999999776482582 -1.629209989140179e-9 
vn 2.068231052255163e-15 -0.009999999776482582 1.629209989140179e-9 
vn 2.068231052255163e-15 -0.009999999776482582 1.629209989140179e-9 
vn 2.068231052255163e-15 -0.009999999776482582 1.629209989140179e-9 
vn 2.068231052255163e-15 -0.009999999776482582 1.629209989140179e-9 
vn -2.068231052255163e-15 -0.009999999776482582 1.629209989140179e-9 
vn -2.068231052255163e-15 -0.009999999776482582 1.629209989140179e-9 
vn -2.068231052255163e-15 -0.009999999776482582 1.629209989140179e-9 
vn -2.068231052255163e-15 -0.009999999776482582 1.629209989140179e-9 
vn 3.097898490739357e-15 -0.000021845313312951475 0.009999976493418217 
vn 3.097898490739357e-15 -0.000021845313312951475 0.009999976493418217 
vn 3.097898490739357e-15 -0.000021845313312951475 0.009999976493418217 
vn 3.097898490739357e-15 -0.000021845313312951475 0.009999976493418217 
vn 3.097898490739357e-15 0.000021848571122973226 0.009999976493418217 
vn 3.097898490739357e-15 0.000021848571122973226 0.009999976493418217 
vn 3.097898490739357e-15 0.000021848571122973226 0.009999976493418217 
vn 3.097898490739357e-15 0.000021848571122973226 0.009999976493418217 
vn 3.097898490739357e-15 -0.000021845313312951475 0.009999976493418217 
vn 3.097898490739357e-15 -0.000021845313312951475 0.009999976493418217 
vn 3.097898490739357e-15 -0.000021845313312951475 0.009999976493418217 
vn 3.097898490739357e-15 -0.000021845313312951475 0.009999976493418217 
vn 3.097898490739357e-15 -0.000021845313312951475 0.009999976493418217 
vn 3.097898490739357e-15 -0.000021845313312951475 0.009999976493418217 
vn 3.097898490739357e-15 -0.000021845313312951475 0.009999976493418217 
vn 3.097898490739357e-15 -0.000021845313312951475 0.009999976493418217 
vn 0.009999976493418217 -0.00002184694130846765 3.5593255773291865e-12 
vn 0.009999976493418217 -0.00002184694130846765 3.5593255773291865e-12 
vn 0.009999976493418217 -0.00002184694130846765 3.5593255773291865e-12 
vn 0.009999976493418217 -0.00002184694130846765 3.5593255773291865e-12 
vn 3.097898490739357e-15 0.000021848571122973226 0.009999976493418217 
vn 3.097898490739357e-15 0.000021848571122973226 0.009999976493418217 
vn 3.097898490739357e-15 0.000021848571122973226 0.009999976493418217 
vn 3.097898490739357e-15 0.000021848571122973226 0.009999976493418217 
vn 3.097898490739357e-15 0.000021848571122973226 0.009999976493418217 
vn 3.097898490739357e-15 0.000021848571122973226 0.009999976493418217 
vn -0.009999976493418217 0.00002184694130846765 -3.557257353264953e-12 
vn -0.009999976493418217 0.00002184694130846765 -3.557257353264953e-12 
vn -0.009999976493418217 0.00002184694130846765 -3.557257353264953e-12 
vn -0.009999976493418217 0.00002184694130846765 -3.557257353264953e-12 
vn -0.009999976493418217 0.00002184694130846765 -3.557257353264953e-12 
vn -0.009999976493418217 0.00002184694130846765 -3.557257353264953e-12 
vn -0.009999976493418217 0.00002184694130846765 -3.557257353264953e-12 
vn -0.009999976493418217 0.00002184694130846765 -3.557257353264953e-12 
vn -0.009999976493418217 0.00002184694130846765 -3.557257353264953e-12 
vn -0.009999976493418217 0.00002184694130846765 -3.557257353264953e-12 
vn -0.009999976493418217 0.00002184694130846765 -3.557257353264953e-12 
vn -0.009999976493418217 0.00002184694130846765 -3.557257353264953e-12 
vn 3.097898490739357e-15 0.000021848571122973226 0.009999976493418217 
vn 3.097898490739357e-15 0.000021848571122973226 0.009999976493418217 
vn 3.097898490739357e-15 0.000021848571122973226 0.009999976493418217 
vn 3.097898490739357e-15 0.000021848571122973226 0.009999976493418217 
vn 3.097898490739357e-15 0.000021848571122973226 0.009999976493418217 
vn 3.097898490739357e-15 0.000021848571122973226 0.009999976493418217 
vn 3.097898490739357e-15 -0.000021845313312951475 0.009999976493418217 
vn 3.097898490739357e-15 -0.000021845313312951475 0.009999976493418217 
vn 3.097898490739357e-15 -0.000021845313312951475 0.009999976493418217 
vn 3.097898490739357e-15 -0.000021845313312951475 0.009999976493418217 
vn 0.009999976493418217 0.00002184694130846765 -3.5593255773291865e-12 
vn 0.009999976493418217 0.00002184694130846765 -3.5593255773291865e-12 
vn 0.009999976493418217 0.00002184694130846765 -3.5593255773291865e-12 
vn 0.009999976493418217 0.00002184694130846765 -3.5593255773291865e-12 
vn -2.068231052255163e-15 -0.009999999776482582 1.629209989140179e-9 
vn -2.068231052255163e-15 -0.009999999776482582 1.629209989140179e-9 
vn -2.068231052255163e-15 -0.009999999776482582 1.629209989140179e-9 
vn -2.068231052255163e-15 -0.009999999776482582 1.629209989140179e-9 
vn -0.009999976493418217 0.00002184694130846765 -3.557257353264953e-12 
vn -0.009999976493418217 0.00002184694130846765 -3.557257353264953e-12 
vn -0.009999976493418217 0.00002184694130846765 -3.557257353264953e-12 
vn -0.009999976493418217 0.00002184694130846765 -3.557257353264953e-12 
vn 0.009999976493418217 0.00002184694130846765 -3.5593255773291865e-12 
vn 0.009999976493418217 0.00002184694130846765 -3.5593255773291865e-12 
vn 0.009999976493418217 0.00002184694130846765 -3.5593255773291865e-12 
vn 0.009999976493418217 0.00002184694130846765 -3.5593255773291865e-12 
vn 0.009999976493418217 0.00002184694130846765 -3.5593255773291865e-12 
vn 0.009999976493418217 0.00002184694130846765 -3.5593255773291865e-12 
vn 3.097898490739357e-15 0.000021848571122973226 0.009999976493418217 
vn 3.097898490739357e-15 0.000021848571122973226 0.009999976493418217 
vn 3.097898490739357e-15 0.000021848571122973226 0.009999976493418217 
vn 3.097898490739357e-15 0.000021848571122973226 0.009999976493418217 
vn 3.097898490739357e-15 0.000021848571122973226 0.009999976493418217 
vn 3.097898490739357e-15 0.000021848571122973226 0.009999976493418217 
vn 3.097898490739357e-15 0.000021848571122973226 0.009999976493418217 
vn 3.097898490739357e-15 0.000021848571122973226 0.009999976493418217 
vn 3.097898490739357e-15 0.000021848571122973226 0.009999976493418217 
vn 3.097898490739357e-15 0.000021848571122973226 0.009999976493418217 
vn 3.097898490739357e-15 0.000021848571122973226 0.009999976493418217 
vn 3.097898490739357e-15 0.000021848571122973226 0.009999976493418217 
vn 3.097898490739357e-15 0.000021848571122973226 0.009999976493418217 
vn 3.097898490739357e-15 0.000021848571122973226 0.009999976493418217 
vn 3.097898490739357e-15 0.000021848571122973226 0.009999976493418217 
vn 3.097898490739357e-15 0.000021848571122973226 0.009999976493418217 
vn 3.097898490739357e-15 0.000021848571122973226 0.009999976493418217 
vn 3.097898490739357e-15 0.000021848571122973226 0.009999976493418217 
vn 3.097898490739357e-15 0.000021848571122973226 0.009999976493418217 
vn -0.00998971238732338 0.000021846868548891507 -0.0004529581929091364 
vn -0.00998971238732338 0.000021846868548891507 -0.0004529581929091364 
vn -0.00998971238732338 0.000021846868548891507 -0.0004529581929091364 
vn -0.00998971238732338 0.000021846868548891507 -0.0004529581929091364 
vn -0.009999976493418217 0.00002184694130846765 -3.557257353264953e-12 
vn -0.009999976493418217 0.00002184694130846765 -3.557257353264953e-12 
vn -0.009999976493418217 0.00002184694130846765 -3.557257353264953e-12 
vn -0.009999976493418217 0.00002184694130846765 -3.557257353264953e-12 
vn -0.009999976493418217 0.00002184694130846765 -3.557257353264953e-12 
vn -0.009999976493418217 0.00002184694130846765 -3.557257353264953e-12 
vn -0.009999976493418217 0.00002184694130846765 -3.557257353264953e-12 
vn -0.009999976493418217 0.00002184694130846765 -3.557257353264953e-12 
vn -1.0341130909078582e-15 -0.000021848571122973226 -0.009999976493418217 
vn -1.0341130909078582e-15 -0.000021848571122973226 -0.009999976493418217 
vn -1.0341130909078582e-15 -0.000021848571122973226 -0.009999976493418217 
vn -1.0341130909078582e-15 -0.000021848571122973226 -0.009999976493418217 
vn -1.0341130909078582e-15 0.000021845313312951475 -0.009999976493418217 
vn -1.0341130909078582e-15 0.000021845313312951475 -0.009999976493418217 
vn -1.0341130909078582e-15 0.000021845313312951475 -0.009999976493418217 
vn -1.0341130909078582e-15 0.000021845313312951475 -0.009999976493418217 
vn -1.0341130909078582e-15 0.000021845313312951475 -0.009999976493418217 
vn -1.0341130909078582e-15 0.000021845313312951475 -0.009999976493418217 
vn -1.0341130909078582e-15 0.000021845313312951475 -0.009999976493418217 
vn -1.0341130909078582e-15 0.000021845313312951475 -0.009999976493418217 
vn -1.0341130909078582e-15 0.000021845313312951475 -0.009999976493418217 
vn -1.0341130909078582e-15 0.000021845313312951475 -0.009999976493418217 
vn -1.0341130909078582e-15 0.000021845313312951475 -0.009999976493418217 
vn -1.0341130909078582e-15 0.000021845313312951475 -0.009999976493418217 
vn 0.009999976493418217 0.00002184694130846765 -3.5593255773291865e-12 
vn 0.009999976493418217 0.00002184694130846765 -3.5593255773291865e-12 
vn 0.009999976493418217 0.00002184694130846765 -3.5593255773291865e-12 
vn 0.009999976493418217 0.00002184694130846765 -3.5593255773291865e-12 
vn 0.009999976493418217 0.00002184694130846765 -3.5593255773291865e-12 
vn 0.009999976493418217 0.00002184694130846765 -3.5593255773291865e-12 
vn 0.009999976493418217 0.00002184694130846765 -3.5593255773291865e-12 
vn 0.009999976493418217 0.00002184694130846765 -3.5593255773291865e-12 
vn -2.068231052255163e-15 -0.009999999776482582 1.629209989140179e-9 
vn -2.068231052255163e-15 -0.009999999776482582 1.629209989140179e-9 
vn -2.068231052255163e-15 -0.009999999776482582 1.629209989140179e-9 
vn -2.068231052255163e-15 -0.009999999776482582 1.629209989140179e-9 
vn -1.0341130909078582e-15 0.000021845313312951475 -0.009999976493418217 
vn -1.0341130909078582e-15 0.000021845313312951475 -0.009999976493418217 
vn -1.0341130909078582e-15 0.000021845313312951475 -0.009999976493418217 
vn -1.0341130909078582e-15 0.000021845313312951475 -0.009999976493418217 
vn -1.0341130909078582e-15 0.000021845313312951475 -0.009999976493418217 
vn -1.0341130909078582e-15 0.000021845313312951475 -0.009999976493418217 
vn 3.097898490739357e-15 0.000021848571122973226 0.009999976493418217 
vn 3.097898490739357e-15 0.000021848571122973226 0.009999976493418217 
vn 3.097898490739357e-15 0.000021848571122973226 0.009999976493418217 
vn 3.097898490739357e-15 0.000021848571122973226 0.009999976493418217 
vn -0.00998971238732338 -0.000021847015887033194 -0.0004529581929091364 
vn -0.00998971238732338 -0.000021847015887033194 -0.0004529581929091364 
vn -0.00998971238732338 -0.000021847015887033194 -0.0004529581929091364 
vn -0.00998971238732338 -0.000021847015887033194 -0.0004529581929091364 
vn 0 0.009999999776482582 -1.629209989140179e-9 
vn 0 0.009999999776482582 -1.629209989140179e-9 
vn 0 0.009999999776482582 -1.629209989140179e-9 
vn 0 0.009999999776482582 -1.629209989140179e-9 
vn 0 0.009999999776482582 -1.629209989140179e-9 
vn 0 0.009999999776482582 -1.629209989140179e-9 
vn 0 0.009999999776482582 -1.629209989140179e-9 
vn 0 0.009999999776482582 -1.629209989140179e-9 
vn 0 0.009999999776482582 -1.629209989140179e-9 
vn 0 0.009999999776482582 -1.629209989140179e-9 
vn 0 0.009999999776482582 -1.629209989140179e-9 
vn 0 0.009999999776482582 -1.629209989140179e-9 
vn 0 0.009999999776482582 -1.629209989140179e-9 
vn 0 0.009999999776482582 -1.629209989140179e-9 
vn 0 0.009999999776482582 -1.629209989140179e-9 
vn 0 0.009999999776482582 -1.629209989140179e-9 
vn -2.068231052255163e-15 -0.009999999776482582 1.629209989140179e-9 
vn -2.068231052255163e-15 -0.009999999776482582 1.629209989140179e-9 
vn -2.068231052255163e-15 -0.009999999776482582 1.629209989140179e-9 
vn -2.068231052255163e-15 -0.009999999776482582 1.629209989140179e-9 
vn -2.068231052255163e-15 -0.009999999776482582 1.629209989140179e-9 
vn -2.068231052255163e-15 -0.009999999776482582 1.629209989140179e-9 
vn -2.068231052255163e-15 -0.009999999776482582 1.629209989140179e-9 
vn -2.068231052255163e-15 -0.009999999776482582 1.629209989140179e-9 
vn -2.068231052255163e-15 -0.009999999776482582 1.629209989140179e-9 
vn -2.068231052255163e-15 -0.009999999776482582 1.629209989140179e-9 
vn 0 0.009999999776482582 -1.629209989140179e-9 
vn 0 0.009999999776482582 -1.629209989140179e-9 
vn 0 0.009999999776482582 -1.629209989140179e-9 
vn 0 0.009999999776482582 -1.629209989140179e-9 
vn 0 0.009999999776482582 -1.629209989140179e-9 
vn 0 0.009999999776482582 -1.629209989140179e-9 
vn 0 0.009999999776482582 -1.629209989140179e-9 
vn 0 0.009999999776482582 -1.629209989140179e-9 
vn -2.068231052255163e-15 -0.009999999776482582 1.629209989140179e-9 
vn -2.068231052255163e-15 -0.009999999776482582 1.629209989140179e-9 
vn -2.068231052255163e-15 -0.009999999776482582 1.629209989140179e-9 
vn -2.068231052255163e-15 -0.009999999776482582 1.629209989140179e-9 
vn -2.068231052255163e-15 -0.009999999776482582 1.629209989140179e-9 
vn -2.068231052255163e-15 -0.009999999776482582 1.629209989140179e-9 
vn -2.068231052255163e-15 -0.009999999776482582 1.629209989140179e-9 
vn -2.068231052255163e-15 -0.009999999776482582 1.629209989140179e-9 
vn 0 0.009999999776482582 -1.629209989140179e-9 
vn 0 0.009999999776482582 -1.629209989140179e-9 
vn 0 0.009999999776482582 -1.629209989140179e-9 
vn 0 0.009999999776482582 -1.629209989140179e-9 
vn -0.00998971238732338 -0.000021847015887033194 -0.0004529581929091364 
vn -0.00998971238732338 -0.000021847015887033194 -0.0004529581929091364 
vn -0.00998971238732338 -0.000021847015887033194 -0.0004529581929091364 
vn -0.00998971238732338 -0.000021847015887033194 -0.0004529581929091364 
vn -2.068231052255163e-15 -0.009999999776482582 1.629209989140179e-9 
vn -2.068231052255163e-15 -0.009999999776482582 1.629209989140179e-9 
vn -2.068231052255163e-15 -0.009999999776482582 1.629209989140179e-9 
vn -2.068231052255163e-15 -0.009999999776482582 1.629209989140179e-9 
vn 0.009998835623264313 0.0000218469667743193 0.00015103199984878302 
vn 0.009998835623264313 0.0000218469667743193 0.00015103199984878302 
vn 0.009998835623264313 0.0000218469667743193 0.00015103199984878302 
vn 0.009998835623264313 0.0000218469667743193 0.00015103199984878302 
vn -0.00998971238732338 0.000021846868548891507 -0.0004529581929091364 
vn -0.00998971238732338 0.000021846868548891507 -0.0004529581929091364 
vn -0.00998971238732338 0.000021846868548891507 -0.0004529581929091364 
vn -0.00998971238732338 0.000021846868548891507 -0.0004529581929091364 
vn 0.009999691508710384 -0.000021846928575541824 0.00007551816088380292 
vn 0.009999691508710384 -0.000021846928575541824 0.00007551816088380292 
vn 0.009999691508710384 -0.000021846928575541824 0.00007551816088380292 
vn 0.009999691508710384 -0.000021846928575541824 0.00007551816088380292 
vn -1.0341130909078582e-15 0.000021845313312951475 -0.009999976493418217 
vn -1.0341130909078582e-15 0.000021845313312951475 -0.009999976493418217 
vn -1.0341130909078582e-15 0.000021845313312951475 -0.009999976493418217 
vn -1.0341130909078582e-15 0.000021845313312951475 -0.009999976493418217 
vn -1.0341130909078582e-15 0.000021845313312951475 -0.009999976493418217 
vn -1.0341130909078582e-15 0.000021845313312951475 -0.009999976493418217 
vn -1.0341130909078582e-15 0.000021845313312951475 -0.009999976493418217 
vn -1.0341130909078582e-15 0.000021845313312951475 -0.009999976493418217 
vn -1.0341130909078582e-15 0.000021845313312951475 -0.009999976493418217 
vn -1.0341130909078582e-15 0.000021845313312951475 -0.009999976493418217 
vn -1.0341130909078582e-15 0.000021845313312951475 -0.009999976493418217 
vn -1.0341130909078582e-15 0.000021845313312951475 -0.009999976493418217 
vn -1.0341130909078582e-15 0.000021845313312951475 -0.009999976493418217 
vn -1.0341130909078582e-15 0.000021845313312951475 -0.009999976493418217 
vn -1.0341130909078582e-15 0.000021845313312951475 -0.009999976493418217 
vn -1.0341130909078582e-15 -0.000021848571122973226 -0.009999976493418217 
vn -1.0341130909078582e-15 -0.000021848571122973226 -0.009999976493418217 
vn -1.0341130909078582e-15 -0.000021848571122973226 -0.009999976493418217 
vn -1.0341130909078582e-15 -0.000021848571122973226 -0.009999976493418217 
vn -1.0341130909078582e-15 0.000021845313312951475 -0.009999976493418217 
vn -1.0341130909078582e-15 0.000021845313312951475 -0.009999976493418217 
vn -1.0341130909078582e-15 0.000021845313312951475 -0.009999976493418217 
vn -1.0341130909078582e-15 0.000021845313312951475 -0.009999976493418217 
vn -1.0341130909078582e-15 0.000021845313312951475 -0.009999976493418217 
vn -1.0341130909078582e-15 0.000021845313312951475 -0.009999976493418217 
vn -1.0341130909078582e-15 0.000021845313312951475 -0.009999976493418217 
vn -1.0341130909078582e-15 0.000021845313312951475 -0.009999976493418217 
vn -1.0341130909078582e-15 0.000021845313312951475 -0.009999976493418217 
vn -1.0341130909078582e-15 0.000021845313312951475 -0.009999976493418217 
vn -1.0341130909078582e-15 -0.000021848571122973226 -0.009999976493418217 
vn -1.0341130909078582e-15 -0.000021848571122973226 -0.009999976493418217 
vn -1.0341130909078582e-15 -0.000021848571122973226 -0.009999976493418217 
vn -1.0341130909078582e-15 -0.000021848571122973226 -0.009999976493418217 
vn -1.0341130909078582e-15 0.000021845313312951475 -0.009999976493418217 
vn -1.0341130909078582e-15 0.000021845313312951475 -0.009999976493418217 
vn -1.0341130909078582e-15 0.000021845313312951475 -0.009999976493418217 
vn -1.0341130909078582e-15 0.000021845313312951475 -0.009999976493418217 
vn -1.0341130909078582e-15 -0.000021848571122973226 -0.009999976493418217 
vn -1.0341130909078582e-15 -0.000021848571122973226 -0.009999976493418217 
vn -1.0341130909078582e-15 -0.000021848571122973226 -0.009999976493418217 
vn -1.0341130909078582e-15 -0.000021848571122973226 -0.009999976493418217 
vn -1.0341130909078582e-15 0.000021845313312951475 -0.009999976493418217 
vn -1.0341130909078582e-15 0.000021845313312951475 -0.009999976493418217 
vn -1.0341130909078582e-15 0.000021845313312951475 -0.009999976493418217 
vn -1.0341130909078582e-15 0.000021845313312951475 -0.009999976493418217 
vn -1.0341130909078582e-15 -0.000021848571122973226 -0.009999976493418217 
vn -1.0341130909078582e-15 -0.000021848571122973226 -0.009999976493418217 
vn -1.0341130909078582e-15 -0.000021848571122973226 -0.009999976493418217 
vn -1.0341130909078582e-15 -0.000021848571122973226 -0.009999976493418217 
vn -0.009999976493418217 0.00002184694130846765 -3.557257353264953e-12 
vn -0.009999976493418217 0.00002184694130846765 -3.557257353264953e-12 
vn -0.009999976493418217 0.00002184694130846765 -3.557257353264953e-12 
vn -0.009999976493418217 0.00002184694130846765 -3.557257353264953e-12 
vn 3.097898490739357e-15 0.000021848571122973226 0.009999976493418217 
vn 3.097898490739357e-15 0.000021848571122973226 0.009999976493418217 
vn 3.097898490739357e-15 0.000021848571122973226 0.009999976493418217 
vn 3.097898490739357e-15 0.000021848571122973226 0.009999976493418217 
vn -1.0341130909078582e-15 0.000021845313312951475 -0.009999976493418217 
vn -1.0341130909078582e-15 0.000021845313312951475 -0.009999976493418217 
vn -1.0341130909078582e-15 0.000021845313312951475 -0.009999976493418217 
vn -1.0341130909078582e-15 0.000021845313312951475 -0.009999976493418217 
vn 3.097898490739357e-15 0.000021848571122973226 0.009999976493418217 
vn 3.097898490739357e-15 0.000021848571122973226 0.009999976493418217 
vn 3.097898490739357e-15 0.000021848571122973226 0.009999976493418217 
vn 3.097898490739357e-15 0.000021848571122973226 0.009999976493418217 
vn -0.009999976493418217 0.00002184694130846765 -3.557257353264953e-12 
vn -0.009999976493418217 0.00002184694130846765 -3.557257353264953e-12 
vn -0.009999976493418217 0.00002184694130846765 -3.557257353264953e-12 
vn -0.009999976493418217 0.00002184694130846765 -3.557257353264953e-12 
vn 0.009999976493418217 0.00002184694130846765 -3.5593255773291865e-12 
vn 0.009999976493418217 0.00002184694130846765 -3.5593255773291865e-12 
vn 0.009999976493418217 0.00002184694130846765 -3.5593255773291865e-12 
vn 0.009999976493418217 0.00002184694130846765 -3.5593255773291865e-12 
vn -1.0341130909078582e-15 0.000021845313312951475 -0.009999976493418217 
vn -1.0341130909078582e-15 0.000021845313312951475 -0.009999976493418217 
vn -1.0341130909078582e-15 0.000021845313312951475 -0.009999976493418217 
vn -1.0341130909078582e-15 0.000021845313312951475 -0.009999976493418217 
vn 3.097898490739357e-15 0.000021848571122973226 0.009999976493418217 
vn 3.097898490739357e-15 0.000021848571122973226 0.009999976493418217 
vn 3.097898490739357e-15 0.000021848571122973226 0.009999976493418217 
vn 3.097898490739357e-15 0.000021848571122973226 0.009999976493418217 
vn 0.009999976493418217 0.00002184694130846765 -3.5593255773291865e-12 
vn 0.009999976493418217 0.00002184694130846765 -3.5593255773291865e-12 
vn 0.009999976493418217 0.00002184694130846765 -3.5593255773291865e-12 
vn 0.009999976493418217 0.00002184694130846765 -3.5593255773291865e-12 
vn -1.0341130909078582e-15 0.000021845313312951475 -0.009999976493418217 
vn -1.0341130909078582e-15 0.000021845313312951475 -0.009999976493418217 
vn -1.0341130909078582e-15 0.000021845313312951475 -0.009999976493418217 
vn -1.0341130909078582e-15 0.000021845313312951475 -0.009999976493418217 
vn 3.097898490739357e-15 0.000021848571122973226 0.009999976493418217 
vn 3.097898490739357e-15 0.000021848571122973226 0.009999976493418217 
vn 3.097898490739357e-15 0.000021848571122973226 0.009999976493418217 
vn 3.097898490739357e-15 0.000021848571122973226 0.009999976493418217 
vn -0.009999976493418217 0.00002184694130846765 -3.557257353264953e-12 
vn -0.009999976493418217 0.00002184694130846765 -3.557257353264953e-12 
vn -0.009999976493418217 0.00002184694130846765 -3.557257353264953e-12 
vn -0.009999976493418217 0.00002184694130846765 -3.557257353264953e-12 
vn -1.0341130909078582e-15 0.000021845313312951475 -0.009999976493418217 
vn -1.0341130909078582e-15 0.000021845313312951475 -0.009999976493418217 
vn -1.0341130909078582e-15 0.000021845313312951475 -0.009999976493418217 
vn -1.0341130909078582e-15 0.000021845313312951475 -0.009999976493418217 
vn -0.009999976493418217 0.00002184694130846765 -3.557257353264953e-12 
vn -0.009999976493418217 0.00002184694130846765 -3.557257353264953e-12 
vn -0.009999976493418217 0.00002184694130846765 -3.557257353264953e-12 
vn -0.009999976493418217 0.00002184694130846765 -3.557257353264953e-12 
vn 3.097898490739357e-15 0.000021848571122973226 0.009999976493418217 
vn 3.097898490739357e-15 0.000021848571122973226 0.009999976493418217 
vn 3.097898490739357e-15 0.000021848571122973226 0.009999976493418217 
vn 3.097898490739357e-15 0.000021848571122973226 0.009999976493418217 
vn -0.009999976493418217 0.00002184694130846765 -3.557257353264953e-12 
vn -0.009999976493418217 0.00002184694130846765 -3.557257353264953e-12 
vn -0.009999976493418217 0.00002184694130846765 -3.557257353264953e-12 
vn -0.009999976493418217 0.00002184694130846765 -3.557257353264953e-12 
vn 3.097898490739357e-15 0.000021848571122973226 0.009999976493418217 
vn 3.097898490739357e-15 0.000021848571122973226 0.009999976493418217 
vn 3.097898490739357e-15 0.000021848571122973226 0.009999976493418217 
vn 3.097898490739357e-15 0.000021848571122973226 0.009999976493418217 
vn -1.0341130909078582e-15 0.000021845313312951475 -0.009999976493418217 
vn -1.0341130909078582e-15 0.000021845313312951475 -0.009999976493418217 
vn -1.0341130909078582e-15 0.000021845313312951475 -0.009999976493418217 
vn -1.0341130909078582e-15 0.000021845313312951475 -0.009999976493418217 
vn 3.097898490739357e-15 0.000021848571122973226 0.009999976493418217 
vn 3.097898490739357e-15 0.000021848571122973226 0.009999976493418217 
vn 3.097898490739357e-15 0.000021848571122973226 0.009999976493418217 
vn 3.097898490739357e-15 0.000021848571122973226 0.009999976493418217 
vn -0.009999976493418217 0.00002184694130846765 -3.557257353264953e-12 
vn -0.009999976493418217 0.00002184694130846765 -3.557257353264953e-12 
vn -0.009999976493418217 0.00002184694130846765 -3.557257353264953e-12 
vn -0.009999976493418217 0.00002184694130846765 -3.557257353264953e-12 
vn 0.009999976493418217 0.00002184694130846765 -3.5593255773291865e-12 
vn 0.009999976493418217 0.00002184694130846765 -3.5593255773291865e-12 
vn 0.009999976493418217 0.00002184694130846765 -3.5593255773291865e-12 
vn 0.009999976493418217 0.00002184694130846765 -3.5593255773291865e-12 
vn 0.009999976493418217 0.00002184694130846765 -3.5593255773291865e-12 
vn 0.009999976493418217 0.00002184694130846765 -3.5593255773291865e-12 
vn 0.009999976493418217 0.00002184694130846765 -3.5593255773291865e-12 
vn 0.009999976493418217 0.00002184694130846765 -3.5593255773291865e-12 
vn -1.0341130909078582e-15 0.000021845313312951475 -0.009999976493418217 
vn -1.0341130909078582e-15 0.000021845313312951475 -0.009999976493418217 
vn -1.0341130909078582e-15 0.000021845313312951475 -0.009999976493418217 
vn -1.0341130909078582e-15 0.000021845313312951475 -0.009999976493418217 
vn -0.009999976493418217 0.00002184694130846765 -3.557257353264953e-12 
vn -0.009999976493418217 0.00002184694130846765 -3.557257353264953e-12 
vn -0.009999976493418217 0.00002184694130846765 -3.557257353264953e-12 
vn -0.009999976493418217 0.00002184694130846765 -3.557257353264953e-12 
vn 0.009999976493418217 0.00002184694130846765 -3.5593255773291865e-12 
vn 0.009999976493418217 0.00002184694130846765 -3.5593255773291865e-12 
vn 0.009999976493418217 0.00002184694130846765 -3.5593255773291865e-12 
vn 0.009999976493418217 0.00002184694130846765 -3.5593255773291865e-12 
vn 0.009999976493418217 0.00002184694130846765 -3.5593255773291865e-12 
vn 0.009999976493418217 0.00002184694130846765 -3.5593255773291865e-12 
vn 0.009999976493418217 0.00002184694130846765 -3.5593255773291865e-12 
vn 0.009999976493418217 0.00002184694130846765 -3.5593255773291865e-12 
vn -1.0341130909078582e-15 0.000021845313312951475 -0.009999976493418217 
vn -1.0341130909078582e-15 0.000021845313312951475 -0.009999976493418217 
vn -1.0341130909078582e-15 0.000021845313312951475 -0.009999976493418217 
vn -1.0341130909078582e-15 0.000021845313312951475 -0.009999976493418217 
vn -0.009999976493418217 0.00002184694130846765 -3.557257353264953e-12 
vn -0.009999976493418217 0.00002184694130846765 -3.557257353264953e-12 
vn -0.009999976493418217 0.00002184694130846765 -3.557257353264953e-12 
vn -0.009999976493418217 0.00002184694130846765 -3.557257353264953e-12 
vn 3.097898490739357e-15 0.000021848571122973226 0.009999976493418217 
vn 3.097898490739357e-15 0.000021848571122973226 0.009999976493418217 
vn 3.097898490739357e-15 0.000021848571122973226 0.009999976493418217 
vn 3.097898490739357e-15 0.000021848571122973226 0.009999976493418217 
vn -1.0341130909078582e-15 0.000021845313312951475 -0.009999976493418217 
vn -1.0341130909078582e-15 0.000021845313312951475 -0.009999976493418217 
vn -1.0341130909078582e-15 0.000021845313312951475 -0.009999976493418217 
vn -1.0341130909078582e-15 0.000021845313312951475 -0.009999976493418217 
vn 3.097898490739357e-15 0.000021848571122973226 0.009999976493418217 
vn 3.097898490739357e-15 0.000021848571122973226 0.009999976493418217 
vn 3.097898490739357e-15 0.000021848571122973226 0.009999976493418217 
vn 3.097898490739357e-15 0.000021848571122973226 0.009999976493418217 
vn -0.009999976493418217 0.00002184694130846765 -3.557257353264953e-12 
vn -0.009999976493418217 0.00002184694130846765 -3.557257353264953e-12 
vn -0.009999976493418217 0.00002184694130846765 -3.557257353264953e-12 
vn -0.009999976493418217 0.00002184694130846765 -3.557257353264953e-12 
vn 0.009999976493418217 0.00002184694130846765 -3.5593255773291865e-12 
vn 0.009999976493418217 0.00002184694130846765 -3.5593255773291865e-12 
vn 0.009999976493418217 0.00002184694130846765 -3.5593255773291865e-12 
vn 0.009999976493418217 0.00002184694130846765 -3.5593255773291865e-12 
vn 0.009999976493418217 0.00002184694130846765 -3.5593255773291865e-12 
vn 0.009999976493418217 0.00002184694130846765 -3.5593255773291865e-12 
vn 0.009999976493418217 0.00002184694130846765 -3.5593255773291865e-12 
vn 0.009999976493418217 0.00002184694130846765 -3.5593255773291865e-12 
vn -1.0341130909078582e-15 0.000021845313312951475 -0.009999976493418217 
vn -1.0341130909078582e-15 0.000021845313312951475 -0.009999976493418217 
vn -1.0341130909078582e-15 0.000021845313312951475 -0.009999976493418217 
vn -1.0341130909078582e-15 0.000021845313312951475 -0.009999976493418217 
vn 0.009999976493418217 0.00002184694130846765 -3.5593255773291865e-12 
vn 0.009999976493418217 0.00002184694130846765 -3.5593255773291865e-12 
vn 0.009999976493418217 0.00002184694130846765 -3.5593255773291865e-12 
vn 0.009999976493418217 0.00002184694130846765 -3.5593255773291865e-12 
vn 0.009999976493418217 0.00002184694130846765 -3.5593255773291865e-12 
vn 0.009999976493418217 0.00002184694130846765 -3.5593255773291865e-12 
vn -2.068231052255163e-15 -0.009999999776482582 1.629209989140179e-9 
vn -2.068231052255163e-15 -0.009999999776482582 1.629209989140179e-9 
vn -2.068231052255163e-15 -0.009999999776482582 1.629209989140179e-9 
vn -2.068231052255163e-15 -0.009999999776482582 1.629209989140179e-9 
vn -2.068231052255163e-15 -0.009999999776482582 1.629209989140179e-9 
vn -2.068231052255163e-15 -0.009999999776482582 1.629209989140179e-9 
vn 0.009999976493418217 0.00002184694130846765 -3.5593255773291865e-12 
vn 0.009999976493418217 0.00002184694130846765 -3.5593255773291865e-12 
vn 0.009999976493418217 0.00002184694130846765 -3.5593255773291865e-12 
vn 0.009999976493418217 0.00002184694130846765 -3.5593255773291865e-12 
vn -2.068231052255163e-15 -0.009999999776482582 1.629209989140179e-9 
vn -2.068231052255163e-15 -0.009999999776482582 1.629209989140179e-9 
vn -2.068231052255163e-15 -0.009999999776482582 1.629209989140179e-9 
vn -2.068231052255163e-15 -0.009999999776482582 1.629209989140179e-9 
vn -0.009999976493418217 0.00002184694130846765 -3.557257353264953e-12 
vn -0.009999976493418217 0.00002184694130846765 -3.557257353264953e-12 
vn -0.009999976493418217 0.00002184694130846765 -3.557257353264953e-12 
vn -0.009999976493418217 0.00002184694130846765 -3.557257353264953e-12 
vn -1.0341130909078582e-15 0.000021845313312951475 -0.009999976493418217 
vn -1.0341130909078582e-15 0.000021845313312951475 -0.009999976493418217 
vn -1.0341130909078582e-15 0.000021845313312951475 -0.009999976493418217 
vn -1.0341130909078582e-15 0.000021845313312951475 -0.009999976493418217 
vn 3.097898490739357e-15 0.000021848571122973226 0.009999976493418217 
vn 3.097898490739357e-15 0.000021848571122973226 0.009999976493418217 
vn 3.097898490739357e-15 0.000021848571122973226 0.009999976493418217 
vn 3.097898490739357e-15 0.000021848571122973226 0.009999976493418217 
vn -0.009999976493418217 0.00002184694130846765 -3.557257353264953e-12 
vn -0.009999976493418217 0.00002184694130846765 -3.557257353264953e-12 
vn -0.009999976493418217 0.00002184694130846765 -3.557257353264953e-12 
vn -0.009999976493418217 0.00002184694130846765 -3.557257353264953e-12 
vn 0.009999976493418217 0.00002184694130846765 -3.5593255773291865e-12 
vn 0.009999976493418217 0.00002184694130846765 -3.5593255773291865e-12 
vn 0.009999976493418217 0.00002184694130846765 -3.5593255773291865e-12 
vn 0.009999976493418217 0.00002184694130846765 -3.5593255773291865e-12 
vn -0.009999976493418217 0.00002184694130846765 -3.557257353264953e-12 
vn -0.009999976493418217 0.00002184694130846765 -3.557257353264953e-12 
vn -0.009999976493418217 0.00002184694130846765 -3.557257353264953e-12 
vn -0.009999976493418217 0.00002184694130846765 -3.557257353264953e-12 
vn 3.097898490739357e-15 0.000021848571122973226 0.009999976493418217 
vn 3.097898490739357e-15 0.000021848571122973226 0.009999976493418217 
vn 3.097898490739357e-15 0.000021848571122973226 0.009999976493418217 
vn 3.097898490739357e-15 0.000021848571122973226 0.009999976493418217 
vn -1.0341130909078582e-15 0.000021845313312951475 -0.009999976493418217 
vn -1.0341130909078582e-15 0.000021845313312951475 -0.009999976493418217 
vn -1.0341130909078582e-15 0.000021845313312951475 -0.009999976493418217 
vn -1.0341130909078582e-15 0.000021845313312951475 -0.009999976493418217 
vn 3.097898490739357e-15 0.000021848571122973226 0.009999976493418217 
vn 3.097898490739357e-15 0.000021848571122973226 0.009999976493418217 
vn 3.097898490739357e-15 0.000021848571122973226 0.009999976493418217 
vn 3.097898490739357e-15 0.000021848571122973226 0.009999976493418217 
vn -0.009999976493418217 0.00002184694130846765 -3.557257353264953e-12 
vn -0.009999976493418217 0.00002184694130846765 -3.557257353264953e-12 
vn -0.009999976493418217 0.00002184694130846765 -3.557257353264953e-12 
vn -0.009999976493418217 0.00002184694130846765 -3.557257353264953e-12 
vn 0.009999976493418217 0.00002184694130846765 -3.5593255773291865e-12 
vn 0.009999976493418217 0.00002184694130846765 -3.5593255773291865e-12 
vn 0.009999976493418217 0.00002184694130846765 -3.5593255773291865e-12 
vn 0.009999976493418217 0.00002184694130846765 -3.5593255773291865e-12 
vn 0.009999976493418217 0.00002184694130846765 -3.5593255773291865e-12 
vn 0.009999976493418217 0.00002184694130846765 -3.5593255773291865e-12 
vn 0.009999976493418217 0.00002184694130846765 -3.5593255773291865e-12 
vn 0.009999976493418217 0.00002184694130846765 -3.5593255773291865e-12 
vn -1.0341130909078582e-15 0.000021845313312951475 -0.009999976493418217 
vn -1.0341130909078582e-15 0.000021845313312951475 -0.009999976493418217 
vn -1.0341130909078582e-15 0.000021845313312951475 -0.009999976493418217 
vn -1.0341130909078582e-15 0.000021845313312951475 -0.009999976493418217 
vn -0.009999976493418217 0.00002184694130846765 -3.557257353264953e-12 
vn -0.009999976493418217 0.00002184694130846765 -3.557257353264953e-12 
vn -0.009999976493418217 0.00002184694130846765 -3.557257353264953e-12 
vn -0.009999976493418217 0.00002184694130846765 -3.557257353264953e-12 
vn 3.097898490739357e-15 0.000021848571122973226 0.009999976493418217 
vn 3.097898490739357e-15 0.000021848571122973226 0.009999976493418217 
vn 3.097898490739357e-15 0.000021848571122973226 0.009999976493418217 
vn 3.097898490739357e-15 0.000021848571122973226 0.009999976493418217 
vn 0.009999976493418217 0.00002184694130846765 -3.5593255773291865e-12 
vn 0.009999976493418217 0.00002184694130846765 -3.5593255773291865e-12 
vn 0.009999976493418217 0.00002184694130846765 -3.5593255773291865e-12 
vn 0.009999976493418217 0.00002184694130846765 -3.5593255773291865e-12 
vn -1.0341130909078582e-15 0.000021845313312951475 -0.009999976493418217 
vn -1.0341130909078582e-15 0.000021845313312951475 -0.009999976493418217 
vn -1.0341130909078582e-15 0.000021845313312951475 -0.009999976493418217 
vn -1.0341130909078582e-15 0.000021845313312951475 -0.009999976493418217 
vn -0.008441321551799774 0.005361218936741352 -0.00003772401760215871 
vn -0.008441321551799774 0.005361218936741352 -0.00003772401760215871 
vn -0.008441321551799774 0.005361218936741352 -0.00003772401760215871 
vn -0.008441321551799774 0.005361218936741352 -0.00003772401760215871 
vn -0.008441406302154064 -0.005361218936741352 8.734569179047469e-10 
vn -0.008441406302154064 -0.005361218936741352 8.734569179047469e-10 
vn -0.008441406302154064 -0.005361218936741352 8.734569179047469e-10 
vn -0.008441406302154064 -0.005361218936741352 8.734569179047469e-10 
vn 0 0.009999999776482582 -1.629209989140179e-9 
vn 0 0.009999999776482582 -1.629209989140179e-9 
vn 0 0.009999999776482582 -1.629209989140179e-9 
vn 0 0.009999999776482582 -1.629209989140179e-9 
vn -0.0070786867290735245 -0.007063339464366436 -0.000037755322409793735 
vn -0.0070786867290735245 -0.007063339464366436 -0.000037755322409793735 
vn -0.0070786867290735245 -0.007063339464366436 -0.000037755322409793735 
vn -0.0070786867290735245 -0.007063339464366436 -0.000037755322409793735 
vn 0.00707878777757287 -0.007063339464366436 1.1507662600607205e-9 
vn 0.00707878777757287 -0.007063339464366436 1.1507662600607205e-9 
vn 0.00707878777757287 -0.007063339464366436 1.1507662600607205e-9 
vn 0.00707878777757287 -0.007063339464366436 1.1507662600607205e-9 
vn -0.009999976493418217 0.00002184694130846765 -3.557257353264953e-12 
vn -0.009999976493418217 0.00002184694130846765 -3.557257353264953e-12 
vn -0.009999976493418217 0.00002184694130846765 -3.557257353264953e-12 
vn -0.009999976493418217 0.00002184694130846765 -3.557257353264953e-12 
vn -0.009999976493418217 0.00002184694130846765 -3.557257353264953e-12 
vn -0.009999976493418217 0.00002184694130846765 -3.557257353264953e-12 
vn 0.009999976493418217 0.00002184694130846765 -3.5593255773291865e-12 
vn 0.009999976493418217 0.00002184694130846765 -3.5593255773291865e-12 
vn 0.009999976493418217 0.00002184694130846765 -3.5593255773291865e-12 
vn 0.009999976493418217 0.00002184694130846765 -3.5593255773291865e-12 
vn -0.009999976493418217 0.00002184694130846765 -3.557257353264953e-12 
vn -0.009999976493418217 0.00002184694130846765 -3.557257353264953e-12 
vn -0.009999976493418217 0.00002184694130846765 -3.557257353264953e-12 
vn -0.009999976493418217 0.00002184694130846765 -3.557257353264953e-12 
vn -0.009999976493418217 0.00002184694130846765 -3.557257353264953e-12 
vn -0.009999976493418217 0.00002184694130846765 -3.557257353264953e-12 
vn -0.009999976493418217 0.00002184694130846765 -3.557257353264953e-12 
vn -0.009999976493418217 0.00002184694130846765 -3.557257353264953e-12 
vn -0.008815992623567581 0.004719987045973539 -7.689832104418315e-10 
vn -0.008815992623567581 0.004719987045973539 -7.689832104418315e-10 
vn -0.008815992623567581 0.004719987045973539 -7.689832104418315e-10 
vn -0.008815992623567581 0.004719987045973539 -7.689832104418315e-10 
vn -0.00881591159850359 -0.004719987045973539 -0.00003778391328523867 
vn -0.00881591159850359 -0.004719987045973539 -0.00003778391328523867 
vn -0.00881591159850359 -0.004719987045973539 -0.00003778391328523867 
vn -0.00881591159850359 -0.004719987045973539 -0.00003778391328523867 
vn 0 0.009999999776482582 -1.629209989140179e-9 
vn 0 0.009999999776482582 -1.629209989140179e-9 
vn 0 0.009999999776482582 -1.629209989140179e-9 
vn 0 0.009999999776482582 -1.629209989140179e-9 
vn 0 0.009999999776482582 -1.629209989140179e-9 
vn 0 0.009999999776482582 -1.629209989140179e-9 
vn 0 0.009999999776482582 -1.629209989140179e-9 
vn 0 0.009999999776482582 -1.629209989140179e-9 
vn 0 0.009999999776482582 -1.629209989140179e-9 
vn 0 0.009999999776482582 -1.629209989140179e-9 
vn 0 0.009999999776482582 -1.629209989140179e-9 
vn 0 0.009999999776482582 -1.629209989140179e-9 
vn 0 0.009999999776482582 -1.629209989140179e-9 
vn 0 0.009999999776482582 -1.629209989140179e-9 
vn 0 0.009999999776482582 -1.629209989140179e-9 
vn 0 0.009999999776482582 -1.629209989140179e-9 
vn 0 0.009999999776482582 -1.629209989140179e-9 
vn 0 0.009999999776482582 -1.629209989140179e-9 
vn -0.00881591159850359 -0.004719987045973539 -0.00003778391328523867 
vn -0.00881591159850359 -0.004719987045973539 -0.00003778391328523867 
vn -0.00881591159850359 -0.004719987045973539 -0.00003778391328523867 
vn -0.00881591159850359 -0.004719987045973539 -0.00003778391328523867 
vn -0.00881591159850359 -0.004719987045973539 -0.00003778391328523867 
vn -0.00881591159850359 -0.004719987045973539 -0.00003778391328523867 
vn -0.00881591159850359 -0.004719987045973539 -0.00003778391328523867 
vn -0.00881591159850359 -0.004719987045973539 -0.00003778391328523867 
vn -0.00881591159850359 -0.004719987045973539 -0.00003778391328523867 
vn -0.00881591159850359 -0.004719987045973539 -0.00003778391328523867 
vn -0.00881591159850359 -0.004719987045973539 -0.00003778391328523867 
vn -0.00881591159850359 -0.004719987045973539 -0.00003778391328523867 
vn -0.00881591159850359 -0.004719987045973539 -0.00003778391328523867 
vn -0.00881591159850359 -0.004719987045973539 -0.00003778391328523867 
vn -0.008815992623567581 0.004719987045973539 -7.689832104418315e-10 
vn -0.008815992623567581 0.004719987045973539 -7.689832104418315e-10 
vn -0.008815992623567581 0.004719987045973539 -7.689832104418315e-10 
vn -0.008815992623567581 0.004719987045973539 -7.689832104418315e-10 
vn -0.008815992623567581 0.004719987045973539 -7.689832104418315e-10 
vn -0.008815992623567581 0.004719987045973539 -7.689832104418315e-10 
vn -0.008815992623567581 0.004719987045973539 -7.689832104418315e-10 
vn -0.008815992623567581 0.004719987045973539 -7.689832104418315e-10 
vn -0.009999976493418217 0.00002184694130846765 -3.557257353264953e-12 
vn -0.009999976493418217 0.00002184694130846765 -3.557257353264953e-12 
vn -0.009999976493418217 0.00002184694130846765 -3.557257353264953e-12 
vn -0.009999976493418217 0.00002184694130846765 -3.557257353264953e-12 
vn -0.008815992623567581 0.004719987045973539 -7.689832104418315e-10 
vn -0.008815992623567581 0.004719987045973539 -7.689832104418315e-10 
vn -0.008815992623567581 0.004719987045973539 -7.689832104418315e-10 
vn -0.008815992623567581 0.004719987045973539 -7.689832104418315e-10 
vn -0.008815992623567581 0.004719987045973539 -7.689832104418315e-10 
vn -0.008815992623567581 0.004719987045973539 -7.689832104418315e-10 
vn -0.008815992623567581 0.004719987045973539 -7.689832104418315e-10 
vn -0.008815992623567581 0.004719987045973539 -7.689832104418315e-10 
vn -0.009999976493418217 0.00002184694130846765 -3.557257353264953e-12 
vn -0.009999976493418217 0.00002184694130846765 -3.557257353264953e-12 
vn -0.009999976493418217 0.00002184694130846765 -3.557257353264953e-12 
vn -0.009999976493418217 0.00002184694130846765 -3.557257353264953e-12 
vn -0.009999976493418217 0.00002184694130846765 -3.557257353264953e-12 
vn -0.009999976493418217 0.00002184694130846765 -3.557257353264953e-12 
vn -2.068231052255163e-15 -0.009999999776482582 1.629209989140179e-9 
vn -2.068231052255163e-15 -0.009999999776482582 1.629209989140179e-9 
vn -2.068231052255163e-15 -0.009999999776482582 1.629209989140179e-9 
vn -2.068231052255163e-15 -0.009999999776482582 1.629209989140179e-9 
vn 0.009999976493418217 0.00002184694130846765 -3.5593255773291865e-12 
vn 0.009999976493418217 0.00002184694130846765 -3.5593255773291865e-12 
vn 0.009999976493418217 0.00002184694130846765 -3.5593255773291865e-12 
vn 0.009999976493418217 0.00002184694130846765 -3.5593255773291865e-12 
vn 0.009999976493418217 0.00002184694130846765 -3.5593255773291865e-12 
vn 0.009999976493418217 0.00002184694130846765 -3.5593255773291865e-12 
vn 0.009999976493418217 0.00002184694130846765 -3.5593255773291865e-12 
vn 0.009999976493418217 0.00002184694130846765 -3.5593255773291865e-12 
vn 0.009999976493418217 0.00002184694130846765 -3.5593255773291865e-12 
vn 0.009999976493418217 0.00002184694130846765 -3.5593255773291865e-12 
vn 0.009999976493418217 0.00002184694130846765 -3.5593255773291865e-12 
vn 0.009999976493418217 0.00002184694130846765 -3.5593255773291865e-12 
vn 0.009999976493418217 0.00002184694130846765 -3.5593255773291865e-12 
vn 0.009999976493418217 0.00002184694130846765 -3.5593255773291865e-12 
vn -0.008815992623567581 0.004719987045973539 -7.689832104418315e-10 
vn -0.008815992623567581 0.004719987045973539 -7.689832104418315e-10 
vn -0.008815992623567581 0.004719987045973539 -7.689832104418315e-10 
vn -0.008815992623567581 0.004719987045973539 -7.689832104418315e-10 
vn -0.00881591159850359 -0.004719987045973539 -0.00003778391328523867 
vn -0.00881591159850359 -0.004719987045973539 -0.00003778391328523867 
vn -0.00881591159850359 -0.004719987045973539 -0.00003778391328523867 
vn -0.00881591159850359 -0.004719987045973539 -0.00003778391328523867 
vn 0.009999976493418217 0.00002184694130846765 -3.5593255773291865e-12 
vn 0.009999976493418217 0.00002184694130846765 -3.5593255773291865e-12 
vn 0.009999976493418217 0.00002184694130846765 -3.5593255773291865e-12 
vn 0.009999976493418217 0.00002184694130846765 -3.5593255773291865e-12 
vn -2.068231052255163e-15 -0.009999999776482582 1.629209989140179e-9 
vn -2.068231052255163e-15 -0.009999999776482582 1.629209989140179e-9 
vn -2.068231052255163e-15 -0.009999999776482582 1.629209989140179e-9 
vn -2.068231052255163e-15 -0.009999999776482582 1.629209989140179e-9 
vn -0.009999976493418217 0.00002184694130846765 -3.557257353264953e-12 
vn -0.009999976493418217 0.00002184694130846765 -3.557257353264953e-12 
vn -0.009999976493418217 0.00002184694130846765 -3.557257353264953e-12 
vn -0.009999976493418217 0.00002184694130846765 -3.557257353264953e-12 
vn -0.008441321551799774 0.005361218936741352 -0.00003772401760215871 
vn -0.008441321551799774 0.005361218936741352 -0.00003772401760215871 
vn -0.008441321551799774 0.005361218936741352 -0.00003772401760215871 
vn -0.008441321551799774 0.005361218936741352 -0.00003772401760215871 
vn -0.008441406302154064 -0.005361218936741352 8.734569179047469e-10 
vn -0.008441406302154064 -0.005361218936741352 8.734569179047469e-10 
vn -0.008441406302154064 -0.005361218936741352 8.734569179047469e-10 
vn -0.008441406302154064 -0.005361218936741352 8.734569179047469e-10 
vn 0 0.009999999776482582 -1.629209989140179e-9 
vn 0 0.009999999776482582 -1.629209989140179e-9 
vn 0 0.009999999776482582 -1.629209989140179e-9 
vn 0 0.009999999776482582 -1.629209989140179e-9 
vn -1.0341130909078582e-15 0.000021845313312951475 -0.009999976493418217 
vn -1.0341130909078582e-15 0.000021845313312951475 -0.009999976493418217 
vn -1.0341130909078582e-15 0.000021845313312951475 -0.009999976493418217 
vn -1.0341130909078582e-15 0.000021845313312951475 -0.009999976493418217 
vn 3.097898490739357e-15 0.000021848571122973226 0.009999976493418217 
vn 3.097898490739357e-15 0.000021848571122973226 0.009999976493418217 
vn 3.097898490739357e-15 0.000021848571122973226 0.009999976493418217 
vn 3.097898490739357e-15 0.000021848571122973226 0.009999976493418217 
vn -0.009999976493418217 0.00002184694130846765 -3.557257353264953e-12 
vn -0.009999976493418217 0.00002184694130846765 -3.557257353264953e-12 
vn -0.009999976493418217 0.00002184694130846765 -3.557257353264953e-12 
vn -0.009999976493418217 0.00002184694130846765 -3.557257353264953e-12 
vn 0.009999976493418217 0.00002184694130846765 -3.5593255773291865e-12 
vn 0.009999976493418217 0.00002184694130846765 -3.5593255773291865e-12 
vn 0.009999976493418217 0.00002184694130846765 -3.5593255773291865e-12 
vn 0.009999976493418217 0.00002184694130846765 -3.5593255773291865e-12 
vn -1.0341130909078582e-15 0.000021845313312951475 -0.009999976493418217 
vn -1.0341130909078582e-15 0.000021845313312951475 -0.009999976493418217 
vn -1.0341130909078582e-15 0.000021845313312951475 -0.009999976493418217 
vn -1.0341130909078582e-15 0.000021845313312951475 -0.009999976493418217 
vn 3.097898490739357e-15 0.000021848571122973226 0.009999976493418217 
vn 3.097898490739357e-15 0.000021848571122973226 0.009999976493418217 
vn 3.097898490739357e-15 0.000021848571122973226 0.009999976493418217 
vn 3.097898490739357e-15 0.000021848571122973226 0.009999976493418217 
vn -0.009999976493418217 0.00002184694130846765 -3.557257353264953e-12 
vn -0.009999976493418217 0.00002184694130846765 -3.557257353264953e-12 
vn -0.009999976493418217 0.00002184694130846765 -3.557257353264953e-12 
vn -0.009999976493418217 0.00002184694130846765 -3.557257353264953e-12 
vn 0.009999976493418217 0.00002184694130846765 -3.5593255773291865e-12 
vn 0.009999976493418217 0.00002184694130846765 -3.5593255773291865e-12 
vn 0.009999976493418217 0.00002184694130846765 -3.5593255773291865e-12 
vn 0.009999976493418217 0.00002184694130846765 -3.5593255773291865e-12 
vn -0.009999976493418217 0.00002184694130846765 -3.557257353264953e-12 
vn -0.009999976493418217 0.00002184694130846765 -3.557257353264953e-12 
vn -0.009999976493418217 0.00002184694130846765 -3.557257353264953e-12 
vn -0.009999976493418217 0.00002184694130846765 -3.557257353264953e-12 
vn 3.097898490739357e-15 0.000021848571122973226 0.009999976493418217 
vn 3.097898490739357e-15 0.000021848571122973226 0.009999976493418217 
vn 3.097898490739357e-15 0.000021848571122973226 0.009999976493418217 
vn 3.097898490739357e-15 0.000021848571122973226 0.009999976493418217 
vn 0.009999976493418217 0.00002184694130846765 -3.5593255773291865e-12 
vn 0.009999976493418217 0.00002184694130846765 -3.5593255773291865e-12 
vn 0.009999976493418217 0.00002184694130846765 -3.5593255773291865e-12 
vn 0.009999976493418217 0.00002184694130846765 -3.5593255773291865e-12 
vn -1.0341130909078582e-15 0.000021845313312951475 -0.009999976493418217 
vn -1.0341130909078582e-15 0.000021845313312951475 -0.009999976493418217 
vn -1.0341130909078582e-15 0.000021845313312951475 -0.009999976493418217 
vn -1.0341130909078582e-15 0.000021845313312951475 -0.009999976493418217 
vn 0 0.009999999776482582 -1.629209989140179e-9 
vn 0 0.009999999776482582 -1.629209989140179e-9 
vn 0 0.009999999776482582 -1.629209989140179e-9 
vn 0 0.009999999776482582 -1.629209989140179e-9 
vn -0.008441406302154064 -0.005361218936741352 8.734569179047469e-10 
vn -0.008441406302154064 -0.005361218936741352 8.734569179047469e-10 
vn -0.008441406302154064 -0.005361218936741352 8.734569179047469e-10 
vn -0.008441406302154064 -0.005361218936741352 8.734569179047469e-10 
vn -0.008441321551799774 0.005361218936741352 -0.00003772401760215871 
vn -0.008441321551799774 0.005361218936741352 -0.00003772401760215871 
vn -0.008441321551799774 0.005361218936741352 -0.00003772401760215871 
vn -0.008441321551799774 0.005361218936741352 -0.00003772401760215871 
vn -0.009999976493418217 0.00002184694130846765 -3.557257353264953e-12 
vn -0.009999976493418217 0.00002184694130846765 -3.557257353264953e-12 
vn -0.009999976493418217 0.00002184694130846765 -3.557257353264953e-12 
vn -0.009999976493418217 0.00002184694130846765 -3.557257353264953e-12 
vn -2.068231052255163e-15 -0.009999999776482582 1.629209989140179e-9 
vn -2.068231052255163e-15 -0.009999999776482582 1.629209989140179e-9 
vn -2.068231052255163e-15 -0.009999999776482582 1.629209989140179e-9 
vn -2.068231052255163e-15 -0.009999999776482582 1.629209989140179e-9 
vn 0.009999976493418217 0.00002184694130846765 -3.5593255773291865e-12 
vn 0.009999976493418217 0.00002184694130846765 -3.5593255773291865e-12 
vn 0.009999976493418217 0.00002184694130846765 -3.5593255773291865e-12 
vn 0.009999976493418217 0.00002184694130846765 -3.5593255773291865e-12 
vn 0 0.009999999776482582 -1.629209989140179e-9 
vn 0 0.009999999776482582 -1.629209989140179e-9 
vn 0 0.009999999776482582 -1.629209989140179e-9 
vn 0 0.009999999776482582 -1.629209989140179e-9 
vn -0.008441406302154064 -0.005361218936741352 8.734569179047469e-10 
vn -0.008441406302154064 -0.005361218936741352 8.734569179047469e-10 
vn -0.008441406302154064 -0.005361218936741352 8.734569179047469e-10 
vn -0.008441406302154064 -0.005361218936741352 8.734569179047469e-10 
vn -0.008441321551799774 0.005361218936741352 -0.00003772401760215871 
vn -0.008441321551799774 0.005361218936741352 -0.00003772401760215871 
vn -0.008441321551799774 0.005361218936741352 -0.00003772401760215871 
vn -0.008441321551799774 0.005361218936741352 -0.00003772401760215871 
vn -0.009999976493418217 0.00002184694130846765 -3.557257353264953e-12 
vn -0.009999976493418217 0.00002184694130846765 -3.557257353264953e-12 
vn -0.009999976493418217 0.00002184694130846765 -3.557257353264953e-12 
vn -0.009999976493418217 0.00002184694130846765 -3.557257353264953e-12 
vn -2.068231052255163e-15 -0.009999999776482582 1.629209989140179e-9 
vn -2.068231052255163e-15 -0.009999999776482582 1.629209989140179e-9 
vn -2.068231052255163e-15 -0.009999999776482582 1.629209989140179e-9 
vn -2.068231052255163e-15 -0.009999999776482582 1.629209989140179e-9 
vn 0.009999976493418217 0.00002184694130846765 -3.5593255773291865e-12 
vn 0.009999976493418217 0.00002184694130846765 -3.5593255773291865e-12 
vn 0.009999976493418217 0.00002184694130846765 -3.5593255773291865e-12 
vn 0.009999976493418217 0.00002184694130846765 -3.5593255773291865e-12 
vn -0.009999976493418217 0.00002184694130846765 -3.557257353264953e-12 
vn -0.009999976493418217 0.00002184694130846765 -3.557257353264953e-12 
vn -0.009999976493418217 0.00002184694130846765 -3.557257353264953e-12 
vn -0.009999976493418217 0.00002184694130846765 -3.557257353264953e-12 
vn -0.009999976493418217 0.00002184694130846765 -3.557257353264953e-12 
vn -0.009999976493418217 0.00002184694130846765 -3.557257353264953e-12 
vn 0.00707878777757287 -0.007063339464366436 1.1507662600607205e-9 
vn 0.00707878777757287 -0.007063339464366436 1.1507662600607205e-9 
vn 0.00707878777757287 -0.007063339464366436 1.1507662600607205e-9 
vn 0.00707878777757287 -0.007063339464366436 1.1507662600607205e-9 
vn 0.00707878777757287 -0.007063339464366436 1.1507662600607205e-9 
vn 0.00707878777757287 -0.007063339464366436 1.1507662600607205e-9 
vn 0.00707878777757287 -0.007063339464366436 1.1507662600607205e-9 
vn 0.00707878777757287 -0.007063339464366436 1.1507662600607205e-9 
vn 0.00707878777757287 -0.007063339464366436 1.1507662600607205e-9 
vn 0.00707878777757287 -0.007063339464366436 1.1507662600607205e-9 
vn 0.00707878777757287 -0.007063339464366436 1.1507662600607205e-9 
vn 0.00707878777757287 -0.007063339464366436 1.1507662600607205e-9 
vn -0.0070786867290735245 -0.007063339464366436 -0.000037755322409793735 
vn -0.0070786867290735245 -0.007063339464366436 -0.000037755322409793735 
vn -0.0070786867290735245 -0.007063339464366436 -0.000037755322409793735 
vn -0.0070786867290735245 -0.007063339464366436 -0.000037755322409793735 
vn -0.0070786867290735245 -0.007063339464366436 -0.000037755322409793735 
vn -0.0070786867290735245 -0.007063339464366436 -0.000037755322409793735 
vn -0.0070786867290735245 -0.007063339464366436 -0.000037755322409793735 
vn -0.0070786867290735245 -0.007063339464366436 -0.000037755322409793735 
vn -0.0070786867290735245 -0.007063339464366436 -0.000037755322409793735 
vn -0.0070786867290735245 -0.007063339464366436 -0.000037755322409793735 
vn -0.0070786867290735245 -0.007063339464366436 -0.000037755322409793735 
vn -0.0070786867290735245 -0.007063339464366436 -0.000037755322409793735 
vn -2.068231052255163e-15 -0.009999999776482582 1.629209989140179e-9 
vn -2.068231052255163e-15 -0.009999999776482582 1.629209989140179e-9 
vn -2.068231052255163e-15 -0.009999999776482582 1.629209989140179e-9 
vn -2.068231052255163e-15 -0.009999999776482582 1.629209989140179e-9 
vn -2.068231052255163e-15 -0.009999999776482582 1.629209989140179e-9 
vn -2.068231052255163e-15 -0.009999999776482582 1.629209989140179e-9 
vn 0.009999976493418217 0.00002184694130846765 -3.5593255773291865e-12 
vn 0.009999976493418217 0.00002184694130846765 -3.5593255773291865e-12 
vn 0.009999976493418217 0.00002184694130846765 -3.5593255773291865e-12 
vn 0.009999976493418217 0.00002184694130846765 -3.5593255773291865e-12 
vn 0.009999976493418217 0.00002184694130846765 -3.5593255773291865e-12 
vn 0.009999976493418217 0.00002184694130846765 -3.5593255773291865e-12 
vt 0.8520365357398987 0.7922060489654541 
vt 0.8545939922332764 0.7922060489654541 
vt 0.8520365357398987 0.8371362090110779 
vt 0.8545939922332764 0.8371362090110779 
vt 0.8520365357398987 0.9014010429382324 
vt 0.8545939922332764 0.9014010429382324 
vt 0.8520365357398987 0.9591289758682251 
vt 0.8545939922332764 0.9591289758682251 
vt 0.7904695272445679 0.7925743460655212 
vt 0.7879120111465454 0.7925743460655212 
vt 0.7904695272445679 0.7283094525337219 
vt 0.7879120111465454 0.7283094525337219 
vt 0.7904695272445679 0.6833792924880981 
vt 0.7879120111465454 0.6833792924880981 
vt 0.9411745071411133 0.20802189409732819 
vt 0.9432953596115112 0.20802189409732819 
vt 0.9404883980751038 0.3224649131298065 
vt 0.9429211020469666 0.3224649131298065 
vt 0.9403636455535889 0.4062485992908478 
vt 0.9432953596115112 0.4062485992908478 
vt 0.4394690692424774 0.9327048659324646 
vt 0.43734824657440186 0.9327048659324646 
vt 0.4364125728607178 0.8121852278709412 
vt 0.43404221534729004 0.8121852278709412 
vt 0.4394690692424774 0.7275729179382324 
vt 0.4364749491214752 0.7274808287620544 
vt 0.9388665556907654 0.32237282395362854 
vt 0.9404883980751038 0.3224649131298065 
vt 0.9389289021492004 0.40652480721473694 
vt 0.9403636455535889 0.4062485992908478 
vt 0.8562158346176147 0.8362154960632324 
vt 0.8545939922332764 0.8371362090110779 
vt 0.8562158346176147 0.7909170389175415 
vt 0.8545939922332764 0.7922060489654541 
vt 0.8562158346176147 0.9591289758682251 
vt 0.8545939922332764 0.9591289758682251 
vt 0.8562158346176147 0.9010328054428101 
vt 0.8545939922332764 0.9014010429382324 
vt 0.8562158346176147 0.9010328054428101 
vt 0.8545939922332764 0.9014010429382324 
vt 0.8562158346176147 0.8362154960632324 
vt 0.8545939922332764 0.8371362090110779 
vt 0.939178466796875 0.20553599298000336 
vt 0.9411745071411133 0.20802189409732819 
vt 0.9388665556907654 0.32237282395362854 
vt 0.9404883980751038 0.3224649131298065 
vt 0.7861030697822571 0.7273887395858765 
vt 0.7879120111465454 0.7283094525337219 
vt 0.7861030697822571 0.7922060489654541 
vt 0.7879120111465454 0.7925743460655212 
vt 0.7861030697822571 0.6820903420448303 
vt 0.7879120111465454 0.6833792924880981 
vt 0.7861030697822571 0.7273887395858765 
vt 0.7879120111465454 0.7283094525337219 
vt 0.4323579967021942 0.8126455545425415 
vt 0.43404221534729004 0.8121852278709412 
vt 0.43528977036476135 0.9357431530952454 
vt 0.43734824657440186 0.9327048659324646 
vt 0.8759896159172058 0.7922060489654541 
vt 0.8759896159172058 0.8371362090110779 
vt 0.8733697533607483 0.7922060489654541 
vt 0.8733697533607483 0.8371362090110779 
vt 0.8759896159172058 0.9014010429382324 
vt 0.8733697533607483 0.9014010429382324 
vt 0.8759896159172058 0.9596813917160034 
vt 0.8733697533607483 0.9596813917160034 
vt 0.9063676595687866 0.5390135645866394 
vt 0.9088627696037292 0.5390135645866394 
vt 0.9059309959411621 0.42696434259414673 
vt 0.9084885120391846 0.42696434259414673 
vt 0.9063053131103516 0.3810214102268219 
vt 0.9089251756668091 0.3810214102268219 
vt 0.9242077469825745 0.9287458658218384 
vt 0.9263285994529724 0.9287458658218384 
vt 0.9235215783119202 0.8143028616905212 
vt 0.9259543418884277 0.8143028616905212 
vt 0.9233968257904053 0.7305191159248352 
vt 0.9263285994529724 0.7305191159248352 
vt 0.7931517958641052 0.46130645275115967 
vt 0.7910932898521423 0.4612143933773041 
vt 0.7901576161384583 0.5818260908126831 
vt 0.7877872586250305 0.5818260908126831 
vt 0.7931517958641052 0.6663463711738586 
vt 0.7902200222015381 0.6665304899215698 
vt 0.9233968257904053 0.7305191159248352 
vt 0.9219621419906616 0.730334997177124 
vt 0.9235215783119202 0.8143028616905212 
vt 0.9218997359275818 0.8143948912620544 
vt 0.8733697533607483 0.7922060489654541 
vt 0.8718103170394897 0.7909170389175415 
vt 0.8733697533607483 0.8371362090110779 
vt 0.8718103170394897 0.8362154960632324 
vt 0.8733697533607483 0.9014010429382324 
vt 0.8718103170394897 0.9010328054428101 
vt 0.8733697533607483 0.9596813917160034 
vt 0.8718103170394897 0.9596813917160034 
vt 0.8733697533607483 0.8371362090110779 
vt 0.8718103170394897 0.8362154960632324 
vt 0.8733697533607483 0.9014010429382324 
vt 0.8718103170394897 0.9010328054428101 
vt 0.9235215783119202 0.8143028616905212 
vt 0.9218997359275818 0.8143948912620544 
vt 0.9242077469825745 0.9287458658218384 
vt 0.9222116470336914 0.9312317371368408 
vt 0.9088627696037292 0.5390135645866394 
vt 0.9107964634895325 0.5386452674865723 
vt 0.9084885120391846 0.42696434259414673 
vt 0.9103598594665527 0.42604365944862366 
vt 0.9084885120391846 0.42696434259414673 
vt 0.9103598594665527 0.42604365944862366 
vt 0.9089251756668091 0.3810214102268219 
vt 0.9107964634895325 0.3797324299812317 
vt 0.7910932898521423 0.4612143933773041 
vt 0.7890348434448242 0.4582681357860565 
vt 0.7877872586250305 0.5818260908126831 
vt 0.7861030697822571 0.5812736749649048 
vt 0.7877872586250305 0.5818260908126831 
vt 0.7861030697822571 0.5812736749649048 
vt 0.7902200222015381 0.6665304899215698 
vt 0.7887853384017944 0.6663463711738586 
vt 0.4350402355194092 0.7276649475097656 
vt 0.4323579967021942 0.8126455545425415 
vt 0.4364749491214752 0.7274808287620544 
vt 0.43404221534729004 0.8121852278709412 
vt 0.7621160745620728 0.6814854145050049 
vt 0.7636200189590454 0.6794769763946533 
vt 0.7619011998176575 0.756465494632721 
vt 0.7636200189590454 0.7582060694694519 
vt 0.7619011998176575 0.756465494632721 
vt 0.7636200189590454 0.7582060694694519 
vt 0.7165674567222595 0.7488335967063904 
vt 0.7149560451507568 0.7505741715431213 
vt 0.7165674567222595 0.7488335967063904 
vt 0.7149560451507568 0.7505741715431213 
vt 0.7166748642921448 0.6872428059577942 
vt 0.7149560451507568 0.6857699751853943 
vt 0.7166748642921448 0.6872428059577942 
vt 0.7149560451507568 0.6857699751853943 
vt 0.7621160745620728 0.6814854145050049 
vt 0.7636200189590454 0.6794769763946533 
vt 0.7609343528747559 0.7551265358924866 
vt 0.7613641023635864 0.6828243136405945 
vt 0.7619011998176575 0.756465494632721 
vt 0.7621160745620728 0.6814854145050049 
vt 0.7174268364906311 0.7477624416351318 
vt 0.7609343528747559 0.7551265358924866 
vt 0.7165674567222595 0.7488335967063904 
vt 0.7619011998176575 0.756465494632721 
vt 0.7613641023635864 0.6828243136405945 
vt 0.7175342440605164 0.6883139610290527 
vt 0.7621160745620728 0.6814854145050049 
vt 0.7166748642921448 0.6872428059577942 
vt 0.7192530632019043 0.6900545358657837 
vt 0.719145655632019 0.7461557388305664 
vt 0.7181788086891174 0.6889833807945251 
vt 0.7179639935493469 0.7472268342971802 
vt 0.682405948638916 0.9125847220420837 
vt 0.682405948638916 0.9141914248466492 
vt 0.6422286629676819 0.9125847220420837 
vt 0.6422286629676819 0.9141914248466492 
vt 0.719145655632019 0.7461557388305664 
vt 0.759323000907898 0.7531181573867798 
vt 0.7179639935493469 0.7472268342971802 
vt 0.7603972554206848 0.7544570565223694 
vt 0.7175342440605164 0.6883139610290527 
vt 0.7174268364906311 0.7477624416351318 
vt 0.7166748642921448 0.6872428059577942 
vt 0.7165674567222595 0.7488335967063904 
vt 0.759323000907898 0.7531181573867798 
vt 0.7596452832221985 0.6846988201141357 
vt 0.7603972554206848 0.7544570565223694 
vt 0.7608269453048706 0.6834937930107117 
vt 0.6429806351661682 0.9111118912696838 
vt 0.6813316941261292 0.9111118912696838 
vt 0.6423360705375671 0.9119152426719666 
vt 0.6819762587547302 0.9119152426719666 
vt 0.7550259232521057 0.7774866819381714 
vt 0.7550259232521057 0.7790933847427368 
vt 0.7149560451507568 0.7774866819381714 
vt 0.7149560451507568 0.7790933847427368 
vt 0.6430880427360535 0.9089695811271667 
vt 0.6809020042419434 0.9089695811271667 
vt 0.6430880427360535 0.9104424118995667 
vt 0.6809020042419434 0.9104424118995667 
vt 0.7156006097793579 0.7760138511657715 
vt 0.7539516687393188 0.7760138511657715 
vt 0.7150634527206421 0.7768172025680542 
vt 0.7545962333679199 0.7768172025680542 
vt 0.6266518831253052 0.9125847220420837 
vt 0.6266518831253052 0.9141914248466492 
vt 0.5865819454193115 0.9125847220420837 
vt 0.5865819454193115 0.9141914248466492 
vt 0.7157080173492432 0.7738715410232544 
vt 0.7535219788551331 0.7738715410232544 
vt 0.7157080173492432 0.7753443717956543 
vt 0.7535219788551331 0.7753443717956543 
vt 0.5873339772224426 0.9111118912696838 
vt 0.6255776286125183 0.9111118912696838 
vt 0.5866894125938416 0.9119152426719666 
vt 0.6262221932411194 0.9119152426719666 
vt 0.5691789388656616 0.9002665281295776 
vt 0.570575475692749 0.9002665281295776 
vt 0.5691789388656616 0.9535559415817261 
vt 0.570575475692749 0.9535559415817261 
vt 0.5874413847923279 0.9089695811271667 
vt 0.6252553462982178 0.9089695811271667 
vt 0.5874413847923279 0.9104424118995667 
vt 0.6252553462982178 0.9104424118995667 
vt 0.5672453045845032 0.9535559415817261 
vt 0.5672453045845032 0.9002665281295776 
vt 0.5682121515274048 0.9535559415817261 
vt 0.5682121515274048 0.9002665281295776 
vt 0.5452229380607605 0.9535559415817261 
vt 0.5437189936637878 0.9535559415817261 
vt 0.5452229380607605 0.9002665281295776 
vt 0.5437189936637878 0.9002665281295776 
vt 0.5649893283843994 0.9535559415817261 
vt 0.5649893283843994 0.9002665281295776 
vt 0.5663858652114868 0.9535559415817261 
vt 0.5663858652114868 0.9002665281295776 
vt 0.5470492243766785 0.9002665281295776 
vt 0.5470492243766785 0.9535559415817261 
vt 0.5460823774337769 0.9002665281295776 
vt 0.5460823774337769 0.9535559415817261 
vt 0.5493051409721375 0.9002665281295776 
vt 0.5493051409721375 0.9535559415817261 
vt 0.54790860414505 0.9002665281295776 
vt 0.54790860414505 0.9535559415817261 
vt 0.7174268364906311 0.7477624416351318 
vt 0.7175342440605164 0.6883139610290527 
vt 0.7179639935493469 0.7472268342971802 
vt 0.7181788086891174 0.6889833807945251 
vt 0.7613641023635864 0.6828243136405945 
vt 0.7609343528747559 0.7551265358924866 
vt 0.7608269453048706 0.6834937930107117 
vt 0.7603972554206848 0.7544570565223694 
vt 0.7175342440605164 0.6883139610290527 
vt 0.7613641023635864 0.6828243136405945 
vt 0.7181788086891174 0.6889833807945251 
vt 0.7608269453048706 0.6834937930107117 
vt 0.7609343528747559 0.7551265358924866 
vt 0.7174268364906311 0.7477624416351318 
vt 0.7603972554206848 0.7544570565223694 
vt 0.7179639935493469 0.7472268342971802 
vt 0.682405948638916 0.9125847220420837 
vt 0.6422286629676819 0.9125847220420837 
vt 0.6819762587547302 0.9119152426719666 
vt 0.6423360705375671 0.9119152426719666 
vt 0.6813316941261292 0.9111118912696838 
vt 0.6429806351661682 0.9111118912696838 
vt 0.6809020042419434 0.9104424118995667 
vt 0.6430880427360535 0.9104424118995667 
vt 0.7550259232521057 0.7774866819381714 
vt 0.7149560451507568 0.7774866819381714 
vt 0.7545962333679199 0.7768172025680542 
vt 0.7150634527206421 0.7768172025680542 
vt 0.7539516687393188 0.7760138511657715 
vt 0.7156006097793579 0.7760138511657715 
vt 0.7535219788551331 0.7753443717956543 
vt 0.7157080173492432 0.7753443717956543 
vt 0.6266518831253052 0.9125847220420837 
vt 0.5865819454193115 0.9125847220420837 
vt 0.6262221932411194 0.9119152426719666 
vt 0.5866894125938416 0.9119152426719666 
vt 0.6255776286125183 0.9111118912696838 
vt 0.5873339772224426 0.9111118912696838 
vt 0.6252553462982178 0.9104424118995667 
vt 0.5874413847923279 0.9104424118995667 
vt 0.5691789388656616 0.9002665281295776 
vt 0.5691789388656616 0.9535559415817261 
vt 0.5682121515274048 0.9002665281295776 
vt 0.5682121515274048 0.9535559415817261 
vt 0.5672453045845032 0.9002665281295776 
vt 0.5672453045845032 0.9535559415817261 
vt 0.5663858652114868 0.9002665281295776 
vt 0.5663858652114868 0.9535559415817261 
vt 0.5452229380607605 0.9535559415817261 
vt 0.5452229380607605 0.9002665281295776 
vt 0.5460823774337769 0.9535559415817261 
vt 0.5460823774337769 0.9002665281295776 
vt 0.5470492243766785 0.9535559415817261 
vt 0.5470492243766785 0.9002665281295776 
vt 0.54790860414505 0.9535559415817261 
vt 0.54790860414505 0.9002665281295776 
vt 0.7596452832221985 0.6846988201141357 
vt 0.7192530632019043 0.6900545358657837 
vt 0.7608269453048706 0.6834937930107117 
vt 0.7181788086891174 0.6889833807945251 
vt 0.7621160745620728 0.6814854145050049 
vt 0.7636200189590454 0.6794769763946533 
vt 0.7619011998176575 0.756465494632721 
vt 0.7636200189590454 0.7582060694694519 
vt 0.7619011998176575 0.756465494632721 
vt 0.7636200189590454 0.7582060694694519 
vt 0.7165674567222595 0.7488335967063904 
vt 0.7149560451507568 0.7505741715431213 
vt 0.7165674567222595 0.7488335967063904 
vt 0.7149560451507568 0.7505741715431213 
vt 0.7166748642921448 0.6872428059577942 
vt 0.7149560451507568 0.6857699751853943 
vt 0.7166748642921448 0.6872428059577942 
vt 0.7149560451507568 0.6857699751853943 
vt 0.7621160745620728 0.6814854145050049 
vt 0.7636200189590454 0.6794769763946533 
vt 0.7609343528747559 0.7551265358924866 
vt 0.7613641023635864 0.6828243136405945 
vt 0.7619011998176575 0.756465494632721 
vt 0.7621160745620728 0.6814854145050049 
vt 0.7174268364906311 0.7477624416351318 
vt 0.7609343528747559 0.7551265358924866 
vt 0.7165674567222595 0.7488335967063904 
vt 0.7619011998176575 0.756465494632721 
vt 0.7613641023635864 0.6828243136405945 
vt 0.7175342440605164 0.6883139610290527 
vt 0.7621160745620728 0.6814854145050049 
vt 0.7166748642921448 0.6872428059577942 
vt 0.7192530632019043 0.6900545358657837 
vt 0.719145655632019 0.7461557388305664 
vt 0.7181788086891174 0.6889833807945251 
vt 0.7179639935493469 0.7472268342971802 
vt 0.682405948638916 0.9125847220420837 
vt 0.682405948638916 0.9141914248466492 
vt 0.6422286629676819 0.9125847220420837 
vt 0.6422286629676819 0.9141914248466492 
vt 0.719145655632019 0.7461557388305664 
vt 0.759323000907898 0.7531181573867798 
vt 0.7179639935493469 0.7472268342971802 
vt 0.7603972554206848 0.7544570565223694 
vt 0.7175342440605164 0.6883139610290527 
vt 0.7174268364906311 0.7477624416351318 
vt 0.7166748642921448 0.6872428059577942 
vt 0.7165674567222595 0.7488335967063904 
vt 0.759323000907898 0.7531181573867798 
vt 0.7596452832221985 0.6846988201141357 
vt 0.7603972554206848 0.7544570565223694 
vt 0.7608269453048706 0.6834937930107117 
vt 0.6429806351661682 0.9111118912696838 
vt 0.6813316941261292 0.9111118912696838 
vt 0.6423360705375671 0.9119152426719666 
vt 0.6819762587547302 0.9119152426719666 
vt 0.7550259232521057 0.7774866819381714 
vt 0.7550259232521057 0.7790933847427368 
vt 0.7149560451507568 0.7774866819381714 
vt 0.7149560451507568 0.7790933847427368 
vt 0.6430880427360535 0.9089695811271667 
vt 0.6809020042419434 0.9089695811271667 
vt 0.6430880427360535 0.9104424118995667 
vt 0.6809020042419434 0.9104424118995667 
vt 0.7156006097793579 0.7760138511657715 
vt 0.7539516687393188 0.7760138511657715 
vt 0.7150634527206421 0.7768172025680542 
vt 0.7545962333679199 0.7768172025680542 
vt 0.6266518831253052 0.9125847220420837 
vt 0.6266518831253052 0.9141914248466492 
vt 0.5865819454193115 0.9125847220420837 
vt 0.5865819454193115 0.9141914248466492 
vt 0.7157080173492432 0.7738715410232544 
vt 0.7535219788551331 0.7738715410232544 
vt 0.7157080173492432 0.7753443717956543 
vt 0.7535219788551331 0.7753443717956543 
vt 0.5873339772224426 0.9111118912696838 
vt 0.6255776286125183 0.9111118912696838 
vt 0.5866894125938416 0.9119152426719666 
vt 0.6262221932411194 0.9119152426719666 
vt 0.5691789388656616 0.9002665281295776 
vt 0.570575475692749 0.9002665281295776 
vt 0.5691789388656616 0.9535559415817261 
vt 0.570575475692749 0.9535559415817261 
vt 0.5874413847923279 0.9089695811271667 
vt 0.6252553462982178 0.9089695811271667 
vt 0.5874413847923279 0.9104424118995667 
vt 0.6252553462982178 0.9104424118995667 
vt 0.5672453045845032 0.9535559415817261 
vt 0.5672453045845032 0.9002665281295776 
vt 0.5682121515274048 0.9535559415817261 
vt 0.5682121515274048 0.9002665281295776 
vt 0.5452229380607605 0.9535559415817261 
vt 0.5437189936637878 0.9535559415817261 
vt 0.5452229380607605 0.9002665281295776 
vt 0.5437189936637878 0.9002665281295776 
vt 0.5649893283843994 0.9535559415817261 
vt 0.5649893283843994 0.9002665281295776 
vt 0.5663858652114868 0.9535559415817261 
vt 0.5663858652114868 0.9002665281295776 
vt 0.5470492243766785 0.9002665281295776 
vt 0.5470492243766785 0.9535559415817261 
vt 0.5460823774337769 0.9002665281295776 
vt 0.5460823774337769 0.9535559415817261 
vt 0.5493051409721375 0.9002665281295776 
vt 0.5493051409721375 0.9535559415817261 
vt 0.54790860414505 0.9002665281295776 
vt 0.54790860414505 0.9535559415817261 
vt 0.7174268364906311 0.7477624416351318 
vt 0.7175342440605164 0.6883139610290527 
vt 0.7179639935493469 0.7472268342971802 
vt 0.7181788086891174 0.6889833807945251 
vt 0.7613641023635864 0.6828243136405945 
vt 0.7609343528747559 0.7551265358924866 
vt 0.7608269453048706 0.6834937930107117 
vt 0.7603972554206848 0.7544570565223694 
vt 0.7175342440605164 0.6883139610290527 
vt 0.7613641023635864 0.6828243136405945 
vt 0.7181788086891174 0.6889833807945251 
vt 0.7608269453048706 0.6834937930107117 
vt 0.7609343528747559 0.7551265358924866 
vt 0.7174268364906311 0.7477624416351318 
vt 0.7603972554206848 0.7544570565223694 
vt 0.7179639935493469 0.7472268342971802 
vt 0.682405948638916 0.9125847220420837 
vt 0.6422286629676819 0.9125847220420837 
vt 0.6819762587547302 0.9119152426719666 
vt 0.6423360705375671 0.9119152426719666 
vt 0.6813316941261292 0.9111118912696838 
vt 0.6429806351661682 0.9111118912696838 
vt 0.6809020042419434 0.9104424118995667 
vt 0.6430880427360535 0.9104424118995667 
vt 0.7550259232521057 0.7774866819381714 
vt 0.7149560451507568 0.7774866819381714 
vt 0.7545962333679199 0.7768172025680542 
vt 0.7150634527206421 0.7768172025680542 
vt 0.7539516687393188 0.7760138511657715 
vt 0.7156006097793579 0.7760138511657715 
vt 0.7535219788551331 0.7753443717956543 
vt 0.7157080173492432 0.7753443717956543 
vt 0.6266518831253052 0.9125847220420837 
vt 0.5865819454193115 0.9125847220420837 
vt 0.6262221932411194 0.9119152426719666 
vt 0.5866894125938416 0.9119152426719666 
vt 0.6255776286125183 0.9111118912696838 
vt 0.5873339772224426 0.9111118912696838 
vt 0.6252553462982178 0.9104424118995667 
vt 0.5874413847923279 0.9104424118995667 
vt 0.5691789388656616 0.9002665281295776 
vt 0.5691789388656616 0.9535559415817261 
vt 0.5682121515274048 0.9002665281295776 
vt 0.5682121515274048 0.9535559415817261 
vt 0.5672453045845032 0.9002665281295776 
vt 0.5672453045845032 0.9535559415817261 
vt 0.5663858652114868 0.9002665281295776 
vt 0.5663858652114868 0.9535559415817261 
vt 0.5452229380607605 0.9535559415817261 
vt 0.5452229380607605 0.9002665281295776 
vt 0.5460823774337769 0.9535559415817261 
vt 0.5460823774337769 0.9002665281295776 
vt 0.5470492243766785 0.9535559415817261 
vt 0.5470492243766785 0.9002665281295776 
vt 0.54790860414505 0.9535559415817261 
vt 0.54790860414505 0.9002665281295776 
vt 0.7596452832221985 0.6846988201141357 
vt 0.7192530632019043 0.6900545358657837 
vt 0.7608269453048706 0.6834937930107117 
vt 0.7181788086891174 0.6889833807945251 
vt 0.7621160745620728 0.6814854145050049 
vt 0.7636200189590454 0.6794769763946533 
vt 0.7619011998176575 0.756465494632721 
vt 0.7636200189590454 0.7582060694694519 
vt 0.7619011998176575 0.756465494632721 
vt 0.7636200189590454 0.7582060694694519 
vt 0.7165674567222595 0.7488335967063904 
vt 0.7149560451507568 0.7505741715431213 
vt 0.7165674567222595 0.7488335967063904 
vt 0.7149560451507568 0.7505741715431213 
vt 0.7166748642921448 0.6872428059577942 
vt 0.7149560451507568 0.6857699751853943 
vt 0.7166748642921448 0.6872428059577942 
vt 0.7149560451507568 0.6857699751853943 
vt 0.7621160745620728 0.6814854145050049 
vt 0.7636200189590454 0.6794769763946533 
vt 0.7609343528747559 0.7551265358924866 
vt 0.7613641023635864 0.6828243136405945 
vt 0.7619011998176575 0.756465494632721 
vt 0.7621160745620728 0.6814854145050049 
vt 0.7174268364906311 0.7477624416351318 
vt 0.7609343528747559 0.7551265358924866 
vt 0.7165674567222595 0.7488335967063904 
vt 0.7619011998176575 0.756465494632721 
vt 0.7613641023635864 0.6828243136405945 
vt 0.7175342440605164 0.6883139610290527 
vt 0.7621160745620728 0.6814854145050049 
vt 0.7166748642921448 0.6872428059577942 
vt 0.7192530632019043 0.6900545358657837 
vt 0.719145655632019 0.7461557388305664 
vt 0.7181788086891174 0.6889833807945251 
vt 0.7179639935493469 0.7472268342971802 
vt 0.682405948638916 0.9125847220420837 
vt 0.682405948638916 0.9141914248466492 
vt 0.6422286629676819 0.9125847220420837 
vt 0.6422286629676819 0.9141914248466492 
vt 0.719145655632019 0.7461557388305664 
vt 0.759323000907898 0.7531181573867798 
vt 0.7179639935493469 0.7472268342971802 
vt 0.7603972554206848 0.7544570565223694 
vt 0.7175342440605164 0.6883139610290527 
vt 0.7174268364906311 0.7477624416351318 
vt 0.7166748642921448 0.6872428059577942 
vt 0.7165674567222595 0.7488335967063904 
vt 0.759323000907898 0.7531181573867798 
vt 0.7596452832221985 0.6846988201141357 
vt 0.7603972554206848 0.7544570565223694 
vt 0.7608269453048706 0.6834937930107117 
vt 0.6429806351661682 0.9111118912696838 
vt 0.6813316941261292 0.9111118912696838 
vt 0.6423360705375671 0.9119152426719666 
vt 0.6819762587547302 0.9119152426719666 
vt 0.7550259232521057 0.7774866819381714 
vt 0.7550259232521057 0.7790933847427368 
vt 0.7149560451507568 0.7774866819381714 
vt 0.7149560451507568 0.7790933847427368 
vt 0.6430880427360535 0.9089695811271667 
vt 0.6809020042419434 0.9089695811271667 
vt 0.6430880427360535 0.9104424118995667 
vt 0.6809020042419434 0.9104424118995667 
vt 0.7156006097793579 0.7760138511657715 
vt 0.7539516687393188 0.7760138511657715 
vt 0.7150634527206421 0.7768172025680542 
vt 0.7545962333679199 0.7768172025680542 
vt 0.6266518831253052 0.9125847220420837 
vt 0.6266518831253052 0.9141914248466492 
vt 0.5865819454193115 0.9125847220420837 
vt 0.5865819454193115 0.9141914248466492 
vt 0.7157080173492432 0.7738715410232544 
vt 0.7535219788551331 0.7738715410232544 
vt 0.7157080173492432 0.7753443717956543 
vt 0.7535219788551331 0.7753443717956543 
vt 0.5873339772224426 0.9111118912696838 
vt 0.6255776286125183 0.9111118912696838 
vt 0.5866894125938416 0.9119152426719666 
vt 0.6262221932411194 0.9119152426719666 
vt 0.5691789388656616 0.9002665281295776 
vt 0.570575475692749 0.9002665281295776 
vt 0.5691789388656616 0.9535559415817261 
vt 0.570575475692749 0.9535559415817261 
vt 0.5874413847923279 0.9089695811271667 
vt 0.6252553462982178 0.9089695811271667 
vt 0.5874413847923279 0.9104424118995667 
vt 0.6252553462982178 0.9104424118995667 
vt 0.5672453045845032 0.9535559415817261 
vt 0.5672453045845032 0.9002665281295776 
vt 0.5682121515274048 0.9535559415817261 
vt 0.5682121515274048 0.9002665281295776 
vt 0.5452229380607605 0.9535559415817261 
vt 0.5437189936637878 0.9535559415817261 
vt 0.5452229380607605 0.9002665281295776 
vt 0.5437189936637878 0.9002665281295776 
vt 0.5649893283843994 0.9535559415817261 
vt 0.5649893283843994 0.9002665281295776 
vt 0.5663858652114868 0.9535559415817261 
vt 0.5663858652114868 0.9002665281295776 
vt 0.5470492243766785 0.9002665281295776 
vt 0.5470492243766785 0.9535559415817261 
vt 0.5460823774337769 0.9002665281295776 
vt 0.5460823774337769 0.9535559415817261 
vt 0.5493051409721375 0.9002665281295776 
vt 0.5493051409721375 0.9535559415817261 
vt 0.54790860414505 0.9002665281295776 
vt 0.54790860414505 0.9535559415817261 
vt 0.7174268364906311 0.7477624416351318 
vt 0.7175342440605164 0.6883139610290527 
vt 0.7179639935493469 0.7472268342971802 
vt 0.7181788086891174 0.6889833807945251 
vt 0.7613641023635864 0.6828243136405945 
vt 0.7609343528747559 0.7551265358924866 
vt 0.7608269453048706 0.6834937930107117 
vt 0.7603972554206848 0.7544570565223694 
vt 0.7175342440605164 0.6883139610290527 
vt 0.7613641023635864 0.6828243136405945 
vt 0.7181788086891174 0.6889833807945251 
vt 0.7608269453048706 0.6834937930107117 
vt 0.7609343528747559 0.7551265358924866 
vt 0.7174268364906311 0.7477624416351318 
vt 0.7603972554206848 0.7544570565223694 
vt 0.7179639935493469 0.7472268342971802 
vt 0.682405948638916 0.9125847220420837 
vt 0.6422286629676819 0.9125847220420837 
vt 0.6819762587547302 0.9119152426719666 
vt 0.6423360705375671 0.9119152426719666 
vt 0.6813316941261292 0.9111118912696838 
vt 0.6429806351661682 0.9111118912696838 
vt 0.6809020042419434 0.9104424118995667 
vt 0.6430880427360535 0.9104424118995667 
vt 0.7550259232521057 0.7774866819381714 
vt 0.7149560451507568 0.7774866819381714 
vt 0.7545962333679199 0.7768172025680542 
vt 0.7150634527206421 0.7768172025680542 
vt 0.7539516687393188 0.7760138511657715 
vt 0.7156006097793579 0.7760138511657715 
vt 0.7535219788551331 0.7753443717956543 
vt 0.7157080173492432 0.7753443717956543 
vt 0.6266518831253052 0.9125847220420837 
vt 0.5865819454193115 0.9125847220420837 
vt 0.6262221932411194 0.9119152426719666 
vt 0.5866894125938416 0.9119152426719666 
vt 0.6255776286125183 0.9111118912696838 
vt 0.5873339772224426 0.9111118912696838 
vt 0.6252553462982178 0.9104424118995667 
vt 0.5874413847923279 0.9104424118995667 
vt 0.5691789388656616 0.9002665281295776 
vt 0.5691789388656616 0.9535559415817261 
vt 0.5682121515274048 0.9002665281295776 
vt 0.5682121515274048 0.9535559415817261 
vt 0.5672453045845032 0.9002665281295776 
vt 0.5672453045845032 0.9535559415817261 
vt 0.5663858652114868 0.9002665281295776 
vt 0.5663858652114868 0.9535559415817261 
vt 0.5452229380607605 0.9535559415817261 
vt 0.5452229380607605 0.9002665281295776 
vt 0.5460823774337769 0.9535559415817261 
vt 0.5460823774337769 0.9002665281295776 
vt 0.5470492243766785 0.9535559415817261 
vt 0.5470492243766785 0.9002665281295776 
vt 0.54790860414505 0.9535559415817261 
vt 0.54790860414505 0.9002665281295776 
vt 0.7596452832221985 0.6846988201141357 
vt 0.7192530632019043 0.6900545358657837 
vt 0.7608269453048706 0.6834937930107117 
vt 0.7181788086891174 0.6889833807945251 
vt 0.7621160745620728 0.6814854145050049 
vt 0.7636200189590454 0.6794769763946533 
vt 0.7619011998176575 0.756465494632721 
vt 0.7636200189590454 0.7582060694694519 
vt 0.7619011998176575 0.756465494632721 
vt 0.7636200189590454 0.7582060694694519 
vt 0.7165674567222595 0.7488335967063904 
vt 0.7149560451507568 0.7505741715431213 
vt 0.7165674567222595 0.7488335967063904 
vt 0.7149560451507568 0.7505741715431213 
vt 0.7166748642921448 0.6872428059577942 
vt 0.7149560451507568 0.6857699751853943 
vt 0.7166748642921448 0.6872428059577942 
vt 0.7149560451507568 0.6857699751853943 
vt 0.7621160745620728 0.6814854145050049 
vt 0.7636200189590454 0.6794769763946533 
vt 0.7609343528747559 0.7551265358924866 
vt 0.7613641023635864 0.6828243136405945 
vt 0.7619011998176575 0.756465494632721 
vt 0.7621160745620728 0.6814854145050049 
vt 0.7174268364906311 0.7477624416351318 
vt 0.7609343528747559 0.7551265358924866 
vt 0.7165674567222595 0.7488335967063904 
vt 0.7619011998176575 0.756465494632721 
vt 0.7613641023635864 0.6828243136405945 
vt 0.7175342440605164 0.6883139610290527 
vt 0.7621160745620728 0.6814854145050049 
vt 0.7166748642921448 0.6872428059577942 
vt 0.7192530632019043 0.6900545358657837 
vt 0.719145655632019 0.7461557388305664 
vt 0.7181788086891174 0.6889833807945251 
vt 0.7179639935493469 0.7472268342971802 
vt 0.682405948638916 0.9125847220420837 
vt 0.682405948638916 0.9141914248466492 
vt 0.6422286629676819 0.9125847220420837 
vt 0.6422286629676819 0.9141914248466492 
vt 0.719145655632019 0.7461557388305664 
vt 0.759323000907898 0.7531181573867798 
vt 0.7179639935493469 0.7472268342971802 
vt 0.7603972554206848 0.7544570565223694 
vt 0.7175342440605164 0.6883139610290527 
vt 0.7174268364906311 0.7477624416351318 
vt 0.7166748642921448 0.6872428059577942 
vt 0.7165674567222595 0.7488335967063904 
vt 0.759323000907898 0.7531181573867798 
vt 0.7596452832221985 0.6846988201141357 
vt 0.7603972554206848 0.7544570565223694 
vt 0.7608269453048706 0.6834937930107117 
vt 0.6429806351661682 0.9111118912696838 
vt 0.6813316941261292 0.9111118912696838 
vt 0.6423360705375671 0.9119152426719666 
vt 0.6819762587547302 0.9119152426719666 
vt 0.7550259232521057 0.7774866819381714 
vt 0.7550259232521057 0.7790933847427368 
vt 0.7149560451507568 0.7774866819381714 
vt 0.7149560451507568 0.7790933847427368 
vt 0.6430880427360535 0.9089695811271667 
vt 0.6809020042419434 0.9089695811271667 
vt 0.6430880427360535 0.9104424118995667 
vt 0.6809020042419434 0.9104424118995667 
vt 0.7156006097793579 0.7760138511657715 
vt 0.7539516687393188 0.7760138511657715 
vt 0.7150634527206421 0.7768172025680542 
vt 0.7545962333679199 0.7768172025680542 
vt 0.6266518831253052 0.9125847220420837 
vt 0.6266518831253052 0.9141914248466492 
vt 0.5865819454193115 0.9125847220420837 
vt 0.5865819454193115 0.9141914248466492 
vt 0.7157080173492432 0.7738715410232544 
vt 0.7535219788551331 0.7738715410232544 
vt 0.7157080173492432 0.7753443717956543 
vt 0.7535219788551331 0.7753443717956543 
vt 0.5873339772224426 0.9111118912696838 
vt 0.6255776286125183 0.9111118912696838 
vt 0.5866894125938416 0.9119152426719666 
vt 0.6262221932411194 0.9119152426719666 
vt 0.5691789388656616 0.9002665281295776 
vt 0.570575475692749 0.9002665281295776 
vt 0.5691789388656616 0.9535559415817261 
vt 0.570575475692749 0.9535559415817261 
vt 0.5874413847923279 0.9089695811271667 
vt 0.6252553462982178 0.9089695811271667 
vt 0.5874413847923279 0.9104424118995667 
vt 0.6252553462982178 0.9104424118995667 
vt 0.5672453045845032 0.9535559415817261 
vt 0.5672453045845032 0.9002665281295776 
vt 0.5682121515274048 0.9535559415817261 
vt 0.5682121515274048 0.9002665281295776 
vt 0.5452229380607605 0.9535559415817261 
vt 0.5437189936637878 0.9535559415817261 
vt 0.5452229380607605 0.9002665281295776 
vt 0.5437189936637878 0.9002665281295776 
vt 0.5649893283843994 0.9535559415817261 
vt 0.5649893283843994 0.9002665281295776 
vt 0.5663858652114868 0.9535559415817261 
vt 0.5663858652114868 0.9002665281295776 
vt 0.5470492243766785 0.9002665281295776 
vt 0.5470492243766785 0.9535559415817261 
vt 0.5460823774337769 0.9002665281295776 
vt 0.5460823774337769 0.9535559415817261 
vt 0.5493051409721375 0.9002665281295776 
vt 0.5493051409721375 0.9535559415817261 
vt 0.54790860414505 0.9002665281295776 
vt 0.54790860414505 0.9535559415817261 
vt 0.7174268364906311 0.7477624416351318 
vt 0.7175342440605164 0.6883139610290527 
vt 0.7179639935493469 0.7472268342971802 
vt 0.7181788086891174 0.6889833807945251 
vt 0.7613641023635864 0.6828243136405945 
vt 0.7609343528747559 0.7551265358924866 
vt 0.7608269453048706 0.6834937930107117 
vt 0.7603972554206848 0.7544570565223694 
vt 0.7175342440605164 0.6883139610290527 
vt 0.7613641023635864 0.6828243136405945 
vt 0.7181788086891174 0.6889833807945251 
vt 0.7608269453048706 0.6834937930107117 
vt 0.7609343528747559 0.7551265358924866 
vt 0.7174268364906311 0.7477624416351318 
vt 0.7603972554206848 0.7544570565223694 
vt 0.7179639935493469 0.7472268342971802 
vt 0.682405948638916 0.9125847220420837 
vt 0.6422286629676819 0.9125847220420837 
vt 0.6819762587547302 0.9119152426719666 
vt 0.6423360705375671 0.9119152426719666 
vt 0.6813316941261292 0.9111118912696838 
vt 0.6429806351661682 0.9111118912696838 
vt 0.6809020042419434 0.9104424118995667 
vt 0.6430880427360535 0.9104424118995667 
vt 0.7550259232521057 0.7774866819381714 
vt 0.7149560451507568 0.7774866819381714 
vt 0.7545962333679199 0.7768172025680542 
vt 0.7150634527206421 0.7768172025680542 
vt 0.7539516687393188 0.7760138511657715 
vt 0.7156006097793579 0.7760138511657715 
vt 0.7535219788551331 0.7753443717956543 
vt 0.7157080173492432 0.7753443717956543 
vt 0.6266518831253052 0.9125847220420837 
vt 0.5865819454193115 0.9125847220420837 
vt 0.6262221932411194 0.9119152426719666 
vt 0.5866894125938416 0.9119152426719666 
vt 0.6255776286125183 0.9111118912696838 
vt 0.5873339772224426 0.9111118912696838 
vt 0.6252553462982178 0.9104424118995667 
vt 0.5874413847923279 0.9104424118995667 
vt 0.5691789388656616 0.9002665281295776 
vt 0.5691789388656616 0.9535559415817261 
vt 0.5682121515274048 0.9002665281295776 
vt 0.5682121515274048 0.9535559415817261 
vt 0.5672453045845032 0.9002665281295776 
vt 0.5672453045845032 0.9535559415817261 
vt 0.5663858652114868 0.9002665281295776 
vt 0.5663858652114868 0.9535559415817261 
vt 0.5452229380607605 0.9535559415817261 
vt 0.5452229380607605 0.9002665281295776 
vt 0.5460823774337769 0.9535559415817261 
vt 0.5460823774337769 0.9002665281295776 
vt 0.5470492243766785 0.9535559415817261 
vt 0.5470492243766785 0.9002665281295776 
vt 0.54790860414505 0.9535559415817261 
vt 0.54790860414505 0.9002665281295776 
vt 0.7596452832221985 0.6846988201141357 
vt 0.7192530632019043 0.6900545358657837 
vt 0.7608269453048706 0.6834937930107117 
vt 0.7181788086891174 0.6889833807945251 
vt 0.7621160745620728 0.6814854145050049 
vt 0.7636200189590454 0.6794769763946533 
vt 0.7619011998176575 0.756465494632721 
vt 0.7636200189590454 0.7582060694694519 
vt 0.7619011998176575 0.756465494632721 
vt 0.7636200189590454 0.7582060694694519 
vt 0.7165674567222595 0.7488335967063904 
vt 0.7149560451507568 0.7505741715431213 
vt 0.7165674567222595 0.7488335967063904 
vt 0.7149560451507568 0.7505741715431213 
vt 0.7166748642921448 0.6872428059577942 
vt 0.7149560451507568 0.6857699751853943 
vt 0.7166748642921448 0.6872428059577942 
vt 0.7149560451507568 0.6857699751853943 
vt 0.7621160745620728 0.6814854145050049 
vt 0.7636200189590454 0.6794769763946533 
vt 0.7609343528747559 0.7551265358924866 
vt 0.7613641023635864 0.6828243136405945 
vt 0.7619011998176575 0.756465494632721 
vt 0.7621160745620728 0.6814854145050049 
vt 0.7174268364906311 0.7477624416351318 
vt 0.7609343528747559 0.7551265358924866 
vt 0.7165674567222595 0.7488335967063904 
vt 0.7619011998176575 0.756465494632721 
vt 0.7613641023635864 0.6828243136405945 
vt 0.7175342440605164 0.6883139610290527 
vt 0.7621160745620728 0.6814854145050049 
vt 0.7166748642921448 0.6872428059577942 
vt 0.7192530632019043 0.6900545358657837 
vt 0.719145655632019 0.7461557388305664 
vt 0.7181788086891174 0.6889833807945251 
vt 0.7179639935493469 0.7472268342971802 
vt 0.682405948638916 0.9125847220420837 
vt 0.682405948638916 0.9141914248466492 
vt 0.6422286629676819 0.9125847220420837 
vt 0.6422286629676819 0.9141914248466492 
vt 0.719145655632019 0.7461557388305664 
vt 0.759323000907898 0.7531181573867798 
vt 0.7179639935493469 0.7472268342971802 
vt 0.7603972554206848 0.7544570565223694 
vt 0.7175342440605164 0.6883139610290527 
vt 0.7174268364906311 0.7477624416351318 
vt 0.7166748642921448 0.6872428059577942 
vt 0.7165674567222595 0.7488335967063904 
vt 0.759323000907898 0.7531181573867798 
vt 0.7596452832221985 0.6846988201141357 
vt 0.7603972554206848 0.7544570565223694 
vt 0.7608269453048706 0.6834937930107117 
vt 0.6429806351661682 0.9111118912696838 
vt 0.6813316941261292 0.9111118912696838 
vt 0.6423360705375671 0.9119152426719666 
vt 0.6819762587547302 0.9119152426719666 
vt 0.7550259232521057 0.7774866819381714 
vt 0.7550259232521057 0.7790933847427368 
vt 0.7149560451507568 0.7774866819381714 
vt 0.7149560451507568 0.7790933847427368 
vt 0.6430880427360535 0.9089695811271667 
vt 0.6809020042419434 0.9089695811271667 
vt 0.6430880427360535 0.9104424118995667 
vt 0.6809020042419434 0.9104424118995667 
vt 0.7156006097793579 0.7760138511657715 
vt 0.7539516687393188 0.7760138511657715 
vt 0.7150634527206421 0.7768172025680542 
vt 0.7545962333679199 0.7768172025680542 
vt 0.6266518831253052 0.9125847220420837 
vt 0.6266518831253052 0.9141914248466492 
vt 0.5865819454193115 0.9125847220420837 
vt 0.5865819454193115 0.9141914248466492 
vt 0.7157080173492432 0.7738715410232544 
vt 0.7535219788551331 0.7738715410232544 
vt 0.7157080173492432 0.7753443717956543 
vt 0.7535219788551331 0.7753443717956543 
vt 0.5873339772224426 0.9111118912696838 
vt 0.6255776286125183 0.9111118912696838 
vt 0.5866894125938416 0.9119152426719666 
vt 0.6262221932411194 0.9119152426719666 
vt 0.5691789388656616 0.9002665281295776 
vt 0.570575475692749 0.9002665281295776 
vt 0.5691789388656616 0.9535559415817261 
vt 0.570575475692749 0.9535559415817261 
vt 0.5874413847923279 0.9089695811271667 
vt 0.6252553462982178 0.9089695811271667 
vt 0.5874413847923279 0.9104424118995667 
vt 0.6252553462982178 0.9104424118995667 
vt 0.5672453045845032 0.9535559415817261 
vt 0.5672453045845032 0.9002665281295776 
vt 0.5682121515274048 0.9535559415817261 
vt 0.5682121515274048 0.9002665281295776 
vt 0.5452229380607605 0.9535559415817261 
vt 0.5437189936637878 0.9535559415817261 
vt 0.5452229380607605 0.9002665281295776 
vt 0.5437189936637878 0.9002665281295776 
vt 0.5649893283843994 0.9535559415817261 
vt 0.5649893283843994 0.9002665281295776 
vt 0.5663858652114868 0.9535559415817261 
vt 0.5663858652114868 0.9002665281295776 
vt 0.5470492243766785 0.9002665281295776 
vt 0.5470492243766785 0.9535559415817261 
vt 0.5460823774337769 0.9002665281295776 
vt 0.5460823774337769 0.9535559415817261 
vt 0.5493051409721375 0.9002665281295776 
vt 0.5493051409721375 0.9535559415817261 
vt 0.54790860414505 0.9002665281295776 
vt 0.54790860414505 0.9535559415817261 
vt 0.7174268364906311 0.7477624416351318 
vt 0.7175342440605164 0.6883139610290527 
vt 0.7179639935493469 0.7472268342971802 
vt 0.7181788086891174 0.6889833807945251 
vt 0.7613641023635864 0.6828243136405945 
vt 0.7609343528747559 0.7551265358924866 
vt 0.7608269453048706 0.6834937930107117 
vt 0.7603972554206848 0.7544570565223694 
vt 0.7175342440605164 0.6883139610290527 
vt 0.7613641023635864 0.6828243136405945 
vt 0.7181788086891174 0.6889833807945251 
vt 0.7608269453048706 0.6834937930107117 
vt 0.7609343528747559 0.7551265358924866 
vt 0.7174268364906311 0.7477624416351318 
vt 0.7603972554206848 0.7544570565223694 
vt 0.7179639935493469 0.7472268342971802 
vt 0.682405948638916 0.9125847220420837 
vt 0.6422286629676819 0.9125847220420837 
vt 0.6819762587547302 0.9119152426719666 
vt 0.6423360705375671 0.9119152426719666 
vt 0.6813316941261292 0.9111118912696838 
vt 0.6429806351661682 0.9111118912696838 
vt 0.6809020042419434 0.9104424118995667 
vt 0.6430880427360535 0.9104424118995667 
vt 0.7550259232521057 0.7774866819381714 
vt 0.7149560451507568 0.7774866819381714 
vt 0.7545962333679199 0.7768172025680542 
vt 0.7150634527206421 0.7768172025680542 
vt 0.7539516687393188 0.7760138511657715 
vt 0.7156006097793579 0.7760138511657715 
vt 0.7535219788551331 0.7753443717956543 
vt 0.7157080173492432 0.7753443717956543 
vt 0.6266518831253052 0.9125847220420837 
vt 0.5865819454193115 0.9125847220420837 
vt 0.6262221932411194 0.9119152426719666 
vt 0.5866894125938416 0.9119152426719666 
vt 0.6255776286125183 0.9111118912696838 
vt 0.5873339772224426 0.9111118912696838 
vt 0.6252553462982178 0.9104424118995667 
vt 0.5874413847923279 0.9104424118995667 
vt 0.5691789388656616 0.9002665281295776 
vt 0.5691789388656616 0.9535559415817261 
vt 0.5682121515274048 0.9002665281295776 
vt 0.5682121515274048 0.9535559415817261 
vt 0.5672453045845032 0.9002665281295776 
vt 0.5672453045845032 0.9535559415817261 
vt 0.5663858652114868 0.9002665281295776 
vt 0.5663858652114868 0.9535559415817261 
vt 0.5452229380607605 0.9535559415817261 
vt 0.5452229380607605 0.9002665281295776 
vt 0.5460823774337769 0.9535559415817261 
vt 0.5460823774337769 0.9002665281295776 
vt 0.5470492243766785 0.9535559415817261 
vt 0.5470492243766785 0.9002665281295776 
vt 0.54790860414505 0.9535559415817261 
vt 0.54790860414505 0.9002665281295776 
vt 0.7596452832221985 0.6846988201141357 
vt 0.7192530632019043 0.6900545358657837 
vt 0.7608269453048706 0.6834937930107117 
vt 0.7181788086891174 0.6889833807945251 
vt 0.7636200189590454 0.7582060694694519 
vt 0.7636200189590454 0.6794769763946533 
vt 0.7619011998176575 0.756465494632721 
vt 0.7621160745620728 0.6814854145050049 
vt 0.7149560451507568 0.7505741715431213 
vt 0.7636200189590454 0.7582060694694519 
vt 0.7165674567222595 0.7488335967063904 
vt 0.7619011998176575 0.756465494632721 
vt 0.7149560451507568 0.6857699751853943 
vt 0.7149560451507568 0.7505741715431213 
vt 0.7166748642921448 0.6872428059577942 
vt 0.7165674567222595 0.7488335967063904 
vt 0.7636200189590454 0.6794769763946533 
vt 0.7149560451507568 0.6857699751853943 
vt 0.7621160745620728 0.6814854145050049 
vt 0.7166748642921448 0.6872428059577942 
vt 0.7621160745620728 0.6814854145050049 
vt 0.7613641023635864 0.6828243136405945 
vt 0.7619011998176575 0.756465494632721 
vt 0.7609343528747559 0.7551265358924866 
vt 0.7619011998176575 0.756465494632721 
vt 0.7609343528747559 0.7551265358924866 
vt 0.7165674567222595 0.7488335967063904 
vt 0.7174268364906311 0.7477624416351318 
vt 0.7166748642921448 0.6872428059577942 
vt 0.7175342440605164 0.6883139610290527 
vt 0.7621160745620728 0.6814854145050049 
vt 0.7613641023635864 0.6828243136405945 
vt 0.7179639935493469 0.7472268342971802 
vt 0.719145655632019 0.7461557388305664 
vt 0.7181788086891174 0.6889833807945251 
vt 0.7192530632019043 0.6900545358657837 
vt 0.6422286629676819 0.9141914248466492 
vt 0.682405948638916 0.9141914248466492 
vt 0.6422286629676819 0.9125847220420837 
vt 0.682405948638916 0.9125847220420837 
vt 0.7603972554206848 0.7544570565223694 
vt 0.759323000907898 0.7531181573867798 
vt 0.7179639935493469 0.7472268342971802 
vt 0.719145655632019 0.7461557388305664 
vt 0.7165674567222595 0.7488335967063904 
vt 0.7174268364906311 0.7477624416351318 
vt 0.7166748642921448 0.6872428059577942 
vt 0.7175342440605164 0.6883139610290527 
vt 0.7608269453048706 0.6834937930107117 
vt 0.7596452832221985 0.6846988201141357 
vt 0.7603972554206848 0.7544570565223694 
vt 0.759323000907898 0.7531181573867798 
vt 0.6819762587547302 0.9119152426719666 
vt 0.6813316941261292 0.9111118912696838 
vt 0.6423360705375671 0.9119152426719666 
vt 0.6429806351661682 0.9111118912696838 
vt 0.7149560451507568 0.7790933847427368 
vt 0.7550259232521057 0.7790933847427368 
vt 0.7149560451507568 0.7774866819381714 
vt 0.7550259232521057 0.7774866819381714 
vt 0.6809020042419434 0.9104424118995667 
vt 0.6809020042419434 0.9089695811271667 
vt 0.6430880427360535 0.9104424118995667 
vt 0.6430880427360535 0.9089695811271667 
vt 0.7545962333679199 0.7768172025680542 
vt 0.7539516687393188 0.7760138511657715 
vt 0.7150634527206421 0.7768172025680542 
vt 0.7156006097793579 0.7760138511657715 
vt 0.5865819454193115 0.9141914248466492 
vt 0.6266518831253052 0.9141914248466492 
vt 0.5865819454193115 0.9125847220420837 
vt 0.6266518831253052 0.9125847220420837 
vt 0.7535219788551331 0.7753443717956543 
vt 0.7535219788551331 0.7738715410232544 
vt 0.7157080173492432 0.7753443717956543 
vt 0.7157080173492432 0.7738715410232544 
vt 0.6262221932411194 0.9119152426719666 
vt 0.6255776286125183 0.9111118912696838 
vt 0.5866894125938416 0.9119152426719666 
vt 0.5873339772224426 0.9111118912696838 
vt 0.570575475692749 0.9535559415817261 
vt 0.570575475692749 0.9002665281295776 
vt 0.5691789388656616 0.9535559415817261 
vt 0.5691789388656616 0.9002665281295776 
vt 0.6252553462982178 0.9104424118995667 
vt 0.6252553462982178 0.9089695811271667 
vt 0.5874413847923279 0.9104424118995667 
vt 0.5874413847923279 0.9089695811271667 
vt 0.5682121515274048 0.9002665281295776 
vt 0.5672453045845032 0.9002665281295776 
vt 0.5682121515274048 0.9535559415817261 
vt 0.5672453045845032 0.9535559415817261 
vt 0.5437189936637878 0.9002665281295776 
vt 0.5437189936637878 0.9535559415817261 
vt 0.5452229380607605 0.9002665281295776 
vt 0.5452229380607605 0.9535559415817261 
vt 0.5663858652114868 0.9002665281295776 
vt 0.5649893283843994 0.9002665281295776 
vt 0.5663858652114868 0.9535559415817261 
vt 0.5649893283843994 0.9535559415817261 
vt 0.5460823774337769 0.9535559415817261 
vt 0.5470492243766785 0.9535559415817261 
vt 0.5460823774337769 0.9002665281295776 
vt 0.5470492243766785 0.9002665281295776 
vt 0.54790860414505 0.9535559415817261 
vt 0.5493051409721375 0.9535559415817261 
vt 0.54790860414505 0.9002665281295776 
vt 0.5493051409721375 0.9002665281295776 
vt 0.7181788086891174 0.6889833807945251 
vt 0.7175342440605164 0.6883139610290527 
vt 0.7179639935493469 0.7472268342971802 
vt 0.7174268364906311 0.7477624416351318 
vt 0.7603972554206848 0.7544570565223694 
vt 0.7609343528747559 0.7551265358924866 
vt 0.7608269453048706 0.6834937930107117 
vt 0.7613641023635864 0.6828243136405945 
vt 0.7608269453048706 0.6834937930107117 
vt 0.7613641023635864 0.6828243136405945 
vt 0.7181788086891174 0.6889833807945251 
vt 0.7175342440605164 0.6883139610290527 
vt 0.7179639935493469 0.7472268342971802 
vt 0.7174268364906311 0.7477624416351318 
vt 0.7603972554206848 0.7544570565223694 
vt 0.7609343528747559 0.7551265358924866 
vt 0.6423360705375671 0.9119152426719666 
vt 0.6422286629676819 0.9125847220420837 
vt 0.6819762587547302 0.9119152426719666 
vt 0.682405948638916 0.9125847220420837 
vt 0.6430880427360535 0.9104424118995667 
vt 0.6429806351661682 0.9111118912696838 
vt 0.6809020042419434 0.9104424118995667 
vt 0.6813316941261292 0.9111118912696838 
vt 0.7150634527206421 0.7768172025680542 
vt 0.7149560451507568 0.7774866819381714 
vt 0.7545962333679199 0.7768172025680542 
vt 0.7550259232521057 0.7774866819381714 
vt 0.7157080173492432 0.7753443717956543 
vt 0.7156006097793579 0.7760138511657715 
vt 0.7535219788551331 0.7753443717956543 
vt 0.7539516687393188 0.7760138511657715 
vt 0.5866894125938416 0.9119152426719666 
vt 0.5865819454193115 0.9125847220420837 
vt 0.6262221932411194 0.9119152426719666 
vt 0.6266518831253052 0.9125847220420837 
vt 0.5874413847923279 0.9104424118995667 
vt 0.5873339772224426 0.9111118912696838 
vt 0.6252553462982178 0.9104424118995667 
vt 0.6255776286125183 0.9111118912696838 
vt 0.5682121515274048 0.9535559415817261 
vt 0.5691789388656616 0.9535559415817261 
vt 0.5682121515274048 0.9002665281295776 
vt 0.5691789388656616 0.9002665281295776 
vt 0.5663858652114868 0.9535559415817261 
vt 0.5672453045845032 0.9535559415817261 
vt 0.5663858652114868 0.9002665281295776 
vt 0.5672453045845032 0.9002665281295776 
vt 0.5460823774337769 0.9002665281295776 
vt 0.5452229380607605 0.9002665281295776 
vt 0.5460823774337769 0.9535559415817261 
vt 0.5452229380607605 0.9535559415817261 
vt 0.54790860414505 0.9002665281295776 
vt 0.5470492243766785 0.9002665281295776 
vt 0.54790860414505 0.9535559415817261 
vt 0.5470492243766785 0.9535559415817261 
vt 0.7181788086891174 0.6889833807945251 
vt 0.7192530632019043 0.6900545358657837 
vt 0.7608269453048706 0.6834937930107117 
vt 0.7596452832221985 0.6846988201141357 
vt 0.7636200189590454 0.7582060694694519 
vt 0.7636200189590454 0.6794769763946533 
vt 0.7619011998176575 0.756465494632721 
vt 0.7621160745620728 0.6814854145050049 
vt 0.7149560451507568 0.7505741715431213 
vt 0.7636200189590454 0.7582060694694519 
vt 0.7165674567222595 0.7488335967063904 
vt 0.7619011998176575 0.756465494632721 
vt 0.7149560451507568 0.6857699751853943 
vt 0.7149560451507568 0.7505741715431213 
vt 0.7166748642921448 0.6872428059577942 
vt 0.7165674567222595 0.7488335967063904 
vt 0.7636200189590454 0.6794769763946533 
vt 0.7149560451507568 0.6857699751853943 
vt 0.7621160745620728 0.6814854145050049 
vt 0.7166748642921448 0.6872428059577942 
vt 0.7621160745620728 0.6814854145050049 
vt 0.7613641023635864 0.6828243136405945 
vt 0.7619011998176575 0.756465494632721 
vt 0.7609343528747559 0.7551265358924866 
vt 0.7619011998176575 0.756465494632721 
vt 0.7609343528747559 0.7551265358924866 
vt 0.7165674567222595 0.7488335967063904 
vt 0.7174268364906311 0.7477624416351318 
vt 0.7166748642921448 0.6872428059577942 
vt 0.7175342440605164 0.6883139610290527 
vt 0.7621160745620728 0.6814854145050049 
vt 0.7613641023635864 0.6828243136405945 
vt 0.7179639935493469 0.7472268342971802 
vt 0.719145655632019 0.7461557388305664 
vt 0.7181788086891174 0.6889833807945251 
vt 0.7192530632019043 0.6900545358657837 
vt 0.6422286629676819 0.9141914248466492 
vt 0.682405948638916 0.9141914248466492 
vt 0.6422286629676819 0.9125847220420837 
vt 0.682405948638916 0.9125847220420837 
vt 0.7603972554206848 0.7544570565223694 
vt 0.759323000907898 0.7531181573867798 
vt 0.7179639935493469 0.7472268342971802 
vt 0.719145655632019 0.7461557388305664 
vt 0.7165674567222595 0.7488335967063904 
vt 0.7174268364906311 0.7477624416351318 
vt 0.7166748642921448 0.6872428059577942 
vt 0.7175342440605164 0.6883139610290527 
vt 0.7608269453048706 0.6834937930107117 
vt 0.7596452832221985 0.6846988201141357 
vt 0.7603972554206848 0.7544570565223694 
vt 0.759323000907898 0.7531181573867798 
vt 0.6819762587547302 0.9119152426719666 
vt 0.6813316941261292 0.9111118912696838 
vt 0.6423360705375671 0.9119152426719666 
vt 0.6429806351661682 0.9111118912696838 
vt 0.7149560451507568 0.7790933847427368 
vt 0.7550259232521057 0.7790933847427368 
vt 0.7149560451507568 0.7774866819381714 
vt 0.7550259232521057 0.7774866819381714 
vt 0.6809020042419434 0.9104424118995667 
vt 0.6809020042419434 0.9089695811271667 
vt 0.6430880427360535 0.9104424118995667 
vt 0.6430880427360535 0.9089695811271667 
vt 0.7545962333679199 0.7768172025680542 
vt 0.7539516687393188 0.7760138511657715 
vt 0.7150634527206421 0.7768172025680542 
vt 0.7156006097793579 0.7760138511657715 
vt 0.5865819454193115 0.9141914248466492 
vt 0.6266518831253052 0.9141914248466492 
vt 0.5865819454193115 0.9125847220420837 
vt 0.6266518831253052 0.9125847220420837 
vt 0.7535219788551331 0.7753443717956543 
vt 0.7535219788551331 0.7738715410232544 
vt 0.7157080173492432 0.7753443717956543 
vt 0.7157080173492432 0.7738715410232544 
vt 0.6262221932411194 0.9119152426719666 
vt 0.6255776286125183 0.9111118912696838 
vt 0.5866894125938416 0.9119152426719666 
vt 0.5873339772224426 0.9111118912696838 
vt 0.570575475692749 0.9535559415817261 
vt 0.570575475692749 0.9002665281295776 
vt 0.5691789388656616 0.9535559415817261 
vt 0.5691789388656616 0.9002665281295776 
vt 0.6252553462982178 0.9104424118995667 
vt 0.6252553462982178 0.9089695811271667 
vt 0.5874413847923279 0.9104424118995667 
vt 0.5874413847923279 0.9089695811271667 
vt 0.5682121515274048 0.9002665281295776 
vt 0.5672453045845032 0.9002665281295776 
vt 0.5682121515274048 0.9535559415817261 
vt 0.5672453045845032 0.9535559415817261 
vt 0.5437189936637878 0.9002665281295776 
vt 0.5437189936637878 0.9535559415817261 
vt 0.5452229380607605 0.9002665281295776 
vt 0.5452229380607605 0.9535559415817261 
vt 0.5663858652114868 0.9002665281295776 
vt 0.5649893283843994 0.9002665281295776 
vt 0.5663858652114868 0.9535559415817261 
vt 0.5649893283843994 0.9535559415817261 
vt 0.5460823774337769 0.9535559415817261 
vt 0.5470492243766785 0.9535559415817261 
vt 0.5460823774337769 0.9002665281295776 
vt 0.5470492243766785 0.9002665281295776 
vt 0.54790860414505 0.9535559415817261 
vt 0.5493051409721375 0.9535559415817261 
vt 0.54790860414505 0.9002665281295776 
vt 0.5493051409721375 0.9002665281295776 
vt 0.7181788086891174 0.6889833807945251 
vt 0.7175342440605164 0.6883139610290527 
vt 0.7179639935493469 0.7472268342971802 
vt 0.7174268364906311 0.7477624416351318 
vt 0.7603972554206848 0.7544570565223694 
vt 0.7609343528747559 0.7551265358924866 
vt 0.7608269453048706 0.6834937930107117 
vt 0.7613641023635864 0.6828243136405945 
vt 0.7608269453048706 0.6834937930107117 
vt 0.7613641023635864 0.6828243136405945 
vt 0.7181788086891174 0.6889833807945251 
vt 0.7175342440605164 0.6883139610290527 
vt 0.7179639935493469 0.7472268342971802 
vt 0.7174268364906311 0.7477624416351318 
vt 0.7603972554206848 0.7544570565223694 
vt 0.7609343528747559 0.7551265358924866 
vt 0.6423360705375671 0.9119152426719666 
vt 0.6422286629676819 0.9125847220420837 
vt 0.6819762587547302 0.9119152426719666 
vt 0.682405948638916 0.9125847220420837 
vt 0.6430880427360535 0.9104424118995667 
vt 0.6429806351661682 0.9111118912696838 
vt 0.6809020042419434 0.9104424118995667 
vt 0.6813316941261292 0.9111118912696838 
vt 0.7150634527206421 0.7768172025680542 
vt 0.7149560451507568 0.7774866819381714 
vt 0.7545962333679199 0.7768172025680542 
vt 0.7550259232521057 0.7774866819381714 
vt 0.7157080173492432 0.7753443717956543 
vt 0.7156006097793579 0.7760138511657715 
vt 0.7535219788551331 0.7753443717956543 
vt 0.7539516687393188 0.7760138511657715 
vt 0.5866894125938416 0.9119152426719666 
vt 0.5865819454193115 0.9125847220420837 
vt 0.6262221932411194 0.9119152426719666 
vt 0.6266518831253052 0.9125847220420837 
vt 0.5874413847923279 0.9104424118995667 
vt 0.5873339772224426 0.9111118912696838 
vt 0.6252553462982178 0.9104424118995667 
vt 0.6255776286125183 0.9111118912696838 
vt 0.5682121515274048 0.9535559415817261 
vt 0.5691789388656616 0.9535559415817261 
vt 0.5682121515274048 0.9002665281295776 
vt 0.5691789388656616 0.9002665281295776 
vt 0.5663858652114868 0.9535559415817261 
vt 0.5672453045845032 0.9535559415817261 
vt 0.5663858652114868 0.9002665281295776 
vt 0.5672453045845032 0.9002665281295776 
vt 0.5460823774337769 0.9002665281295776 
vt 0.5452229380607605 0.9002665281295776 
vt 0.5460823774337769 0.9535559415817261 
vt 0.5452229380607605 0.9535559415817261 
vt 0.54790860414505 0.9002665281295776 
vt 0.5470492243766785 0.9002665281295776 
vt 0.54790860414505 0.9535559415817261 
vt 0.5470492243766785 0.9535559415817261 
vt 0.7181788086891174 0.6889833807945251 
vt 0.7192530632019043 0.6900545358657837 
vt 0.7608269453048706 0.6834937930107117 
vt 0.7596452832221985 0.6846988201141357 
vt 0.7636200189590454 0.7582060694694519 
vt 0.7636200189590454 0.6794769763946533 
vt 0.7619011998176575 0.756465494632721 
vt 0.7621160745620728 0.6814854145050049 
vt 0.7149560451507568 0.7505741715431213 
vt 0.7636200189590454 0.7582060694694519 
vt 0.7165674567222595 0.7488335967063904 
vt 0.7619011998176575 0.756465494632721 
vt 0.7149560451507568 0.6857699751853943 
vt 0.7149560451507568 0.7505741715431213 
vt 0.7166748642921448 0.6872428059577942 
vt 0.7165674567222595 0.7488335967063904 
vt 0.7636200189590454 0.6794769763946533 
vt 0.7149560451507568 0.6857699751853943 
vt 0.7621160745620728 0.6814854145050049 
vt 0.7166748642921448 0.6872428059577942 
vt 0.7621160745620728 0.6814854145050049 
vt 0.7613641023635864 0.6828243136405945 
vt 0.7619011998176575 0.756465494632721 
vt 0.7609343528747559 0.7551265358924866 
vt 0.7619011998176575 0.756465494632721 
vt 0.7609343528747559 0.7551265358924866 
vt 0.7165674567222595 0.7488335967063904 
vt 0.7174268364906311 0.7477624416351318 
vt 0.7166748642921448 0.6872428059577942 
vt 0.7175342440605164 0.6883139610290527 
vt 0.7621160745620728 0.6814854145050049 
vt 0.7613641023635864 0.6828243136405945 
vt 0.7179639935493469 0.7472268342971802 
vt 0.719145655632019 0.7461557388305664 
vt 0.7181788086891174 0.6889833807945251 
vt 0.7192530632019043 0.6900545358657837 
vt 0.6422286629676819 0.9141914248466492 
vt 0.682405948638916 0.9141914248466492 
vt 0.6422286629676819 0.9125847220420837 
vt 0.682405948638916 0.9125847220420837 
vt 0.7603972554206848 0.7544570565223694 
vt 0.759323000907898 0.7531181573867798 
vt 0.7179639935493469 0.7472268342971802 
vt 0.719145655632019 0.7461557388305664 
vt 0.7165674567222595 0.7488335967063904 
vt 0.7174268364906311 0.7477624416351318 
vt 0.7166748642921448 0.6872428059577942 
vt 0.7175342440605164 0.6883139610290527 
vt 0.7608269453048706 0.6834937930107117 
vt 0.7596452832221985 0.6846988201141357 
vt 0.7603972554206848 0.7544570565223694 
vt 0.759323000907898 0.7531181573867798 
vt 0.6819762587547302 0.9119152426719666 
vt 0.6813316941261292 0.9111118912696838 
vt 0.6423360705375671 0.9119152426719666 
vt 0.6429806351661682 0.9111118912696838 
vt 0.7149560451507568 0.7790933847427368 
vt 0.7550259232521057 0.7790933847427368 
vt 0.7149560451507568 0.7774866819381714 
vt 0.7550259232521057 0.7774866819381714 
vt 0.6809020042419434 0.9104424118995667 
vt 0.6809020042419434 0.9089695811271667 
vt 0.6430880427360535 0.9104424118995667 
vt 0.6430880427360535 0.9089695811271667 
vt 0.7545962333679199 0.7768172025680542 
vt 0.7539516687393188 0.7760138511657715 
vt 0.7150634527206421 0.7768172025680542 
vt 0.7156006097793579 0.7760138511657715 
vt 0.5865819454193115 0.9141914248466492 
vt 0.6266518831253052 0.9141914248466492 
vt 0.5865819454193115 0.9125847220420837 
vt 0.6266518831253052 0.9125847220420837 
vt 0.7535219788551331 0.7753443717956543 
vt 0.7535219788551331 0.7738715410232544 
vt 0.7157080173492432 0.7753443717956543 
vt 0.7157080173492432 0.7738715410232544 
vt 0.6262221932411194 0.9119152426719666 
vt 0.6255776286125183 0.9111118912696838 
vt 0.5866894125938416 0.9119152426719666 
vt 0.5873339772224426 0.9111118912696838 
vt 0.570575475692749 0.9535559415817261 
vt 0.570575475692749 0.9002665281295776 
vt 0.5691789388656616 0.9535559415817261 
vt 0.5691789388656616 0.9002665281295776 
vt 0.6252553462982178 0.9104424118995667 
vt 0.6252553462982178 0.9089695811271667 
vt 0.5874413847923279 0.9104424118995667 
vt 0.5874413847923279 0.9089695811271667 
vt 0.5682121515274048 0.9002665281295776 
vt 0.5672453045845032 0.9002665281295776 
vt 0.5682121515274048 0.9535559415817261 
vt 0.5672453045845032 0.9535559415817261 
vt 0.5437189936637878 0.9002665281295776 
vt 0.5437189936637878 0.9535559415817261 
vt 0.5452229380607605 0.9002665281295776 
vt 0.5452229380607605 0.9535559415817261 
vt 0.5663858652114868 0.9002665281295776 
vt 0.5649893283843994 0.9002665281295776 
vt 0.5663858652114868 0.9535559415817261 
vt 0.5649893283843994 0.9535559415817261 
vt 0.5460823774337769 0.9535559415817261 
vt 0.5470492243766785 0.9535559415817261 
vt 0.5460823774337769 0.9002665281295776 
vt 0.5470492243766785 0.9002665281295776 
vt 0.54790860414505 0.9535559415817261 
vt 0.5493051409721375 0.9535559415817261 
vt 0.54790860414505 0.9002665281295776 
vt 0.5493051409721375 0.9002665281295776 
vt 0.7181788086891174 0.6889833807945251 
vt 0.7175342440605164 0.6883139610290527 
vt 0.7179639935493469 0.7472268342971802 
vt 0.7174268364906311 0.7477624416351318 
vt 0.7603972554206848 0.7544570565223694 
vt 0.7609343528747559 0.7551265358924866 
vt 0.7608269453048706 0.6834937930107117 
vt 0.7613641023635864 0.6828243136405945 
vt 0.7608269453048706 0.6834937930107117 
vt 0.7613641023635864 0.6828243136405945 
vt 0.7181788086891174 0.6889833807945251 
vt 0.7175342440605164 0.6883139610290527 
vt 0.7179639935493469 0.7472268342971802 
vt 0.7174268364906311 0.7477624416351318 
vt 0.7603972554206848 0.7544570565223694 
vt 0.7609343528747559 0.7551265358924866 
vt 0.6423360705375671 0.9119152426719666 
vt 0.6422286629676819 0.9125847220420837 
vt 0.6819762587547302 0.9119152426719666 
vt 0.682405948638916 0.9125847220420837 
vt 0.6430880427360535 0.9104424118995667 
vt 0.6429806351661682 0.9111118912696838 
vt 0.6809020042419434 0.9104424118995667 
vt 0.6813316941261292 0.9111118912696838 
vt 0.7150634527206421 0.7768172025680542 
vt 0.7149560451507568 0.7774866819381714 
vt 0.7545962333679199 0.7768172025680542 
vt 0.7550259232521057 0.7774866819381714 
vt 0.7157080173492432 0.7753443717956543 
vt 0.7156006097793579 0.7760138511657715 
vt 0.7535219788551331 0.7753443717956543 
vt 0.7539516687393188 0.7760138511657715 
vt 0.5866894125938416 0.9119152426719666 
vt 0.5865819454193115 0.9125847220420837 
vt 0.6262221932411194 0.9119152426719666 
vt 0.6266518831253052 0.9125847220420837 
vt 0.5874413847923279 0.9104424118995667 
vt 0.5873339772224426 0.9111118912696838 
vt 0.6252553462982178 0.9104424118995667 
vt 0.6255776286125183 0.9111118912696838 
vt 0.5682121515274048 0.9535559415817261 
vt 0.5691789388656616 0.9535559415817261 
vt 0.5682121515274048 0.9002665281295776 
vt 0.5691789388656616 0.9002665281295776 
vt 0.5663858652114868 0.9535559415817261 
vt 0.5672453045845032 0.9535559415817261 
vt 0.5663858652114868 0.9002665281295776 
vt 0.5672453045845032 0.9002665281295776 
vt 0.5460823774337769 0.9002665281295776 
vt 0.5452229380607605 0.9002665281295776 
vt 0.5460823774337769 0.9535559415817261 
vt 0.5452229380607605 0.9535559415817261 
vt 0.54790860414505 0.9002665281295776 
vt 0.5470492243766785 0.9002665281295776 
vt 0.54790860414505 0.9535559415817261 
vt 0.5470492243766785 0.9535559415817261 
vt 0.7181788086891174 0.6889833807945251 
vt 0.7192530632019043 0.6900545358657837 
vt 0.7608269453048706 0.6834937930107117 
vt 0.7596452832221985 0.6846988201141357 
vt 0.7636200189590454 0.7582060694694519 
vt 0.7636200189590454 0.6794769763946533 
vt 0.7619011998176575 0.756465494632721 
vt 0.7621160745620728 0.6814854145050049 
vt 0.7149560451507568 0.7505741715431213 
vt 0.7636200189590454 0.7582060694694519 
vt 0.7165674567222595 0.7488335967063904 
vt 0.7619011998176575 0.756465494632721 
vt 0.7149560451507568 0.6857699751853943 
vt 0.7149560451507568 0.7505741715431213 
vt 0.7166748642921448 0.6872428059577942 
vt 0.7165674567222595 0.7488335967063904 
vt 0.7636200189590454 0.6794769763946533 
vt 0.7149560451507568 0.6857699751853943 
vt 0.7621160745620728 0.6814854145050049 
vt 0.7166748642921448 0.6872428059577942 
vt 0.7621160745620728 0.6814854145050049 
vt 0.7613641023635864 0.6828243136405945 
vt 0.7619011998176575 0.756465494632721 
vt 0.7609343528747559 0.7551265358924866 
vt 0.7619011998176575 0.756465494632721 
vt 0.7609343528747559 0.7551265358924866 
vt 0.7165674567222595 0.7488335967063904 
vt 0.7174268364906311 0.7477624416351318 
vt 0.7166748642921448 0.6872428059577942 
vt 0.7175342440605164 0.6883139610290527 
vt 0.7621160745620728 0.6814854145050049 
vt 0.7613641023635864 0.6828243136405945 
vt 0.7179639935493469 0.7472268342971802 
vt 0.719145655632019 0.7461557388305664 
vt 0.7181788086891174 0.6889833807945251 
vt 0.7192530632019043 0.6900545358657837 
vt 0.6422286629676819 0.9141914248466492 
vt 0.682405948638916 0.9141914248466492 
vt 0.6422286629676819 0.9125847220420837 
vt 0.682405948638916 0.9125847220420837 
vt 0.7603972554206848 0.7544570565223694 
vt 0.759323000907898 0.7531181573867798 
vt 0.7179639935493469 0.7472268342971802 
vt 0.719145655632019 0.7461557388305664 
vt 0.7165674567222595 0.7488335967063904 
vt 0.7174268364906311 0.7477624416351318 
vt 0.7166748642921448 0.6872428059577942 
vt 0.7175342440605164 0.6883139610290527 
vt 0.7608269453048706 0.6834937930107117 
vt 0.7596452832221985 0.6846988201141357 
vt 0.7603972554206848 0.7544570565223694 
vt 0.759323000907898 0.7531181573867798 
vt 0.6819762587547302 0.9119152426719666 
vt 0.6813316941261292 0.9111118912696838 
vt 0.6423360705375671 0.9119152426719666 
vt 0.6429806351661682 0.9111118912696838 
vt 0.7149560451507568 0.7790933847427368 
vt 0.7550259232521057 0.7790933847427368 
vt 0.7149560451507568 0.7774866819381714 
vt 0.7550259232521057 0.7774866819381714 
vt 0.6809020042419434 0.9104424118995667 
vt 0.6809020042419434 0.9089695811271667 
vt 0.6430880427360535 0.9104424118995667 
vt 0.6430880427360535 0.9089695811271667 
vt 0.7545962333679199 0.7768172025680542 
vt 0.7539516687393188 0.7760138511657715 
vt 0.7150634527206421 0.7768172025680542 
vt 0.7156006097793579 0.7760138511657715 
vt 0.5865819454193115 0.9141914248466492 
vt 0.6266518831253052 0.9141914248466492 
vt 0.5865819454193115 0.9125847220420837 
vt 0.6266518831253052 0.9125847220420837 
vt 0.7535219788551331 0.7753443717956543 
vt 0.7535219788551331 0.7738715410232544 
vt 0.7157080173492432 0.7753443717956543 
vt 0.7157080173492432 0.7738715410232544 
vt 0.6262221932411194 0.9119152426719666 
vt 0.6255776286125183 0.9111118912696838 
vt 0.5866894125938416 0.9119152426719666 
vt 0.5873339772224426 0.9111118912696838 
vt 0.570575475692749 0.9535559415817261 
vt 0.570575475692749 0.9002665281295776 
vt 0.5691789388656616 0.9535559415817261 
vt 0.5691789388656616 0.9002665281295776 
vt 0.6252553462982178 0.9104424118995667 
vt 0.6252553462982178 0.9089695811271667 
vt 0.5874413847923279 0.9104424118995667 
vt 0.5874413847923279 0.9089695811271667 
vt 0.5682121515274048 0.9002665281295776 
vt 0.5672453045845032 0.9002665281295776 
vt 0.5682121515274048 0.9535559415817261 
vt 0.5672453045845032 0.9535559415817261 
vt 0.5437189936637878 0.9002665281295776 
vt 0.5437189936637878 0.9535559415817261 
vt 0.5452229380607605 0.9002665281295776 
vt 0.5452229380607605 0.9535559415817261 
vt 0.5663858652114868 0.9002665281295776 
vt 0.5649893283843994 0.9002665281295776 
vt 0.5663858652114868 0.9535559415817261 
vt 0.5649893283843994 0.9535559415817261 
vt 0.5460823774337769 0.9535559415817261 
vt 0.5470492243766785 0.9535559415817261 
vt 0.5460823774337769 0.9002665281295776 
vt 0.5470492243766785 0.9002665281295776 
vt 0.54790860414505 0.9535559415817261 
vt 0.5493051409721375 0.9535559415817261 
vt 0.54790860414505 0.9002665281295776 
vt 0.5493051409721375 0.9002665281295776 
vt 0.7181788086891174 0.6889833807945251 
vt 0.7175342440605164 0.6883139610290527 
vt 0.7179639935493469 0.7472268342971802 
vt 0.7174268364906311 0.7477624416351318 
vt 0.7603972554206848 0.7544570565223694 
vt 0.7609343528747559 0.7551265358924866 
vt 0.7608269453048706 0.6834937930107117 
vt 0.7613641023635864 0.6828243136405945 
vt 0.7608269453048706 0.6834937930107117 
vt 0.7613641023635864 0.6828243136405945 
vt 0.7181788086891174 0.6889833807945251 
vt 0.7175342440605164 0.6883139610290527 
vt 0.7179639935493469 0.7472268342971802 
vt 0.7174268364906311 0.7477624416351318 
vt 0.7603972554206848 0.7544570565223694 
vt 0.7609343528747559 0.7551265358924866 
vt 0.6423360705375671 0.9119152426719666 
vt 0.6422286629676819 0.9125847220420837 
vt 0.6819762587547302 0.9119152426719666 
vt 0.682405948638916 0.9125847220420837 
vt 0.6430880427360535 0.9104424118995667 
vt 0.6429806351661682 0.9111118912696838 
vt 0.6809020042419434 0.9104424118995667 
vt 0.6813316941261292 0.9111118912696838 
vt 0.7150634527206421 0.7768172025680542 
vt 0.7149560451507568 0.7774866819381714 
vt 0.7545962333679199 0.7768172025680542 
vt 0.7550259232521057 0.7774866819381714 
vt 0.7157080173492432 0.7753443717956543 
vt 0.7156006097793579 0.7760138511657715 
vt 0.7535219788551331 0.7753443717956543 
vt 0.7539516687393188 0.7760138511657715 
vt 0.5866894125938416 0.9119152426719666 
vt 0.5865819454193115 0.9125847220420837 
vt 0.6262221932411194 0.9119152426719666 
vt 0.6266518831253052 0.9125847220420837 
vt 0.5874413847923279 0.9104424118995667 
vt 0.5873339772224426 0.9111118912696838 
vt 0.6252553462982178 0.9104424118995667 
vt 0.6255776286125183 0.9111118912696838 
vt 0.5682121515274048 0.9535559415817261 
vt 0.5691789388656616 0.9535559415817261 
vt 0.5682121515274048 0.9002665281295776 
vt 0.5691789388656616 0.9002665281295776 
vt 0.5663858652114868 0.9535559415817261 
vt 0.5672453045845032 0.9535559415817261 
vt 0.5663858652114868 0.9002665281295776 
vt 0.5672453045845032 0.9002665281295776 
vt 0.5460823774337769 0.9002665281295776 
vt 0.5452229380607605 0.9002665281295776 
vt 0.5460823774337769 0.9535559415817261 
vt 0.5452229380607605 0.9535559415817261 
vt 0.54790860414505 0.9002665281295776 
vt 0.5470492243766785 0.9002665281295776 
vt 0.54790860414505 0.9535559415817261 
vt 0.5470492243766785 0.9535559415817261 
vt 0.7181788086891174 0.6889833807945251 
vt 0.7192530632019043 0.6900545358657837 
vt 0.7608269453048706 0.6834937930107117 
vt 0.7596452832221985 0.6846988201141357 
vt 0.7636200189590454 0.7582060694694519 
vt 0.7636200189590454 0.6794769763946533 
vt 0.7619011998176575 0.756465494632721 
vt 0.7621160745620728 0.6814854145050049 
vt 0.7149560451507568 0.7505741715431213 
vt 0.7636200189590454 0.7582060694694519 
vt 0.7165674567222595 0.7488335967063904 
vt 0.7619011998176575 0.756465494632721 
vt 0.7149560451507568 0.6857699751853943 
vt 0.7149560451507568 0.7505741715431213 
vt 0.7166748642921448 0.6872428059577942 
vt 0.7165674567222595 0.7488335967063904 
vt 0.7636200189590454 0.6794769763946533 
vt 0.7149560451507568 0.6857699751853943 
vt 0.7621160745620728 0.6814854145050049 
vt 0.7166748642921448 0.6872428059577942 
vt 0.7621160745620728 0.6814854145050049 
vt 0.7613641023635864 0.6828243136405945 
vt 0.7619011998176575 0.756465494632721 
vt 0.7609343528747559 0.7551265358924866 
vt 0.7619011998176575 0.756465494632721 
vt 0.7609343528747559 0.7551265358924866 
vt 0.7165674567222595 0.7488335967063904 
vt 0.7174268364906311 0.7477624416351318 
vt 0.7166748642921448 0.6872428059577942 
vt 0.7175342440605164 0.6883139610290527 
vt 0.7621160745620728 0.6814854145050049 
vt 0.7613641023635864 0.6828243136405945 
vt 0.7179639935493469 0.7472268342971802 
vt 0.719145655632019 0.7461557388305664 
vt 0.7181788086891174 0.6889833807945251 
vt 0.7192530632019043 0.6900545358657837 
vt 0.6422286629676819 0.9141914248466492 
vt 0.682405948638916 0.9141914248466492 
vt 0.6422286629676819 0.9125847220420837 
vt 0.682405948638916 0.9125847220420837 
vt 0.7603972554206848 0.7544570565223694 
vt 0.759323000907898 0.7531181573867798 
vt 0.7179639935493469 0.7472268342971802 
vt 0.719145655632019 0.7461557388305664 
vt 0.7165674567222595 0.7488335967063904 
vt 0.7174268364906311 0.7477624416351318 
vt 0.7166748642921448 0.6872428059577942 
vt 0.7175342440605164 0.6883139610290527 
vt 0.7608269453048706 0.6834937930107117 
vt 0.7596452832221985 0.6846988201141357 
vt 0.7603972554206848 0.7544570565223694 
vt 0.759323000907898 0.7531181573867798 
vt 0.6819762587547302 0.9119152426719666 
vt 0.6813316941261292 0.9111118912696838 
vt 0.6423360705375671 0.9119152426719666 
vt 0.6429806351661682 0.9111118912696838 
vt 0.7149560451507568 0.7790933847427368 
vt 0.7550259232521057 0.7790933847427368 
vt 0.7149560451507568 0.7774866819381714 
vt 0.7550259232521057 0.7774866819381714 
vt 0.6809020042419434 0.9104424118995667 
vt 0.6809020042419434 0.9089695811271667 
vt 0.6430880427360535 0.9104424118995667 
vt 0.6430880427360535 0.9089695811271667 
vt 0.7545962333679199 0.7768172025680542 
vt 0.7539516687393188 0.7760138511657715 
vt 0.7150634527206421 0.7768172025680542 
vt 0.7156006097793579 0.7760138511657715 
vt 0.5865819454193115 0.9141914248466492 
vt 0.6266518831253052 0.9141914248466492 
vt 0.5865819454193115 0.9125847220420837 
vt 0.6266518831253052 0.9125847220420837 
vt 0.7535219788551331 0.7753443717956543 
vt 0.7535219788551331 0.7738715410232544 
vt 0.7157080173492432 0.7753443717956543 
vt 0.7157080173492432 0.7738715410232544 
vt 0.6262221932411194 0.9119152426719666 
vt 0.6255776286125183 0.9111118912696838 
vt 0.5866894125938416 0.9119152426719666 
vt 0.5873339772224426 0.9111118912696838 
vt 0.570575475692749 0.9535559415817261 
vt 0.570575475692749 0.9002665281295776 
vt 0.5691789388656616 0.9535559415817261 
vt 0.5691789388656616 0.9002665281295776 
vt 0.6252553462982178 0.9104424118995667 
vt 0.6252553462982178 0.9089695811271667 
vt 0.5874413847923279 0.9104424118995667 
vt 0.5874413847923279 0.9089695811271667 
vt 0.5682121515274048 0.9002665281295776 
vt 0.5672453045845032 0.9002665281295776 
vt 0.5682121515274048 0.9535559415817261 
vt 0.5672453045845032 0.9535559415817261 
vt 0.5437189936637878 0.9002665281295776 
vt 0.5437189936637878 0.9535559415817261 
vt 0.5452229380607605 0.9002665281295776 
vt 0.5452229380607605 0.9535559415817261 
vt 0.5663858652114868 0.9002665281295776 
vt 0.5649893283843994 0.9002665281295776 
vt 0.5663858652114868 0.9535559415817261 
vt 0.5649893283843994 0.9535559415817261 
vt 0.5460823774337769 0.9535559415817261 
vt 0.5470492243766785 0.9535559415817261 
vt 0.5460823774337769 0.9002665281295776 
vt 0.5470492243766785 0.9002665281295776 
vt 0.54790860414505 0.9535559415817261 
vt 0.5493051409721375 0.9535559415817261 
vt 0.54790860414505 0.9002665281295776 
vt 0.5493051409721375 0.9002665281295776 
vt 0.7181788086891174 0.6889833807945251 
vt 0.7175342440605164 0.6883139610290527 
vt 0.7179639935493469 0.7472268342971802 
vt 0.7174268364906311 0.7477624416351318 
vt 0.7603972554206848 0.7544570565223694 
vt 0.7609343528747559 0.7551265358924866 
vt 0.7608269453048706 0.6834937930107117 
vt 0.7613641023635864 0.6828243136405945 
vt 0.7608269453048706 0.6834937930107117 
vt 0.7613641023635864 0.6828243136405945 
vt 0.7181788086891174 0.6889833807945251 
vt 0.7175342440605164 0.6883139610290527 
vt 0.7179639935493469 0.7472268342971802 
vt 0.7174268364906311 0.7477624416351318 
vt 0.7603972554206848 0.7544570565223694 
vt 0.7609343528747559 0.7551265358924866 
vt 0.6423360705375671 0.9119152426719666 
vt 0.6422286629676819 0.9125847220420837 
vt 0.6819762587547302 0.9119152426719666 
vt 0.682405948638916 0.9125847220420837 
vt 0.6430880427360535 0.9104424118995667 
vt 0.6429806351661682 0.9111118912696838 
vt 0.6809020042419434 0.9104424118995667 
vt 0.6813316941261292 0.9111118912696838 
vt 0.7150634527206421 0.7768172025680542 
vt 0.7149560451507568 0.7774866819381714 
vt 0.7545962333679199 0.7768172025680542 
vt 0.7550259232521057 0.7774866819381714 
vt 0.7157080173492432 0.7753443717956543 
vt 0.7156006097793579 0.7760138511657715 
vt 0.7535219788551331 0.7753443717956543 
vt 0.7539516687393188 0.7760138511657715 
vt 0.5866894125938416 0.9119152426719666 
vt 0.5865819454193115 0.9125847220420837 
vt 0.6262221932411194 0.9119152426719666 
vt 0.6266518831253052 0.9125847220420837 
vt 0.5874413847923279 0.9104424118995667 
vt 0.5873339772224426 0.9111118912696838 
vt 0.6252553462982178 0.9104424118995667 
vt 0.6255776286125183 0.9111118912696838 
vt 0.5682121515274048 0.9535559415817261 
vt 0.5691789388656616 0.9535559415817261 
vt 0.5682121515274048 0.9002665281295776 
vt 0.5691789388656616 0.9002665281295776 
vt 0.5663858652114868 0.9535559415817261 
vt 0.5672453045845032 0.9535559415817261 
vt 0.5663858652114868 0.9002665281295776 
vt 0.5672453045845032 0.9002665281295776 
vt 0.5460823774337769 0.9002665281295776 
vt 0.5452229380607605 0.9002665281295776 
vt 0.5460823774337769 0.9535559415817261 
vt 0.5452229380607605 0.9535559415817261 
vt 0.54790860414505 0.9002665281295776 
vt 0.5470492243766785 0.9002665281295776 
vt 0.54790860414505 0.9535559415817261 
vt 0.5470492243766785 0.9535559415817261 
vt 0.7181788086891174 0.6889833807945251 
vt 0.7192530632019043 0.6900545358657837 
vt 0.7608269453048706 0.6834937930107117 
vt 0.7596452832221985 0.6846988201141357 
vt 0.10646895319223404 0.4429958462715149 
vt 0.10562768578529358 0.44355636835098267 
vt 0.07245773077011108 0.4368300139904022 
vt 0.0723375454545021 0.4375026524066925 
vt 0.03640342876315117 0.435260534286499 
vt 0.03712451457977295 0.43604525923728943 
vt 0.03496125712990761 0.48649296164512634 
vt 0.03568234294652939 0.4853719174861908 
vt 0.10021954029798508 0.49131351709365845 
vt 0.09961863607168198 0.4901924729347229 
vt 0.09913790971040726 0.4891835153102875 
vt 0.03628324717283249 0.4844750761985779 
vt 0.03772541880607605 0.4367178976535797 
vt 0.0723375454545021 0.43795105814933777 
vt 0.10502678155899048 0.44411689043045044 
vt 0.03664378821849823 0.5176584124565125 
vt 0.03448053076863289 0.5150799751281738 
vt 0.03712451457977295 0.559249758720398 
vt 0.03472089394927025 0.5614919066429138 
vt 0.03712451457977295 0.559249758720398 
vt 0.03472089394927025 0.5614919066429138 
vt 0.09204722940921783 0.5601466298103333 
vt 0.09421049058437347 0.5625008344650269 
vt 0.04145102947950363 0.6684409976005554 
vt 0.03892722725868225 0.6663109660148621 
vt 0.046017907559871674 0.7101444602012634 
vt 0.04385465011000633 0.7126107811927795 
vt 0.0934894010424614 0.6649657487869263 
vt 0.09565266221761703 0.6626114845275879 
vt 0.04145102947950363 0.6684409976005554 
vt 0.03892722725868225 0.6663109660148621 
vt 0.03712451457977295 0.5933299660682678 
vt 0.03472089394927025 0.5909757614135742 
vt 0.03964831680059433 0.6350334286689758 
vt 0.03736487776041031 0.6373876333236694 
vt 0.04277301952242851 0.7145165801048279 
vt 0.046017907559871674 0.7397404313087463 
vt 0.10082044452428818 0.7062207460403442 
vt 0.10418551415205002 0.7305477261543274 
vt 0.03772541880607605 0.4367178976535797 
vt 0.04012903943657875 0.43940845131874084 
vt 0.0723375454545021 0.43795105814933777 
vt 0.07197700440883636 0.44097793102264404 
vt 0.10502678155899048 0.44411689043045044 
vt 0.10202225297689438 0.4463590085506439 
vt 0.010684694163501263 0.6381723880767822 
vt 0.013929581269621849 0.6692257523536682 
vt 0.03616306558251381 0.6391813158988953 
vt 0.03760523721575737 0.6645172834396362 
vt 0.01825609616935253 0.36026161909103394 
vt 0.008881978690624237 0.4334668219089508 
vt 0.048541709780693054 0.36497005820274353 
vt 0.03640342876315117 0.435260534286499 
vt 0.11920813471078873 0.6609299182891846 
vt 0.1175255998969078 0.6336881518363953 
vt 0.09661410748958588 0.6609299182891846 
vt 0.0952921211719513 0.6361544728279114 
vt 0.03760523721575737 0.6645172834396362 
vt 0.03616306558251381 0.6391813158988953 
vt 0.11764578521251678 0.591536283493042 
vt 0.0946912094950676 0.5897426009178162 
vt 0.1181265115737915 0.5636218786239624 
vt 0.0952921211719513 0.5644066333770752 
vt 0.12161175906658173 0.5212458372116089 
vt 0.09817646443843842 0.5175463557243347 
vt 0.12473646551370621 0.49198615550994873 
vt 0.10021954029798508 0.49131351709365845 
vt 0.13170696794986725 0.4469195604324341 
vt 0.10646895319223404 0.4429958462715149 
vt 0.03339890390634537 0.5891820788383484 
vt 0.03351908549666405 0.5633977055549622 
vt 0.03327872231602669 0.5130621194839478 
vt 0.03496125712990761 0.48649296164512634 
vt 0.07245773077011108 0.4368300139904022 
vt 0.03640342876315117 0.435260534286499 
vt 0.0747411698102951 0.369566410779953 
vt 0.048541709780693054 0.36497005820274353 
vt 0.046017907559871674 0.7101444602012634 
vt 0.0970948338508606 0.7027454376220703 
vt 0.04385465011000633 0.7126107811927795 
vt 0.099498450756073 0.7046512365341187 
vt 0.09204722940921783 0.5601466298103333 
vt 0.09433066844940186 0.5214700698852539 
vt 0.09421049058437347 0.5625008344650269 
vt 0.09685447067022324 0.5193400382995605 
vt 0.09180686622858047 0.6322307586669922 
vt 0.09108578413724899 0.5936663150787354 
vt 0.0940903052687645 0.6344729065895081 
vt 0.0934894010424614 0.5914241671562195 
vt 0.0970948338508606 0.7027454376220703 
vt 0.0934894010424614 0.6649657487869263 
vt 0.099498450756073 0.7046512365341187 
vt 0.09565266221761703 0.6626114845275879 
vt 0.0970948338508606 0.4863808751106262 
vt 0.10202225297689438 0.4463590085506439 
vt 0.09913790971040726 0.4891835153102875 
vt 0.10502678155899048 0.44411689043045044 
vt 0.03904740884900093 0.4821208417415619 
vt 0.0970948338508606 0.4863808751106262 
vt 0.03628324717283249 0.4844750761985779 
vt 0.09913790971040726 0.4891835153102875 
vt 0.09108578413724899 0.5936663150787354 
vt 0.03712451457977295 0.5933299660682678 
vt 0.0934894010424614 0.5914241671562195 
vt 0.03472089394927025 0.5909757614135742 
vt 0.03964831680059433 0.6350334286689758 
vt 0.09180686622858047 0.6322307586669922 
vt 0.03736487776041031 0.6373876333236694 
vt 0.0940903052687645 0.6344729065895081 
vt 0.008401255123317242 0.48256924748420715 
vt 0.03496125712990761 0.48649296164512634 
vt 0.008761798031628132 0.5153042078018188 
vt 0.03327872231602669 0.5130621194839478 
vt 0.09433066844940186 0.5214700698852539 
vt 0.03664378821849823 0.5176584124565125 
vt 0.09685447067022324 0.5193400382995605 
vt 0.03448053076863289 0.5150799751281738 
vt 0.12245302647352219 0.70207279920578 
vt 0.10082044452428818 0.7062207460403442 
vt 0.11920813471078873 0.6609299182891846 
vt 0.09661410748958588 0.6609299182891846 
vt 0.03339890390634537 0.5891820788383484 
vt 0.009482883848249912 0.5925452709197998 
vt 0.03351908549666405 0.5633977055549622 
vt 0.0078003499656915665 0.5609313249588013 
vt 0.03327872231602669 0.5130621194839478 
vt 0.008761798031628132 0.5153042078018188 
vt 0.049983881413936615 0.743552029132843 
vt 0.05599293112754822 0.7833496332168579 
vt 0.047339897602796555 0.7415341138839722 
vt 0.054070036858320236 0.7858160138130188 
vt 0.028351301327347755 0.790972888469696 
vt 0.053228769451379776 0.7877218127250671 
vt 0.03688415139913559 0.8269588947296143 
vt 0.05983872339129448 0.8197841048240662 
vt 0.10875239223241806 0.7728117108345032 
vt 0.1013011708855629 0.7349198460578918 
vt 0.11127619445323944 0.774605393409729 
vt 0.10322406142950058 0.7323414087295532 
vt 0.05599293112754822 0.7833496332168579 
vt 0.10875239223241806 0.7728117108345032 
vt 0.054070036858320236 0.7858160138130188 
vt 0.11127619445323944 0.774605393409729 
vt 0.1013011708855629 0.7349198460578918 
vt 0.049983881413936615 0.743552029132843 
vt 0.10322406142950058 0.7323414087295532 
vt 0.047339897602796555 0.7415341138839722 
vt 0.01729464903473854 0.7149649858474731 
vt 0.04277301952242851 0.7145165801048279 
vt 0.022342251613736153 0.7457941770553589 
vt 0.046017907559871674 0.7397404313087463 
vt 0.053228769451379776 0.7877218127250671 
vt 0.11283854395151138 0.7757264375686646 
vt 0.05983872339129448 0.8197841048240662 
vt 0.11656415462493896 0.8067798018455505 
vt 0.11283854395151138 0.7757264375686646 
vt 0.13495184481143951 0.7711300849914551 
vt 0.11656415462493896 0.8067798018455505 
vt 0.1397590935230255 0.8021834492683411 
vt 0.13495184481143951 0.7711300849914551 
vt 0.11283854395151138 0.7757264375686646 
vt 0.12617863714694977 0.7288661599159241 
vt 0.10418551415205002 0.7305477261543274 
vt 0.09817646443843842 0.5175463557243347 
vt 0.09757556021213531 0.5184431672096252 
vt 0.03327872231602669 0.5130621194839478 
vt 0.03387962654232979 0.5140710473060608 
vt 0.03351908549666405 0.5633977055549622 
vt 0.03411998972296715 0.5623887181282043 
vt 0.0952921211719513 0.5644066333770752 
vt 0.0946912094950676 0.5635097622871399 
vt 0.09421049058437347 0.5625008344650269 
vt 0.09685447067022324 0.5193400382995605 
vt 0.03448053076863289 0.5150799751281738 
vt 0.03472089394927025 0.5614919066429138 
vt 0.0946912094950676 0.5897426009178162 
vt 0.09397012740373611 0.590527355670929 
vt 0.03339890390634537 0.5891820788383484 
vt 0.03411998972296715 0.5900788903236389 
vt 0.03616306558251381 0.6391813158988953 
vt 0.03688415139913559 0.6382845044136047 
vt 0.0952921211719513 0.6361544728279114 
vt 0.09457103163003922 0.6352576613426208 
vt 0.0940903052687645 0.6344729065895081 
vt 0.0934894010424614 0.5914241671562195 
vt 0.03472089394927025 0.5909757614135742 
vt 0.03736487776041031 0.6373876333236694 
vt 0.09661410748958588 0.6609299182891846 
vt 0.09601320326328278 0.6618267297744751 
vt 0.03760523721575737 0.6645172834396362 
vt 0.03832632303237915 0.6654141545295715 
vt 0.04277301952242851 0.7145165801048279 
vt 0.04337392747402191 0.7135075926780701 
vt 0.10082044452428818 0.7062207460403442 
vt 0.1000993549823761 0.7054359912872314 
vt 0.099498450756073 0.7046512365341187 
vt 0.09565266221761703 0.6626114845275879 
vt 0.03892722725868225 0.6663109660148621 
vt 0.04385465011000633 0.7126107811927795 
vt 0.10418551415205002 0.7305477261543274 
vt 0.10358460992574692 0.7314445972442627 
vt 0.046017907559871674 0.7397404313087463 
vt 0.046738993376493454 0.7406372427940369 
vt 0.053228769451379776 0.7877218127250671 
vt 0.05358931049704552 0.7866007089614868 
vt 0.11283854395151138 0.7757264375686646 
vt 0.11199727654457092 0.7751659154891968 
vt 0.11127619445323944 0.774605393409729 
vt 0.10322406142950058 0.7323414087295532 
vt 0.047339897602796555 0.7415341138839722 
vt 0.054070036858320236 0.7858160138130188 
vt 0.04012903943657875 0.43940845131874084 
vt 0.03904740884900093 0.4821208417415619 
vt 0.03772541880607605 0.4367178976535797 
vt 0.03628324717283249 0.4844750761985779 
vt 0.10082044452428818 0.7062207460403442 
vt 0.12245302647352219 0.70207279920578 
vt 0.10418551415205002 0.7305477261543274 
vt 0.12617863714694977 0.7288661599159241 
vt 0.11367981135845184 0.3757322430610657 
vt 0.1397590935230255 0.37954384088516235 
vt 0.10646895319223404 0.4429958462715149 
vt 0.13170696794986725 0.4469195604324341 
vt 0.6993218064308167 0.5133984088897705 
vt 0.6993218064308167 0.5693392753601074 
vt 0.6730021834373474 0.5133984088897705 
vt 0.6730021834373474 0.5693392753601074 
vt 0.6993218064308167 0.458242267370224 
vt 0.6993218064308167 0.5133984088897705 
vt 0.6724013090133667 0.458242267370224 
vt 0.6730021834373474 0.5133984088897705 
vt 0.6490861773490906 0.458242267370224 
vt 0.6440385580062866 0.5133984088897705 
vt 0.6730021834373474 0.5693392753601074 
vt 0.6489660143852234 0.5693392753601074 
vt 0.6119502186775208 0.5686666965484619 
vt 0.6489660143852234 0.591312050819397 
vt 0.6119502186775208 0.591312050819397 
vt 0.6119502186775208 0.6140695810317993 
vt 0.5865920186042786 0.6146301031112671 
vt 0.5865920186042786 0.591312050819397 
vt 0.6489660143852234 0.613396942615509 
vt 0.6730021834373474 0.613396942615509 
vt 0.6440385580062866 0.7398525476455688 
vt 0.6730021834373474 0.7398525476455688 
vt 0.6490861773490906 0.7951207756996155 
vt 0.6724013090133667 0.7951207756996155 
vt 0.6993218064308167 0.7398525476455688 
vt 0.6993218064308167 0.7951207756996155 
vt 0.6993218064308167 0.613396942615509 
vt 0.6118300557136536 0.7951207756996155 
vt 0.6094264388084412 0.7399646639823914 
vt 0.587192952632904 0.7951207756996155 
vt 0.5865920186042786 0.7399646639823914 
vt 0.6440385580062866 0.5133984088897705 
vt 0.6094264388084412 0.5133984088897705 
vt 0.6489660143852234 0.5693392753601074 
vt 0.6119502186775208 0.5686666965484619 
vt 0.40884435176849365 0.3446788787841797 
vt 0.44261521100997925 0.3446788787841797 
vt 0.40716180205345154 0.2895227372646332 
vt 0.44261521100997925 0.2895227372646332 
vt 0.2121080458164215 0.21149694919586182 
vt 0.2121080458164215 0.2353755235671997 
vt 0.26186299324035645 0.21149694919586182 
vt 0.26186299324035645 0.2353755235671997 
vt 0.26186299324035645 0.2895227372646332 
vt 0.2845771908760071 0.2895227372646332 
vt 0.26186299324035645 0.2353755235671997 
vt 0.2845771908760071 0.2353755235671997 
vt 0.26186299324035645 0.21149694919586182 
vt 0.2845771908760071 0.21149694919586182 
vt 0.334332138299942 0.21149694919586182 
vt 0.2845771908760071 0.18773047626018524 
vt 0.334332138299942 0.18773047626018524 
vt 0.334332138299942 0.2353755235671997 
vt 0.2121080458164215 0.21149694919586182 
vt 0.2121080458164215 0.18773047626018524 
vt 0.26186299324035645 0.18773047626018524 
vt 0.334332138299942 0.06295650452375412 
vt 0.3571665287017822 0.06295650452375412 
vt 0.3571665287017822 0.18773047626018524 
vt 0.40271511673927307 0.18773047626018524 
vt 0.40716180205345154 0.06295650452375412 
vt 0.44261521100997925 0.18773047626018524 
vt 0.44261521100997925 0.06295650452375412 
vt 0.06704958528280258 0.21149694919586182 
vt 0.11680451780557632 0.21149694919586182 
vt 0.06704958528280258 0.2353755235671997 
vt 0.11680451780557632 0.2353755235671997 
vt 0.40271511673927307 0.2353755235671997 
vt 0.44261521100997925 0.2353755235671997 
vt 0.40716180205345154 0.2895227372646332 
vt 0.44261521100997925 0.2895227372646332 
vt 0.13951872289180756 0.21149694919586182 
vt 0.1892736554145813 0.21149694919586182 
vt 0.13951872289180756 0.2353755235671997 
vt 0.1892736554145813 0.2353755235671997 
vt 0.0078003499656915665 0.2895227372646332 
vt 0.0078003499656915665 0.23481500148773193 
vt 0.06704958528280258 0.2895227372646332 
vt 0.06704958528280258 0.2353755235671997 
vt 0.0078003499656915665 0.21149694919586182 
vt 0.06704958528280258 0.21149694919586182 
vt 0.06704958528280258 0.18773047626018524 
vt 0.0078003499656915665 0.1882910132408142 
vt 0.06704958528280258 0.06295650452375412 
vt 0.0078003499656915665 0.06295650452375412 
vt 0.11680451780557632 0.2353755235671997 
vt 0.11680451780557632 0.21149694919586182 
vt 0.13951872289180756 0.2353755235671997 
vt 0.13951872289180756 0.21149694919586182 
vt 0.13951872289180756 0.18773047626018524 
vt 0.1892736554145813 0.21149694919586182 
vt 0.1892736554145813 0.18773047626018524 
vt 0.13951872289180756 0.06295650452375412 
vt 0.1892736554145813 0.06295650452375412 
vt 0.11680451780557632 0.18773047626018524 
vt 0.1892736554145813 0.2353755235671997 
vt 0.1892736554145813 0.21149694919586182 
vt 0.2121080458164215 0.2353755235671997 
vt 0.2121080458164215 0.21149694919586182 
vt 0.334332138299942 0.2353755235671997 
vt 0.334332138299942 0.21149694919586182 
vt 0.3571665287017822 0.2353755235671997 
vt 0.3571665287017822 0.21149694919586182 
vt 0.3355339467525482 0.3446788787841797 
vt 0.334332138299942 0.2895227372646332 
vt 0.364497572183609 0.3446788787841797 
vt 0.3571665287017822 0.2895227372646332 
vt 0.334332138299942 0.2895227372646332 
vt 0.3571665287017822 0.2895227372646332 
vt 0.3571665287017822 0.2353755235671997 
vt 0.26186299324035645 0.3446788787841797 
vt 0.26186299324035645 0.2895227372646332 
vt 0.29082661867141724 0.3446788787841797 
vt 0.2845771908760071 0.2895227372646332 
vt 0.18831221759319305 0.3446788787841797 
vt 0.1892736554145813 0.2895227372646332 
vt 0.21727582812309265 0.3446788787841797 
vt 0.2121080458164215 0.2895227372646332 
vt 0.1892736554145813 0.2895227372646332 
vt 0.1892736554145813 0.2353755235671997 
vt 0.2121080458164215 0.2895227372646332 
vt 0.2121080458164215 0.2353755235671997 
vt 0.11476144194602966 0.3446788787841797 
vt 0.11680451780557632 0.2895227372646332 
vt 0.14360487461090088 0.3446788787841797 
vt 0.13951872289180756 0.2895227372646332 
vt 0.11680451780557632 0.2895227372646332 
vt 0.11680451780557632 0.2353755235671997 
vt 0.13951872289180756 0.2895227372646332 
vt 0.13951872289180756 0.2353755235671997 
vt 0.0078003499656915665 0.3446788787841797 
vt 0.0078003499656915665 0.2895227372646332 
vt 0.07101555913686752 0.3446788787841797 
vt 0.06704958528280258 0.2895227372646332 
vt 0.13951872289180756 0.2895227372646332 
vt 0.1892736554145813 0.2895227372646332 
vt 0.14360487461090088 0.3446788787841797 
vt 0.18831221759319305 0.3446788787841797 
vt 0.13951872289180756 0.2353755235671997 
vt 0.1892736554145813 0.2353755235671997 
vt 0.13951872289180756 0.2895227372646332 
vt 0.1892736554145813 0.2895227372646332 
vt 0.3571665287017822 0.2353755235671997 
vt 0.40271511673927307 0.2353755235671997 
vt 0.3571665287017822 0.2895227372646332 
vt 0.40716180205345154 0.2895227372646332 
vt 0.06704958528280258 0.2895227372646332 
vt 0.11680451780557632 0.2895227372646332 
vt 0.07101555913686752 0.3446788787841797 
vt 0.11476144194602966 0.3446788787841797 
vt 0.06704958528280258 0.2353755235671997 
vt 0.11680451780557632 0.2353755235671997 
vt 0.06704958528280258 0.2895227372646332 
vt 0.11680451780557632 0.2895227372646332 
vt 0.2845771908760071 0.2895227372646332 
vt 0.334332138299942 0.2895227372646332 
vt 0.29082661867141724 0.3446788787841797 
vt 0.3355339467525482 0.3446788787841797 
vt 0.2845771908760071 0.2353755235671997 
vt 0.334332138299942 0.2353755235671997 
vt 0.2845771908760071 0.2895227372646332 
vt 0.334332138299942 0.2895227372646332 
vt 0.2121080458164215 0.2895227372646332 
vt 0.26186299324035645 0.2895227372646332 
vt 0.21727582812309265 0.3446788787841797 
vt 0.26186299324035645 0.3446788787841797 
vt 0.2121080458164215 0.2353755235671997 
vt 0.26186299324035645 0.2353755235671997 
vt 0.2121080458164215 0.2895227372646332 
vt 0.26186299324035645 0.2895227372646332 
vt 0.40884435176849365 0.3446788787841797 
vt 0.364497572183609 0.3446788787841797 
vt 0.40716180205345154 0.2895227372646332 
vt 0.3571665287017822 0.2895227372646332 
vt 0.6490861773490906 0.458242267370224 
vt 0.6440385580062866 0.5133984088897705 
vt 0.6118300557136536 0.458242267370224 
vt 0.6094264388084412 0.5133984088897705 
vt 0.10646895319223404 0.4429958462715149 
vt 0.07245773077011108 0.4368300139904022 
vt 0.11367981135845184 0.3757322430610657 
vt 0.0747411698102951 0.369566410779953 
vt 0.053228769451379776 0.7877218127250671 
vt 0.028351301327347755 0.790972888469696 
vt 0.046017907559871674 0.7397404313087463 
vt 0.022342251613736153 0.7457941770553589 
vt 0.03496125712990761 0.48649296164512634 
vt 0.008401255123317242 0.48256924748420715 
vt 0.03640342876315117 0.435260534286499 
vt 0.008881978690624237 0.4334668219089508 
vt 0.03616306558251381 0.6391813158988953 
vt 0.010684694163501263 0.6381723880767822 
vt 0.03339890390634537 0.5891820788383484 
vt 0.009482883848249912 0.5925452709197998 
vt 0.04277301952242851 0.7145165801048279 
vt 0.01729464903473854 0.7149649858474731 
vt 0.03760523721575737 0.6645172834396362 
vt 0.013929581269621849 0.6692257523536682 
vt 0.5129210948944092 0.2330213040113449 
vt 0.5683245062828064 0.2627294063568115 
vt 0.5129210948944092 0.2627294063568115 
vt 0.5683245062828064 0.3063386380672455 
vt 0.5129210948944092 0.3063386380672455 
vt 0.5685648918151855 0.3358224928379059 
vt 0.5130412578582764 0.3358224928379059 
vt 0.5689254403114319 0.37943175435066223 
vt 0.5131614804267883 0.37943175435066223 
vt 0.5913993120193481 0.3360467255115509 
vt 0.5913993120193481 0.3063386380672455 
vt 0.5913993120193481 0.2627294063568115 
vt 0.5913993120193481 0.2330213040113449 
vt 0.5683245062828064 0.2330213040113449 
vt 0.5913993120193481 0.18873943388462067 
vt 0.5683245062828064 0.18873943388462067 
vt 0.5913993120193481 0.15914344787597656 
vt 0.5683245062828064 0.15914344787597656 
vt 0.5129210948944092 0.15914344787597656 
vt 0.5129210948944092 0.1155342161655426 
vt 0.5683245062828064 0.1155342161655426 
vt 0.5129210948944092 0.08537770062685013 
vt 0.5683245062828064 0.08537770062685013 
vt 0.5129210948944092 0.04154425486922264 
vt 0.5683245062828064 0.04154425486922264 
vt 0.5129210948944092 0.0078003499656915665 
vt 0.5683245062828064 0.0078003499656915665 
vt 0.5913993120193481 0.0078003499656915665 
vt 0.5913993120193481 0.04154425486922264 
vt 0.6144740581512451 0.04154425486922264 
vt 0.6144740581512451 0.0078003499656915665 
vt 0.7405439019203186 0.0078003499656915665 
vt 0.7405439019203186 0.04154425486922264 
vt 0.6144740581512451 0.08537770062685013 
vt 0.7405439019203186 0.08537770062685013 
vt 0.6144740581512451 0.1155342161655426 
vt 0.7405439019203186 0.1155342161655426 
vt 0.6144740581512451 0.15914344787597656 
vt 0.7405439019203186 0.15914344787597656 
vt 0.6144740581512451 0.18873943388462067 
vt 0.7405439019203186 0.18873943388462067 
vt 0.795106053352356 0.15925554931163788 
vt 0.795106053352356 0.1889636516571045 
vt 0.7405439019203186 0.2330213040113449 
vt 0.795106053352356 0.2329092025756836 
vt 0.7405439019203186 0.2627294063568115 
vt 0.795106053352356 0.2625051736831665 
vt 0.7405439019203186 0.3063386380672455 
vt 0.795106053352356 0.3064507246017456 
vt 0.6144740581512451 0.3063386380672455 
vt 0.5129210948944092 0.18873943388462067 
vt 0.795106053352356 0.04176846891641617 
vt 0.795106053352356 0.08560191094875336 
vt 0.6133924126625061 0.44265952706336975 
vt 0.6138731241226196 0.37943175435066223 
vt 0.7401833534240723 0.37943175435066223 
vt 0.7403035163879395 0.3358224928379059 
vt 0.6141135096549988 0.3358224928379059 
vt 0.6144740581512451 0.2627294063568115 
vt 0.6144740581512451 0.2330213040113449 
vt 0.7399430274963379 0.44265952706336975 
vt 0.795106053352356 0.3793196380138397 
vt 0.795106053352356 0.44265952706336975 
vt 0.5913993120193481 0.1155342161655426 
vt 0.5913993120193481 0.08537770062685013 
vt 0.5913993120193481 0.3798801600933075 
vt 0.5694061517715454 0.44265952706336975 
vt 0.5134018063545227 0.44265952706336975 
vt 0.45823875069618225 0.3793196380138397 
vt 0.45823875069618225 0.44265952706336975 
vt 0.5913993120193481 0.4424353241920471 
vt 0.5129210948944092 0.2627294063568115 
vt 0.45823875069618225 0.2625051736831665 
vt 0.5129210948944092 0.3063386380672455 
vt 0.45823875069618225 0.3064507246017456 
vt 0.5130412578582764 0.3358224928379059 
vt 0.45823875069618225 0.3360467255115509 
vt 0.5131614804267883 0.37943175435066223 
vt 0.45823875069618225 0.3793196380138397 
vt 0.5129210948944092 0.3063386380672455 
vt 0.45823875069618225 0.3064507246017456 
vt 0.5130412578582764 0.3358224928379059 
vt 0.45823875069618225 0.3360467255115509 
vt 0.5129210948944092 0.2330213040113449 
vt 0.45823875069618225 0.2329092025756836 
vt 0.5129210948944092 0.2627294063568115 
vt 0.45823875069618225 0.2625051736831665 
vt 0.5683245062828064 0.18873943388462067 
vt 0.5129210948944092 0.18873943388462067 
vt 0.5683245062828064 0.2330213040113449 
vt 0.5129210948944092 0.2330213040113449 
vt 0.5129210948944092 0.18873943388462067 
vt 0.45823875069618225 0.1889636516571045 
vt 0.5129210948944092 0.2330213040113449 
vt 0.45823875069618225 0.2329092025756836 
vt 0.5129210948944092 0.15914344787597656 
vt 0.45823875069618225 0.15925554931163788 
vt 0.5129210948944092 0.18873943388462067 
vt 0.45823875069618225 0.1889636516571045 
vt 0.5129210948944092 0.1155342161655426 
vt 0.45823875069618225 0.11531000584363937 
vt 0.5129210948944092 0.15914344787597656 
vt 0.45823875069618225 0.15925554931163788 
vt 0.5129210948944092 0.08537770062685013 
vt 0.45823875069618225 0.08560191094875336 
vt 0.5129210948944092 0.1155342161655426 
vt 0.45823875069618225 0.11531000584363937 
vt 0.45823875069618225 0.08560191094875336 
vt 0.5129210948944092 0.08537770062685013 
vt 0.45823875069618225 0.04176846891641617 
vt 0.5129210948944092 0.04154425486922264 
vt 0.5129210948944092 0.0078003499656915665 
vt 0.45823875069618225 0.0078003499656915665 
vt 0.5129210948944092 0.04154425486922264 
vt 0.45823875069618225 0.04176846891641617 
vt 0.3571665287017822 0.21149694919586182 
vt 0.3571665287017822 0.2353755235671997 
vt 0.40151330828666687 0.21149694919586182 
vt 0.40271511673927307 0.2353755235671997 
vt 0.40151330828666687 0.21149694919586182 
vt 0.40271511673927307 0.2353755235671997 
vt 0.44261521100997925 0.21149694919586182 
vt 0.44261521100997925 0.2353755235671997 
vt 0.25152742862701416 0.7427672743797302 
vt 0.2182372808456421 0.7481483817100525 
vt 0.21835745871067047 0.7488210201263428 
vt 0.1825435310602188 0.7497178316116333 
vt 0.252368688583374 0.7434399127960205 
vt 0.24635963141918182 0.6960191130638123 
vt 0.24696053564548492 0.6950101256370544 
vt 0.18278388679027557 0.6999427676200867 
vt 0.1820628046989441 0.6990459561347961 
vt 0.1832646131515503 0.7489331364631653 
vt 0.2182372808456421 0.7476999759674072 
vt 0.1838655173778534 0.7483726143836975 
vt 0.18338479101657867 0.7009517550468445 
vt 0.2458789050579071 0.6970280408859253 
vt 0.25092652440071106 0.742318868637085 
vt 0.1825435310602188 0.6243833303451538 
vt 0.18218298256397247 0.6703467965126038 
vt 0.1850673258304596 0.6267375946044922 
vt 0.1844664216041565 0.6678804755210876 
vt 0.24203312397003174 0.6234865188598633 
vt 0.1825435310602188 0.6243833303451538 
vt 0.2398698627948761 0.6259528398513794 
vt 0.1850673258304596 0.6267375946044922 
vt 0.19023510813713074 0.4757308065891266 
vt 0.18614895641803741 0.5209094882011414 
vt 0.19239836931228638 0.4781971275806427 
vt 0.18855257332324982 0.5187795162200928 
vt 0.18614895641803741 0.5209094882011414 
vt 0.24311475455760956 0.52348792552948 
vt 0.18855257332324982 0.5187795162200928 
vt 0.24095149338245392 0.5211337208747864 
vt 0.1849471479654312 0.5496086478233337 
vt 0.1825435310602188 0.5951237082481384 
vt 0.18723058700561523 0.5519628524780273 
vt 0.1849471479654312 0.5927694439888 
vt 0.24960452318191528 0.45465487241744995 
vt 0.19179746508598328 0.4486011564731598 
vt 0.24744126200675964 0.47931817173957825 
vt 0.18915347754955292 0.47393709421157837 
vt 0.1838655173778534 0.7483726143836975 
vt 0.2182372808456421 0.7476999759674072 
vt 0.1862691342830658 0.7456820607185364 
vt 0.21799692511558533 0.7447851896286011 
vt 0.25092652440071106 0.742318868637085 
vt 0.24792198836803436 0.7399646639823914 
vt 0.18482697010040283 0.522703230381012 
vt 0.1838655173778534 0.5478149652481079 
vt 0.1615118533372879 0.5185552835464478 
vt 0.15874768793582916 0.549048125743866 
vt 0.1825435310602188 0.7497178316116333 
vt 0.19311945140361786 0.8196719884872437 
vt 0.15526244044303894 0.7507268190383911 
vt 0.16283383965492249 0.8237078189849854 
vt 0.181461900472641 0.622365415096283 
vt 0.18134170770645142 0.5969173908233643 
vt 0.24311475455760956 0.6215807199478149 
vt 0.24263402819633484 0.596468985080719 
vt 0.26606932282447815 0.6227017641067505 
vt 0.26558858156204224 0.5945631265640259 
vt 0.24323493242263794 0.5499449372291565 
vt 0.2691940367221832 0.665302038192749 
vt 0.24515782296657562 0.6688894033432007 
vt 0.27087655663490295 0.6947858929634094 
vt 0.24696053564548492 0.6950101256370544 
vt 0.2773663401603699 0.7398525476455688 
vt 0.252368688583374 0.7434399127960205 
vt 0.28409647941589355 0.8071161508560181 
vt 0.25813737511634827 0.810367226600647 
vt 0.18110135197639465 0.6724768280982971 
vt 0.1820628046989441 0.6990459561347961 
vt 0.26546841859817505 0.5522992014884949 
vt 0.24419637024402618 0.5252816677093506 
vt 0.18482697010040283 0.522703230381012 
vt 0.1838655173778534 0.5478149652481079 
vt 0.266910582780838 0.5247211456298828 
vt 0.19311945140361786 0.8196719884872437 
vt 0.21919873356819153 0.8157482743263245 
vt 0.1825435310602188 0.7497178316116333 
vt 0.21835745871067047 0.7488210201263428 
vt 0.24611927568912506 0.48099976778030396 
vt 0.19023510813713074 0.4757308065891266 
vt 0.24383583664894104 0.4830176830291748 
vt 0.19239836931228638 0.4781971275806427 
vt 0.24395601451396942 0.6669836044311523 
vt 0.24203312397003174 0.6234865188598633 
vt 0.24143221974372864 0.6648536324501038 
vt 0.2398698627948761 0.6259528398513794 
vt 0.24143221974372864 0.5946752429008484 
vt 0.24203312397003174 0.5516265630722046 
vt 0.23902858793735504 0.5924331545829773 
vt 0.23974968492984772 0.5538686513900757 
vt 0.24311475455760956 0.52348792552948 
vt 0.24611927568912506 0.48099976778030396 
vt 0.24095149338245392 0.5211337208747864 
vt 0.24383583664894104 0.4830176830291748 
vt 0.25092652440071106 0.742318868637085 
vt 0.2458789050579071 0.6970280408859253 
vt 0.24792198836803436 0.7399646639823914 
vt 0.24371565878391266 0.6998307108879089 
vt 0.2458789050579071 0.6970280408859253 
vt 0.18338479101657867 0.7009517550468445 
vt 0.24371565878391266 0.6998307108879089 
vt 0.18614895641803741 0.7031938433647156 
vt 0.1825435310602188 0.5951237082481384 
vt 0.24143221974372864 0.5946752429008484 
vt 0.1849471479654312 0.5927694439888 
vt 0.23902858793735504 0.5924331545829773 
vt 0.24203312397003174 0.5516265630722046 
vt 0.1849471479654312 0.5496086478233337 
vt 0.23974968492984772 0.5538686513900757 
vt 0.18723058700561523 0.5519628524780273 
vt 0.18110135197639465 0.6724768280982971 
vt 0.15622387826442719 0.6701226234436035 
vt 0.1820628046989441 0.6990459561347961 
vt 0.15634407103061676 0.7021849155426025 
vt 0.18218298256397247 0.6703467965126038 
vt 0.24395601451396942 0.6669836044311523 
vt 0.1844664216041565 0.6678804755210876 
vt 0.24143221974372864 0.6648536324501038 
vt 0.24419637024402618 0.5252816677093506 
vt 0.266910582780838 0.5247211456298828 
vt 0.24744126200675964 0.47931817173957825 
vt 0.2693141996860504 0.4830176830291748 
vt 0.18134170770645142 0.5969173908233643 
vt 0.15766605734825134 0.5936663150787354 
vt 0.181461900472641 0.622365415096283 
vt 0.15586334466934204 0.6247196793556213 
vt 0.19840741157531738 0.398265540599823 
vt 0.19323962926864624 0.4469195604324341 
vt 0.20057067275047302 0.4008439779281616 
vt 0.1958836168050766 0.4446774423122406 
vt 0.20237338542938232 0.3637368977069855 
vt 0.1783371865749359 0.36026161909103394 
vt 0.19720560312271118 0.3965839445590973 
vt 0.1717272400856018 0.39490237832069397 
vt 0.24864307045936584 0.45286116003990173 
vt 0.2554934024810791 0.4085792899131775 
vt 0.24660000205039978 0.4503948390483856 
vt 0.2529695928096771 0.4103730022907257 
vt 0.2554934024810791 0.4085792899131775 
vt 0.19840741157531738 0.398265540599823 
vt 0.2529695928096771 0.4103730022907257 
vt 0.20057067275047302 0.4008439779281616 
vt 0.19323962926864624 0.4469195604324341 
vt 0.24864307045936584 0.45286116003990173 
vt 0.1958836168050766 0.4446774423122406 
vt 0.24660000205039978 0.4503948390483856 
vt 0.19179746508598328 0.4486011564731598 
vt 0.1675208956003189 0.4432200491428375 
vt 0.18915347754955292 0.47393709421157837 
vt 0.1639154702425003 0.474161297082901 
vt 0.2604207992553711 0.37562012672424316 
vt 0.20237338542938232 0.3637368977069855 
vt 0.25705572962760925 0.40734612941741943 
vt 0.19720560312271118 0.3965839445590973 
vt 0.28409647941589355 0.379768043756485 
vt 0.2604207992553711 0.37562012672424316 
vt 0.28001031279563904 0.4117182791233063 
vt 0.25705572962760925 0.40734612941741943 
vt 0.24960452318191528 0.45465487241744995 
vt 0.2723187208175659 0.45555171370506287 
vt 0.25705572962760925 0.40734612941741943 
vt 0.28001031279563904 0.4117182791233063 
vt 0.24443674087524414 0.6678804755210876 
vt 0.18170225620269775 0.6713557839393616 
vt 0.18110135197639465 0.6724768280982971 
vt 0.181461900472641 0.622365415096283 
vt 0.1820628046989441 0.6234865188598633 
vt 0.24311475455760956 0.6215807199478149 
vt 0.24251385033130646 0.622589647769928 
vt 0.24515782296657562 0.6688894033432007 
vt 0.18218298256397247 0.6703467965126038 
vt 0.1825435310602188 0.6243833303451538 
vt 0.24203312397003174 0.6234865188598633 
vt 0.24395601451396942 0.6669836044311523 
vt 0.24191293120384216 0.5955721139907837 
vt 0.1820628046989441 0.596020519733429 
vt 0.18134170770645142 0.5969173908233643 
vt 0.1838655173778534 0.5478149652481079 
vt 0.1844664216041565 0.5487117767333984 
vt 0.24323493242263794 0.5499449372291565 
vt 0.24251385033130646 0.5508418083190918 
vt 0.24263402819633484 0.596468985080719 
vt 0.1825435310602188 0.5951237082481384 
vt 0.1849471479654312 0.5496086478233337 
vt 0.24203312397003174 0.5516265630722046 
vt 0.24143221974372864 0.5946752429008484 
vt 0.24359546601772308 0.5243847966194153 
vt 0.18554805219173431 0.5218063592910767 
vt 0.18482697010040283 0.522703230381012 
vt 0.18915347754955292 0.47393709421157837 
vt 0.18975438177585602 0.4748339354991913 
vt 0.24744126200675964 0.47931817173957825 
vt 0.24672017991542816 0.48010292649269104 
vt 0.24419637024402618 0.5252816677093506 
vt 0.18614895641803741 0.5209094882011414 
vt 0.19023510813713074 0.4757308065891266 
vt 0.24611927568912506 0.48099976778030396 
vt 0.24311475455760956 0.52348792552948 
vt 0.24900361895561218 0.45375803112983704 
vt 0.19263872504234314 0.447816401720047 
vt 0.19179746508598328 0.4486011564731598 
vt 0.19720560312271118 0.3965839445590973 
vt 0.19780650734901428 0.3974808156490326 
vt 0.25705572962760925 0.40734612941741943 
vt 0.2562144696712494 0.4080187678337097 
vt 0.24960452318191528 0.45465487241744995 
vt 0.19323962926864624 0.4469195604324341 
vt 0.19840741157531738 0.398265540599823 
vt 0.2554934024810791 0.4085792899131775 
vt 0.24864307045936584 0.45286116003990173 
vt 0.18338479101657867 0.7009517550468445 
vt 0.1838655173778534 0.7483726143836975 
vt 0.18614895641803741 0.7031938433647156 
vt 0.1862691342830658 0.7456820607185364 
vt 0.2723187208175659 0.45555171370506287 
vt 0.24960452318191528 0.45465487241744995 
vt 0.2693141996860504 0.4830176830291748 
vt 0.24744126200675964 0.47931817173957825 
vt 0.6119502186775208 0.6140695810317993 
vt 0.6094264388084412 0.7399646639823914 
vt 0.6489660143852234 0.613396942615509 
vt 0.6440385580062866 0.7398525476455688 
vt 0.44261521100997925 0.06295650452375412 
vt 0.44261521100997925 0.0078003499656915665 
vt 0.40716180205345154 0.06295650452375412 
vt 0.40884435176849365 0.0078003499656915665 
vt 0.11680451780557632 0.18773047626018524 
vt 0.06704958528280258 0.18773047626018524 
vt 0.11680451780557632 0.21149694919586182 
vt 0.06704958528280258 0.21149694919586182 
vt 0.2121080458164215 0.21149694919586182 
vt 0.2121080458164215 0.18773047626018524 
vt 0.1892736554145813 0.21149694919586182 
vt 0.1892736554145813 0.18773047626018524 
vt 0.2845771908760071 0.21149694919586182 
vt 0.2845771908760071 0.18773047626018524 
vt 0.26186299324035645 0.21149694919586182 
vt 0.26186299324035645 0.18773047626018524 
vt 0.3571665287017822 0.21149694919586182 
vt 0.3571665287017822 0.18773047626018524 
vt 0.334332138299942 0.21149694919586182 
vt 0.334332138299942 0.18773047626018524 
vt 0.48107314109802246 0.7951207756996155 
vt 0.5457305312156677 0.7951207756996155 
vt 0.4789098799228668 0.7406372427940369 
vt 0.5451295971870422 0.7401888370513916 
vt 0.3571665287017822 0.06295650452375412 
vt 0.364497572183609 0.0078003499656915665 
vt 0.334332138299942 0.06295650452375412 
vt 0.3355339467525482 0.0078003499656915665 
vt 0.2845771908760071 0.06295650452375412 
vt 0.29082661867141724 0.0078003499656915665 
vt 0.26186299324035645 0.06295650452375412 
vt 0.26186299324035645 0.0078003499656915665 
vt 0.2845771908760071 0.18773047626018524 
vt 0.2845771908760071 0.06295650452375412 
vt 0.26186299324035645 0.18773047626018524 
vt 0.26186299324035645 0.06295650452375412 
vt 0.2121080458164215 0.06295650452375412 
vt 0.21727582812309265 0.0078003499656915665 
vt 0.1892736554145813 0.06295650452375412 
vt 0.18831221759319305 0.0078003499656915665 
vt 0.2121080458164215 0.18773047626018524 
vt 0.2121080458164215 0.06295650452375412 
vt 0.1892736554145813 0.18773047626018524 
vt 0.1892736554145813 0.06295650452375412 
vt 0.13951872289180756 0.06295650452375412 
vt 0.14360487461090088 0.0078003499656915665 
vt 0.11680451780557632 0.06295650452375412 
vt 0.11476144194602966 0.0078003499656915665 
vt 0.13951872289180756 0.18773047626018524 
vt 0.13951872289180756 0.06295650452375412 
vt 0.11680451780557632 0.18773047626018524 
vt 0.11680451780557632 0.06295650452375412 
vt 0.06704958528280258 0.06295650452375412 
vt 0.07101555913686752 0.0078003499656915665 
vt 0.0078003499656915665 0.06295650452375412 
vt 0.0078003499656915665 0.0078003499656915665 
vt 0.18831221759319305 0.0078003499656915665 
vt 0.14360487461090088 0.0078003499656915665 
vt 0.1892736554145813 0.06295650452375412 
vt 0.13951872289180756 0.06295650452375412 
vt 0.11476144194602966 0.0078003499656915665 
vt 0.07101555913686752 0.0078003499656915665 
vt 0.11680451780557632 0.06295650452375412 
vt 0.06704958528280258 0.06295650452375412 
vt 0.11680451780557632 0.06295650452375412 
vt 0.06704958528280258 0.06295650452375412 
vt 0.11680451780557632 0.18773047626018524 
vt 0.06704958528280258 0.18773047626018524 
vt 0.3355339467525482 0.0078003499656915665 
vt 0.29082661867141724 0.0078003499656915665 
vt 0.334332138299942 0.06295650452375412 
vt 0.2845771908760071 0.06295650452375412 
vt 0.334332138299942 0.06295650452375412 
vt 0.2845771908760071 0.06295650452375412 
vt 0.334332138299942 0.18773047626018524 
vt 0.2845771908760071 0.18773047626018524 
vt 0.26186299324035645 0.0078003499656915665 
vt 0.21727582812309265 0.0078003499656915665 
vt 0.26186299324035645 0.06295650452375412 
vt 0.2121080458164215 0.06295650452375412 
vt 0.26186299324035645 0.06295650452375412 
vt 0.2121080458164215 0.06295650452375412 
vt 0.26186299324035645 0.18773047626018524 
vt 0.2121080458164215 0.18773047626018524 
vt 0.3571665287017822 0.06295650452375412 
vt 0.40716180205345154 0.06295650452375412 
vt 0.364497572183609 0.0078003499656915665 
vt 0.40884435176849365 0.0078003499656915665 
vt 0.21919873356819153 0.8157482743263245 
vt 0.25813737511634827 0.810367226600647 
vt 0.21835745871067047 0.7488210201263428 
vt 0.252368688583374 0.7434399127960205 
vt 0.1675208956003189 0.4432200491428375 
vt 0.19179746508598328 0.4486011564731598 
vt 0.1717272400856018 0.39490237832069397 
vt 0.19720560312271118 0.3965839445590973 
vt 0.45823875069618225 0.7405251860618591 
vt 0.45823875069618225 0.7951207756996155 
vt 0.4789098799228668 0.7406372427940369 
vt 0.48107314109802246 0.7951207756996155 
vt 0.15526244044303894 0.7507268190383911 
vt 0.1825435310602188 0.7497178316116333 
vt 0.15634407103061676 0.7021849155426025 
vt 0.1820628046989441 0.6990459561347961 
vt 0.15622387826442719 0.6701226234436035 
vt 0.18110135197639465 0.6724768280982971 
vt 0.15586334466934204 0.6247196793556213 
vt 0.181461900472641 0.622365415096283 
vt 0.15766605734825134 0.5936663150787354 
vt 0.18134170770645142 0.5969173908233643 
vt 0.15874768793582916 0.549048125743866 
vt 0.1838655173778534 0.5478149652481079 
vt 0.1615118533372879 0.5185552835464478 
vt 0.18482697010040283 0.522703230381012 
vt 0.1639154702425003 0.474161297082901 
vt 0.18915347754955292 0.47393709421157837 
vt 0.5457305312156677 0.7951207756996155 
vt 0.5702474117279053 0.7951207756996155 
vt 0.5451295971870422 0.7401888370513916 
vt 0.570968508720398 0.7399646639823914 
vt 0.6138731241226196 0.37943175435066223 
vt 0.5913993120193481 0.3798801600933075 
vt 0.6133924126625061 0.44265952706336975 
vt 0.5913993120193481 0.4424353241920471 
vt 0.795106053352356 0.3793196380138397 
vt 0.795106053352356 0.3360467255115509 
vt 0.7401833534240723 0.37943175435066223 
vt 0.7403035163879395 0.3358224928379059 
vt 0.6141135096549988 0.3358224928379059 
vt 0.5913993120193481 0.3360467255115509 
vt 0.6138731241226196 0.37943175435066223 
vt 0.5913993120193481 0.3798801600933075 
vt 0.6144740581512451 0.3063386380672455 
vt 0.5913993120193481 0.3063386380672455 
vt 0.6141135096549988 0.3358224928379059 
vt 0.5913993120193481 0.3360467255115509 
vt 0.795106053352356 0.3360467255115509 
vt 0.795106053352356 0.3064507246017456 
vt 0.7403035163879395 0.3358224928379059 
vt 0.7405439019203186 0.3063386380672455 
vt 0.6144740581512451 0.18873943388462067 
vt 0.5913993120193481 0.18873943388462067 
vt 0.6144740581512451 0.2330213040113449 
vt 0.5913993120193481 0.2330213040113449 
vt 0.795106053352356 0.15925554931163788 
vt 0.795106053352356 0.11531000584363937 
vt 0.7405439019203186 0.15914344787597656 
vt 0.7405439019203186 0.1155342161655426 
vt 0.795106053352356 0.11531000584363937 
vt 0.795106053352356 0.08560191094875336 
vt 0.7405439019203186 0.1155342161655426 
vt 0.7405439019203186 0.08537770062685013 
vt 0.795106053352356 0.04176846891641617 
vt 0.795106053352356 0.0078003499656915665 
vt 0.7405439019203186 0.04154425486922264 
vt 0.7405439019203186 0.0078003499656915665 
vt 0.40271511673927307 0.18773047626018524 
vt 0.3571665287017822 0.18773047626018524 
vt 0.40151330828666687 0.21149694919586182 
vt 0.3571665287017822 0.21149694919586182 
vt 0.44261521100997925 0.18773047626018524 
vt 0.40271511673927307 0.18773047626018524 
vt 0.44261521100997925 0.21149694919586182 
vt 0.40151330828666687 0.21149694919586182 
vt 0.5865920186042786 0.6146301031112671 
vt 0.5865920186042786 0.7399646639823914 
vt 0.6119502186775208 0.6140695810317993 
vt 0.6094264388084412 0.7399646639823914 
vt 0.6118300557136536 0.458242267370224 
vt 0.587192952632904 0.458242267370224 
vt 0.6094264388084412 0.5133984088897705 
vt 0.5865920186042786 0.5133984088897705 
vt 0.6119502186775208 0.5686666965484619 
vt 0.5865920186042786 0.5681061148643494 
vt 0.6119502186775208 0.591312050819397 
vt 0.5865920186042786 0.591312050819397 
vt 0.6094264388084412 0.5133984088897705 
vt 0.5865920186042786 0.5133984088897705 
vt 0.6119502186775208 0.5686666965484619 
vt 0.5865920186042786 0.5681061148643494 
vt 0.7613351941108704 0.508802056312561 
vt 0.762056291103363 0.4830176830291748 
vt 0.7535234689712524 0.508577823638916 
vt 0.7541243433952332 0.4829055666923523 
vt 0.8227477073669434 0.6061100959777832 
vt 0.8881261944770813 0.6025226712226868 
vt 0.8211853504180908 0.5881730914115906 
vt 0.8815162181854248 0.5817830562591553 
vt 0.9282666444778442 0.5714693069458008 
vt 0.9205750226974487 0.5596981644630432 
vt 0.8107296228408813 0.6654141545295715 
vt 0.8732237219810486 0.6846963763237 
vt 0.8127726912498474 0.6587998867034912 
vt 0.8763484358787537 0.6785305738449097 
vt 0.913965106010437 0.7147408127784729 
vt 0.917931079864502 0.7093597054481506 
vt 0.9176906943321228 0.5546534061431885 
vt 0.8797134757041931 0.5758414268493652 
vt 0.9205750226974487 0.5596981644630432 
vt 0.8815162181854248 0.5817830562591553 
vt 0.8205844759941101 0.5818951725959778 
vt 0.8211853504180908 0.5881730914115906 
vt 0.8184211850166321 0.6397418975830078 
vt 0.8868041634559631 0.6573424935340881 
vt 0.8127726912498474 0.6587998867034912 
vt 0.8763484358787537 0.6785305738449097 
vt 0.9285069704055786 0.6966916918754578 
vt 0.917931079864502 0.7093597054481506 
vt 0.8881261944770813 0.6025226712226868 
vt 0.8227477073669434 0.6061100959777832 
vt 0.8868041634559631 0.6573424935340881 
vt 0.8184211850166321 0.6397418975830078 
vt 0.9282666444778442 0.5714693069458008 
vt 0.8881261944770813 0.6025226712226868 
vt 0.9325931668281555 0.576850414276123 
vt 0.8950966596603394 0.6059979796409607 
vt 0.8950966596603394 0.6059979796409607 
vt 0.8881261944770813 0.6025226712226868 
vt 0.8954572081565857 0.6537551283836365 
vt 0.8868041634559631 0.6573424935340881 
vt 0.8954572081565857 0.6537551283836365 
vt 0.8868041634559631 0.6573424935340881 
vt 0.9325931668281555 0.6925438046455383 
vt 0.9285069704055786 0.6966916918754578 
vt 0.8107296228408813 0.07181287556886673 
vt 0.8107296228408813 0.15533185005187988 
vt 0.8399335741996765 0.07181287556886673 
vt 0.8399335741996765 0.15533185005187988 
vt 0.864570677280426 0.15533185005187988 
vt 0.864570677280426 0.07181287556886673 
vt 0.8902894258499146 0.2193443775177002 
vt 0.8902894258499146 0.2416534721851349 
vt 0.864570677280426 0.2193443775177002 
vt 0.864570677280426 0.2416534721851349 
vt 0.8902894258499146 0.2639625668525696 
vt 0.864570677280426 0.2639625668525696 
vt 0.8902894258499146 0.3375040888786316 
vt 0.864570677280426 0.3375040888786316 
vt 0.8399335741996765 0.2639625668525696 
vt 0.8399335741996765 0.3375040888786316 
vt 0.8107296228408813 0.3375040888786316 
vt 0.8107296228408813 0.2639625668525696 
vt 0.8399335741996765 0.2416534721851349 
vt 0.8107296228408813 0.2416534721851349 
vt 0.8399335741996765 0.2193443775177002 
vt 0.8107296228408813 0.2193443775177002 
vt 0.8399335741996765 0.15533185005187988 
vt 0.8107296228408813 0.15533185005187988 
vt 0.864570677280426 0.15533185005187988 
vt 0.7603737711906433 0.6035316586494446 
vt 0.7601333856582642 0.5792046189308167 
vt 0.7525619864463806 0.6036437153816223 
vt 0.7523216605186462 0.5789804458618164 
vt 0.8902894258499146 0.42091095447540283 
vt 0.8902894258499146 0.3375040888786316 
vt 0.864570677280426 0.42091095447540283 
vt 0.864570677280426 0.3375040888786316 
vt 0.8399335741996765 0.42091095447540283 
vt 0.8399335741996765 0.3375040888786316 
vt 0.8107296228408813 0.42091095447540283 
vt 0.8107296228408813 0.3375040888786316 
vt 0.8902894258499146 0.0078003499656915665 
vt 0.864570677280426 0.0078003499656915665 
vt 0.8902894258499146 0.07181287556886673 
vt 0.864570677280426 0.07181287556886673 
vt 0.8902894258499146 0.49445250630378723 
vt 0.8902894258499146 0.42091095447540283 
vt 0.864570677280426 0.49445250630378723 
vt 0.864570677280426 0.42091095447540283 
vt 0.8399335741996765 0.49445250630378723 
vt 0.8399335741996765 0.42091095447540283 
vt 0.8107296228408813 0.49445250630378723 
vt 0.8107296228408813 0.42091095447540283 
vt 0.8107296228408813 0.5167616009712219 
vt 0.8399335741996765 0.5167616009712219 
vt 0.8107296228408813 0.5390706658363342 
vt 0.8399335741996765 0.5390706658363342 
vt 0.762056291103363 0.4830176830291748 
vt 0.7541243433952332 0.4829055666923523 
vt 0.7626572251319885 0.45846647024154663 
vt 0.7547252774238586 0.458242267370224 
vt 0.8902894258499146 0.07181287556886673 
vt 0.8902894258499146 0.15533185005187988 
vt 0.864570677280426 0.07181287556886673 
vt 0.864570677280426 0.15533185005187988 
vt 0.7626572251319885 0.6477013826370239 
vt 0.7547252774238586 0.648149847984314 
vt 0.7615755796432495 0.6256164908409119 
vt 0.7536436319351196 0.6258407235145569 
vt 0.864570677280426 0.0078003499656915665 
vt 0.864570677280426 0.07181287556886673 
vt 0.8399335741996765 0.0078003499656915665 
vt 0.8399335741996765 0.07181287556886673 
vt 0.8107296228408813 0.07181287556886673 
vt 0.8107296228408813 0.0078003499656915665 
vt 0.864570677280426 0.2193443775177002 
vt 0.8902894258499146 0.2193443775177002 
vt 0.864570677280426 0.15533185005187988 
vt 0.8902894258499146 0.15533185005187988 
vt 0.7601333856582642 0.5792046189308167 
vt 0.7598930597305298 0.5530839562416077 
vt 0.7523216605186462 0.5789804458618164 
vt 0.7520812749862671 0.5531960129737854 
vt 0.9086771011352539 0.1259600669145584 
vt 0.9086771011352539 0.18997259438037872 
vt 0.9922029376029968 0.1259600669145584 
vt 0.9922029376029968 0.18997259438037872 
vt 0.7520812749862671 0.5531960129737854 
vt 0.7598930597305298 0.5530839562416077 
vt 0.7555665373802185 0.5317838191986084 
vt 0.762056291103363 0.5313353538513184 
vt 0.7535234689712524 0.508577823638916 
vt 0.7613351941108704 0.508802056312561 
vt 0.7686662673950195 0.5309990644454956 
vt 0.7692671418190002 0.509026288986206 
vt 0.9922029376029968 0.10365097969770432 
vt 0.9922029376029968 0.1259600669145584 
vt 0.9059129357337952 0.10286623984575272 
vt 0.9086771011352539 0.1259600669145584 
vt 0.0078003499656915665 0.8425416350364685 
vt 0.07185682654380798 0.8425416350364685 
vt 0.0078003499656915665 0.9260606169700623 
vt 0.07185682654380798 0.9260606169700623 
vt 0.0940903052687645 0.9260606169700623 
vt 0.0940903052687645 0.8425416350364685 
vt 0.11644397675991058 0.9260606169700623 
vt 0.11644397675991058 0.8425416350364685 
vt 0.18999475240707397 0.8425416350364685 
vt 0.18999475240707397 0.9260606169700623 
vt 0.9922029376029968 0.08134188503026962 
vt 0.9086771011352539 0.08134188503026962 
vt 0.9922029376029968 0.10365097969770432 
vt 0.9059129357337952 0.10286623984575272 
vt 0.9086771011352539 0.0078003499656915665 
vt 0.9086771011352539 0.08134188503026962 
vt 0.9922029376029968 0.0078003499656915665 
vt 0.9922029376029968 0.08134188503026962 
vt 0.7615755796432495 0.6256164908409119 
vt 0.7603737711906433 0.6035316586494446 
vt 0.7536436319351196 0.6258407235145569 
vt 0.7525619864463806 0.6036437153816223 
vt 0.7693873643875122 0.6253923177719116 
vt 0.7683057188987732 0.6034195423126221 
vt 0.7615755796432495 0.6256164908409119 
vt 0.7603737711906433 0.6035316586494446 
vt 0.7598930597305298 0.5530839562416077 
vt 0.7678250074386597 0.5530839562416077 
vt 0.762056291103363 0.5313353538513184 
vt 0.7686662673950195 0.5309990644454956 
vt 0.768065333366394 0.5794288516044617 
vt 0.7678250074386597 0.5530839562416077 
vt 0.7601333856582642 0.5792046189308167 
vt 0.7598930597305298 0.5530839562416077 
vt 0.7704689502716064 0.6474772095680237 
vt 0.7693873643875122 0.6253923177719116 
vt 0.7626572251319885 0.6477013826370239 
vt 0.7615755796432495 0.6256164908409119 
vt 0.7698680758476257 0.48268136382102966 
vt 0.7704689502716064 0.45869067311286926 
vt 0.762056291103363 0.4830176830291748 
vt 0.7626572251319885 0.45846647024154663 
vt 0.7683057188987732 0.6034195423126221 
vt 0.768065333366394 0.5794288516044617 
vt 0.7603737711906433 0.6035316586494446 
vt 0.7601333856582642 0.5792046189308167 
vt 0.7692671418190002 0.509026288986206 
vt 0.7698680758476257 0.48268136382102966 
vt 0.7613351941108704 0.508802056312561 
vt 0.762056291103363 0.4830176830291748 
vt 0.5460910201072693 0.6151906847953796 
vt 0.545009434223175 0.7401888370513916 
vt 0.5708483457565308 0.6154148578643799 
vt 0.5708483457565308 0.7399646639823914 
vt 0.5708483457565308 0.6154148578643799 
vt 0.5708483457565308 0.591536283493042 
vt 0.5460910201072693 0.6151906847953796 
vt 0.5460910201072693 0.591536283493042 
vt 0.48107314109802246 0.6147422194480896 
vt 0.48107314109802246 0.591536283493042 
vt 0.48107314109802246 0.5684424638748169 
vt 0.45823875069618225 0.5685545802116394 
vt 0.45823875069618225 0.591536283493042 
vt 0.5460910201072693 0.5679940581321716 
vt 0.5708483457565308 0.5677698254585266 
vt 0.5708483457565308 0.5137346982955933 
vt 0.5708483457565308 0.5677698254585266 
vt 0.5460910201072693 0.5136226415634155 
vt 0.5460910201072693 0.5679940581321716 
vt 0.45823875069618225 0.5131741762161255 
vt 0.45823875069618225 0.45869067311286926 
vt 0.48107314109802246 0.513286292552948 
vt 0.4809529483318329 0.45869067311286926 
vt 0.5701272487640381 0.45869067311286926 
vt 0.5708483457565308 0.5137346982955933 
vt 0.5454901456832886 0.45869067311286926 
vt 0.5460910201072693 0.5136226415634155 
vt 0.4809529483318329 0.45869067311286926 
vt 0.48107314109802246 0.513286292552948 
vt 0.5460910201072693 0.5136226415634155 
vt 0.5460910201072693 0.5679940581321716 
vt 0.48107314109802246 0.513286292552948 
vt 0.48107314109802246 0.5684424638748169 
vt 0.45823875069618225 0.591536283493042 
vt 0.48107314109802246 0.591536283493042 
vt 0.45823875069618225 0.6146301031112671 
vt 0.48107314109802246 0.6147422194480896 
vt 0.48107314109802246 0.513286292552948 
vt 0.48107314109802246 0.5684424638748169 
vt 0.45823875069618225 0.5131741762161255 
vt 0.45823875069618225 0.5685545802116394 
vt 0.45823875069618225 0.7405251860618591 
vt 0.45823875069618225 0.6146301031112671 
vt 0.47878968715667725 0.7406372427940369 
vt 0.48107314109802246 0.6147422194480896 
vt 0.47878968715667725 0.7406372427940369 
vt 0.48107314109802246 0.6147422194480896 
vt 0.545009434223175 0.7401888370513916 
vt 0.5460910201072693 0.6151906847953796 
vt 0.969585120677948 0.5547206401824951 
vt 0.969585120677948 0.6285615563392639 
vt 0.9682961106300354 0.554627537727356 
vt 0.9682961106300354 0.6285615563392639 
vt 0.967007040977478 0.5547206401824951 
vt 0.9682961106300354 0.554627537727356 
vt 0.967007040977478 0.6285615563392639 
vt 0.9682961106300354 0.6285615563392639 
vt 0.26209694147109985 0.8392828106880188 
vt 0.26209694147109985 0.9132168292999268 
vt 0.26080793142318726 0.8392828106880188 
vt 0.26080793142318726 0.9132168292999268 
vt 0.2582298815250397 0.8392828106880188 
vt 0.25951889157295227 0.8392828106880188 
vt 0.2582298815250397 0.9132168292999268 
vt 0.25951889157295227 0.9132168292999268 
vt 0.26080793142318726 0.8392828106880188 
vt 0.26080793142318726 0.9132168292999268 
vt 0.25951889157295227 0.8392828106880188 
vt 0.25951889157295227 0.9132168292999268 
vt 0.26209694147109985 0.9132168292999268 
vt 0.26209694147109985 0.8392828106880188 
vt 0.26338595151901245 0.9132168292999268 
vt 0.26338595151901245 0.8392828106880188 
vt 0.9522753953933716 0.4651431143283844 
vt 0.9522753953933716 0.5390771627426147 
vt 0.950986385345459 0.4651431143283844 
vt 0.950986385345459 0.5390771627426147 
vt 0.48030972480773926 0.8937556147575378 
vt 0.48159873485565186 0.8937556147575378 
vt 0.48030972480773926 0.9676896333694458 
vt 0.48159873485565186 0.9676896333694458 
vt 0.9657180309295654 0.6285615563392639 
vt 0.9657180309295654 0.554627537727356 
vt 0.967007040977478 0.6285615563392639 
vt 0.967007040977478 0.5547206401824951 
vt 0.9708741307258606 0.5547206401824951 
vt 0.9708741307258606 0.6285615563392639 
vt 0.969585120677948 0.5547206401824951 
vt 0.969585120677948 0.6285615563392639 
vt 0.9484083652496338 0.4651431143283844 
vt 0.9496973752975464 0.4651431143283844 
vt 0.9484083652496338 0.5390771627426147 
vt 0.9496973752975464 0.5390771627426147 
vt 0.48288774490356445 0.8937556147575378 
vt 0.48288774490356445 0.9676896333694458 
vt 0.48159873485565186 0.8937556147575378 
vt 0.48159873485565186 0.9676896333694458 
vt 0.2997547686100006 0.3602946400642395 
vt 0.43169522285461426 0.3602946400642395 
vt 0.2997547686100006 0.5322796702384949 
vt 0.43169522285461426 0.5322796702384949 
vt 0.2997547686100006 0.5322796702384949 
vt 0.43169522285461426 0.5322796702384949 
vt 0.2997547686100006 0.5399152040481567 
vt 0.43169522285461426 0.5399152040481567 
vt 0.2997547686100006 0.7119002938270569 
vt 0.2997547686100006 0.5399152040481567 
vt 0.43169522285461426 0.7119002938270569 
vt 0.43169522285461426 0.5399152040481567 
vt 0.4620792865753174 0.8937556147575378 
vt 0.4620792865753174 0.9676896333694458 
vt 0.4607902467250824 0.8937556147575378 
vt 0.4607902467250824 0.9676896333694458 
vt 0.4595012366771698 0.8937556147575378 
vt 0.4607902467250824 0.8937556147575378 
vt 0.4595012366771698 0.9676896333694458 
vt 0.4607902467250824 0.9676896333694458 
vt 0.8967554569244385 0.8865857124328613 
vt 0.8967554569244385 0.9605197310447693 
vt 0.8954664468765259 0.8865857124328613 
vt 0.8954664468765259 0.9605197310447693 
vt 0.8928883671760559 0.8865857124328613 
vt 0.8941773772239685 0.8865857124328613 
vt 0.8928883671760559 0.9605197310447693 
vt 0.8941773772239685 0.9605197310447693 
vt 0.8954664468765259 0.8865857124328613 
vt 0.8954664468765259 0.9605197310447693 
vt 0.8941773772239685 0.8865857124328613 
vt 0.8941773772239685 0.9605197310447693 
vt 0.8915993571281433 0.9605197310447693 
vt 0.8915993571281433 0.8865857124328613 
vt 0.8928883671760559 0.9605197310447693 
vt 0.8928883671760559 0.8865857124328613 
vt 0.4582122266292572 0.9676896333694458 
vt 0.4582122266292572 0.8937556147575378 
vt 0.4595012366771698 0.9676896333694458 
vt 0.4595012366771698 0.8937556147575378 
vt 0.46336829662323 0.8937556147575378 
vt 0.46336829662323 0.9676896333694458 
vt 0.4620792865753174 0.8937556147575378 
vt 0.4620792865753174 0.9676896333694458 
vt 0.950986385345459 0.4651431143283844 
vt 0.950986385345459 0.5390771627426147 
vt 0.9496973752975464 0.4651431143283844 
vt 0.9496973752975464 0.5390771627426147 
vt 0.9471192955970764 0.5390771627426147 
vt 0.9471192955970764 0.4651431143283844 
vt 0.9484083652496338 0.5390771627426147 
vt 0.9484083652496338 0.4651431143283844 
vt 0.4790206849575043 0.9676896333694458 
vt 0.4790206849575043 0.8937556147575378 
vt 0.48030972480773926 0.9676896333694458 
vt 0.48030972480773926 0.8937556147575378 
vt 0.48417678475379944 0.8937556147575378 
vt 0.48417678475379944 0.9676896333694458 
vt 0.48288774490356445 0.8937556147575378 
vt 0.48288774490356445 0.9676896333694458 
vt 0.9519991874694824 0.8867719173431396 
vt 0.9519991874694824 0.9606128334999084 
vt 0.9507101774215698 0.8867719173431396 
vt 0.9507101774215698 0.9606128334999084 
vt 0.9494211673736572 0.8867719173431396 
vt 0.9507101774215698 0.8867719173431396 
vt 0.9494211673736572 0.9606128334999084 
vt 0.9507101774215698 0.9606128334999084 
vt 0.9315589666366577 0.4651431143283844 
vt 0.9315589666366577 0.5390771627426147 
vt 0.9302699565887451 0.4651431143283844 
vt 0.9302699565887451 0.5390771627426147 
vt 0.9276919364929199 0.4651431143283844 
vt 0.9289809465408325 0.4651431143283844 
vt 0.9276919364929199 0.5390771627426147 
vt 0.9289809465408325 0.5390771627426147 
vt 0.9302699565887451 0.4651431143283844 
vt 0.9302699565887451 0.5390771627426147 
vt 0.9289809465408325 0.4651431143283844 
vt 0.9289809465408325 0.5390771627426147 
vt 0.9264029264450073 0.5390771627426147 
vt 0.9264029264450073 0.4651431143283844 
vt 0.9276919364929199 0.5390771627426147 
vt 0.9276919364929199 0.4651431143283844 
vt 0.9481320977210999 0.9606128334999084 
vt 0.9481320977210999 0.8867719173431396 
vt 0.9494211673736572 0.9606128334999084 
vt 0.9494211673736572 0.8867719173431396 
vt 0.953288197517395 0.8867719173431396 
vt 0.953288197517395 0.9607059359550476 
vt 0.9519991874694824 0.8867719173431396 
vt 0.9519991874694824 0.9606128334999084 
vt 0.2998468279838562 0.7274506092071533 
vt 0.33639976382255554 0.7275437116622925 
vt 0.2997547686100006 0.8478494882583618 
vt 0.33639976382255554 0.8478494882583618 
vt 0.2997547686100006 0.9682483077049255 
vt 0.33639976382255554 0.9682483077049255 
vt 0.5865618586540222 0.8545538187026978 
vt 0.5865618586540222 0.8494324684143066 
vt 0.7069932222366333 0.8545538187026978 
vt 0.7069932222366333 0.8494324684143066 
vt 0.8273324966430664 0.8545538187026978 
vt 0.8273324966430664 0.8494324684143066 
vt 0.9063310027122498 0.870942234992981 
vt 0.9038450717926025 0.870942234992981 
vt 0.9063310027122498 0.7303372025489807 
vt 0.9038450717926025 0.7303372025489807 
vt 0.40425750613212585 0.90660560131073 
vt 0.40112701058387756 0.90660560131073 
vt 0.40425750613212585 0.7275437116622925 
vt 0.40112701058387756 0.7276368737220764 
vt 0.41051846742630005 0.90660560131073 
vt 0.40738797187805176 0.90660560131073 
vt 0.41051846742630005 0.7275437116622925 
vt 0.40738797187805176 0.7275437116622925 
vt 0.24138054251670837 0.8392828106880188 
vt 0.24138054251670837 0.9132168292999268 
vt 0.2399994432926178 0.8392828106880188 
vt 0.2399994432926178 0.9132168292999268 
vt 0.2374214082956314 0.8392828106880188 
vt 0.238710418343544 0.8392828106880188 
vt 0.2374214082956314 0.9132168292999268 
vt 0.238710418343544 0.9132168292999268 
vt 0.2399994432926178 0.8392828106880188 
vt 0.2399994432926178 0.9132168292999268 
vt 0.238710418343544 0.8392828106880188 
vt 0.238710418343544 0.9132168292999268 
vt 0.24138054251670837 0.9132168292999268 
vt 0.24138054251670837 0.8392828106880188 
vt 0.24266955256462097 0.9132168292999268 
vt 0.24266955256462097 0.8392828106880188 
vt 0.9682961106300354 0.6442050337791443 
vt 0.9682961106300354 0.7176734209060669 
vt 0.967007040977478 0.6442050337791443 
vt 0.967007040977478 0.7176734209060669 
vt 0.9657180309295654 0.6442050337791443 
vt 0.967007040977478 0.6442050337791443 
vt 0.9657180309295654 0.7176734209060669 
vt 0.967007040977478 0.7176734209060669 
vt 0.5683314204216003 0.8107893466949463 
vt 0.5683314204216003 0.8846302628517151 
vt 0.5670424103736877 0.8106962442398071 
vt 0.5670424103736877 0.8846302628517151 
vt 0.5644643306732178 0.8106962442398071 
vt 0.5657533407211304 0.8106962442398071 
vt 0.5644643306732178 0.8846302628517151 
vt 0.5657533407211304 0.8846302628517151 
vt 0.5670424103736877 0.8106962442398071 
vt 0.5670424103736877 0.8846302628517151 
vt 0.5657533407211304 0.8106962442398071 
vt 0.5657533407211304 0.8846302628517151 
vt 0.5683314204216003 0.8846302628517151 
vt 0.5683314204216003 0.8107893466949463 
vt 0.5696204304695129 0.8846302628517151 
vt 0.5696204304695129 0.8107893466949463 
vt 0.969585120677948 0.7176734209060669 
vt 0.969585120677948 0.6442050337791443 
vt 0.9708741307258606 0.7176734209060669 
vt 0.9708741307258606 0.6442050337791443 
vt 0.969585120677948 0.6442050337791443 
vt 0.969585120677948 0.7176734209060669 
vt 0.9682961106300354 0.6442050337791443 
vt 0.9682961106300354 0.7176734209060669 
vt 0.21928304433822632 0.8392828106880188 
vt 0.21928304433822632 0.9132168292999268 
vt 0.21799401938915253 0.8392828106880188 
vt 0.21799401938915253 0.9132168292999268 
vt 0.21670499444007874 0.8392828106880188 
vt 0.21799401938915253 0.8392828106880188 
vt 0.21670499444007874 0.9132168292999268 
vt 0.21799401938915253 0.9132168292999268 
vt 0.22057205438613892 0.9132168292999268 
vt 0.22057205438613892 0.8392828106880188 
vt 0.2218610793352127 0.9132168292999268 
vt 0.2218610793352127 0.8392828106880188 
vt 0.22057205438613892 0.8392828106880188 
vt 0.22057205438613892 0.9132168292999268 
vt 0.21928304433822632 0.8392828106880188 
vt 0.21928304433822632 0.9132168292999268 
vt 0.8964792490005493 0.870942234992981 
vt 0.8939932584762573 0.8710353374481201 
vt 0.8964792490005493 0.7303372025489807 
vt 0.8939932584762573 0.7303372025489807 
vt 0.9013590812683105 0.870942234992981 
vt 0.8989651799201965 0.870942234992981 
vt 0.9013590812683105 0.7303372025489807 
vt 0.8989651799201965 0.7303372025489807 
vt 0.8939932584762573 0.8710353374481201 
vt 0.8915993571281433 0.8710353374481201 
vt 0.8939932584762573 0.7303372025489807 
vt 0.8915993571281433 0.7303372025489807 
vt 0.3436735272407532 0.7274506092071533 
vt 0.345791220664978 0.7274506092071533 
vt 0.3436735272407532 0.8478494882583618 
vt 0.345791220664978 0.8478494882583618 
vt 0.5865618586540222 0.8494324684143066 
vt 0.5865618586540222 0.8473839163780212 
vt 0.7069932222366333 0.8494324684143066 
vt 0.7069932222366333 0.8473839163780212 
vt 0.5865618586540222 0.8932900428771973 
vt 0.5866538882255554 0.8566954731941223 
vt 0.7069932222366333 0.8933831453323364 
vt 0.7069932222366333 0.8566954731941223 
vt 0.8273324966430664 0.8933831453323364 
vt 0.8273324966430664 0.8566954731941223 
vt 0.6998115181922913 0.9414309859275818 
vt 0.6979700326919556 0.9414309859275818 
vt 0.6998115181922913 0.9089335203170776 
vt 0.6979700326919556 0.9089335203170776 
vt 0.9612985253334045 0.20553599298000336 
vt 0.9625875353813171 0.20553599298000336 
vt 0.9612985253334045 0.26727184653282166 
vt 0.9625875353813171 0.26727184653282166 
vt 0.9612985253334045 0.32919391989707947 
vt 0.9627717137336731 0.3291007876396179 
vt 0.9612064957618713 0.38031455874443054 
vt 0.9628638029098511 0.38031455874443054 
vt 0.7018371224403381 0.9414309859275818 
vt 0.701284646987915 0.9414309859275818 
vt 0.7018371224403381 0.9089335203170776 
vt 0.701284646987915 0.9089335203170776 
vt 0.7040468454360962 0.9414309859275818 
vt 0.7034944295883179 0.9414309859275818 
vt 0.7040468454360962 0.9089335203170776 
vt 0.7034944295883179 0.9089335203170776 
vt 0.701284646987915 0.9414309859275818 
vt 0.6998115181922913 0.9414309859275818 
vt 0.701284646987915 0.9089335203170776 
vt 0.6998115181922913 0.9089335203170776 
vt 0.9590888023376465 0.20553599298000336 
vt 0.9601936936378479 0.20553599298000336 
vt 0.9589967131614685 0.26727184653282166 
vt 0.9601936936378479 0.26727184653282166 
vt 0.9589967131614685 0.32919391989707947 
vt 0.9602857232093811 0.32919391989707947 
vt 0.9589046239852905 0.38031455874443054 
vt 0.9602857232093811 0.38031455874443054 
vt 0.5223870277404785 0.9418965578079224 
vt 0.5210059285163879 0.9418965578079224 
vt 0.5223870277404785 0.8782052397727966 
vt 0.5210059285163879 0.8782052397727966 
vt 0.5223870277404785 0.8106962442398071 
vt 0.5210980176925659 0.8106962442398071 
vt 0.9625875353813171 0.20553599298000336 
vt 0.9636924266815186 0.20553599298000336 
vt 0.9625875353813171 0.26727184653282166 
vt 0.9636924266815186 0.26727184653282166 
vt 0.9627717137336731 0.3291007876396179 
vt 0.9636924266815186 0.3291007876396179 
vt 0.5254254341125488 0.8782052397727966 
vt 0.5266223549842834 0.8782052397727966 
vt 0.5254254341125488 0.9418965578079224 
vt 0.5265303254127502 0.9418965578079224 
vt 0.5254254341125488 0.8117204904556274 
vt 0.5266223549842834 0.8117204904556274 
vt 0.5254254341125488 0.8782052397727966 
vt 0.5266223549842834 0.8782052397727966 
vt 0.9612985253334045 0.26727184653282166 
vt 0.9601936936378479 0.26727184653282166 
vt 0.9612985253334045 0.20553599298000336 
vt 0.9601936936378479 0.20553599298000336 
vt 0.9612985253334045 0.32919391989707947 
vt 0.9602857232093811 0.32919391989707947 
vt 0.9612985253334045 0.26727184653282166 
vt 0.9601936936378479 0.26727184653282166 
vt 0.7018371224403381 0.9089335203170776 
vt 0.7034944295883179 0.9089335203170776 
vt 0.7018371224403381 0.9414309859275818 
vt 0.7034944295883179 0.9414309859275818 
vt 0.5199010372161865 0.8782052397727966 
vt 0.5210059285163879 0.8782052397727966 
vt 0.5199010372161865 0.9418965578079224 
vt 0.5210059285163879 0.9418965578079224 
vt 0.5199010372161865 0.8106962442398071 
vt 0.5210980176925659 0.8106962442398071 
vt 0.5199010372161865 0.8782052397727966 
vt 0.5210059285163879 0.8782052397727966 
vt 0.5266223549842834 0.8117204904556274 
vt 0.528095543384552 0.8117204904556274 
vt 0.5266223549842834 0.8782052397727966 
vt 0.528095543384552 0.8782052397727966 
vt 0.5265303254127502 0.9418965578079224 
vt 0.528095543384552 0.9418965578079224 
vt 0.5254254341125488 0.9418965578079224 
vt 0.5240443348884583 0.9418965578079224 
vt 0.5254254341125488 0.8782052397727966 
vt 0.5240443348884583 0.8782052397727966 
vt 0.9501577019691467 0.7816440463066101 
vt 0.9481320977210999 0.7816440463066101 
vt 0.9501577019691467 0.6971879601478577 
vt 0.9481320977210999 0.6971879601478577 
vt 0.9501577019691467 0.6126387119293213 
vt 0.9481320977210999 0.6126387119293213 
vt 0.9501577019691467 0.554627537727356 
vt 0.9481320977210999 0.554627537727356 
vt 0.5240443348884583 0.9418965578079224 
vt 0.5223870277404785 0.9418965578079224 
vt 0.5240443348884583 0.8782052397727966 
vt 0.5223870277404785 0.8782052397727966 
vt 0.5240443348884583 0.8106962442398071 
vt 0.5223870277404785 0.8106962442398071 
vt 0.9612064957618713 0.38031455874443054 
vt 0.9602857232093811 0.38031455874443054 
vt 0.9612985253334045 0.32919391989707947 
vt 0.9602857232093811 0.32919391989707947 
vt 0.9636924266815186 0.38031455874443054 
vt 0.9628638029098511 0.38031455874443054 
vt 0.9636924266815186 0.3291007876396179 
vt 0.9627717137336731 0.3291007876396179 
vt 0.9090011119842529 0.36411237716674805 
vt 0.9059627056121826 0.36411237716674805 
vt 0.9090011119842529 0.2056291103363037 
vt 0.9059627056121826 0.2056291103363037 
vt 0.7328656911849976 0.45825254917144775 
vt 0.7364565134048462 0.45825254917144775 
vt 0.7328656911849976 0.6637593507766724 
vt 0.7364565134048462 0.6637593507766724 
vt 0.7256839871406555 0.4583456814289093 
vt 0.7292748093605042 0.4583456814289093 
vt 0.7256839871406555 0.6638524532318115 
vt 0.7292748093605042 0.6637593507766724 
vt 0.9147096276283264 0.36411237716674805 
vt 0.91194748878479 0.36411237716674805 
vt 0.9147096276283264 0.20553599298000336 
vt 0.91194748878479 0.2056291103363037 
vt 0.9203261137008667 0.36411237716674805 
vt 0.9174718260765076 0.36411237716674805 
vt 0.9203261137008667 0.20553599298000336 
vt 0.9174718260765076 0.20553599298000336 
vt 0.91194748878479 0.36411237716674805 
vt 0.9090011119842529 0.36411237716674805 
vt 0.91194748878479 0.2056291103363037 
vt 0.9090011119842529 0.2056291103363037 
vt 0.28281334042549133 0.8392828106880188 
vt 0.28281334042549133 0.9132168292999268 
vt 0.28152433037757874 0.8392828106880188 
vt 0.28152433037757874 0.9132168292999268 
vt 0.27894628047943115 0.8392828106880188 
vt 0.28023529052734375 0.8392828106880188 
vt 0.27894628047943115 0.9132168292999268 
vt 0.28023529052734375 0.9132168292999268 
vt 0.28152433037757874 0.8392828106880188 
vt 0.28152433037757874 0.9132168292999268 
vt 0.28023529052734375 0.8392828106880188 
vt 0.28023529052734375 0.9132168292999268 
vt 0.28281334042549133 0.9132168292999268 
vt 0.28281334042549133 0.8392828106880188 
vt 0.28410235047340393 0.9132168292999268 
vt 0.28410235047340393 0.8392828106880188 
vt 0.9494211673736572 0.7971944212913513 
vt 0.9494211673736572 0.8711284399032593 
vt 0.9481320977210999 0.7971944212913513 
vt 0.9481320977210999 0.8711284399032593 
vt 0.9507101774215698 0.7971944212913513 
vt 0.9519991874694824 0.7971944212913513 
vt 0.9507101774215698 0.8711284399032593 
vt 0.9519991874694824 0.8711284399032593 
vt 0.953288197517395 0.7971944212913513 
vt 0.953288197517395 0.8711284399032593 
vt 0.9519991874694824 0.7971944212913513 
vt 0.9519991874694824 0.8711284399032593 
vt 0.9494211673736572 0.8711284399032593 
vt 0.9494211673736572 0.7971944212913513 
vt 0.9507101774215698 0.8711284399032593 
vt 0.9507101774215698 0.7971944212913513 
vt 0.5463259816169739 0.8106962442398071 
vt 0.5463259816169739 0.8846302628517151 
vt 0.5450369715690613 0.8106962442398071 
vt 0.5450369715690613 0.8846302628517151 
vt 0.5437479615211487 0.8106962442398071 
vt 0.5450369715690613 0.8106962442398071 
vt 0.5437479615211487 0.8846302628517151 
vt 0.5450369715690613 0.8846302628517151 
vt 0.5476149916648865 0.8846302628517151 
vt 0.5476149916648865 0.8107893466949463 
vt 0.5489040017127991 0.8846302628517151 
vt 0.5489040017127991 0.8107893466949463 
vt 0.5476149916648865 0.8107893466949463 
vt 0.5476149916648865 0.8846302628517151 
vt 0.5463259816169739 0.8106962442398071 
vt 0.5463259816169739 0.8846302628517151 
vt 0.41364893317222595 0.7274506092071533 
vt 0.41677939891815186 0.7274506092071533 
vt 0.41364893317222595 0.9065124988555908 
vt 0.41677939891815186 0.9065124988555908 
vt 0.40425750613212585 0.7275437116622925 
vt 0.40738797187805176 0.7275437116622925 
vt 0.40425750613212585 0.90660560131073 
vt 0.40738797187805176 0.90660560131073 
vt 0.41051846742630005 0.7275437116622925 
vt 0.41364893317222595 0.7274506092071533 
vt 0.41051846742630005 0.90660560131073 
vt 0.41364893317222595 0.9065124988555908 
vt 0.8964792490005493 0.7303372025489807 
vt 0.8989651799201965 0.7303372025489807 
vt 0.8964792490005493 0.870942234992981 
vt 0.8989651799201965 0.870942234992981 
vt 0.9013590812683105 0.7303372025489807 
vt 0.9038450717926025 0.7303372025489807 
vt 0.9013590812683105 0.870942234992981 
vt 0.9038450717926025 0.870942234992981 
vt 0.39799654483795166 0.7276368737220764 
vt 0.40112701058387756 0.7276368737220764 
vt 0.39799654483795166 0.90660560131073 
vt 0.40112701058387756 0.90660560131073 
vt 0.7220931649208069 0.6638524532318115 
vt 0.7185022830963135 0.6638524532318115 
vt 0.7220931649208069 0.4583456814289093 
vt 0.7185022830963135 0.4583456814289093 
vt 0.7328656911849976 0.6637593507766724 
vt 0.7292748093605042 0.6637593507766724 
vt 0.7328656911849976 0.45825254917144775 
vt 0.7292748093605042 0.4583456814289093 
vt 0.7256839871406555 0.6638524532318115 
vt 0.7220931649208069 0.6638524532318115 
vt 0.7256839871406555 0.4583456814289093 
vt 0.7220931649208069 0.4583456814289093 
vt 0.9147096276283264 0.20553599298000336 
vt 0.9174718260765076 0.20553599298000336 
vt 0.9147096276283264 0.36411237716674805 
vt 0.9174718260765076 0.36411237716674805 
vt 0.9203261137008667 0.20553599298000336 
vt 0.923272430896759 0.20553599298000336 
vt 0.9203261137008667 0.36411237716674805 
vt 0.923272430896759 0.36411237716674805 
vt 0.7185022830963135 0.6638524532318115 
vt 0.7149114608764648 0.6638524532318115 
vt 0.7185022830963135 0.4583456814289093 
vt 0.7149114608764648 0.4583456814289093 
vt 0.345791220664978 0.7274506092071533 
vt 0.38243621587753296 0.7274506092071533 
vt 0.345791220664978 0.8478494882583618 
vt 0.38243621587753296 0.8478494882583618 
vt 0.34569913148880005 0.9682483077049255 
vt 0.38234415650367737 0.9682483077049255 
vt 0.3385174572467804 0.8478494882583618 
vt 0.33639976382255554 0.8478494882583618 
vt 0.3385174572467804 0.7274506092071533 
vt 0.33639976382255554 0.7275437116622925 
vt 0.3385174572467804 0.9682483077049255 
vt 0.33639976382255554 0.9682483077049255 
vt 0.3385174572467804 0.8478494882583618 
vt 0.33639976382255554 0.8478494882583618 
vt 0.7069932222366333 0.8494324684143066 
vt 0.7069932222366333 0.8473839163780212 
vt 0.8273324966430664 0.8494324684143066 
vt 0.8273324966430664 0.8473839163780212 
vt 0.7069932222366333 0.8545538187026978 
vt 0.7069932222366333 0.8566954731941223 
vt 0.5865618586540222 0.8545538187026978 
vt 0.5866538882255554 0.8566954731941223 
vt 0.8273324966430664 0.8545538187026978 
vt 0.8273324966430664 0.8566954731941223 
vt 0.7069932222366333 0.8545538187026978 
vt 0.7069932222366333 0.8566954731941223 
vt 0.3436735272407532 0.8478494882583618 
vt 0.345791220664978 0.8478494882583618 
vt 0.3436735272407532 0.9682483077049255 
vt 0.34569913148880005 0.9682483077049255 
vt 0.3385174572467804 0.7274506092071533 
vt 0.3436735272407532 0.7274506092071533 
vt 0.3385174572467804 0.8478494882583618 
vt 0.3436735272407532 0.8478494882583618 
vt 0.3385174572467804 0.9682483077049255 
vt 0.3436735272407532 0.9682483077049255 
vt 0.5865618586540222 0.8473839163780212 
vt 0.5865618586540222 0.8106962442398071 
vt 0.7069932222366333 0.8473839163780212 
vt 0.7069932222366333 0.8106962442398071 
vt 0.8273324966430664 0.8473839163780212 
vt 0.8273324966430664 0.8107893466949463 
s on 
f 1/1/1 2/2/2 3/3/3 
f 2/2/2 4/4/4 3/3/3 
f 3/3/3 4/4/4 5/5/5 
f 4/4/4 6/6/6 5/5/5 
f 5/5/5 6/6/6 7/7/7 
f 6/6/6 8/8/8 7/7/7 
f 7/7/7 8/8/8 8/8/8 
f 8/8/8 9/9/9 8/8/8 
f 8/8/8 9/9/9 9/9/9 
f 9/9/9 10/10/10 9/9/9 
f 9/9/9 10/10/10 11/11/11 
f 10/10/10 12/12/12 11/11/11 
f 11/11/11 12/12/12 13/13/13 
f 12/12/12 14/14/14 13/13/13 
f 13/13/13 14/14/14 14/14/14 
f 14/14/14 15/15/15 14/14/14 
f 14/14/14 15/15/15 15/15/15 
f 15/15/15 16/16/16 15/15/15 
f 15/15/15 16/16/16 17/17/17 
f 16/16/16 18/18/18 17/17/17 
f 17/17/17 18/18/18 19/19/19 
f 18/18/18 20/20/20 19/19/19 
f 19/19/19 20/20/20 20/20/20 
f 20/20/20 21/21/21 20/20/20 
f 20/20/20 21/21/21 21/21/21 
f 21/21/21 22/22/22 21/21/21 
f 21/21/21 22/22/22 23/23/23 
f 22/22/22 24/24/24 23/23/23 
f 23/23/23 24/24/24 25/25/25 
f 24/24/24 26/26/26 25/25/25 
f 25/25/25 26/26/26 26/26/26 
f 26/26/26 27/27/27 26/26/26 
f 26/26/26 27/27/27 27/27/27 
f 27/27/27 28/28/28 27/27/27 
f 27/27/27 28/28/28 29/29/29 
f 28/28/28 30/30/30 29/29/29 
f 29/29/29 30/30/30 30/30/30 
f 30/30/30 31/31/31 30/30/30 
f 30/30/30 31/31/31 31/31/31 
f 31/31/31 32/32/32 31/31/31 
f 31/31/31 32/32/32 33/33/33 
f 32/32/32 34/34/34 33/33/33 
f 33/33/33 34/34/34 34/34/34 
f 34/34/34 35/35/35 34/34/34 
f 34/34/34 35/35/35 35/35/35 
f 35/35/35 36/36/36 35/35/35 
f 35/35/35 36/36/36 37/37/37 
f 36/36/36 38/38/38 37/37/37 
f 37/37/37 38/38/38 38/38/38 
f 38/38/38 39/39/39 38/38/38 
f 38/38/38 39/39/39 39/39/39 
f 39/39/39 40/40/40 39/39/39 
f 39/39/39 40/40/40 41/41/41 
f 40/40/40 42/42/42 41/41/41 
f 41/41/41 42/42/42 42/42/42 
f 42/42/42 43/43/43 42/42/42 
f 42/42/42 43/43/43 43/43/43 
f 43/43/43 44/44/44 43/43/43 
f 43/43/43 44/44/44 45/45/45 
f 44/44/44 46/46/46 45/45/45 
f 45/45/45 46/46/46 46/46/46 
f 46/46/46 47/47/47 46/46/46 
f 46/46/46 47/47/47 47/47/47 
f 47/47/47 48/48/48 47/47/47 
f 47/47/47 48/48/48 49/49/49 
f 48/48/48 50/50/50 49/49/49 
f 49/49/49 50/50/50 50/50/50 
f 50/50/50 51/51/51 50/50/50 
f 50/50/50 51/51/51 51/51/51 
f 51/51/51 52/52/52 51/51/51 
f 51/51/51 52/52/52 53/53/53 
f 52/52/52 54/54/54 53/53/53 
f 53/53/53 54/54/54 54/54/54 
f 54/54/54 55/55/55 54/54/54 
f 54/54/54 55/55/55 55/55/55 
f 55/55/55 56/56/56 55/55/55 
f 55/55/55 56/56/56 57/57/57 
f 56/56/56 58/58/58 57/57/57 
f 57/57/57 58/58/58 58/58/58 
f 58/58/58 59/59/59 58/58/58 
f 58/58/58 59/59/59 59/59/59 
f 59/59/59 60/60/60 59/59/59 
f 59/59/59 60/60/60 61/61/61 
f 60/60/60 60/60/60 61/61/61 
f 61/61/61 60/60/60 62/62/62 
f 60/60/60 63/63/63 62/62/62 
f 62/62/62 63/63/63 64/64/64 
f 63/63/63 65/65/65 64/64/64 
f 64/64/64 65/65/65 66/66/66 
f 65/65/65 66/66/66 66/66/66 
f 66/66/66 66/66/66 67/67/67 
f 66/66/66 67/67/67 67/67/67 
f 67/67/67 67/67/67 68/68/68 
f 67/67/67 69/69/69 68/68/68 
f 68/68/68 69/69/69 70/70/70 
f 69/69/69 71/71/71 70/70/70 
f 70/70/70 71/71/71 72/72/72 
f 71/71/71 72/72/72 72/72/72 
f 72/72/72 72/72/72 73/73/73 
f 72/72/72 73/73/73 73/73/73 
f 73/73/73 73/73/73 74/74/74 
f 73/73/73 75/75/75 74/74/74 
f 74/74/74 75/75/75 76/76/76 
f 75/75/75 77/77/77 76/76/76 
f 76/76/76 77/77/77 78/78/78 
f 77/77/77 78/78/78 78/78/78 
f 78/78/78 78/78/78 79/79/79 
f 78/78/78 79/79/79 79/79/79 
f 79/79/79 79/79/79 80/80/80 
f 79/79/79 81/81/81 80/80/80 
f 80/80/80 81/81/81 82/82/82 
f 81/81/81 83/83/83 82/82/82 
f 82/82/82 83/83/83 84/84/84 
f 83/83/83 84/84/84 84/84/84 
f 84/84/84 84/84/84 85/85/85 
f 84/84/84 85/85/85 85/85/85 
f 85/85/85 85/85/85 86/86/86 
f 85/85/85 87/87/87 86/86/86 
f 86/86/86 87/87/87 88/88/88 
f 87/87/87 88/88/88 88/88/88 
f 88/88/88 88/88/88 89/89/89 
f 88/88/88 89/89/89 89/89/89 
f 89/89/89 89/89/89 90/90/90 
f 89/89/89 91/91/91 90/90/90 
f 90/90/90 91/91/91 92/92/92 
f 91/91/91 92/92/92 92/92/92 
f 92/92/92 92/92/92 93/93/93 
f 92/92/92 93/93/93 93/93/93 
f 93/93/93 93/93/93 94/94/94 
f 93/93/93 95/95/95 94/94/94 
f 94/94/94 95/95/95 96/96/96 
f 95/95/95 96/96/96 96/96/96 
f 96/96/96 96/96/96 97/97/97 
f 96/96/96 97/97/97 97/97/97 
f 97/97/97 97/97/97 98/98/98 
f 97/97/97 99/99/99 98/98/98 
f 98/98/98 99/99/99 100/100/100 
f 99/99/99 100/100/100 100/100/100 
f 100/100/100 100/100/100 101/101/101 
f 100/100/100 101/101/101 101/101/101 
f 101/101/101 101/101/101 102/102/102 
f 101/101/101 103/103/103 102/102/102 
f 102/102/102 103/103/103 104/104/104 
f 103/103/103 104/104/104 104/104/104 
f 104/104/104 104/104/104 105/105/105 
f 104/104/104 105/105/105 105/105/105 
f 105/105/105 105/105/105 106/106/106 
f 105/105/105 107/107/107 106/106/106 
f 106/106/106 107/107/107 108/108/108 
f 107/107/107 108/108/108 108/108/108 
f 108/108/108 108/108/108 109/109/109 
f 108/108/108 109/109/109 109/109/109 
f 109/109/109 109/109/109 110/110/110 
f 109/109/109 111/111/111 110/110/110 
f 110/110/110 111/111/111 112/112/112 
f 111/111/111 112/112/112 112/112/112 
f 112/112/112 112/112/112 113/113/113 
f 112/112/112 113/113/113 113/113/113 
f 113/113/113 113/113/113 114/114/114 
f 113/113/113 115/115/115 114/114/114 
f 114/114/114 115/115/115 116/116/116 
f 115/115/115 116/116/116 116/116/116 
f 116/116/116 116/116/116 117/117/117 
f 116/116/116 117/117/117 117/117/117 
f 117/117/117 117/117/117 118/118/118 
f 117/117/117 119/119/119 118/118/118 
f 118/118/118 119/119/119 120/120/120 
f 119/119/119 120/120/120 120/120/120 
f 120/120/120 120/120/120 121/121/121 
f 120/120/120 121/121/121 121/121/121 
f 121/121/121 121/121/121 122/122/122 
f 121/121/121 123/123/123 122/122/122 
f 122/122/122 123/123/123 124/124/124 
f 123/123/123 124/124/124 124/124/124 
f 124/124/124 124/124/124 125/125/125 
f 124/124/124 125/125/125 125/125/125 
f 125/125/125 125/125/125 125/125/125 
f 125/125/125 126/126/126 125/125/125 
f 125/125/125 126/126/126 127/127/127 
f 126/126/126 128/128/128 127/127/127 
f 127/127/127 128/128/128 128/128/128 
f 128/128/128 129/129/129 128/128/128 
f 128/128/128 129/129/129 129/129/129 
f 129/129/129 130/130/130 129/129/129 
f 129/129/129 130/130/130 131/131/131 
f 130/130/130 132/132/132 131/131/131 
f 131/131/131 132/132/132 132/132/132 
f 132/132/132 133/133/133 132/132/132 
f 132/132/132 133/133/133 133/133/133 
f 133/133/133 134/134/134 133/133/133 
f 133/133/133 134/134/134 135/135/135 
f 134/134/134 136/136/136 135/135/135 
f 135/135/135 136/136/136 136/136/136 
f 136/136/136 137/137/137 136/136/136 
f 136/136/136 137/137/137 137/137/137 
f 137/137/137 138/138/138 137/137/137 
f 137/137/137 138/138/138 139/139/139 
f 138/138/138 140/140/140 139/139/139 
f 139/139/139 140/140/140 140/140/140 
f 140/140/140 141/141/141 140/140/140 
f 140/140/140 141/141/141 141/141/141 
f 141/141/141 142/142/142 141/141/141 
f 141/141/141 142/142/142 143/143/143 
f 142/142/142 144/144/144 143/143/143 
f 143/143/143 144/144/144 144/144/144 
f 144/144/144 145/145/145 144/144/144 
f 144/144/144 145/145/145 145/145/145 
f 145/145/145 146/146/146 145/145/145 
f 145/145/145 146/146/146 147/147/147 
f 146/146/146 148/148/148 147/147/147 
f 147/147/147 148/148/148 148/148/148 
f 148/148/148 149/149/149 148/148/148 
f 148/148/148 149/149/149 149/149/149 
f 149/149/149 150/150/150 149/149/149 
f 149/149/149 150/150/150 151/151/151 
f 150/150/150 152/152/152 151/151/151 
f 151/151/151 152/152/152 152/152/152 
f 152/152/152 153/153/153 152/152/152 
f 152/152/152 153/153/153 153/153/153 
f 153/153/153 154/154/154 153/153/153 
f 153/153/153 154/154/154 155/155/155 
f 154/154/154 156/156/156 155/155/155 
f 155/155/155 156/156/156 156/156/156 
f 156/156/156 157/157/157 156/156/156 
f 156/156/156 157/157/157 157/157/157 
f 157/157/157 158/158/158 157/157/157 
f 157/157/157 158/158/158 159/159/159 
f 158/158/158 160/160/160 159/159/159 
f 159/159/159 160/160/160 160/160/160 
f 160/160/160 161/161/161 160/160/160 
f 160/160/160 161/161/161 161/161/161 
f 161/161/161 162/162/162 161/161/161 
f 161/161/161 162/162/162 163/163/163 
f 162/162/162 164/164/164 163/163/163 
f 163/163/163 164/164/164 164/164/164 
f 164/164/164 165/165/165 164/164/164 
f 164/164/164 165/165/165 165/165/165 
f 165/165/165 166/166/166 165/165/165 
f 165/165/165 166/166/166 167/167/167 
f 166/166/166 168/168/168 167/167/167 
f 167/167/167 168/168/168 168/168/168 
f 168/168/168 169/169/169 168/168/168 
f 168/168/168 169/169/169 169/169/169 
f 169/169/169 170/170/170 169/169/169 
f 169/169/169 170/170/170 171/171/171 
f 170/170/170 172/172/172 171/171/171 
f 171/171/171 172/172/172 172/172/172 
f 172/172/172 173/173/173 172/172/172 
f 172/172/172 173/173/173 173/173/173 
f 173/173/173 174/174/174 173/173/173 
f 173/173/173 174/174/174 175/175/175 
f 174/174/174 176/176/176 175/175/175 
f 175/175/175 176/176/176 176/176/176 
f 176/176/176 177/177/177 176/176/176 
f 176/176/176 177/177/177 177/177/177 
f 177/177/177 178/178/178 177/177/177 
f 177/177/177 178/178/178 179/179/179 
f 178/178/178 180/180/180 179/179/179 
f 179/179/179 180/180/180 180/180/180 
f 180/180/180 181/181/181 180/180/180 
f 180/180/180 181/181/181 181/181/181 
f 181/181/181 182/182/182 181/181/181 
f 181/181/181 182/182/182 183/183/183 
f 182/182/182 184/184/184 183/183/183 
f 183/183/183 184/184/184 184/184/184 
f 184/184/184 185/185/185 184/184/184 
f 184/184/184 185/185/185 185/185/185 
f 185/185/185 186/186/186 185/185/185 
f 185/185/185 186/186/186 187/187/187 
f 186/186/186 188/188/188 187/187/187 
f 187/187/187 188/188/188 188/188/188 
f 188/188/188 189/189/189 188/188/188 
f 188/188/188 189/189/189 189/189/189 
f 189/189/189 190/190/190 189/189/189 
f 189/189/189 190/190/190 191/191/191 
f 190/190/190 192/192/192 191/191/191 
f 191/191/191 192/192/192 192/192/192 
f 192/192/192 193/193/193 192/192/192 
f 192/192/192 193/193/193 193/193/193 
f 193/193/193 194/194/194 193/193/193 
f 193/193/193 194/194/194 195/195/195 
f 194/194/194 196/196/196 195/195/195 
f 195/195/195 196/196/196 196/196/196 
f 196/196/196 197/197/197 196/196/196 
f 196/196/196 197/197/197 197/197/197 
f 197/197/197 198/198/198 197/197/197 
f 197/197/197 198/198/198 199/199/199 
f 198/198/198 200/200/200 199/199/199 
f 199/199/199 200/200/200 200/200/200 
f 200/200/200 201/201/201 200/200/200 
f 200/200/200 201/201/201 201/201/201 
f 201/201/201 202/202/202 201/201/201 
f 201/201/201 202/202/202 203/203/203 
f 202/202/202 204/204/204 203/203/203 
f 203/203/203 204/204/204 204/204/204 
f 204/204/204 205/205/205 204/204/204 
f 204/204/204 205/205/205 205/205/205 
f 205/205/205 206/206/206 205/205/205 
f 205/205/205 206/206/206 207/207/207 
f 206/206/206 208/208/208 207/207/207 
f 207/207/207 208/208/208 208/208/208 
f 208/208/208 209/209/209 208/208/208 
f 208/208/208 209/209/209 209/209/209 
f 209/209/209 210/210/210 209/209/209 
f 209/209/209 210/210/210 211/211/211 
f 210/210/210 212/212/212 211/211/211 
f 211/211/211 212/212/212 212/212/212 
f 212/212/212 213/213/213 212/212/212 
f 212/212/212 213/213/213 213/213/213 
f 213/213/213 214/214/214 213/213/213 
f 213/213/213 214/214/214 215/215/215 
f 214/214/214 216/216/216 215/215/215 
f 215/215/215 216/216/216 216/216/216 
f 216/216/216 217/217/217 216/216/216 
f 216/216/216 217/217/217 217/217/217 
f 217/217/217 218/218/218 217/217/217 
f 217/217/217 218/218/218 219/219/219 
f 218/218/218 220/220/220 219/219/219 
f 219/219/219 220/220/220 220/220/220 
f 220/220/220 221/221/221 220/220/220 
f 220/220/220 221/221/221 221/221/221 
f 221/221/221 222/222/222 221/221/221 
f 221/221/221 222/222/222 223/223/223 
f 222/222/222 224/224/224 223/223/223 
f 223/223/223 224/224/224 224/224/224 
f 224/224/224 225/225/225 224/224/224 
f 224/224/224 225/225/225 225/225/225 
f 225/225/225 226/226/226 225/225/225 
f 225/225/225 226/226/226 227/227/227 
f 226/226/226 228/228/228 227/227/227 
f 227/227/227 228/228/228 228/228/228 
f 228/228/228 229/229/229 228/228/228 
f 228/228/228 229/229/229 229/229/229 
f 229/229/229 230/230/230 229/229/229 
f 229/229/229 230/230/230 231/231/231 
f 230/230/230 232/232/232 231/231/231 
f 231/231/231 232/232/232 232/232/232 
f 232/232/232 233/233/233 232/232/232 
f 232/232/232 233/233/233 233/233/233 
f 233/233/233 234/234/234 233/233/233 
f 233/233/233 234/234/234 235/235/235 
f 234/234/234 236/236/236 235/235/235 
f 235/235/235 236/236/236 236/236/236 
f 236/236/236 237/237/237 236/236/236 
f 236/236/236 237/237/237 237/237/237 
f 237/237/237 238/238/238 237/237/237 
f 237/237/237 238/238/238 239/239/239 
f 238/238/238 240/240/240 239/239/239 
f 239/239/239 240/240/240 240/240/240 
f 240/240/240 241/241/241 240/240/240 
f 240/240/240 241/241/241 241/241/241 
f 241/241/241 242/242/242 241/241/241 
f 241/241/241 242/242/242 243/243/243 
f 242/242/242 244/244/244 243/243/243 
f 243/243/243 244/244/244 244/244/244 
f 244/244/244 245/245/245 244/244/244 
f 244/244/244 245/245/245 245/245/245 
f 245/245/245 246/246/246 245/245/245 
f 245/245/245 246/246/246 247/247/247 
f 246/246/246 248/248/248 247/247/247 
f 247/247/247 248/248/248 248/248/248 
f 248/248/248 249/249/249 248/248/248 
f 248/248/248 249/249/249 249/249/249 
f 249/249/249 250/250/250 249/249/249 
f 249/249/249 250/250/250 251/251/251 
f 250/250/250 252/252/252 251/251/251 
f 251/251/251 252/252/252 252/252/252 
f 252/252/252 253/253/253 252/252/252 
f 252/252/252 253/253/253 253/253/253 
f 253/253/253 254/254/254 253/253/253 
f 253/253/253 254/254/254 255/255/255 
f 254/254/254 256/256/256 255/255/255 
f 255/255/255 256/256/256 256/256/256 
f 256/256/256 257/257/257 256/256/256 
f 256/256/256 257/257/257 257/257/257 
f 257/257/257 258/258/258 257/257/257 
f 257/257/257 258/258/258 259/259/259 
f 258/258/258 260/260/260 259/259/259 
f 259/259/259 260/260/260 260/260/260 
f 260/260/260 261/261/261 260/260/260 
f 260/260/260 261/261/261 261/261/261 
f 261/261/261 262/262/262 261/261/261 
f 261/261/261 262/262/262 263/263/263 
f 262/262/262 264/264/264 263/263/263 
f 263/263/263 264/264/264 264/264/264 
f 264/264/264 265/265/265 264/264/264 
f 264/264/264 265/265/265 265/265/265 
f 265/265/265 266/266/266 265/265/265 
f 265/265/265 266/266/266 267/267/267 
f 266/266/266 268/268/268 267/267/267 
f 267/267/267 268/268/268 268/268/268 
f 268/268/268 269/269/269 268/268/268 
f 268/268/268 269/269/269 269/269/269 
f 269/269/269 270/270/270 269/269/269 
f 269/269/269 270/270/270 271/271/271 
f 270/270/270 272/272/272 271/271/271 
f 271/271/271 272/272/272 272/272/272 
f 272/272/272 273/273/273 272/272/272 
f 272/272/272 273/273/273 273/273/273 
f 273/273/273 274/274/274 273/273/273 
f 273/273/273 274/274/274 275/275/275 
f 274/274/274 276/276/276 275/275/275 
f 275/275/275 276/276/276 276/276/276 
f 276/276/276 277/277/277 276/276/276 
f 276/276/276 277/277/277 277/277/277 
f 277/277/277 278/278/278 277/277/277 
f 277/277/277 278/278/278 279/279/279 
f 278/278/278 280/280/280 279/279/279 
f 279/279/279 280/280/280 280/280/280 
f 280/280/280 281/281/281 280/280/280 
f 280/280/280 281/281/281 281/281/281 
f 281/281/281 282/282/282 281/281/281 
f 281/281/281 282/282/282 283/283/283 
f 282/282/282 284/284/284 283/283/283 
f 283/283/283 284/284/284 284/284/284 
f 284/284/284 285/285/285 284/284/284 
f 284/284/284 285/285/285 285/285/285 
f 285/285/285 286/286/286 285/285/285 
f 285/285/285 286/286/286 287/287/287 
f 286/286/286 288/288/288 287/287/287 
f 287/287/287 288/288/288 288/288/288 
f 288/288/288 289/289/289 288/288/288 
f 288/288/288 289/289/289 289/289/289 
f 289/289/289 290/290/290 289/289/289 
f 289/289/289 290/290/290 291/291/291 
f 290/290/290 292/292/292 291/291/291 
f 291/291/291 292/292/292 292/292/292 
f 292/292/292 293/293/293 292/292/292 
f 292/292/292 293/293/293 293/293/293 
f 293/293/293 294/294/294 293/293/293 
f 293/293/293 294/294/294 295/295/295 
f 294/294/294 296/296/296 295/295/295 
f 295/295/295 296/296/296 296/296/296 
f 296/296/296 297/297/297 296/296/296 
f 296/296/296 297/297/297 297/297/297 
f 297/297/297 298/298/298 297/297/297 
f 297/297/297 298/298/298 299/299/299 
f 298/298/298 300/300/300 299/299/299 
f 299/299/299 300/300/300 300/300/300 
f 300/300/300 301/301/301 300/300/300 
f 300/300/300 301/301/301 301/301/301 
f 301/301/301 302/302/302 301/301/301 
f 301/301/301 302/302/302 303/303/303 
f 302/302/302 304/304/304 303/303/303 
f 303/303/303 304/304/304 304/304/304 
f 304/304/304 305/305/305 304/304/304 
f 304/304/304 305/305/305 305/305/305 
f 305/305/305 306/306/306 305/305/305 
f 305/305/305 306/306/306 307/307/307 
f 306/306/306 308/308/308 307/307/307 
f 307/307/307 308/308/308 308/308/308 
f 308/308/308 309/309/309 308/308/308 
f 308/308/308 309/309/309 309/309/309 
f 309/309/309 310/310/310 309/309/309 
f 309/309/309 310/310/310 311/311/311 
f 310/310/310 312/312/312 311/311/311 
f 311/311/311 312/312/312 312/312/312 
f 312/312/312 313/313/313 312/312/312 
f 312/312/312 313/313/313 313/313/313 
f 313/313/313 314/314/314 313/313/313 
f 313/313/313 314/314/314 315/315/315 
f 314/314/314 316/316/316 315/315/315 
f 315/315/315 316/316/316 316/316/316 
f 316/316/316 317/317/317 316/316/316 
f 316/316/316 317/317/317 317/317/317 
f 317/317/317 318/318/318 317/317/317 
f 317/317/317 318/318/318 319/319/319 
f 318/318/318 320/320/320 319/319/319 
f 319/319/319 320/320/320 320/320/320 
f 320/320/320 321/321/321 320/320/320 
f 320/320/320 321/321/321 321/321/321 
f 321/321/321 322/322/322 321/321/321 
f 321/321/321 322/322/322 323/323/323 
f 322/322/322 324/324/324 323/323/323 
f 323/323/323 324/324/324 324/324/324 
f 324/324/324 325/325/325 324/324/324 
f 324/324/324 325/325/325 325/325/325 
f 325/325/325 326/326/326 325/325/325 
f 325/325/325 326/326/326 327/327/327 
f 326/326/326 328/328/328 327/327/327 
f 327/327/327 328/328/328 328/328/328 
f 328/328/328 329/329/329 328/328/328 
f 328/328/328 329/329/329 329/329/329 
f 329/329/329 330/330/330 329/329/329 
f 329/329/329 330/330/330 331/331/331 
f 330/330/330 332/332/332 331/331/331 
f 331/331/331 332/332/332 332/332/332 
f 332/332/332 333/333/333 332/332/332 
f 332/332/332 333/333/333 333/333/333 
f 333/333/333 334/334/334 333/333/333 
f 333/333/333 334/334/334 335/335/335 
f 334/334/334 336/336/336 335/335/335 
f 335/335/335 336/336/336 336/336/336 
f 336/336/336 337/337/337 336/336/336 
f 336/336/336 337/337/337 337/337/337 
f 337/337/337 338/338/338 337/337/337 
f 337/337/337 338/338/338 339/339/339 
f 338/338/338 340/340/340 339/339/339 
f 339/339/339 340/340/340 340/340/340 
f 340/340/340 341/341/341 340/340/340 
f 340/340/340 341/341/341 341/341/341 
f 341/341/341 342/342/342 341/341/341 
f 341/341/341 342/342/342 343/343/343 
f 342/342/342 344/344/344 343/343/343 
f 343/343/343 344/344/344 344/344/344 
f 344/344/344 345/345/345 344/344/344 
f 344/344/344 345/345/345 345/345/345 
f 345/345/345 346/346/346 345/345/345 
f 345/345/345 346/346/346 347/347/347 
f 346/346/346 348/348/348 347/347/347 
f 347/347/347 348/348/348 348/348/348 
f 348/348/348 349/349/349 348/348/348 
f 348/348/348 349/349/349 349/349/349 
f 349/349/349 350/350/350 349/349/349 
f 349/349/349 350/350/350 351/351/351 
f 350/350/350 352/352/352 351/351/351 
f 351/351/351 352/352/352 352/352/352 
f 352/352/352 353/353/353 352/352/352 
f 352/352/352 353/353/353 353/353/353 
f 353/353/353 354/354/354 353/353/353 
f 353/353/353 354/354/354 355/355/355 
f 354/354/354 356/356/356 355/355/355 
f 355/355/355 356/356/356 356/356/356 
f 356/356/356 357/357/357 356/356/356 
f 356/356/356 357/357/357 357/357/357 
f 357/357/357 358/358/358 357/357/357 
f 357/357/357 358/358/358 359/359/359 
f 358/358/358 360/360/360 359/359/359 
f 359/359/359 360/360/360 360/360/360 
f 360/360/360 361/361/361 360/360/360 
f 360/360/360 361/361/361 361/361/361 
f 361/361/361 362/362/362 361/361/361 
f 361/361/361 362/362/362 363/363/363 
f 362/362/362 364/364/364 363/363/363 
f 363/363/363 364/364/364 364/364/364 
f 364/364/364 365/365/365 364/364/364 
f 364/364/364 365/365/365 365/365/365 
f 365/365/365 366/366/366 365/365/365 
f 365/365/365 366/366/366 367/367/367 
f 366/366/366 368/368/368 367/367/367 
f 367/367/367 368/368/368 368/368/368 
f 368/368/368 369/369/369 368/368/368 
f 368/368/368 369/369/369 369/369/369 
f 369/369/369 370/370/370 369/369/369 
f 369/369/369 370/370/370 371/371/371 
f 370/370/370 372/372/372 371/371/371 
f 371/371/371 372/372/372 372/372/372 
f 372/372/372 373/373/373 372/372/372 
f 372/372/372 373/373/373 373/373/373 
f 373/373/373 374/374/374 373/373/373 
f 373/373/373 374/374/374 375/375/375 
f 374/374/374 376/376/376 375/375/375 
f 375/375/375 376/376/376 376/376/376 
f 376/376/376 377/377/377 376/376/376 
f 376/376/376 377/377/377 377/377/377 
f 377/377/377 378/378/378 377/377/377 
f 377/377/377 378/378/378 379/379/379 
f 378/378/378 380/380/380 379/379/379 
f 379/379/379 380/380/380 380/380/380 
f 380/380/380 381/381/381 380/380/380 
f 380/380/380 381/381/381 381/381/381 
f 381/381/381 382/382/382 381/381/381 
f 381/381/381 382/382/382 383/383/383 
f 382/382/382 384/384/384 383/383/383 
f 383/383/383 384/384/384 384/384/384 
f 384/384/384 385/385/385 384/384/384 
f 384/384/384 385/385/385 385/385/385 
f 385/385/385 386/386/386 385/385/385 
f 385/385/385 386/386/386 387/387/387 
f 386/386/386 388/388/388 387/387/387 
f 387/387/387 388/388/388 388/388/388 
f 388/388/388 389/389/389 388/388/388 
f 388/388/388 389/389/389 389/389/389 
f 389/389/389 390/390/390 389/389/389 
f 389/389/389 390/390/390 391/391/391 
f 390/390/390 392/392/392 391/391/391 
f 391/391/391 392/392/392 392/392/392 
f 392/392/392 393/393/393 392/392/392 
f 392/392/392 393/393/393 393/393/393 
f 393/393/393 394/394/394 393/393/393 
f 393/393/393 394/394/394 395/395/395 
f 394/394/394 396/396/396 395/395/395 
f 395/395/395 396/396/396 396/396/396 
f 396/396/396 397/397/397 396/396/396 
f 396/396/396 397/397/397 397/397/397 
f 397/397/397 398/398/398 397/397/397 
f 397/397/397 398/398/398 399/399/399 
f 398/398/398 400/400/400 399/399/399 
f 399/399/399 400/400/400 400/400/400 
f 400/400/400 401/401/401 400/400/400 
f 400/400/400 401/401/401 401/401/401 
f 401/401/401 402/402/402 401/401/401 
f 401/401/401 402/402/402 403/403/403 
f 402/402/402 404/404/404 403/403/403 
f 403/403/403 404/404/404 404/404/404 
f 404/404/404 405/405/405 404/404/404 
f 404/404/404 405/405/405 405/405/405 
f 405/405/405 406/406/406 405/405/405 
f 405/405/405 406/406/406 407/407/407 
f 406/406/406 408/408/408 407/407/407 
f 407/407/407 408/408/408 408/408/408 
f 408/408/408 409/409/409 408/408/408 
f 408/408/408 409/409/409 409/409/409 
f 409/409/409 410/410/410 409/409/409 
f 409/409/409 410/410/410 411/411/411 
f 410/410/410 412/412/412 411/411/411 
f 411/411/411 412/412/412 412/412/412 
f 412/412/412 413/413/413 412/412/412 
f 412/412/412 413/413/413 413/413/413 
f 413/413/413 414/414/414 413/413/413 
f 413/413/413 414/414/414 415/415/415 
f 414/414/414 416/416/416 415/415/415 
f 415/415/415 416/416/416 416/416/416 
f 416/416/416 417/417/417 416/416/416 
f 416/416/416 417/417/417 417/417/417 
f 417/417/417 418/418/418 417/417/417 
f 417/417/417 418/418/418 419/419/419 
f 418/418/418 420/420/420 419/419/419 
f 419/419/419 420/420/420 420/420/420 
f 420/420/420 421/421/421 420/420/420 
f 420/420/420 421/421/421 421/421/421 
f 421/421/421 422/422/422 421/421/421 
f 421/421/421 422/422/422 423/423/423 
f 422/422/422 424/424/424 423/423/423 
f 423/423/423 424/424/424 424/424/424 
f 424/424/424 425/425/425 424/424/424 
f 424/424/424 425/425/425 425/425/425 
f 425/425/425 426/426/426 425/425/425 
f 425/425/425 426/426/426 427/427/427 
f 426/426/426 428/428/428 427/427/427 
f 427/427/427 428/428/428 428/428/428 
f 428/428/428 429/429/429 428/428/428 
f 428/428/428 429/429/429 429/429/429 
f 429/429/429 430/430/430 429/429/429 
f 429/429/429 430/430/430 431/431/431 
f 430/430/430 432/432/432 431/431/431 
f 431/431/431 432/432/432 432/432/432 
f 432/432/432 433/433/433 432/432/432 
f 432/432/432 433/433/433 433/433/433 
f 433/433/433 434/434/434 433/433/433 
f 433/433/433 434/434/434 435/435/435 
f 434/434/434 436/436/436 435/435/435 
f 435/435/435 436/436/436 436/436/436 
f 436/436/436 437/437/437 436/436/436 
f 436/436/436 437/437/437 437/437/437 
f 437/437/437 438/438/438 437/437/437 
f 437/437/437 438/438/438 439/439/439 
f 438/438/438 440/440/440 439/439/439 
f 439/439/439 440/440/440 440/440/440 
f 440/440/440 441/441/441 440/440/440 
f 440/440/440 441/441/441 441/441/441 
f 441/441/441 442/442/442 441/441/441 
f 441/441/441 442/442/442 443/443/443 
f 442/442/442 444/444/444 443/443/443 
f 443/443/443 444/444/444 444/444/444 
f 444/444/444 445/445/445 444/444/444 
f 444/444/444 445/445/445 445/445/445 
f 445/445/445 446/446/446 445/445/445 
f 445/445/445 446/446/446 447/447/447 
f 446/446/446 448/448/448 447/447/447 
f 447/447/447 448/448/448 448/448/448 
f 448/448/448 449/449/449 448/448/448 
f 448/448/448 449/449/449 449/449/449 
f 449/449/449 450/450/450 449/449/449 
f 449/449/449 450/450/450 451/451/451 
f 450/450/450 452/452/452 451/451/451 
f 451/451/451 452/452/452 452/452/452 
f 452/452/452 453/453/453 452/452/452 
f 452/452/452 453/453/453 453/453/453 
f 453/453/453 454/454/454 453/453/453 
f 453/453/453 454/454/454 455/455/455 
f 454/454/454 456/456/456 455/455/455 
f 455/455/455 456/456/456 456/456/456 
f 456/456/456 457/457/457 456/456/456 
f 456/456/456 457/457/457 457/457/457 
f 457/457/457 458/458/458 457/457/457 
f 457/457/457 458/458/458 459/459/459 
f 458/458/458 460/460/460 459/459/459 
f 459/459/459 460/460/460 460/460/460 
f 460/460/460 461/461/461 460/460/460 
f 460/460/460 461/461/461 461/461/461 
f 461/461/461 462/462/462 461/461/461 
f 461/461/461 462/462/462 463/463/463 
f 462/462/462 464/464/464 463/463/463 
f 463/463/463 464/464/464 464/464/464 
f 464/464/464 465/465/465 464/464/464 
f 464/464/464 465/465/465 465/465/465 
f 465/465/465 466/466/466 465/465/465 
f 465/465/465 466/466/466 467/467/467 
f 466/466/466 468/468/468 467/467/467 
f 467/467/467 468/468/468 468/468/468 
f 468/468/468 469/469/469 468/468/468 
f 468/468/468 469/469/469 469/469/469 
f 469/469/469 470/470/470 469/469/469 
f 469/469/469 470/470/470 471/471/471 
f 470/470/470 472/472/472 471/471/471 
f 471/471/471 472/472/472 472/472/472 
f 472/472/472 473/473/473 472/472/472 
f 472/472/472 473/473/473 473/473/473 
f 473/473/473 474/474/474 473/473/473 
f 473/473/473 474/474/474 475/475/475 
f 474/474/474 476/476/476 475/475/475 
f 475/475/475 476/476/476 476/476/476 
f 476/476/476 477/477/477 476/476/476 
f 476/476/476 477/477/477 477/477/477 
f 477/477/477 478/478/478 477/477/477 
f 477/477/477 478/478/478 479/479/479 
f 478/478/478 480/480/480 479/479/479 
f 479/479/479 480/480/480 480/480/480 
f 480/480/480 481/481/481 480/480/480 
f 480/480/480 481/481/481 481/481/481 
f 481/481/481 482/482/482 481/481/481 
f 481/481/481 482/482/482 483/483/483 
f 482/482/482 484/484/484 483/483/483 
f 483/483/483 484/484/484 484/484/484 
f 484/484/484 485/485/485 484/484/484 
f 484/484/484 485/485/485 485/485/485 
f 485/485/485 486/486/486 485/485/485 
f 485/485/485 486/486/486 487/487/487 
f 486/486/486 488/488/488 487/487/487 
f 487/487/487 488/488/488 488/488/488 
f 488/488/488 489/489/489 488/488/488 
f 488/488/488 489/489/489 489/489/489 
f 489/489/489 490/490/490 489/489/489 
f 489/489/489 490/490/490 491/491/491 
f 490/490/490 492/492/492 491/491/491 
f 491/491/491 492/492/492 492/492/492 
f 492/492/492 493/493/493 492/492/492 
f 492/492/492 493/493/493 493/493/493 
f 493/493/493 494/494/494 493/493/493 
f 493/493/493 494/494/494 495/495/495 
f 494/494/494 496/496/496 495/495/495 
f 495/495/495 496/496/496 496/496/496 
f 496/496/496 497/497/497 496/496/496 
f 496/496/496 497/497/497 497/497/497 
f 497/497/497 498/498/498 497/497/497 
f 497/497/497 498/498/498 499/499/499 
f 498/498/498 500/500/500 499/499/499 
f 499/499/499 500/500/500 500/500/500 
f 500/500/500 501/501/501 500/500/500 
f 500/500/500 501/501/501 501/501/501 
f 501/501/501 502/502/502 501/501/501 
f 501/501/501 502/502/502 503/503/503 
f 502/502/502 504/504/504 503/503/503 
f 503/503/503 504/504/504 504/504/504 
f 504/504/504 505/505/505 504/504/504 
f 504/504/504 505/505/505 505/505/505 
f 505/505/505 506/506/506 505/505/505 
f 505/505/505 506/506/506 507/507/507 
f 506/506/506 508/508/508 507/507/507 
f 507/507/507 508/508/508 508/508/508 
f 508/508/508 509/509/509 508/508/508 
f 508/508/508 509/509/509 509/509/509 
f 509/509/509 510/510/510 509/509/509 
f 509/509/509 510/510/510 511/511/511 
f 510/510/510 512/512/512 511/511/511 
f 511/511/511 512/512/512 512/512/512 
f 512/512/512 513/513/513 512/512/512 
f 512/512/512 513/513/513 513/513/513 
f 513/513/513 514/514/514 513/513/513 
f 513/513/513 514/514/514 515/515/515 
f 514/514/514 516/516/516 515/515/515 
f 515/515/515 516/516/516 516/516/516 
f 516/516/516 517/517/517 516/516/516 
f 516/516/516 517/517/517 517/517/517 
f 517/517/517 518/518/518 517/517/517 
f 517/517/517 518/518/518 519/519/519 
f 518/518/518 520/520/520 519/519/519 
f 519/519/519 520/520/520 520/520/520 
f 520/520/520 521/521/521 520/520/520 
f 520/520/520 521/521/521 521/521/521 
f 521/521/521 522/522/522 521/521/521 
f 521/521/521 522/522/522 523/523/523 
f 522/522/522 524/524/524 523/523/523 
f 523/523/523 524/524/524 524/524/524 
f 524/524/524 525/525/525 524/524/524 
f 524/524/524 525/525/525 525/525/525 
f 525/525/525 526/526/526 525/525/525 
f 525/525/525 526/526/526 527/527/527 
f 526/526/526 528/528/528 527/527/527 
f 527/527/527 528/528/528 528/528/528 
f 528/528/528 529/529/529 528/528/528 
f 528/528/528 529/529/529 529/529/529 
f 529/529/529 530/530/530 529/529/529 
f 529/529/529 530/530/530 531/531/531 
f 530/530/530 532/532/532 531/531/531 
f 531/531/531 532/532/532 532/532/532 
f 532/532/532 533/533/533 532/532/532 
f 532/532/532 533/533/533 533/533/533 
f 533/533/533 534/534/534 533/533/533 
f 533/533/533 534/534/534 535/535/535 
f 534/534/534 536/536/536 535/535/535 
f 535/535/535 536/536/536 536/536/536 
f 536/536/536 537/537/537 536/536/536 
f 536/536/536 537/537/537 537/537/537 
f 537/537/537 538/538/538 537/537/537 
f 537/537/537 538/538/538 539/539/539 
f 538/538/538 540/540/540 539/539/539 
f 539/539/539 540/540/540 540/540/540 
f 540/540/540 541/541/541 540/540/540 
f 540/540/540 541/541/541 541/541/541 
f 541/541/541 542/542/542 541/541/541 
f 541/541/541 542/542/542 543/543/543 
f 542/542/542 544/544/544 543/543/543 
f 543/543/543 544/544/544 544/544/544 
f 544/544/544 545/545/545 544/544/544 
f 544/544/544 545/545/545 545/545/545 
f 545/545/545 546/546/546 545/545/545 
f 545/545/545 546/546/546 547/547/547 
f 546/546/546 548/548/548 547/547/547 
f 547/547/547 548/548/548 548/548/548 
f 548/548/548 549/549/549 548/548/548 
f 548/548/548 549/549/549 549/549/549 
f 549/549/549 550/550/550 549/549/549 
f 549/549/549 550/550/550 551/551/551 
f 550/550/550 552/552/552 551/551/551 
f 551/551/551 552/552/552 552/552/552 
f 552/552/552 553/553/553 552/552/552 
f 552/552/552 553/553/553 553/553/553 
f 553/553/553 554/554/554 553/553/553 
f 553/553/553 554/554/554 555/555/555 
f 554/554/554 556/556/556 555/555/555 
f 555/555/555 556/556/556 556/556/556 
f 556/556/556 557/557/557 556/556/556 
f 556/556/556 557/557/557 557/557/557 
f 557/557/557 558/558/558 557/557/557 
f 557/557/557 558/558/558 559/559/559 
f 558/558/558 560/560/560 559/559/559 
f 559/559/559 560/560/560 560/560/560 
f 560/560/560 561/561/561 560/560/560 
f 560/560/560 561/561/561 561/561/561 
f 561/561/561 562/562/562 561/561/561 
f 561/561/561 562/562/562 563/563/563 
f 562/562/562 564/564/564 563/563/563 
f 563/563/563 564/564/564 564/564/564 
f 564/564/564 565/565/565 564/564/564 
f 564/564/564 565/565/565 565/565/565 
f 565/565/565 566/566/566 565/565/565 
f 565/565/565 566/566/566 567/567/567 
f 566/566/566 568/568/568 567/567/567 
f 567/567/567 568/568/568 568/568/568 
f 568/568/568 569/569/569 568/568/568 
f 568/568/568 569/569/569 569/569/569 
f 569/569/569 570/570/570 569/569/569 
f 569/569/569 570/570/570 571/571/571 
f 570/570/570 572/572/572 571/571/571 
f 571/571/571 572/572/572 572/572/572 
f 572/572/572 573/573/573 572/572/572 
f 572/572/572 573/573/573 573/573/573 
f 573/573/573 574/574/574 573/573/573 
f 573/573/573 574/574/574 575/575/575 
f 574/574/574 576/576/576 575/575/575 
f 575/575/575 576/576/576 576/576/576 
f 576/576/576 577/577/577 576/576/576 
f 576/576/576 577/577/577 577/577/577 
f 577/577/577 578/578/578 577/577/577 
f 577/577/577 578/578/578 579/579/579 
f 578/578/578 580/580/580 579/579/579 
f 579/579/579 580/580/580 580/580/580 
f 580/580/580 581/581/581 580/580/580 
f 580/580/580 581/581/581 581/581/581 
f 581/581/581 582/582/582 581/581/581 
f 581/581/581 582/582/582 583/583/583 
f 582/582/582 584/584/584 583/583/583 
f 583/583/583 584/584/584 584/584/584 
f 584/584/584 585/585/585 584/584/584 
f 584/584/584 585/585/585 585/585/585 
f 585/585/585 586/586/586 585/585/585 
f 585/585/585 586/586/586 587/587/587 
f 586/586/586 588/588/588 587/587/587 
f 587/587/587 588/588/588 588/588/588 
f 588/588/588 589/589/589 588/588/588 
f 588/588/588 589/589/589 589/589/589 
f 589/589/589 590/590/590 589/589/589 
f 589/589/589 590/590/590 591/591/591 
f 590/590/590 592/592/592 591/591/591 
f 591/591/591 592/592/592 592/592/592 
f 592/592/592 593/593/593 592/592/592 
f 592/592/592 593/593/593 593/593/593 
f 593/593/593 594/594/594 593/593/593 
f 593/593/593 594/594/594 595/595/595 
f 594/594/594 596/596/596 595/595/595 
f 595/595/595 596/596/596 596/596/596 
f 596/596/596 597/597/597 596/596/596 
f 596/596/596 597/597/597 597/597/597 
f 597/597/597 598/598/598 597/597/597 
f 597/597/597 598/598/598 599/599/599 
f 598/598/598 600/600/600 599/599/599 
f 599/599/599 600/600/600 600/600/600 
f 600/600/600 601/601/601 600/600/600 
f 600/600/600 601/601/601 601/601/601 
f 601/601/601 602/602/602 601/601/601 
f 601/601/601 602/602/602 603/603/603 
f 602/602/602 604/604/604 603/603/603 
f 603/603/603 604/604/604 604/604/604 
f 604/604/604 605/605/605 604/604/604 
f 604/604/604 605/605/605 605/605/605 
f 605/605/605 606/606/606 605/605/605 
f 605/605/605 606/606/606 607/607/607 
f 606/606/606 608/608/608 607/607/607 
f 607/607/607 608/608/608 608/608/608 
f 608/608/608 609/609/609 608/608/608 
f 608/608/608 609/609/609 609/609/609 
f 609/609/609 610/610/610 609/609/609 
f 609/609/609 610/610/610 611/611/611 
f 610/610/610 612/612/612 611/611/611 
f 611/611/611 612/612/612 612/612/612 
f 612/612/612 613/613/613 612/612/612 
f 612/612/612 613/613/613 613/613/613 
f 613/613/613 614/614/614 613/613/613 
f 613/613/613 614/614/614 615/615/615 
f 614/614/614 616/616/616 615/615/615 
f 615/615/615 616/616/616 616/616/616 
f 616/616/616 617/617/617 616/616/616 
f 616/616/616 617/617/617 617/617/617 
f 617/617/617 618/618/618 617/617/617 
f 617/617/617 618/618/618 619/619/619 
f 618/618/618 620/620/620 619/619/619 
f 619/619/619 620/620/620 620/620/620 
f 620/620/620 621/621/621 620/620/620 
f 620/620/620 621/621/621 621/621/621 
f 621/621/621 622/622/622 621/621/621 
f 621/621/621 622/622/622 623/623/623 
f 622/622/622 624/624/624 623/623/623 
f 623/623/623 624/624/624 624/624/624 
f 624/624/624 625/625/625 624/624/624 
f 624/624/624 625/625/625 625/625/625 
f 625/625/625 626/626/626 625/625/625 
f 625/625/625 626/626/626 627/627/627 
f 626/626/626 628/628/628 627/627/627 
f 627/627/627 628/628/628 628/628/628 
f 628/628/628 629/629/629 628/628/628 
f 628/628/628 629/629/629 629/629/629 
f 629/629/629 630/630/630 629/629/629 
f 629/629/629 630/630/630 631/631/631 
f 630/630/630 632/632/632 631/631/631 
f 631/631/631 632/632/632 632/632/632 
f 632/632/632 633/633/633 632/632/632 
f 632/632/632 633/633/633 633/633/633 
f 633/633/633 634/634/634 633/633/633 
f 633/633/633 634/634/634 635/635/635 
f 634/634/634 636/636/636 635/635/635 
f 635/635/635 636/636/636 636/636/636 
f 636/636/636 637/637/637 636/636/636 
f 636/636/636 637/637/637 637/637/637 
f 637/637/637 638/638/638 637/637/637 
f 637/637/637 638/638/638 639/639/639 
f 638/638/638 640/640/640 639/639/639 
f 639/639/639 640/640/640 640/640/640 
f 640/640/640 641/641/641 640/640/640 
f 640/640/640 641/641/641 641/641/641 
f 641/641/641 642/642/642 641/641/641 
f 641/641/641 642/642/642 643/643/643 
f 642/642/642 644/644/644 643/643/643 
f 643/643/643 644/644/644 644/644/644 
f 644/644/644 645/645/645 644/644/644 
f 644/644/644 645/645/645 645/645/645 
f 645/645/645 646/646/646 645/645/645 
f 645/645/645 646/646/646 647/647/647 
f 646/646/646 648/648/648 647/647/647 
f 647/647/647 648/648/648 648/648/648 
f 648/648/648 649/649/649 648/648/648 
f 648/648/648 649/649/649 649/649/649 
f 649/649/649 650/650/650 649/649/649 
f 649/649/649 650/650/650 651/651/651 
f 650/650/650 652/652/652 651/651/651 
f 651/651/651 652/652/652 652/652/652 
f 652/652/652 653/653/653 652/652/652 
f 652/652/652 653/653/653 653/653/653 
f 653/653/653 654/654/654 653/653/653 
f 653/653/653 654/654/654 655/655/655 
f 654/654/654 656/656/656 655/655/655 
f 655/655/655 656/656/656 656/656/656 
f 656/656/656 657/657/657 656/656/656 
f 656/656/656 657/657/657 657/657/657 
f 657/657/657 658/658/658 657/657/657 
f 657/657/657 658/658/658 659/659/659 
f 658/658/658 660/660/660 659/659/659 
f 659/659/659 660/660/660 660/660/660 
f 660/660/660 661/661/661 660/660/660 
f 660/660/660 661/661/661 661/661/661 
f 661/661/661 662/662/662 661/661/661 
f 661/661/661 662/662/662 663/663/663 
f 662/662/662 664/664/664 663/663/663 
f 663/663/663 664/664/664 664/664/664 
f 664/664/664 665/665/665 664/664/664 
f 664/664/664 665/665/665 665/665/665 
f 665/665/665 666/666/666 665/665/665 
f 665/665/665 666/666/666 667/667/667 
f 666/666/666 668/668/668 667/667/667 
f 667/667/667 668/668/668 668/668/668 
f 668/668/668 669/669/669 668/668/668 
f 668/668/668 669/669/669 669/669/669 
f 669/669/669 670/670/670 669/669/669 
f 669/669/669 670/670/670 671/671/671 
f 670/670/670 672/672/672 671/671/671 
f 671/671/671 672/672/672 672/672/672 
f 672/672/672 673/673/673 672/672/672 
f 672/672/672 673/673/673 673/673/673 
f 673/673/673 674/674/674 673/673/673 
f 673/673/673 674/674/674 675/675/675 
f 674/674/674 676/676/676 675/675/675 
f 675/675/675 676/676/676 676/676/676 
f 676/676/676 677/677/677 676/676/676 
f 676/676/676 677/677/677 677/677/677 
f 677/677/677 678/678/678 677/677/677 
f 677/677/677 678/678/678 679/679/679 
f 678/678/678 680/680/680 679/679/679 
f 679/679/679 680/680/680 680/680/680 
f 680/680/680 681/681/681 680/680/680 
f 680/680/680 681/681/681 681/681/681 
f 681/681/681 682/682/682 681/681/681 
f 681/681/681 682/682/682 683/683/683 
f 682/682/682 684/684/684 683/683/683 
f 683/683/683 684/684/684 684/684/684 
f 684/684/684 685/685/685 684/684/684 
f 684/684/684 685/685/685 685/685/685 
f 685/685/685 686/686/686 685/685/685 
f 685/685/685 686/686/686 687/687/687 
f 686/686/686 688/688/688 687/687/687 
f 687/687/687 688/688/688 688/688/688 
f 688/688/688 689/689/689 688/688/688 
f 688/688/688 689/689/689 689/689/689 
f 689/689/689 690/690/690 689/689/689 
f 689/689/689 690/690/690 691/691/691 
f 690/690/690 692/692/692 691/691/691 
f 691/691/691 692/692/692 692/692/692 
f 692/692/692 693/693/693 692/692/692 
f 692/692/692 693/693/693 693/693/693 
f 693/693/693 694/694/694 693/693/693 
f 693/693/693 694/694/694 695/695/695 
f 694/694/694 696/696/696 695/695/695 
f 695/695/695 696/696/696 696/696/696 
f 696/696/696 697/697/697 696/696/696 
f 696/696/696 697/697/697 697/697/697 
f 697/697/697 698/698/698 697/697/697 
f 697/697/697 698/698/698 699/699/699 
f 698/698/698 700/700/700 699/699/699 
f 699/699/699 700/700/700 700/700/700 
f 700/700/700 701/701/701 700/700/700 
f 700/700/700 701/701/701 701/701/701 
f 701/701/701 702/702/702 701/701/701 
f 701/701/701 702/702/702 703/703/703 
f 702/702/702 704/704/704 703/703/703 
f 703/703/703 704/704/704 704/704/704 
f 704/704/704 705/705/705 704/704/704 
f 704/704/704 705/705/705 705/705/705 
f 705/705/705 706/706/706 705/705/705 
f 705/705/705 706/706/706 707/707/707 
f 706/706/706 708/708/708 707/707/707 
f 707/707/707 708/708/708 708/708/708 
f 708/708/708 709/709/709 708/708/708 
f 708/708/708 709/709/709 709/709/709 
f 709/709/709 710/710/710 709/709/709 
f 709/709/709 710/710/710 711/711/711 
f 710/710/710 712/712/712 711/711/711 
f 711/711/711 712/712/712 712/712/712 
f 712/712/712 713/713/713 712/712/712 
f 712/712/712 713/713/713 713/713/713 
f 713/713/713 714/714/714 713/713/713 
f 713/713/713 714/714/714 715/715/715 
f 714/714/714 716/716/716 715/715/715 
f 715/715/715 716/716/716 716/716/716 
f 716/716/716 717/717/717 716/716/716 
f 716/716/716 717/717/717 717/717/717 
f 717/717/717 718/718/718 717/717/717 
f 717/717/717 718/718/718 719/719/719 
f 718/718/718 720/720/720 719/719/719 
f 719/719/719 720/720/720 720/720/720 
f 720/720/720 721/721/721 720/720/720 
f 720/720/720 721/721/721 721/721/721 
f 721/721/721 722/722/722 721/721/721 
f 721/721/721 722/722/722 723/723/723 
f 722/722/722 724/724/724 723/723/723 
f 723/723/723 724/724/724 724/724/724 
f 724/724/724 725/725/725 724/724/724 
f 724/724/724 725/725/725 725/725/725 
f 725/725/725 726/726/726 725/725/725 
f 725/725/725 726/726/726 727/727/727 
f 726/726/726 728/728/728 727/727/727 
f 727/727/727 728/728/728 728/728/728 
f 728/728/728 729/729/729 728/728/728 
f 728/728/728 729/729/729 729/729/729 
f 729/729/729 730/730/730 729/729/729 
f 729/729/729 730/730/730 731/731/731 
f 730/730/730 732/732/732 731/731/731 
f 731/731/731 732/732/732 732/732/732 
f 732/732/732 733/733/733 732/732/732 
f 732/732/732 733/733/733 733/733/733 
f 733/733/733 734/734/734 733/733/733 
f 733/733/733 734/734/734 735/735/735 
f 734/734/734 736/736/736 735/735/735 
f 735/735/735 736/736/736 736/736/736 
f 736/736/736 737/737/737 736/736/736 
f 736/736/736 737/737/737 737/737/737 
f 737/737/737 738/738/738 737/737/737 
f 737/737/737 738/738/738 739/739/739 
f 738/738/738 740/740/740 739/739/739 
f 739/739/739 740/740/740 740/740/740 
f 740/740/740 741/741/741 740/740/740 
f 740/740/740 741/741/741 741/741/741 
f 741/741/741 742/742/742 741/741/741 
f 741/741/741 742/742/742 743/743/743 
f 742/742/742 744/744/744 743/743/743 
f 743/743/743 744/744/744 744/744/744 
f 744/744/744 745/745/745 744/744/744 
f 744/744/744 745/745/745 745/745/745 
f 745/745/745 746/746/746 745/745/745 
f 745/745/745 746/746/746 747/747/747 
f 746/746/746 748/748/748 747/747/747 
f 747/747/747 748/748/748 748/748/748 
f 748/748/748 749/749/749 748/748/748 
f 748/748/748 749/749/749 749/749/749 
f 749/749/749 750/750/750 749/749/749 
f 749/749/749 750/750/750 751/751/751 
f 750/750/750 752/752/752 751/751/751 
f 751/751/751 752/752/752 752/752/752 
f 752/752/752 753/753/753 752/752/752 
f 752/752/752 753/753/753 753/753/753 
f 753/753/753 754/754/754 753/753/753 
f 753/753/753 754/754/754 755/755/755 
f 754/754/754 756/756/756 755/755/755 
f 755/755/755 756/756/756 756/756/756 
f 756/756/756 757/757/757 756/756/756 
f 756/756/756 757/757/757 757/757/757 
f 757/757/757 758/758/758 757/757/757 
f 757/757/757 758/758/758 759/759/759 
f 758/758/758 760/760/760 759/759/759 
f 759/759/759 760/760/760 760/760/760 
f 760/760/760 761/761/761 760/760/760 
f 760/760/760 761/761/761 761/761/761 
f 761/761/761 762/762/762 761/761/761 
f 761/761/761 762/762/762 763/763/763 
f 762/762/762 764/764/764 763/763/763 
f 763/763/763 764/764/764 764/764/764 
f 764/764/764 765/765/765 764/764/764 
f 764/764/764 765/765/765 765/765/765 
f 765/765/765 766/766/766 765/765/765 
f 765/765/765 766/766/766 767/767/767 
f 766/766/766 768/768/768 767/767/767 
f 767/767/767 768/768/768 768/768/768 
f 768/768/768 769/769/769 768/768/768 
f 768/768/768 769/769/769 769/769/769 
f 769/769/769 770/770/770 769/769/769 
f 769/769/769 770/770/770 771/771/771 
f 770/770/770 772/772/772 771/771/771 
f 771/771/771 772/772/772 772/772/772 
f 772/772/772 773/773/773 772/772/772 
f 772/772/772 773/773/773 773/773/773 
f 773/773/773 774/774/774 773/773/773 
f 773/773/773 774/774/774 775/775/775 
f 774/774/774 776/776/776 775/775/775 
f 775/775/775 776/776/776 776/776/776 
f 776/776/776 777/777/777 776/776/776 
f 776/776/776 777/777/777 777/777/777 
f 777/777/777 778/778/778 777/777/777 
f 777/777/777 778/778/778 779/779/779 
f 778/778/778 780/780/780 779/779/779 
f 779/779/779 780/780/780 780/780/780 
f 780/780/780 781/781/781 780/780/780 
f 780/780/780 781/781/781 781/781/781 
f 781/781/781 782/782/782 781/781/781 
f 781/781/781 782/782/782 783/783/783 
f 782/782/782 784/784/784 783/783/783 
f 783/783/783 784/784/784 784/784/784 
f 784/784/784 785/785/785 784/784/784 
f 784/784/784 785/785/785 785/785/785 
f 785/785/785 786/786/786 785/785/785 
f 785/785/785 786/786/786 787/787/787 
f 786/786/786 788/788/788 787/787/787 
f 787/787/787 788/788/788 788/788/788 
f 788/788/788 789/789/789 788/788/788 
f 788/788/788 789/789/789 789/789/789 
f 789/789/789 790/790/790 789/789/789 
f 789/789/789 790/790/790 791/791/791 
f 790/790/790 792/792/792 791/791/791 
f 791/791/791 792/792/792 792/792/792 
f 792/792/792 793/793/793 792/792/792 
f 792/792/792 793/793/793 793/793/793 
f 793/793/793 794/794/794 793/793/793 
f 793/793/793 794/794/794 795/795/795 
f 794/794/794 796/796/796 795/795/795 
f 795/795/795 796/796/796 796/796/796 
f 796/796/796 797/797/797 796/796/796 
f 796/796/796 797/797/797 797/797/797 
f 797/797/797 798/798/798 797/797/797 
f 797/797/797 798/798/798 799/799/799 
f 798/798/798 800/800/800 799/799/799 
f 799/799/799 800/800/800 800/800/800 
f 800/800/800 801/801/801 800/800/800 
f 800/800/800 801/801/801 801/801/801 
f 801/801/801 802/802/802 801/801/801 
f 801/801/801 802/802/802 803/803/803 
f 802/802/802 804/804/804 803/803/803 
f 803/803/803 804/804/804 804/804/804 
f 804/804/804 805/805/805 804/804/804 
f 804/804/804 805/805/805 805/805/805 
f 805/805/805 806/806/806 805/805/805 
f 805/805/805 806/806/806 807/807/807 
f 806/806/806 808/808/808 807/807/807 
f 807/807/807 808/808/808 808/808/808 
f 808/808/808 809/809/809 808/808/808 
f 808/808/808 809/809/809 809/809/809 
f 809/809/809 810/810/810 809/809/809 
f 809/809/809 810/810/810 811/811/811 
f 810/810/810 812/812/812 811/811/811 
f 811/811/811 812/812/812 812/812/812 
f 812/812/812 813/813/813 812/812/812 
f 812/812/812 813/813/813 813/813/813 
f 813/813/813 814/814/814 813/813/813 
f 813/813/813 814/814/814 815/815/815 
f 814/814/814 816/816/816 815/815/815 
f 815/815/815 816/816/816 816/816/816 
f 816/816/816 817/817/817 816/816/816 
f 816/816/816 817/817/817 817/817/817 
f 817/817/817 818/818/818 817/817/817 
f 817/817/817 818/818/818 819/819/819 
f 818/818/818 820/820/820 819/819/819 
f 819/819/819 820/820/820 820/820/820 
f 820/820/820 821/821/821 820/820/820 
f 820/820/820 821/821/821 821/821/821 
f 821/821/821 822/822/822 821/821/821 
f 821/821/821 822/822/822 823/823/823 
f 822/822/822 824/824/824 823/823/823 
f 823/823/823 824/824/824 824/824/824 
f 824/824/824 825/825/825 824/824/824 
f 824/824/824 825/825/825 825/825/825 
f 825/825/825 826/826/826 825/825/825 
f 825/825/825 826/826/826 827/827/827 
f 826/826/826 828/828/828 827/827/827 
f 827/827/827 828/828/828 828/828/828 
f 828/828/828 829/829/829 828/828/828 
f 828/828/828 829/829/829 829/829/829 
f 829/829/829 830/830/830 829/829/829 
f 829/829/829 830/830/830 831/831/831 
f 830/830/830 832/832/832 831/831/831 
f 831/831/831 832/832/832 832/832/832 
f 832/832/832 833/833/833 832/832/832 
f 832/832/832 833/833/833 833/833/833 
f 833/833/833 834/834/834 833/833/833 
f 833/833/833 834/834/834 835/835/835 
f 834/834/834 836/836/836 835/835/835 
f 835/835/835 836/836/836 836/836/836 
f 836/836/836 837/837/837 836/836/836 
f 836/836/836 837/837/837 837/837/837 
f 837/837/837 838/838/838 837/837/837 
f 837/837/837 838/838/838 839/839/839 
f 838/838/838 840/840/840 839/839/839 
f 839/839/839 840/840/840 840/840/840 
f 840/840/840 841/841/841 840/840/840 
f 840/840/840 841/841/841 841/841/841 
f 841/841/841 842/842/842 841/841/841 
f 841/841/841 842/842/842 843/843/843 
f 842/842/842 844/844/844 843/843/843 
f 843/843/843 844/844/844 844/844/844 
f 844/844/844 845/845/845 844/844/844 
f 844/844/844 845/845/845 845/845/845 
f 845/845/845 846/846/846 845/845/845 
f 845/845/845 846/846/846 847/847/847 
f 846/846/846 848/848/848 847/847/847 
f 847/847/847 848/848/848 848/848/848 
f 848/848/848 849/849/849 848/848/848 
f 848/848/848 849/849/849 849/849/849 
f 849/849/849 850/850/850 849/849/849 
f 849/849/849 850/850/850 851/851/851 
f 850/850/850 852/852/852 851/851/851 
f 851/851/851 852/852/852 852/852/852 
f 852/852/852 853/853/853 852/852/852 
f 852/852/852 853/853/853 853/853/853 
f 853/853/853 854/854/854 853/853/853 
f 853/853/853 854/854/854 855/855/855 
f 854/854/854 856/856/856 855/855/855 
f 855/855/855 856/856/856 856/856/856 
f 856/856/856 857/857/857 856/856/856 
f 856/856/856 857/857/857 857/857/857 
f 857/857/857 858/858/858 857/857/857 
f 857/857/857 858/858/858 859/859/859 
f 858/858/858 860/860/860 859/859/859 
f 859/859/859 860/860/860 860/860/860 
f 860/860/860 861/861/861 860/860/860 
f 860/860/860 861/861/861 861/861/861 
f 861/861/861 862/862/862 861/861/861 
f 861/861/861 862/862/862 863/863/863 
f 862/862/862 864/864/864 863/863/863 
f 863/863/863 864/864/864 864/864/864 
f 864/864/864 865/865/865 864/864/864 
f 864/864/864 865/865/865 865/865/865 
f 865/865/865 866/866/866 865/865/865 
f 865/865/865 866/866/866 867/867/867 
f 866/866/866 868/868/868 867/867/867 
f 867/867/867 868/868/868 868/868/868 
f 868/868/868 869/869/869 868/868/868 
f 868/868/868 869/869/869 869/869/869 
f 869/869/869 870/870/870 869/869/869 
f 869/869/869 870/870/870 871/871/871 
f 870/870/870 872/872/872 871/871/871 
f 871/871/871 872/872/872 872/872/872 
f 872/872/872 873/873/873 872/872/872 
f 872/872/872 873/873/873 873/873/873 
f 873/873/873 874/874/874 873/873/873 
f 873/873/873 874/874/874 875/875/875 
f 874/874/874 876/876/876 875/875/875 
f 875/875/875 876/876/876 876/876/876 
f 876/876/876 877/877/877 876/876/876 
f 876/876/876 877/877/877 877/877/877 
f 877/877/877 878/878/878 877/877/877 
f 877/877/877 878/878/878 879/879/879 
f 878/878/878 880/880/880 879/879/879 
f 879/879/879 880/880/880 880/880/880 
f 880/880/880 881/881/881 880/880/880 
f 880/880/880 881/881/881 881/881/881 
f 881/881/881 882/882/882 881/881/881 
f 881/881/881 882/882/882 883/883/883 
f 882/882/882 884/884/884 883/883/883 
f 883/883/883 884/884/884 884/884/884 
f 884/884/884 885/885/885 884/884/884 
f 884/884/884 885/885/885 885/885/885 
f 885/885/885 886/886/886 885/885/885 
f 885/885/885 886/886/886 887/887/887 
f 886/886/886 888/888/888 887/887/887 
f 887/887/887 888/888/888 888/888/888 
f 888/888/888 889/889/889 888/888/888 
f 888/888/888 889/889/889 889/889/889 
f 889/889/889 890/890/890 889/889/889 
f 889/889/889 890/890/890 891/891/891 
f 890/890/890 892/892/892 891/891/891 
f 891/891/891 892/892/892 892/892/892 
f 892/892/892 893/893/893 892/892/892 
f 892/892/892 893/893/893 893/893/893 
f 893/893/893 894/894/894 893/893/893 
f 893/893/893 894/894/894 895/895/895 
f 894/894/894 896/896/896 895/895/895 
f 895/895/895 896/896/896 896/896/896 
f 896/896/896 897/897/897 896/896/896 
f 896/896/896 897/897/897 897/897/897 
f 897/897/897 898/898/898 897/897/897 
f 897/897/897 898/898/898 899/899/899 
f 898/898/898 900/900/900 899/899/899 
f 899/899/899 900/900/900 900/900/900 
f 900/900/900 901/901/901 900/900/900 
f 900/900/900 901/901/901 901/901/901 
f 901/901/901 902/902/902 901/901/901 
f 901/901/901 902/902/902 903/903/903 
f 902/902/902 904/904/904 903/903/903 
f 903/903/903 904/904/904 904/904/904 
f 904/904/904 905/905/905 904/904/904 
f 904/904/904 905/905/905 905/905/905 
f 905/905/905 906/906/906 905/905/905 
f 905/905/905 906/906/906 907/907/907 
f 906/906/906 908/908/908 907/907/907 
f 907/907/907 908/908/908 908/908/908 
f 908/908/908 909/909/909 908/908/908 
f 908/908/908 909/909/909 909/909/909 
f 909/909/909 910/910/910 909/909/909 
f 909/909/909 910/910/910 911/911/911 
f 910/910/910 912/912/912 911/911/911 
f 911/911/911 912/912/912 912/912/912 
f 912/912/912 913/913/913 912/912/912 
f 912/912/912 913/913/913 913/913/913 
f 913/913/913 914/914/914 913/913/913 
f 913/913/913 914/914/914 915/915/915 
f 914/914/914 916/916/916 915/915/915 
f 915/915/915 916/916/916 916/916/916 
f 916/916/916 917/917/917 916/916/916 
f 916/916/916 917/917/917 917/917/917 
f 917/917/917 918/918/918 917/917/917 
f 917/917/917 918/918/918 919/919/919 
f 918/918/918 920/920/920 919/919/919 
f 919/919/919 920/920/920 920/920/920 
f 920/920/920 921/921/921 920/920/920 
f 920/920/920 921/921/921 921/921/921 
f 921/921/921 922/922/922 921/921/921 
f 921/921/921 922/922/922 923/923/923 
f 922/922/922 924/924/924 923/923/923 
f 923/923/923 924/924/924 924/924/924 
f 924/924/924 925/925/925 924/924/924 
f 924/924/924 925/925/925 925/925/925 
f 925/925/925 926/926/926 925/925/925 
f 925/925/925 926/926/926 927/927/927 
f 926/926/926 928/928/928 927/927/927 
f 927/927/927 928/928/928 928/928/928 
f 928/928/928 929/929/929 928/928/928 
f 928/928/928 929/929/929 929/929/929 
f 929/929/929 930/930/930 929/929/929 
f 929/929/929 930/930/930 931/931/931 
f 930/930/930 932/932/932 931/931/931 
f 931/931/931 932/932/932 932/932/932 
f 932/932/932 933/933/933 932/932/932 
f 932/932/932 933/933/933 933/933/933 
f 933/933/933 934/934/934 933/933/933 
f 933/933/933 934/934/934 935/935/935 
f 934/934/934 936/936/936 935/935/935 
f 935/935/935 936/936/936 936/936/936 
f 936/936/936 937/937/937 936/936/936 
f 936/936/936 937/937/937 937/937/937 
f 937/937/937 938/938/938 937/937/937 
f 937/937/937 938/938/938 939/939/939 
f 938/938/938 940/940/940 939/939/939 
f 939/939/939 940/940/940 940/940/940 
f 940/940/940 941/941/941 940/940/940 
f 940/940/940 941/941/941 941/941/941 
f 941/941/941 942/942/942 941/941/941 
f 941/941/941 942/942/942 943/943/943 
f 942/942/942 944/944/944 943/943/943 
f 943/943/943 944/944/944 944/944/944 
f 944/944/944 945/945/945 944/944/944 
f 944/944/944 945/945/945 945/945/945 
f 945/945/945 946/946/946 945/945/945 
f 945/945/945 946/946/946 947/947/947 
f 946/946/946 948/948/948 947/947/947 
f 947/947/947 948/948/948 948/948/948 
f 948/948/948 949/949/949 948/948/948 
f 948/948/948 949/949/949 949/949/949 
f 949/949/949 950/950/950 949/949/949 
f 949/949/949 950/950/950 951/951/951 
f 950/950/950 952/952/952 951/951/951 
f 951/951/951 952/952/952 952/952/952 
f 952/952/952 953/953/953 952/952/952 
f 952/952/952 953/953/953 953/953/953 
f 953/953/953 954/954/954 953/953/953 
f 953/953/953 954/954/954 955/955/955 
f 954/954/954 956/956/956 955/955/955 
f 955/955/955 956/956/956 956/956/956 
f 956/956/956 957/957/957 956/956/956 
f 956/956/956 957/957/957 957/957/957 
f 957/957/957 958/958/958 957/957/957 
f 957/957/957 958/958/958 959/959/959 
f 958/958/958 960/960/960 959/959/959 
f 959/959/959 960/960/960 960/960/960 
f 960/960/960 961/961/961 960/960/960 
f 960/960/960 961/961/961 961/961/961 
f 961/961/961 962/962/962 961/961/961 
f 961/961/961 962/962/962 963/963/963 
f 962/962/962 964/964/964 963/963/963 
f 963/963/963 964/964/964 964/964/964 
f 964/964/964 965/965/965 964/964/964 
f 964/964/964 965/965/965 965/965/965 
f 965/965/965 966/966/966 965/965/965 
f 965/965/965 966/966/966 967/967/967 
f 966/966/966 968/968/968 967/967/967 
f 967/967/967 968/968/968 968/968/968 
f 968/968/968 969/969/969 968/968/968 
f 968/968/968 969/969/969 969/969/969 
f 969/969/969 970/970/970 969/969/969 
f 969/969/969 970/970/970 971/971/971 
f 970/970/970 972/972/972 971/971/971 
f 971/971/971 972/972/972 972/972/972 
f 972/972/972 973/973/973 972/972/972 
f 972/972/972 973/973/973 973/973/973 
f 973/973/973 974/974/974 973/973/973 
f 973/973/973 974/974/974 975/975/975 
f 974/974/974 976/976/976 975/975/975 
f 975/975/975 976/976/976 976/976/976 
f 976/976/976 977/977/977 976/976/976 
f 976/976/976 977/977/977 977/977/977 
f 977/977/977 978/978/978 977/977/977 
f 977/977/977 978/978/978 979/979/979 
f 978/978/978 980/980/980 979/979/979 
f 979/979/979 980/980/980 980/980/980 
f 980/980/980 981/981/981 980/980/980 
f 980/980/980 981/981/981 981/981/981 
f 981/981/981 982/982/982 981/981/981 
f 981/981/981 982/982/982 983/983/983 
f 982/982/982 984/984/984 983/983/983 
f 983/983/983 984/984/984 984/984/984 
f 984/984/984 985/985/985 984/984/984 
f 984/984/984 985/985/985 985/985/985 
f 985/985/985 986/986/986 985/985/985 
f 985/985/985 986/986/986 987/987/987 
f 986/986/986 988/988/988 987/987/987 
f 987/987/987 988/988/988 988/988/988 
f 988/988/988 989/989/989 988/988/988 
f 988/988/988 989/989/989 989/989/989 
f 989/989/989 990/990/990 989/989/989 
f 989/989/989 990/990/990 991/991/991 
f 990/990/990 992/992/992 991/991/991 
f 991/991/991 992/992/992 992/992/992 
f 992/992/992 993/993/993 992/992/992 
f 992/992/992 993/993/993 993/993/993 
f 993/993/993 994/994/994 993/993/993 
f 993/993/993 994/994/994 995/995/995 
f 994/994/994 996/996/996 995/995/995 
f 995/995/995 996/996/996 996/996/996 
f 996/996/996 997/997/997 996/996/996 
f 996/996/996 997/997/997 997/997/997 
f 997/997/997 998/998/998 997/997/997 
f 997/997/997 998/998/998 999/999/999 
f 998/998/998 1000/1000/1000 999/999/999 
f 999/999/999 1000/1000/1000 1000/1000/1000 
f 1000/1000/1000 1001/1001/1001 1000/1000/1000 
f 1000/1000/1000 1001/1001/1001 1001/1001/1001 
f 1001/1001/1001 1002/1002/1002 1001/1001/1001 
f 1001/1001/1001 1002/1002/1002 1003/1003/1003 
f 1002/1002/1002 1004/1004/1004 1003/1003/1003 
f 1003/1003/1003 1004/1004/1004 1004/1004/1004 
f 1004/1004/1004 1005/1005/1005 1004/1004/1004 
f 1004/1004/1004 1005/1005/1005 1005/1005/1005 
f 1005/1005/1005 1006/1006/1006 1005/1005/1005 
f 1005/1005/1005 1006/1006/1006 1007/1007/1007 
f 1006/1006/1006 1008/1008/1008 1007/1007/1007 
f 1007/1007/1007 1008/1008/1008 1008/1008/1008 
f 1008/1008/1008 1009/1009/1009 1008/1008/1008 
f 1008/1008/1008 1009/1009/1009 1009/1009/1009 
f 1009/1009/1009 1010/1010/1010 1009/1009/1009 
f 1009/1009/1009 1010/1010/1010 1011/1011/1011 
f 1010/1010/1010 1012/1012/1012 1011/1011/1011 
f 1011/1011/1011 1012/1012/1012 1012/1012/1012 
f 1012/1012/1012 1013/1013/1013 1012/1012/1012 
f 1012/1012/1012 1013/1013/1013 1013/1013/1013 
f 1013/1013/1013 1014/1014/1014 1013/1013/1013 
f 1013/1013/1013 1014/1014/1014 1015/1015/1015 
f 1014/1014/1014 1016/1016/1016 1015/1015/1015 
f 1015/1015/1015 1016/1016/1016 1016/1016/1016 
f 1016/1016/1016 1017/1017/1017 1016/1016/1016 
f 1016/1016/1016 1017/1017/1017 1017/1017/1017 
f 1017/1017/1017 1018/1018/1018 1017/1017/1017 
f 1017/1017/1017 1018/1018/1018 1019/1019/1019 
f 1018/1018/1018 1020/1020/1020 1019/1019/1019 
f 1019/1019/1019 1020/1020/1020 1020/1020/1020 
f 1020/1020/1020 1021/1021/1021 1020/1020/1020 
f 1020/1020/1020 1021/1021/1021 1021/1021/1021 
f 1021/1021/1021 1022/1022/1022 1021/1021/1021 
f 1021/1021/1021 1022/1022/1022 1023/1023/1023 
f 1022/1022/1022 1024/1024/1024 1023/1023/1023 
f 1023/1023/1023 1024/1024/1024 1024/1024/1024 
f 1024/1024/1024 1025/1025/1025 1024/1024/1024 
f 1024/1024/1024 1025/1025/1025 1025/1025/1025 
f 1025/1025/1025 1026/1026/1026 1025/1025/1025 
f 1025/1025/1025 1026/1026/1026 1027/1027/1027 
f 1026/1026/1026 1028/1028/1028 1027/1027/1027 
f 1027/1027/1027 1028/1028/1028 1028/1028/1028 
f 1028/1028/1028 1029/1029/1029 1028/1028/1028 
f 1028/1028/1028 1029/1029/1029 1029/1029/1029 
f 1029/1029/1029 1030/1030/1030 1029/1029/1029 
f 1029/1029/1029 1030/1030/1030 1031/1031/1031 
f 1030/1030/1030 1032/1032/1032 1031/1031/1031 
f 1031/1031/1031 1032/1032/1032 1032/1032/1032 
f 1032/1032/1032 1033/1033/1033 1032/1032/1032 
f 1032/1032/1032 1033/1033/1033 1033/1033/1033 
f 1033/1033/1033 1034/1034/1034 1033/1033/1033 
f 1033/1033/1033 1034/1034/1034 1035/1035/1035 
f 1034/1034/1034 1036/1036/1036 1035/1035/1035 
f 1035/1035/1035 1036/1036/1036 1036/1036/1036 
f 1036/1036/1036 1037/1037/1037 1036/1036/1036 
f 1036/1036/1036 1037/1037/1037 1037/1037/1037 
f 1037/1037/1037 1038/1038/1038 1037/1037/1037 
f 1037/1037/1037 1038/1038/1038 1039/1039/1039 
f 1038/1038/1038 1040/1040/1040 1039/1039/1039 
f 1039/1039/1039 1040/1040/1040 1040/1040/1040 
f 1040/1040/1040 1041/1041/1041 1040/1040/1040 
f 1040/1040/1040 1041/1041/1041 1041/1041/1041 
f 1041/1041/1041 1042/1042/1042 1041/1041/1041 
f 1041/1041/1041 1042/1042/1042 1043/1043/1043 
f 1042/1042/1042 1044/1044/1044 1043/1043/1043 
f 1043/1043/1043 1044/1044/1044 1044/1044/1044 
f 1044/1044/1044 1045/1045/1045 1044/1044/1044 
f 1044/1044/1044 1045/1045/1045 1045/1045/1045 
f 1045/1045/1045 1046/1046/1046 1045/1045/1045 
f 1045/1045/1045 1046/1046/1046 1047/1047/1047 
f 1046/1046/1046 1048/1048/1048 1047/1047/1047 
f 1047/1047/1047 1048/1048/1048 1048/1048/1048 
f 1048/1048/1048 1049/1049/1049 1048/1048/1048 
f 1048/1048/1048 1049/1049/1049 1049/1049/1049 
f 1049/1049/1049 1050/1050/1050 1049/1049/1049 
f 1049/1049/1049 1050/1050/1050 1051/1051/1051 
f 1050/1050/1050 1052/1052/1052 1051/1051/1051 
f 1051/1051/1051 1052/1052/1052 1052/1052/1052 
f 1052/1052/1052 1053/1053/1053 1052/1052/1052 
f 1052/1052/1052 1053/1053/1053 1053/1053/1053 
f 1053/1053/1053 1054/1054/1054 1053/1053/1053 
f 1053/1053/1053 1054/1054/1054 1055/1055/1055 
f 1054/1054/1054 1056/1056/1056 1055/1055/1055 
f 1055/1055/1055 1056/1056/1056 1056/1056/1056 
f 1056/1056/1056 1057/1057/1057 1056/1056/1056 
f 1056/1056/1056 1057/1057/1057 1057/1057/1057 
f 1057/1057/1057 1058/1058/1058 1057/1057/1057 
f 1057/1057/1057 1058/1058/1058 1059/1059/1059 
f 1058/1058/1058 1060/1060/1060 1059/1059/1059 
f 1059/1059/1059 1060/1060/1060 1060/1060/1060 
f 1060/1060/1060 1061/1061/1061 1060/1060/1060 
f 1060/1060/1060 1061/1061/1061 1061/1061/1061 
f 1061/1061/1061 1062/1062/1062 1061/1061/1061 
f 1061/1061/1061 1062/1062/1062 1063/1063/1063 
f 1062/1062/1062 1064/1064/1064 1063/1063/1063 
f 1063/1063/1063 1064/1064/1064 1064/1064/1064 
f 1064/1064/1064 1065/1065/1065 1064/1064/1064 
f 1064/1064/1064 1065/1065/1065 1065/1065/1065 
f 1065/1065/1065 1066/1066/1066 1065/1065/1065 
f 1065/1065/1065 1066/1066/1066 1067/1067/1067 
f 1066/1066/1066 1068/1068/1068 1067/1067/1067 
f 1067/1067/1067 1068/1068/1068 1068/1068/1068 
f 1068/1068/1068 1069/1069/1069 1068/1068/1068 
f 1068/1068/1068 1069/1069/1069 1069/1069/1069 
f 1069/1069/1069 1070/1070/1070 1069/1069/1069 
f 1069/1069/1069 1070/1070/1070 1071/1071/1071 
f 1070/1070/1070 1072/1072/1072 1071/1071/1071 
f 1071/1071/1071 1072/1072/1072 1072/1072/1072 
f 1072/1072/1072 1073/1073/1073 1072/1072/1072 
f 1072/1072/1072 1073/1073/1073 1073/1073/1073 
f 1073/1073/1073 1074/1074/1074 1073/1073/1073 
f 1073/1073/1073 1074/1074/1074 1075/1075/1075 
f 1074/1074/1074 1076/1076/1076 1075/1075/1075 
f 1075/1075/1075 1076/1076/1076 1076/1076/1076 
f 1076/1076/1076 1077/1077/1077 1076/1076/1076 
f 1076/1076/1076 1077/1077/1077 1077/1077/1077 
f 1077/1077/1077 1078/1078/1078 1077/1077/1077 
f 1077/1077/1077 1078/1078/1078 1079/1079/1079 
f 1078/1078/1078 1080/1080/1080 1079/1079/1079 
f 1079/1079/1079 1080/1080/1080 1080/1080/1080 
f 1080/1080/1080 1081/1081/1081 1080/1080/1080 
f 1080/1080/1080 1081/1081/1081 1081/1081/1081 
f 1081/1081/1081 1082/1082/1082 1081/1081/1081 
f 1081/1081/1081 1082/1082/1082 1083/1083/1083 
f 1082/1082/1082 1084/1084/1084 1083/1083/1083 
f 1083/1083/1083 1084/1084/1084 1084/1084/1084 
f 1084/1084/1084 1085/1085/1085 1084/1084/1084 
f 1084/1084/1084 1085/1085/1085 1085/1085/1085 
f 1085/1085/1085 1086/1086/1086 1085/1085/1085 
f 1085/1085/1085 1086/1086/1086 1087/1087/1087 
f 1086/1086/1086 1088/1088/1088 1087/1087/1087 
f 1087/1087/1087 1088/1088/1088 1088/1088/1088 
f 1088/1088/1088 1089/1089/1089 1088/1088/1088 
f 1088/1088/1088 1089/1089/1089 1089/1089/1089 
f 1089/1089/1089 1090/1090/1090 1089/1089/1089 
f 1089/1089/1089 1090/1090/1090 1091/1091/1091 
f 1090/1090/1090 1092/1092/1092 1091/1091/1091 
f 1091/1091/1091 1092/1092/1092 1092/1092/1092 
f 1092/1092/1092 1093/1093/1093 1092/1092/1092 
f 1092/1092/1092 1093/1093/1093 1093/1093/1093 
f 1093/1093/1093 1094/1094/1094 1093/1093/1093 
f 1093/1093/1093 1094/1094/1094 1095/1095/1095 
f 1094/1094/1094 1096/1096/1096 1095/1095/1095 
f 1095/1095/1095 1096/1096/1096 1096/1096/1096 
f 1096/1096/1096 1097/1097/1097 1096/1096/1096 
f 1096/1096/1096 1097/1097/1097 1097/1097/1097 
f 1097/1097/1097 1098/1098/1098 1097/1097/1097 
f 1097/1097/1097 1098/1098/1098 1099/1099/1099 
f 1098/1098/1098 1100/1100/1100 1099/1099/1099 
f 1099/1099/1099 1100/1100/1100 1100/1100/1100 
f 1100/1100/1100 1101/1101/1101 1100/1100/1100 
f 1100/1100/1100 1101/1101/1101 1101/1101/1101 
f 1101/1101/1101 1102/1102/1102 1101/1101/1101 
f 1101/1101/1101 1102/1102/1102 1103/1103/1103 
f 1102/1102/1102 1104/1104/1104 1103/1103/1103 
f 1103/1103/1103 1104/1104/1104 1104/1104/1104 
f 1104/1104/1104 1105/1105/1105 1104/1104/1104 
f 1104/1104/1104 1105/1105/1105 1105/1105/1105 
f 1105/1105/1105 1106/1106/1106 1105/1105/1105 
f 1105/1105/1105 1106/1106/1106 1107/1107/1107 
f 1106/1106/1106 1108/1108/1108 1107/1107/1107 
f 1107/1107/1107 1108/1108/1108 1108/1108/1108 
f 1108/1108/1108 1109/1109/1109 1108/1108/1108 
f 1108/1108/1108 1109/1109/1109 1109/1109/1109 
f 1109/1109/1109 1110/1110/1110 1109/1109/1109 
f 1109/1109/1109 1110/1110/1110 1111/1111/1111 
f 1110/1110/1110 1112/1112/1112 1111/1111/1111 
f 1111/1111/1111 1112/1112/1112 1112/1112/1112 
f 1112/1112/1112 1113/1113/1113 1112/1112/1112 
f 1112/1112/1112 1113/1113/1113 1113/1113/1113 
f 1113/1113/1113 1114/1114/1114 1113/1113/1113 
f 1113/1113/1113 1114/1114/1114 1115/1115/1115 
f 1114/1114/1114 1116/1116/1116 1115/1115/1115 
f 1115/1115/1115 1116/1116/1116 1116/1116/1116 
f 1116/1116/1116 1117/1117/1117 1116/1116/1116 
f 1116/1116/1116 1117/1117/1117 1117/1117/1117 
f 1117/1117/1117 1118/1118/1118 1117/1117/1117 
f 1117/1117/1117 1118/1118/1118 1119/1119/1119 
f 1118/1118/1118 1120/1120/1120 1119/1119/1119 
f 1119/1119/1119 1120/1120/1120 1120/1120/1120 
f 1120/1120/1120 1121/1121/1121 1120/1120/1120 
f 1120/1120/1120 1121/1121/1121 1121/1121/1121 
f 1121/1121/1121 1122/1122/1122 1121/1121/1121 
f 1121/1121/1121 1122/1122/1122 1123/1123/1123 
f 1122/1122/1122 1124/1124/1124 1123/1123/1123 
f 1123/1123/1123 1124/1124/1124 1124/1124/1124 
f 1124/1124/1124 1125/1125/1125 1124/1124/1124 
f 1124/1124/1124 1125/1125/1125 1125/1125/1125 
f 1125/1125/1125 1126/1126/1126 1125/1125/1125 
f 1125/1125/1125 1126/1126/1126 1127/1127/1127 
f 1126/1126/1126 1128/1128/1128 1127/1127/1127 
f 1127/1127/1127 1128/1128/1128 1128/1128/1128 
f 1128/1128/1128 1129/1129/1129 1128/1128/1128 
f 1128/1128/1128 1129/1129/1129 1129/1129/1129 
f 1129/1129/1129 1130/1130/1130 1129/1129/1129 
f 1129/1129/1129 1130/1130/1130 1131/1131/1131 
f 1130/1130/1130 1132/1132/1132 1131/1131/1131 
f 1131/1131/1131 1132/1132/1132 1132/1132/1132 
f 1132/1132/1132 1133/1133/1133 1132/1132/1132 
f 1132/1132/1132 1133/1133/1133 1133/1133/1133 
f 1133/1133/1133 1134/1134/1134 1133/1133/1133 
f 1133/1133/1133 1134/1134/1134 1135/1135/1135 
f 1134/1134/1134 1136/1136/1136 1135/1135/1135 
f 1135/1135/1135 1136/1136/1136 1136/1136/1136 
f 1136/1136/1136 1137/1137/1137 1136/1136/1136 
f 1136/1136/1136 1137/1137/1137 1137/1137/1137 
f 1137/1137/1137 1138/1138/1138 1137/1137/1137 
f 1137/1137/1137 1138/1138/1138 1139/1139/1139 
f 1138/1138/1138 1140/1140/1140 1139/1139/1139 
f 1139/1139/1139 1140/1140/1140 1140/1140/1140 
f 1140/1140/1140 1141/1141/1141 1140/1140/1140 
f 1140/1140/1140 1141/1141/1141 1141/1141/1141 
f 1141/1141/1141 1142/1142/1142 1141/1141/1141 
f 1141/1141/1141 1142/1142/1142 1143/1143/1143 
f 1142/1142/1142 1144/1144/1144 1143/1143/1143 
f 1143/1143/1143 1144/1144/1144 1144/1144/1144 
f 1144/1144/1144 1145/1145/1145 1144/1144/1144 
f 1144/1144/1144 1145/1145/1145 1145/1145/1145 
f 1145/1145/1145 1146/1146/1146 1145/1145/1145 
f 1145/1145/1145 1146/1146/1146 1147/1147/1147 
f 1146/1146/1146 1148/1148/1148 1147/1147/1147 
f 1147/1147/1147 1148/1148/1148 1148/1148/1148 
f 1148/1148/1148 1149/1149/1149 1148/1148/1148 
f 1148/1148/1148 1149/1149/1149 1149/1149/1149 
f 1149/1149/1149 1150/1150/1150 1149/1149/1149 
f 1149/1149/1149 1150/1150/1150 1151/1151/1151 
f 1150/1150/1150 1152/1152/1152 1151/1151/1151 
f 1151/1151/1151 1152/1152/1152 1152/1152/1152 
f 1152/1152/1152 1153/1153/1153 1152/1152/1152 
f 1152/1152/1152 1153/1153/1153 1153/1153/1153 
f 1153/1153/1153 1154/1154/1154 1153/1153/1153 
f 1153/1153/1153 1154/1154/1154 1155/1155/1155 
f 1154/1154/1154 1156/1156/1156 1155/1155/1155 
f 1155/1155/1155 1156/1156/1156 1156/1156/1156 
f 1156/1156/1156 1157/1157/1157 1156/1156/1156 
f 1156/1156/1156 1157/1157/1157 1157/1157/1157 
f 1157/1157/1157 1158/1158/1158 1157/1157/1157 
f 1157/1157/1157 1158/1158/1158 1159/1159/1159 
f 1158/1158/1158 1160/1160/1160 1159/1159/1159 
f 1159/1159/1159 1160/1160/1160 1160/1160/1160 
f 1160/1160/1160 1161/1161/1161 1160/1160/1160 
f 1160/1160/1160 1161/1161/1161 1161/1161/1161 
f 1161/1161/1161 1162/1162/1162 1161/1161/1161 
f 1161/1161/1161 1162/1162/1162 1163/1163/1163 
f 1162/1162/1162 1164/1164/1164 1163/1163/1163 
f 1163/1163/1163 1164/1164/1164 1164/1164/1164 
f 1164/1164/1164 1165/1165/1165 1164/1164/1164 
f 1164/1164/1164 1165/1165/1165 1165/1165/1165 
f 1165/1165/1165 1166/1166/1166 1165/1165/1165 
f 1165/1165/1165 1166/1166/1166 1167/1167/1167 
f 1166/1166/1166 1168/1168/1168 1167/1167/1167 
f 1167/1167/1167 1168/1168/1168 1168/1168/1168 
f 1168/1168/1168 1169/1169/1169 1168/1168/1168 
f 1168/1168/1168 1169/1169/1169 1169/1169/1169 
f 1169/1169/1169 1170/1170/1170 1169/1169/1169 
f 1169/1169/1169 1170/1170/1170 1171/1171/1171 
f 1170/1170/1170 1172/1172/1172 1171/1171/1171 
f 1171/1171/1171 1172/1172/1172 1172/1172/1172 
f 1172/1172/1172 1173/1173/1173 1172/1172/1172 
f 1172/1172/1172 1173/1173/1173 1173/1173/1173 
f 1173/1173/1173 1174/1174/1174 1173/1173/1173 
f 1173/1173/1173 1174/1174/1174 1175/1175/1175 
f 1174/1174/1174 1176/1176/1176 1175/1175/1175 
f 1175/1175/1175 1176/1176/1176 1176/1176/1176 
f 1176/1176/1176 1177/1177/1177 1176/1176/1176 
f 1176/1176/1176 1177/1177/1177 1177/1177/1177 
f 1177/1177/1177 1178/1178/1178 1177/1177/1177 
f 1177/1177/1177 1178/1178/1178 1179/1179/1179 
f 1178/1178/1178 1180/1180/1180 1179/1179/1179 
f 1179/1179/1179 1180/1180/1180 1180/1180/1180 
f 1180/1180/1180 1181/1181/1181 1180/1180/1180 
f 1180/1180/1180 1181/1181/1181 1181/1181/1181 
f 1181/1181/1181 1182/1182/1182 1181/1181/1181 
f 1181/1181/1181 1182/1182/1182 1183/1183/1183 
f 1182/1182/1182 1184/1184/1184 1183/1183/1183 
f 1183/1183/1183 1184/1184/1184 1184/1184/1184 
f 1184/1184/1184 1185/1185/1185 1184/1184/1184 
f 1184/1184/1184 1185/1185/1185 1185/1185/1185 
f 1185/1185/1185 1186/1186/1186 1185/1185/1185 
f 1185/1185/1185 1186/1186/1186 1187/1187/1187 
f 1186/1186/1186 1188/1188/1188 1187/1187/1187 
f 1187/1187/1187 1188/1188/1188 1188/1188/1188 
f 1188/1188/1188 1189/1189/1189 1188/1188/1188 
f 1188/1188/1188 1189/1189/1189 1189/1189/1189 
f 1189/1189/1189 1190/1190/1190 1189/1189/1189 
f 1189/1189/1189 1190/1190/1190 1191/1191/1191 
f 1190/1190/1190 1192/1192/1192 1191/1191/1191 
f 1191/1191/1191 1192/1192/1192 1192/1192/1192 
f 1192/1192/1192 1193/1193/1193 1192/1192/1192 
f 1192/1192/1192 1193/1193/1193 1193/1193/1193 
f 1193/1193/1193 1194/1194/1194 1193/1193/1193 
f 1193/1193/1193 1194/1194/1194 1195/1195/1195 
f 1194/1194/1194 1196/1196/1196 1195/1195/1195 
f 1195/1195/1195 1196/1196/1196 1196/1196/1196 
f 1196/1196/1196 1197/1197/1197 1196/1196/1196 
f 1196/1196/1196 1197/1197/1197 1197/1197/1197 
f 1197/1197/1197 1198/1198/1198 1197/1197/1197 
f 1197/1197/1197 1198/1198/1198 1199/1199/1199 
f 1198/1198/1198 1200/1200/1200 1199/1199/1199 
f 1199/1199/1199 1200/1200/1200 1200/1200/1200 
f 1200/1200/1200 1201/1201/1201 1200/1200/1200 
f 1200/1200/1200 1201/1201/1201 1201/1201/1201 
f 1201/1201/1201 1202/1202/1202 1201/1201/1201 
f 1201/1201/1201 1202/1202/1202 1203/1203/1203 
f 1202/1202/1202 1204/1204/1204 1203/1203/1203 
f 1203/1203/1203 1204/1204/1204 1204/1204/1204 
f 1204/1204/1204 1205/1205/1205 1204/1204/1204 
f 1204/1204/1204 1205/1205/1205 1205/1205/1205 
f 1205/1205/1205 1206/1206/1206 1205/1205/1205 
f 1205/1205/1205 1206/1206/1206 1207/1207/1207 
f 1206/1206/1206 1208/1208/1208 1207/1207/1207 
f 1207/1207/1207 1208/1208/1208 1208/1208/1208 
f 1208/1208/1208 1209/1209/1209 1208/1208/1208 
f 1208/1208/1208 1209/1209/1209 1209/1209/1209 
f 1209/1209/1209 1210/1210/1210 1209/1209/1209 
f 1209/1209/1209 1210/1210/1210 1211/1211/1211 
f 1210/1210/1210 1212/1212/1212 1211/1211/1211 
f 1211/1211/1211 1212/1212/1212 1212/1212/1212 
f 1212/1212/1212 1213/1213/1213 1212/1212/1212 
f 1212/1212/1212 1213/1213/1213 1213/1213/1213 
f 1213/1213/1213 1214/1214/1214 1213/1213/1213 
f 1213/1213/1213 1214/1214/1214 1215/1215/1215 
f 1214/1214/1214 1216/1216/1216 1215/1215/1215 
f 1215/1215/1215 1216/1216/1216 1216/1216/1216 
f 1216/1216/1216 1217/1217/1217 1216/1216/1216 
f 1216/1216/1216 1217/1217/1217 1217/1217/1217 
f 1217/1217/1217 1218/1218/1218 1217/1217/1217 
f 1217/1217/1217 1218/1218/1218 1219/1219/1219 
f 1218/1218/1218 1220/1220/1220 1219/1219/1219 
f 1219/1219/1219 1220/1220/1220 1220/1220/1220 
f 1220/1220/1220 1221/1221/1221 1220/1220/1220 
f 1220/1220/1220 1221/1221/1221 1221/1221/1221 
f 1221/1221/1221 1222/1222/1222 1221/1221/1221 
f 1221/1221/1221 1222/1222/1222 1223/1223/1223 
f 1222/1222/1222 1224/1224/1224 1223/1223/1223 
f 1223/1223/1223 1224/1224/1224 1224/1224/1224 
f 1224/1224/1224 1225/1225/1225 1224/1224/1224 
f 1224/1224/1224 1225/1225/1225 1225/1225/1225 
f 1225/1225/1225 1226/1226/1226 1225/1225/1225 
f 1225/1225/1225 1226/1226/1226 1227/1227/1227 
f 1226/1226/1226 1228/1228/1228 1227/1227/1227 
f 1227/1227/1227 1228/1228/1228 1228/1228/1228 
f 1228/1228/1228 1229/1229/1229 1228/1228/1228 
f 1228/1228/1228 1229/1229/1229 1229/1229/1229 
f 1229/1229/1229 1230/1230/1230 1229/1229/1229 
f 1229/1229/1229 1230/1230/1230 1231/1231/1231 
f 1230/1230/1230 1232/1232/1232 1231/1231/1231 
f 1231/1231/1231 1232/1232/1232 1232/1232/1232 
f 1232/1232/1232 1233/1233/1233 1232/1232/1232 
f 1232/1232/1232 1233/1233/1233 1233/1233/1233 
f 1233/1233/1233 1234/1234/1234 1233/1233/1233 
f 1233/1233/1233 1234/1234/1234 1235/1235/1235 
f 1234/1234/1234 1236/1236/1236 1235/1235/1235 
f 1235/1235/1235 1236/1236/1236 1236/1236/1236 
f 1236/1236/1236 1237/1237/1237 1236/1236/1236 
f 1236/1236/1236 1237/1237/1237 1237/1237/1237 
f 1237/1237/1237 1238/1238/1238 1237/1237/1237 
f 1237/1237/1237 1238/1238/1238 1239/1239/1239 
f 1238/1238/1238 1240/1240/1240 1239/1239/1239 
f 1239/1239/1239 1240/1240/1240 1240/1240/1240 
f 1240/1240/1240 1241/1241/1241 1240/1240/1240 
f 1240/1240/1240 1241/1241/1241 1241/1241/1241 
f 1241/1241/1241 1242/1242/1242 1241/1241/1241 
f 1241/1241/1241 1242/1242/1242 1243/1243/1243 
f 1242/1242/1242 1244/1244/1244 1243/1243/1243 
f 1243/1243/1243 1244/1244/1244 1244/1244/1244 
f 1244/1244/1244 1245/1245/1245 1244/1244/1244 
f 1244/1244/1244 1245/1245/1245 1245/1245/1245 
f 1245/1245/1245 1246/1246/1246 1245/1245/1245 
f 1245/1245/1245 1246/1246/1246 1247/1247/1247 
f 1246/1246/1246 1248/1248/1248 1247/1247/1247 
f 1247/1247/1247 1248/1248/1248 1248/1248/1248 
f 1248/1248/1248 1249/1249/1249 1248/1248/1248 
f 1248/1248/1248 1249/1249/1249 1249/1249/1249 
f 1249/1249/1249 1250/1250/1250 1249/1249/1249 
f 1249/1249/1249 1250/1250/1250 1251/1251/1251 
f 1250/1250/1250 1252/1252/1252 1251/1251/1251 
f 1251/1251/1251 1252/1252/1252 1252/1252/1252 
f 1252/1252/1252 1253/1253/1253 1252/1252/1252 
f 1252/1252/1252 1253/1253/1253 1253/1253/1253 
f 1253/1253/1253 1254/1254/1254 1253/1253/1253 
f 1253/1253/1253 1254/1254/1254 1255/1255/1255 
f 1254/1254/1254 1256/1256/1256 1255/1255/1255 
f 1255/1255/1255 1256/1256/1256 1256/1256/1256 
f 1256/1256/1256 1257/1257/1257 1256/1256/1256 
f 1256/1256/1256 1257/1257/1257 1257/1257/1257 
f 1257/1257/1257 1258/1258/1258 1257/1257/1257 
f 1257/1257/1257 1258/1258/1258 1259/1259/1259 
f 1258/1258/1258 1260/1260/1260 1259/1259/1259 
f 1259/1259/1259 1260/1260/1260 1260/1260/1260 
f 1260/1260/1260 1261/1261/1261 1260/1260/1260 
f 1260/1260/1260 1261/1261/1261 1261/1261/1261 
f 1261/1261/1261 1262/1262/1262 1261/1261/1261 
f 1261/1261/1261 1262/1262/1262 1263/1263/1263 
f 1262/1262/1262 1264/1264/1264 1263/1263/1263 
f 1263/1263/1263 1264/1264/1264 1264/1264/1264 
f 1264/1264/1264 1265/1265/1265 1264/1264/1264 
f 1264/1264/1264 1265/1265/1265 1265/1265/1265 
f 1265/1265/1265 1266/1266/1266 1265/1265/1265 
f 1265/1265/1265 1266/1266/1266 1267/1267/1267 
f 1266/1266/1266 1268/1268/1268 1267/1267/1267 
f 1267/1267/1267 1268/1268/1268 1268/1268/1268 
f 1268/1268/1268 1269/1269/1269 1268/1268/1268 
f 1268/1268/1268 1269/1269/1269 1269/1269/1269 
f 1269/1269/1269 1270/1270/1270 1269/1269/1269 
f 1269/1269/1269 1270/1270/1270 1271/1271/1271 
f 1270/1270/1270 1272/1272/1272 1271/1271/1271 
f 1271/1271/1271 1272/1272/1272 1272/1272/1272 
f 1272/1272/1272 1273/1273/1273 1272/1272/1272 
f 1272/1272/1272 1273/1273/1273 1273/1273/1273 
f 1273/1273/1273 1274/1274/1274 1273/1273/1273 
f 1273/1273/1273 1274/1274/1274 1275/1275/1275 
f 1274/1274/1274 1276/1276/1276 1275/1275/1275 
f 1275/1275/1275 1276/1276/1276 1276/1276/1276 
f 1276/1276/1276 1277/1277/1277 1276/1276/1276 
f 1276/1276/1276 1277/1277/1277 1277/1277/1277 
f 1277/1277/1277 1278/1278/1278 1277/1277/1277 
f 1277/1277/1277 1278/1278/1278 1279/1279/1279 
f 1278/1278/1278 1280/1280/1280 1279/1279/1279 
f 1279/1279/1279 1280/1280/1280 1280/1280/1280 
f 1280/1280/1280 1281/1281/1281 1280/1280/1280 
f 1280/1280/1280 1281/1281/1281 1281/1281/1281 
f 1281/1281/1281 1282/1282/1282 1281/1281/1281 
f 1281/1281/1281 1282/1282/1282 1283/1283/1283 
f 1282/1282/1282 1284/1284/1284 1283/1283/1283 
f 1283/1283/1283 1284/1284/1284 1284/1284/1284 
f 1284/1284/1284 1285/1285/1285 1284/1284/1284 
f 1284/1284/1284 1285/1285/1285 1285/1285/1285 
f 1285/1285/1285 1286/1286/1286 1285/1285/1285 
f 1285/1285/1285 1286/1286/1286 1287/1287/1287 
f 1286/1286/1286 1288/1288/1288 1287/1287/1287 
f 1287/1287/1287 1288/1288/1288 1288/1288/1288 
f 1288/1288/1288 1289/1289/1289 1288/1288/1288 
f 1288/1288/1288 1289/1289/1289 1289/1289/1289 
f 1289/1289/1289 1290/1290/1290 1289/1289/1289 
f 1289/1289/1289 1290/1290/1290 1291/1291/1291 
f 1290/1290/1290 1292/1292/1292 1291/1291/1291 
f 1291/1291/1291 1292/1292/1292 1292/1292/1292 
f 1292/1292/1292 1293/1293/1293 1292/1292/1292 
f 1292/1292/1292 1293/1293/1293 1293/1293/1293 
f 1293/1293/1293 1294/1294/1294 1293/1293/1293 
f 1293/1293/1293 1294/1294/1294 1295/1295/1295 
f 1294/1294/1294 1296/1296/1296 1295/1295/1295 
f 1295/1295/1295 1296/1296/1296 1296/1296/1296 
f 1296/1296/1296 1297/1297/1297 1296/1296/1296 
f 1296/1296/1296 1297/1297/1297 1297/1297/1297 
f 1297/1297/1297 1298/1298/1298 1297/1297/1297 
f 1297/1297/1297 1298/1298/1298 1299/1299/1299 
f 1298/1298/1298 1300/1300/1300 1299/1299/1299 
f 1299/1299/1299 1300/1300/1300 1300/1300/1300 
f 1300/1300/1300 1301/1301/1301 1300/1300/1300 
f 1300/1300/1300 1301/1301/1301 1301/1301/1301 
f 1301/1301/1301 1302/1302/1302 1301/1301/1301 
f 1301/1301/1301 1302/1302/1302 1303/1303/1303 
f 1302/1302/1302 1304/1304/1304 1303/1303/1303 
f 1303/1303/1303 1304/1304/1304 1304/1304/1304 
f 1304/1304/1304 1305/1305/1305 1304/1304/1304 
f 1304/1304/1304 1305/1305/1305 1305/1305/1305 
f 1305/1305/1305 1306/1306/1306 1305/1305/1305 
f 1305/1305/1305 1306/1306/1306 1307/1307/1307 
f 1306/1306/1306 1308/1308/1308 1307/1307/1307 
f 1307/1307/1307 1308/1308/1308 1308/1308/1308 
f 1308/1308/1308 1309/1309/1309 1308/1308/1308 
f 1308/1308/1308 1309/1309/1309 1309/1309/1309 
f 1309/1309/1309 1310/1310/1310 1309/1309/1309 
f 1309/1309/1309 1310/1310/1310 1311/1311/1311 
f 1310/1310/1310 1312/1312/1312 1311/1311/1311 
f 1311/1311/1311 1312/1312/1312 1312/1312/1312 
f 1312/1312/1312 1313/1313/1313 1312/1312/1312 
f 1312/1312/1312 1313/1313/1313 1313/1313/1313 
f 1313/1313/1313 1314/1314/1314 1313/1313/1313 
f 1313/1313/1313 1314/1314/1314 1315/1315/1315 
f 1314/1314/1314 1316/1316/1316 1315/1315/1315 
f 1315/1315/1315 1316/1316/1316 1316/1316/1316 
f 1316/1316/1316 1317/1317/1317 1316/1316/1316 
f 1316/1316/1316 1317/1317/1317 1317/1317/1317 
f 1317/1317/1317 1318/1318/1318 1317/1317/1317 
f 1317/1317/1317 1318/1318/1318 1319/1319/1319 
f 1318/1318/1318 1320/1320/1320 1319/1319/1319 
f 1319/1319/1319 1320/1320/1320 1320/1320/1320 
f 1320/1320/1320 1321/1321/1321 1320/1320/1320 
f 1320/1320/1320 1321/1321/1321 1321/1321/1321 
f 1321/1321/1321 1322/1322/1322 1321/1321/1321 
f 1321/1321/1321 1322/1322/1322 1323/1323/1323 
f 1322/1322/1322 1324/1324/1324 1323/1323/1323 
f 1323/1323/1323 1324/1324/1324 1324/1324/1324 
f 1324/1324/1324 1325/1325/1325 1324/1324/1324 
f 1324/1324/1324 1325/1325/1325 1325/1325/1325 
f 1325/1325/1325 1326/1326/1326 1325/1325/1325 
f 1325/1325/1325 1326/1326/1326 1327/1327/1327 
f 1326/1326/1326 1328/1328/1328 1327/1327/1327 
f 1327/1327/1327 1328/1328/1328 1328/1328/1328 
f 1328/1328/1328 1329/1329/1329 1328/1328/1328 
f 1328/1328/1328 1329/1329/1329 1329/1329/1329 
f 1329/1329/1329 1330/1330/1330 1329/1329/1329 
f 1329/1329/1329 1330/1330/1330 1331/1331/1331 
f 1330/1330/1330 1332/1332/1332 1331/1331/1331 
f 1331/1331/1331 1332/1332/1332 1332/1332/1332 
f 1332/1332/1332 1333/1333/1333 1332/1332/1332 
f 1332/1332/1332 1333/1333/1333 1333/1333/1333 
f 1333/1333/1333 1334/1334/1334 1333/1333/1333 
f 1333/1333/1333 1334/1334/1334 1335/1335/1335 
f 1334/1334/1334 1336/1336/1336 1335/1335/1335 
f 1335/1335/1335 1336/1336/1336 1336/1336/1336 
f 1336/1336/1336 1337/1337/1337 1336/1336/1336 
f 1336/1336/1336 1337/1337/1337 1337/1337/1337 
f 1337/1337/1337 1338/1338/1338 1337/1337/1337 
f 1337/1337/1337 1338/1338/1338 1339/1339/1339 
f 1338/1338/1338 1340/1340/1340 1339/1339/1339 
f 1339/1339/1339 1340/1340/1340 1340/1340/1340 
f 1340/1340/1340 1341/1341/1341 1340/1340/1340 
f 1340/1340/1340 1341/1341/1341 1341/1341/1341 
f 1341/1341/1341 1342/1342/1342 1341/1341/1341 
f 1341/1341/1341 1342/1342/1342 1343/1343/1343 
f 1342/1342/1342 1344/1344/1344 1343/1343/1343 
f 1343/1343/1343 1344/1344/1344 1344/1344/1344 
f 1344/1344/1344 1345/1345/1345 1344/1344/1344 
f 1344/1344/1344 1345/1345/1345 1345/1345/1345 
f 1345/1345/1345 1346/1346/1346 1345/1345/1345 
f 1345/1345/1345 1346/1346/1346 1347/1347/1347 
f 1346/1346/1346 1348/1348/1348 1347/1347/1347 
f 1347/1347/1347 1348/1348/1348 1348/1348/1348 
f 1348/1348/1348 1349/1349/1349 1348/1348/1348 
f 1348/1348/1348 1349/1349/1349 1349/1349/1349 
f 1349/1349/1349 1350/1350/1350 1349/1349/1349 
f 1349/1349/1349 1350/1350/1350 1351/1351/1351 
f 1350/1350/1350 1352/1352/1352 1351/1351/1351 
f 1351/1351/1351 1352/1352/1352 1352/1352/1352 
f 1352/1352/1352 1353/1353/1353 1352/1352/1352 
f 1352/1352/1352 1353/1353/1353 1353/1353/1353 
f 1353/1353/1353 1354/1354/1354 1353/1353/1353 
f 1353/1353/1353 1354/1354/1354 1355/1355/1355 
f 1354/1354/1354 1356/1356/1356 1355/1355/1355 
f 1355/1355/1355 1356/1356/1356 1356/1356/1356 
f 1356/1356/1356 1357/1357/1357 1356/1356/1356 
f 1356/1356/1356 1357/1357/1357 1357/1357/1357 
f 1357/1357/1357 1358/1358/1358 1357/1357/1357 
f 1357/1357/1357 1358/1358/1358 1359/1359/1359 
f 1358/1358/1358 1360/1360/1360 1359/1359/1359 
f 1359/1359/1359 1360/1360/1360 1360/1360/1360 
f 1360/1360/1360 1361/1361/1361 1360/1360/1360 
f 1360/1360/1360 1361/1361/1361 1361/1361/1361 
f 1361/1361/1361 1362/1362/1362 1361/1361/1361 
f 1361/1361/1361 1362/1362/1362 1363/1363/1363 
f 1362/1362/1362 1364/1364/1364 1363/1363/1363 
f 1363/1363/1363 1364/1364/1364 1364/1364/1364 
f 1364/1364/1364 1365/1365/1365 1364/1364/1364 
f 1364/1364/1364 1365/1365/1365 1365/1365/1365 
f 1365/1365/1365 1366/1366/1366 1365/1365/1365 
f 1365/1365/1365 1366/1366/1366 1367/1367/1367 
f 1366/1366/1366 1368/1368/1368 1367/1367/1367 
f 1367/1367/1367 1368/1368/1368 1368/1368/1368 
f 1368/1368/1368 1369/1369/1369 1368/1368/1368 
f 1368/1368/1368 1369/1369/1369 1369/1369/1369 
f 1369/1369/1369 1370/1370/1370 1369/1369/1369 
f 1369/1369/1369 1370/1370/1370 1371/1371/1371 
f 1370/1370/1370 1372/1372/1372 1371/1371/1371 
f 1371/1371/1371 1372/1372/1372 1372/1372/1372 
f 1372/1372/1372 1373/1373/1373 1372/1372/1372 
f 1372/1372/1372 1373/1373/1373 1373/1373/1373 
f 1373/1373/1373 1374/1374/1374 1373/1373/1373 
f 1373/1373/1373 1374/1374/1374 1375/1375/1375 
f 1374/1374/1374 1376/1376/1376 1375/1375/1375 
f 1375/1375/1375 1376/1376/1376 1376/1376/1376 
f 1376/1376/1376 1377/1377/1377 1376/1376/1376 
f 1376/1376/1376 1377/1377/1377 1377/1377/1377 
f 1377/1377/1377 1378/1378/1378 1377/1377/1377 
f 1377/1377/1377 1378/1378/1378 1379/1379/1379 
f 1378/1378/1378 1380/1380/1380 1379/1379/1379 
f 1379/1379/1379 1380/1380/1380 1380/1380/1380 
f 1380/1380/1380 1381/1381/1381 1380/1380/1380 
f 1380/1380/1380 1381/1381/1381 1381/1381/1381 
f 1381/1381/1381 1382/1382/1382 1381/1381/1381 
f 1381/1381/1381 1382/1382/1382 1383/1383/1383 
f 1382/1382/1382 1384/1384/1384 1383/1383/1383 
f 1383/1383/1383 1384/1384/1384 1384/1384/1384 
f 1384/1384/1384 1385/1385/1385 1384/1384/1384 
f 1384/1384/1384 1385/1385/1385 1385/1385/1385 
f 1385/1385/1385 1386/1386/1386 1385/1385/1385 
f 1385/1385/1385 1386/1386/1386 1387/1387/1387 
f 1386/1386/1386 1388/1388/1388 1387/1387/1387 
f 1387/1387/1387 1388/1388/1388 1388/1388/1388 
f 1388/1388/1388 1389/1389/1389 1388/1388/1388 
f 1388/1388/1388 1389/1389/1389 1389/1389/1389 
f 1389/1389/1389 1390/1390/1390 1389/1389/1389 
f 1389/1389/1389 1390/1390/1390 1391/1391/1391 
f 1390/1390/1390 1392/1392/1392 1391/1391/1391 
f 1391/1391/1391 1392/1392/1392 1392/1392/1392 
f 1392/1392/1392 1393/1393/1393 1392/1392/1392 
f 1392/1392/1392 1393/1393/1393 1393/1393/1393 
f 1393/1393/1393 1394/1394/1394 1393/1393/1393 
f 1393/1393/1393 1394/1394/1394 1395/1395/1395 
f 1394/1394/1394 1396/1396/1396 1395/1395/1395 
f 1395/1395/1395 1396/1396/1396 1396/1396/1396 
f 1396/1396/1396 1397/1397/1397 1396/1396/1396 
f 1396/1396/1396 1397/1397/1397 1397/1397/1397 
f 1397/1397/1397 1398/1398/1398 1397/1397/1397 
f 1397/1397/1397 1398/1398/1398 1399/1399/1399 
f 1398/1398/1398 1400/1400/1400 1399/1399/1399 
f 1399/1399/1399 1400/1400/1400 1400/1400/1400 
f 1400/1400/1400 1401/1401/1401 1400/1400/1400 
f 1400/1400/1400 1401/1401/1401 1401/1401/1401 
f 1401/1401/1401 1402/1402/1402 1401/1401/1401 
f 1401/1401/1401 1402/1402/1402 1403/1403/1403 
f 1402/1402/1402 1404/1404/1404 1403/1403/1403 
f 1403/1403/1403 1404/1404/1404 1404/1404/1404 
f 1404/1404/1404 1405/1405/1405 1404/1404/1404 
f 1404/1404/1404 1405/1405/1405 1405/1405/1405 
f 1405/1405/1405 1406/1406/1406 1405/1405/1405 
f 1405/1405/1405 1406/1406/1406 1407/1407/1407 
f 1406/1406/1406 1408/1408/1408 1407/1407/1407 
f 1407/1407/1407 1408/1408/1408 1408/1408/1408 
f 1408/1408/1408 1409/1409/1409 1408/1408/1408 
f 1408/1408/1408 1409/1409/1409 1409/1409/1409 
f 1409/1409/1409 1410/1410/1410 1409/1409/1409 
f 1409/1409/1409 1410/1410/1410 1411/1411/1411 
f 1410/1410/1410 1412/1412/1412 1411/1411/1411 
f 1411/1411/1411 1412/1412/1412 1412/1412/1412 
f 1412/1412/1412 1413/1413/1413 1412/1412/1412 
f 1412/1412/1412 1413/1413/1413 1413/1413/1413 
f 1413/1413/1413 1414/1414/1414 1413/1413/1413 
f 1413/1413/1413 1414/1414/1414 1415/1415/1415 
f 1414/1414/1414 1416/1416/1416 1415/1415/1415 
f 1415/1415/1415 1416/1416/1416 1416/1416/1416 
f 1416/1416/1416 1417/1417/1417 1416/1416/1416 
f 1416/1416/1416 1417/1417/1417 1417/1417/1417 
f 1417/1417/1417 1418/1418/1418 1417/1417/1417 
f 1417/1417/1417 1418/1418/1418 1419/1419/1419 
f 1418/1418/1418 1420/1420/1420 1419/1419/1419 
f 1419/1419/1419 1420/1420/1420 1420/1420/1420 
f 1420/1420/1420 1421/1421/1421 1420/1420/1420 
f 1420/1420/1420 1421/1421/1421 1421/1421/1421 
f 1421/1421/1421 1422/1422/1422 1421/1421/1421 
f 1421/1421/1421 1422/1422/1422 1423/1423/1423 
f 1422/1422/1422 1424/1424/1424 1423/1423/1423 
f 1423/1423/1423 1424/1424/1424 1424/1424/1424 
f 1424/1424/1424 1425/1425/1425 1424/1424/1424 
f 1424/1424/1424 1425/1425/1425 1425/1425/1425 
f 1425/1425/1425 1426/1426/1426 1425/1425/1425 
f 1425/1425/1425 1426/1426/1426 1427/1427/1427 
f 1426/1426/1426 1428/1428/1428 1427/1427/1427 
f 1427/1427/1427 1428/1428/1428 1428/1428/1428 
f 1428/1428/1428 1429/1429/1429 1428/1428/1428 
f 1428/1428/1428 1429/1429/1429 1429/1429/1429 
f 1429/1429/1429 1430/1430/1430 1429/1429/1429 
f 1429/1429/1429 1430/1430/1430 1431/1431/1431 
f 1430/1430/1430 1432/1432/1432 1431/1431/1431 
f 1431/1431/1431 1432/1432/1432 1432/1432/1432 
f 1432/1432/1432 1433/1433/1433 1432/1432/1432 
f 1432/1432/1432 1433/1433/1433 1433/1433/1433 
f 1433/1433/1433 1434/1434/1434 1433/1433/1433 
f 1433/1433/1433 1434/1434/1434 1435/1435/1435 
f 1434/1434/1434 1436/1436/1436 1435/1435/1435 
f 1435/1435/1435 1436/1436/1436 1436/1436/1436 
f 1436/1436/1436 1437/1437/1437 1436/1436/1436 
f 1436/1436/1436 1437/1437/1437 1437/1437/1437 
f 1437/1437/1437 1438/1438/1438 1437/1437/1437 
f 1437/1437/1437 1438/1438/1438 1439/1439/1439 
f 1438/1438/1438 1440/1440/1440 1439/1439/1439 
f 1439/1439/1439 1440/1440/1440 1440/1440/1440 
f 1440/1440/1440 1441/1441/1441 1440/1440/1440 
f 1440/1440/1440 1441/1441/1441 1441/1441/1441 
f 1441/1441/1441 1442/1442/1442 1441/1441/1441 
f 1441/1441/1441 1442/1442/1442 1443/1443/1443 
f 1442/1442/1442 1444/1444/1444 1443/1443/1443 
f 1443/1443/1443 1444/1444/1444 1444/1444/1444 
f 1444/1444/1444 1445/1445/1445 1444/1444/1444 
f 1444/1444/1444 1445/1445/1445 1445/1445/1445 
f 1445/1445/1445 1446/1446/1446 1445/1445/1445 
f 1445/1445/1445 1446/1446/1446 1447/1447/1447 
f 1446/1446/1446 1448/1448/1448 1447/1447/1447 
f 1447/1447/1447 1448/1448/1448 1448/1448/1448 
f 1448/1448/1448 1449/1449/1449 1448/1448/1448 
f 1448/1448/1448 1449/1449/1449 1449/1449/1449 
f 1449/1449/1449 1450/1450/1450 1449/1449/1449 
f 1449/1449/1449 1450/1450/1450 1451/1451/1451 
f 1450/1450/1450 1452/1452/1452 1451/1451/1451 
f 1451/1451/1451 1452/1452/1452 1452/1452/1452 
f 1452/1452/1452 1453/1453/1453 1452/1452/1452 
f 1452/1452/1452 1453/1453/1453 1453/1453/1453 
f 1453/1453/1453 1454/1454/1454 1453/1453/1453 
f 1453/1453/1453 1454/1454/1454 1455/1455/1455 
f 1454/1454/1454 1456/1456/1456 1455/1455/1455 
f 1455/1455/1455 1456/1456/1456 1456/1456/1456 
f 1456/1456/1456 1457/1457/1457 1456/1456/1456 
f 1456/1456/1456 1457/1457/1457 1457/1457/1457 
f 1457/1457/1457 1458/1458/1458 1457/1457/1457 
f 1457/1457/1457 1458/1458/1458 1459/1459/1459 
f 1458/1458/1458 1460/1460/1460 1459/1459/1459 
f 1459/1459/1459 1460/1460/1460 1460/1460/1460 
f 1460/1460/1460 1461/1461/1461 1460/1460/1460 
f 1460/1460/1460 1461/1461/1461 1461/1461/1461 
f 1461/1461/1461 1462/1462/1462 1461/1461/1461 
f 1461/1461/1461 1462/1462/1462 1463/1463/1463 
f 1462/1462/1462 1464/1464/1464 1463/1463/1463 
f 1463/1463/1463 1464/1464/1464 1464/1464/1464 
f 1464/1464/1464 1465/1465/1465 1464/1464/1464 
f 1464/1464/1464 1465/1465/1465 1465/1465/1465 
f 1465/1465/1465 1466/1466/1466 1465/1465/1465 
f 1465/1465/1465 1466/1466/1466 1467/1467/1467 
f 1466/1466/1466 1468/1468/1468 1467/1467/1467 
f 1467/1467/1467 1468/1468/1468 1468/1468/1468 
f 1468/1468/1468 1469/1469/1469 1468/1468/1468 
f 1468/1468/1468 1469/1469/1469 1469/1469/1469 
f 1469/1469/1469 1470/1470/1470 1469/1469/1469 
f 1469/1469/1469 1470/1470/1470 1471/1471/1471 
f 1470/1470/1470 1472/1472/1472 1471/1471/1471 
f 1471/1471/1471 1472/1472/1472 1472/1472/1472 
f 1472/1472/1472 1473/1473/1473 1472/1472/1472 
f 1472/1472/1472 1473/1473/1473 1473/1473/1473 
f 1473/1473/1473 1474/1474/1474 1473/1473/1473 
f 1473/1473/1473 1474/1474/1474 1475/1475/1475 
f 1474/1474/1474 1476/1476/1476 1475/1475/1475 
f 1475/1475/1475 1476/1476/1476 1476/1476/1476 
f 1476/1476/1476 1477/1477/1477 1476/1476/1476 
f 1476/1476/1476 1477/1477/1477 1477/1477/1477 
f 1477/1477/1477 1478/1478/1478 1477/1477/1477 
f 1477/1477/1477 1478/1478/1478 1479/1479/1479 
f 1478/1478/1478 1480/1480/1480 1479/1479/1479 
f 1479/1479/1479 1480/1480/1480 1480/1480/1480 
f 1480/1480/1480 1481/1481/1481 1480/1480/1480 
f 1480/1480/1480 1481/1481/1481 1481/1481/1481 
f 1481/1481/1481 1482/1482/1482 1481/1481/1481 
f 1481/1481/1481 1482/1482/1482 1483/1483/1483 
f 1482/1482/1482 1484/1484/1484 1483/1483/1483 
f 1483/1483/1483 1484/1484/1484 1484/1484/1484 
f 1484/1484/1484 1485/1485/1485 1484/1484/1484 
f 1484/1484/1484 1485/1485/1485 1485/1485/1485 
f 1485/1485/1485 1486/1486/1486 1485/1485/1485 
f 1485/1485/1485 1486/1486/1486 1487/1487/1487 
f 1486/1486/1486 1488/1488/1488 1487/1487/1487 
f 1487/1487/1487 1488/1488/1488 1488/1488/1488 
f 1488/1488/1488 1489/1489/1489 1488/1488/1488 
f 1488/1488/1488 1489/1489/1489 1489/1489/1489 
f 1489/1489/1489 1490/1490/1490 1489/1489/1489 
f 1489/1489/1489 1490/1490/1490 1491/1491/1491 
f 1490/1490/1490 1492/1492/1492 1491/1491/1491 
f 1491/1491/1491 1492/1492/1492 1492/1492/1492 
f 1492/1492/1492 1493/1493/1493 1492/1492/1492 
f 1492/1492/1492 1493/1493/1493 1493/1493/1493 
f 1493/1493/1493 1494/1494/1494 1493/1493/1493 
f 1493/1493/1493 1494/1494/1494 1495/1495/1495 
f 1494/1494/1494 1496/1496/1496 1495/1495/1495 
f 1495/1495/1495 1496/1496/1496 1496/1496/1496 
f 1496/1496/1496 1497/1497/1497 1496/1496/1496 
f 1496/1496/1496 1497/1497/1497 1497/1497/1497 
f 1497/1497/1497 1498/1498/1498 1497/1497/1497 
f 1497/1497/1497 1498/1498/1498 1499/1499/1499 
f 1498/1498/1498 1500/1500/1500 1499/1499/1499 
f 1499/1499/1499 1500/1500/1500 1500/1500/1500 
f 1500/1500/1500 1501/1501/1501 1500/1500/1500 
f 1500/1500/1500 1501/1501/1501 1501/1501/1501 
f 1501/1501/1501 1502/1502/1502 1501/1501/1501 
f 1501/1501/1501 1502/1502/1502 1503/1503/1503 
f 1502/1502/1502 1504/1504/1504 1503/1503/1503 
f 1503/1503/1503 1504/1504/1504 1504/1504/1504 
f 1504/1504/1504 1505/1505/1505 1504/1504/1504 
f 1504/1504/1504 1505/1505/1505 1505/1505/1505 
f 1505/1505/1505 1506/1506/1506 1505/1505/1505 
f 1505/1505/1505 1506/1506/1506 1507/1507/1507 
f 1506/1506/1506 1508/1508/1508 1507/1507/1507 
f 1507/1507/1507 1508/1508/1508 1508/1508/1508 
f 1508/1508/1508 1509/1509/1509 1508/1508/1508 
f 1508/1508/1508 1509/1509/1509 1509/1509/1509 
f 1509/1509/1509 1510/1510/1510 1509/1509/1509 
f 1509/1509/1509 1510/1510/1510 1511/1511/1511 
f 1510/1510/1510 1512/1512/1512 1511/1511/1511 
f 1511/1511/1511 1512/1512/1512 1512/1512/1512 
f 1512/1512/1512 1513/1513/1513 1512/1512/1512 
f 1512/1512/1512 1513/1513/1513 1513/1513/1513 
f 1513/1513/1513 1514/1514/1514 1513/1513/1513 
f 1513/1513/1513 1514/1514/1514 1515/1515/1515 
f 1514/1514/1514 1516/1516/1516 1515/1515/1515 
f 1515/1515/1515 1516/1516/1516 1516/1516/1516 
f 1516/1516/1516 1517/1517/1517 1516/1516/1516 
f 1516/1516/1516 1517/1517/1517 1517/1517/1517 
f 1517/1517/1517 1518/1518/1518 1517/1517/1517 
f 1517/1517/1517 1518/1518/1518 1519/1519/1519 
f 1518/1518/1518 1520/1520/1520 1519/1519/1519 
f 1519/1519/1519 1520/1520/1520 1520/1520/1520 
f 1520/1520/1520 1521/1521/1521 1520/1520/1520 
f 1520/1520/1520 1521/1521/1521 1521/1521/1521 
f 1521/1521/1521 1522/1522/1522 1521/1521/1521 
f 1521/1521/1521 1522/1522/1522 1523/1523/1523 
f 1522/1522/1522 1524/1524/1524 1523/1523/1523 
f 1523/1523/1523 1524/1524/1524 1524/1524/1524 
f 1524/1524/1524 1525/1525/1525 1524/1524/1524 
f 1524/1524/1524 1525/1525/1525 1525/1525/1525 
f 1525/1525/1525 1526/1526/1526 1525/1525/1525 
f 1525/1525/1525 1526/1526/1526 1527/1527/1527 
f 1526/1526/1526 1528/1528/1528 1527/1527/1527 
f 1527/1527/1527 1528/1528/1528 1528/1528/1528 
f 1528/1528/1528 1529/1529/1529 1528/1528/1528 
f 1528/1528/1528 1529/1529/1529 1529/1529/1529 
f 1529/1529/1529 1530/1530/1530 1529/1529/1529 
f 1529/1529/1529 1530/1530/1530 1531/1531/1531 
f 1530/1530/1530 1532/1532/1532 1531/1531/1531 
f 1531/1531/1531 1532/1532/1532 1532/1532/1532 
f 1532/1532/1532 1533/1533/1533 1532/1532/1532 
f 1532/1532/1532 1533/1533/1533 1533/1533/1533 
f 1533/1533/1533 1534/1534/1534 1533/1533/1533 
f 1533/1533/1533 1534/1534/1534 1535/1535/1535 
f 1534/1534/1534 1536/1536/1536 1535/1535/1535 
f 1535/1535/1535 1536/1536/1536 1536/1536/1536 
f 1536/1536/1536 1537/1537/1537 1536/1536/1536 
f 1536/1536/1536 1537/1537/1537 1537/1537/1537 
f 1537/1537/1537 1538/1538/1538 1537/1537/1537 
f 1537/1537/1537 1538/1538/1538 1539/1539/1539 
f 1538/1538/1538 1540/1540/1540 1539/1539/1539 
f 1539/1539/1539 1540/1540/1540 1540/1540/1540 
f 1540/1540/1540 1541/1541/1541 1540/1540/1540 
f 1540/1540/1540 1541/1541/1541 1541/1541/1541 
f 1541/1541/1541 1542/1542/1542 1541/1541/1541 
f 1541/1541/1541 1542/1542/1542 1543/1543/1543 
f 1542/1542/1542 1544/1544/1544 1543/1543/1543 
f 1543/1543/1543 1544/1544/1544 1544/1544/1544 
f 1544/1544/1544 1545/1545/1545 1544/1544/1544 
f 1544/1544/1544 1545/1545/1545 1545/1545/1545 
f 1545/1545/1545 1546/1546/1546 1545/1545/1545 
f 1545/1545/1545 1546/1546/1546 1547/1547/1547 
f 1546/1546/1546 1548/1548/1548 1547/1547/1547 
f 1547/1547/1547 1548/1548/1548 1548/1548/1548 
f 1548/1548/1548 1549/1549/1549 1548/1548/1548 
f 1548/1548/1548 1549/1549/1549 1549/1549/1549 
f 1549/1549/1549 1550/1550/1550 1549/1549/1549 
f 1549/1549/1549 1550/1550/1550 1551/1551/1551 
f 1550/1550/1550 1552/1552/1552 1551/1551/1551 
f 1551/1551/1551 1552/1552/1552 1552/1552/1552 
f 1552/1552/1552 1553/1553/1553 1552/1552/1552 
f 1552/1552/1552 1553/1553/1553 1553/1553/1553 
f 1553/1553/1553 1554/1554/1554 1553/1553/1553 
f 1553/1553/1553 1554/1554/1554 1555/1555/1555 
f 1554/1554/1554 1556/1556/1556 1555/1555/1555 
f 1555/1555/1555 1556/1556/1556 1556/1556/1556 
f 1556/1556/1556 1557/1557/1557 1556/1556/1556 
f 1556/1556/1556 1557/1557/1557 1557/1557/1557 
f 1557/1557/1557 1558/1558/1558 1557/1557/1557 
f 1557/1557/1557 1558/1558/1558 1559/1559/1559 
f 1558/1558/1558 1560/1560/1560 1559/1559/1559 
f 1559/1559/1559 1560/1560/1560 1560/1560/1560 
f 1560/1560/1560 1561/1561/1561 1560/1560/1560 
f 1560/1560/1560 1561/1561/1561 1561/1561/1561 
f 1561/1561/1561 1562/1562/1562 1561/1561/1561 
f 1561/1561/1561 1562/1562/1562 1563/1563/1563 
f 1562/1562/1562 1564/1564/1564 1563/1563/1563 
f 1563/1563/1563 1564/1564/1564 1564/1564/1564 
f 1564/1564/1564 1565/1565/1565 1564/1564/1564 
f 1564/1564/1564 1565/1565/1565 1565/1565/1565 
f 1565/1565/1565 1566/1566/1566 1565/1565/1565 
f 1565/1565/1565 1566/1566/1566 1567/1567/1567 
f 1566/1566/1566 1568/1568/1568 1567/1567/1567 
f 1567/1567/1567 1568/1568/1568 1568/1568/1568 
f 1568/1568/1568 1569/1569/1569 1568/1568/1568 
f 1568/1568/1568 1569/1569/1569 1569/1569/1569 
f 1569/1569/1569 1570/1570/1570 1569/1569/1569 
f 1569/1569/1569 1570/1570/1570 1571/1571/1571 
f 1570/1570/1570 1572/1572/1572 1571/1571/1571 
f 1571/1571/1571 1572/1572/1572 1572/1572/1572 
f 1572/1572/1572 1573/1573/1573 1572/1572/1572 
f 1572/1572/1572 1573/1573/1573 1573/1573/1573 
f 1573/1573/1573 1574/1574/1574 1573/1573/1573 
f 1573/1573/1573 1574/1574/1574 1575/1575/1575 
f 1574/1574/1574 1576/1576/1576 1575/1575/1575 
f 1575/1575/1575 1576/1576/1576 1576/1576/1576 
f 1576/1576/1576 1577/1577/1577 1576/1576/1576 
f 1576/1576/1576 1577/1577/1577 1577/1577/1577 
f 1577/1577/1577 1578/1578/1578 1577/1577/1577 
f 1577/1577/1577 1578/1578/1578 1579/1579/1579 
f 1578/1578/1578 1580/1580/1580 1579/1579/1579 
f 1579/1579/1579 1580/1580/1580 1580/1580/1580 
f 1580/1580/1580 1581/1581/1581 1580/1580/1580 
f 1580/1580/1580 1581/1581/1581 1581/1581/1581 
f 1581/1581/1581 1582/1582/1582 1581/1581/1581 
f 1581/1581/1581 1582/1582/1582 1583/1583/1583 
f 1582/1582/1582 1584/1584/1584 1583/1583/1583 
f 1583/1583/1583 1584/1584/1584 1584/1584/1584 
f 1584/1584/1584 1585/1585/1585 1584/1584/1584 
f 1584/1584/1584 1585/1585/1585 1585/1585/1585 
f 1585/1585/1585 1586/1586/1586 1585/1585/1585 
f 1585/1585/1585 1586/1586/1586 1587/1587/1587 
f 1586/1586/1586 1588/1588/1588 1587/1587/1587 
f 1587/1587/1587 1588/1588/1588 1588/1588/1588 
f 1588/1588/1588 1589/1589/1589 1588/1588/1588 
f 1588/1588/1588 1589/1589/1589 1589/1589/1589 
f 1589/1589/1589 1590/1590/1590 1589/1589/1589 
f 1589/1589/1589 1590/1590/1590 1591/1591/1591 
f 1590/1590/1590 1592/1592/1592 1591/1591/1591 
f 1591/1591/1591 1592/1592/1592 1592/1592/1592 
f 1592/1592/1592 1593/1593/1593 1592/1592/1592 
f 1592/1592/1592 1593/1593/1593 1593/1593/1593 
f 1593/1593/1593 1594/1594/1594 1593/1593/1593 
f 1593/1593/1593 1594/1594/1594 1595/1595/1595 
f 1594/1594/1594 1596/1596/1596 1595/1595/1595 
f 1595/1595/1595 1596/1596/1596 1596/1596/1596 
f 1596/1596/1596 1597/1597/1597 1596/1596/1596 
f 1596/1596/1596 1597/1597/1597 1597/1597/1597 
f 1597/1597/1597 1598/1598/1598 1597/1597/1597 
f 1597/1597/1597 1598/1598/1598 1599/1599/1599 
f 1598/1598/1598 1600/1600/1600 1599/1599/1599 
f 1599/1599/1599 1600/1600/1600 1600/1600/1600 
f 1600/1600/1600 1601/1601/1601 1600/1600/1600 
f 1600/1600/1600 1601/1601/1601 1601/1601/1601 
f 1601/1601/1601 1602/1602/1602 1601/1601/1601 
f 1601/1601/1601 1602/1602/1602 1603/1603/1603 
f 1602/1602/1602 1604/1604/1604 1603/1603/1603 
f 1603/1603/1603 1604/1604/1604 1604/1604/1604 
f 1604/1604/1604 1605/1605/1605 1604/1604/1604 
f 1604/1604/1604 1605/1605/1605 1605/1605/1605 
f 1605/1605/1605 1606/1606/1606 1605/1605/1605 
f 1605/1605/1605 1606/1606/1606 1607/1607/1607 
f 1606/1606/1606 1608/1608/1608 1607/1607/1607 
f 1607/1607/1607 1608/1608/1608 1608/1608/1608 
f 1608/1608/1608 1609/1609/1609 1608/1608/1608 
f 1608/1608/1608 1609/1609/1609 1609/1609/1609 
f 1609/1609/1609 1610/1610/1610 1609/1609/1609 
f 1609/1609/1609 1610/1610/1610 1611/1611/1611 
f 1610/1610/1610 1612/1612/1612 1611/1611/1611 
f 1611/1611/1611 1612/1612/1612 1612/1612/1612 
f 1612/1612/1612 1613/1613/1613 1612/1612/1612 
f 1612/1612/1612 1613/1613/1613 1613/1613/1613 
f 1613/1613/1613 1614/1614/1614 1613/1613/1613 
f 1613/1613/1613 1614/1614/1614 1615/1615/1615 
f 1614/1614/1614 1616/1616/1616 1615/1615/1615 
f 1615/1615/1615 1616/1616/1616 1616/1616/1616 
f 1616/1616/1616 1617/1617/1617 1616/1616/1616 
f 1616/1616/1616 1617/1617/1617 1617/1617/1617 
f 1617/1617/1617 1618/1618/1618 1617/1617/1617 
f 1617/1617/1617 1618/1618/1618 1619/1619/1619 
f 1618/1618/1618 1620/1620/1620 1619/1619/1619 
f 1619/1619/1619 1620/1620/1620 1620/1620/1620 
f 1620/1620/1620 1621/1621/1621 1620/1620/1620 
f 1620/1620/1620 1621/1621/1621 1621/1621/1621 
f 1621/1621/1621 1622/1622/1622 1621/1621/1621 
f 1621/1621/1621 1622/1622/1622 1623/1623/1623 
f 1622/1622/1622 1624/1624/1624 1623/1623/1623 
f 1623/1623/1623 1624/1624/1624 1624/1624/1624 
f 1624/1624/1624 1625/1625/1625 1624/1624/1624 
f 1624/1624/1624 1625/1625/1625 1625/1625/1625 
f 1625/1625/1625 1626/1626/1626 1625/1625/1625 
f 1625/1625/1625 1626/1626/1626 1627/1627/1627 
f 1626/1626/1626 1628/1628/1628 1627/1627/1627 
f 1627/1627/1627 1628/1628/1628 1628/1628/1628 
f 1628/1628/1628 1629/1629/1629 1628/1628/1628 
f 1628/1628/1628 1629/1629/1629 1629/1629/1629 
f 1629/1629/1629 1630/1630/1630 1629/1629/1629 
f 1629/1629/1629 1630/1630/1630 1631/1631/1631 
f 1630/1630/1630 1632/1632/1632 1631/1631/1631 
f 1631/1631/1631 1632/1632/1632 1632/1632/1632 
f 1632/1632/1632 1633/1633/1633 1632/1632/1632 
f 1632/1632/1632 1633/1633/1633 1633/1633/1633 
f 1633/1633/1633 1634/1634/1634 1633/1633/1633 
f 1633/1633/1633 1634/1634/1634 1635/1635/1635 
f 1634/1634/1634 1636/1636/1636 1635/1635/1635 
f 1635/1635/1635 1636/1636/1636 1636/1636/1636 
f 1636/1636/1636 1637/1637/1637 1636/1636/1636 
f 1636/1636/1636 1637/1637/1637 1637/1637/1637 
f 1637/1637/1637 1638/1638/1638 1637/1637/1637 
f 1637/1637/1637 1638/1638/1638 1639/1639/1639 
f 1638/1638/1638 1640/1640/1640 1639/1639/1639 
f 1639/1639/1639 1640/1640/1640 1640/1640/1640 
f 1640/1640/1640 1641/1641/1641 1640/1640/1640 
f 1640/1640/1640 1641/1641/1641 1641/1641/1641 
f 1641/1641/1641 1642/1642/1642 1641/1641/1641 
f 1641/1641/1641 1642/1642/1642 1643/1643/1643 
f 1642/1642/1642 1644/1644/1644 1643/1643/1643 
f 1643/1643/1643 1644/1644/1644 1644/1644/1644 
f 1644/1644/1644 1645/1645/1645 1644/1644/1644 
f 1644/1644/1644 1645/1645/1645 1645/1645/1645 
f 1645/1645/1645 1646/1646/1646 1645/1645/1645 
f 1645/1645/1645 1646/1646/1646 1647/1647/1647 
f 1646/1646/1646 1648/1648/1648 1647/1647/1647 
f 1647/1647/1647 1648/1648/1648 1648/1648/1648 
f 1648/1648/1648 1649/1649/1649 1648/1648/1648 
f 1648/1648/1648 1649/1649/1649 1649/1649/1649 
f 1649/1649/1649 1650/1650/1650 1649/1649/1649 
f 1649/1649/1649 1650/1650/1650 1651/1651/1651 
f 1650/1650/1650 1652/1652/1652 1651/1651/1651 
f 1651/1651/1651 1652/1652/1652 1652/1652/1652 
f 1652/1652/1652 1653/1653/1653 1652/1652/1652 
f 1652/1652/1652 1653/1653/1653 1653/1653/1653 
f 1653/1653/1653 1654/1654/1654 1653/1653/1653 
f 1653/1653/1653 1654/1654/1654 1655/1655/1655 
f 1654/1654/1654 1656/1656/1656 1655/1655/1655 
f 1655/1655/1655 1656/1656/1656 1656/1656/1656 
f 1656/1656/1656 1657/1657/1657 1656/1656/1656 
f 1656/1656/1656 1657/1657/1657 1657/1657/1657 
f 1657/1657/1657 1658/1658/1658 1657/1657/1657 
f 1657/1657/1657 1658/1658/1658 1659/1659/1659 
f 1658/1658/1658 1660/1660/1660 1659/1659/1659 
f 1659/1659/1659 1660/1660/1660 1660/1660/1660 
f 1660/1660/1660 1661/1661/1661 1660/1660/1660 
f 1660/1660/1660 1661/1661/1661 1661/1661/1661 
f 1661/1661/1661 1662/1662/1662 1661/1661/1661 
f 1661/1661/1661 1662/1662/1662 1663/1663/1663 
f 1662/1662/1662 1664/1664/1664 1663/1663/1663 
f 1663/1663/1663 1664/1664/1664 1664/1664/1664 
f 1664/1664/1664 1665/1665/1665 1664/1664/1664 
f 1664/1664/1664 1665/1665/1665 1665/1665/1665 
f 1665/1665/1665 1666/1666/1666 1665/1665/1665 
f 1665/1665/1665 1666/1666/1666 1667/1667/1667 
f 1666/1666/1666 1668/1668/1668 1667/1667/1667 
f 1667/1667/1667 1668/1668/1668 1668/1668/1668 
f 1668/1668/1668 1669/1669/1669 1668/1668/1668 
f 1668/1668/1668 1669/1669/1669 1669/1669/1669 
f 1669/1669/1669 1670/1670/1670 1669/1669/1669 
f 1669/1669/1669 1670/1670/1670 1671/1671/1671 
f 1670/1670/1670 1672/1672/1672 1671/1671/1671 
f 1671/1671/1671 1672/1672/1672 1672/1672/1672 
f 1672/1672/1672 1673/1673/1673 1672/1672/1672 
f 1672/1672/1672 1673/1673/1673 1673/1673/1673 
f 1673/1673/1673 1674/1674/1674 1673/1673/1673 
f 1673/1673/1673 1674/1674/1674 1675/1675/1675 
f 1674/1674/1674 1676/1676/1676 1675/1675/1675 
f 1675/1675/1675 1676/1676/1676 1676/1676/1676 
f 1676/1676/1676 1677/1677/1677 1676/1676/1676 
f 1676/1676/1676 1677/1677/1677 1677/1677/1677 
f 1677/1677/1677 1678/1678/1678 1677/1677/1677 
f 1677/1677/1677 1678/1678/1678 1679/1679/1679 
f 1678/1678/1678 1680/1680/1680 1679/1679/1679 
f 1679/1679/1679 1680/1680/1680 1680/1680/1680 
f 1680/1680/1680 1681/1681/1681 1680/1680/1680 
f 1680/1680/1680 1681/1681/1681 1681/1681/1681 
f 1681/1681/1681 1682/1682/1682 1681/1681/1681 
f 1681/1681/1681 1682/1682/1682 1683/1683/1683 
f 1682/1682/1682 1684/1684/1684 1683/1683/1683 
f 1683/1683/1683 1684/1684/1684 1684/1684/1684 
f 1684/1684/1684 1685/1685/1685 1684/1684/1684 
f 1684/1684/1684 1685/1685/1685 1685/1685/1685 
f 1685/1685/1685 1686/1686/1686 1685/1685/1685 
f 1685/1685/1685 1686/1686/1686 1687/1687/1687 
f 1686/1686/1686 1688/1688/1688 1687/1687/1687 
f 1687/1687/1687 1688/1688/1688 1688/1688/1688 
f 1688/1688/1688 1689/1689/1689 1688/1688/1688 
f 1688/1688/1688 1689/1689/1689 1689/1689/1689 
f 1689/1689/1689 1690/1690/1690 1689/1689/1689 
f 1689/1689/1689 1690/1690/1690 1691/1691/1691 
f 1690/1690/1690 1692/1692/1692 1691/1691/1691 
f 1691/1691/1691 1692/1692/1692 1692/1692/1692 
f 1692/1692/1692 1693/1693/1693 1692/1692/1692 
f 1692/1692/1692 1693/1693/1693 1693/1693/1693 
f 1693/1693/1693 1694/1694/1694 1693/1693/1693 
f 1693/1693/1693 1694/1694/1694 1695/1695/1695 
f 1694/1694/1694 1696/1696/1696 1695/1695/1695 
f 1695/1695/1695 1696/1696/1696 1696/1696/1696 
f 1696/1696/1696 1697/1697/1697 1696/1696/1696 
f 1696/1696/1696 1697/1697/1697 1697/1697/1697 
f 1697/1697/1697 1698/1698/1698 1697/1697/1697 
f 1697/1697/1697 1698/1698/1698 1699/1699/1699 
f 1698/1698/1698 1700/1700/1700 1699/1699/1699 
f 1699/1699/1699 1700/1700/1700 1700/1700/1700 
f 1700/1700/1700 1701/1701/1701 1700/1700/1700 
f 1700/1700/1700 1701/1701/1701 1701/1701/1701 
f 1701/1701/1701 1702/1702/1702 1701/1701/1701 
f 1701/1701/1701 1702/1702/1702 1703/1703/1703 
f 1702/1702/1702 1704/1704/1704 1703/1703/1703 
f 1703/1703/1703 1704/1704/1704 1704/1704/1704 
f 1704/1704/1704 1705/1705/1705 1704/1704/1704 
f 1704/1704/1704 1705/1705/1705 1705/1705/1705 
f 1705/1705/1705 1706/1706/1706 1705/1705/1705 
f 1705/1705/1705 1706/1706/1706 1707/1707/1707 
f 1706/1706/1706 1708/1708/1708 1707/1707/1707 
f 1707/1707/1707 1708/1708/1708 1708/1708/1708 
f 1708/1708/1708 1709/1709/1709 1708/1708/1708 
f 1708/1708/1708 1709/1709/1709 1709/1709/1709 
f 1709/1709/1709 1710/1710/1710 1709/1709/1709 
f 1709/1709/1709 1710/1710/1710 1711/1711/1711 
f 1710/1710/1710 1712/1712/1712 1711/1711/1711 
f 1711/1711/1711 1712/1712/1712 1712/1712/1712 
f 1712/1712/1712 1713/1713/1713 1712/1712/1712 
f 1712/1712/1712 1713/1713/1713 1713/1713/1713 
f 1713/1713/1713 1714/1714/1714 1713/1713/1713 
f 1713/1713/1713 1714/1714/1714 1715/1715/1715 
f 1714/1714/1714 1716/1716/1716 1715/1715/1715 
f 1715/1715/1715 1716/1716/1716 1716/1716/1716 
f 1716/1716/1716 1717/1717/1717 1716/1716/1716 
f 1716/1716/1716 1717/1717/1717 1717/1717/1717 
f 1717/1717/1717 1718/1718/1718 1717/1717/1717 
f 1717/1717/1717 1718/1718/1718 1719/1719/1719 
f 1718/1718/1718 1720/1720/1720 1719/1719/1719 
f 1719/1719/1719 1720/1720/1720 1720/1720/1720 
f 1720/1720/1720 1721/1721/1721 1720/1720/1720 
f 1720/1720/1720 1721/1721/1721 1721/1721/1721 
f 1721/1721/1721 1722/1722/1722 1721/1721/1721 
f 1721/1721/1721 1722/1722/1722 1723/1723/1723 
f 1722/1722/1722 1724/1724/1724 1723/1723/1723 
f 1723/1723/1723 1724/1724/1724 1724/1724/1724 
f 1724/1724/1724 1725/1725/1725 1724/1724/1724 
f 1724/1724/1724 1725/1725/1725 1725/1725/1725 
f 1725/1725/1725 1726/1726/1726 1725/1725/1725 
f 1725/1725/1725 1726/1726/1726 1727/1727/1727 
f 1726/1726/1726 1728/1728/1728 1727/1727/1727 
f 1727/1727/1727 1728/1728/1728 1728/1728/1728 
f 1728/1728/1728 1729/1729/1729 1728/1728/1728 
f 1728/1728/1728 1729/1729/1729 1729/1729/1729 
f 1729/1729/1729 1730/1730/1730 1729/1729/1729 
f 1729/1729/1729 1730/1730/1730 1731/1731/1731 
f 1730/1730/1730 1732/1732/1732 1731/1731/1731 
f 1731/1731/1731 1732/1732/1732 1732/1732/1732 
f 1732/1732/1732 1733/1733/1733 1732/1732/1732 
f 1732/1732/1732 1733/1733/1733 1733/1733/1733 
f 1733/1733/1733 1734/1734/1734 1733/1733/1733 
f 1733/1733/1733 1734/1734/1734 1735/1735/1735 
f 1734/1734/1734 1736/1736/1736 1735/1735/1735 
f 1735/1735/1735 1736/1736/1736 1736/1736/1736 
f 1736/1736/1736 1737/1737/1737 1736/1736/1736 
f 1736/1736/1736 1737/1737/1737 1737/1737/1737 
f 1737/1737/1737 1738/1738/1738 1737/1737/1737 
f 1737/1737/1737 1738/1738/1738 1739/1739/1739 
f 1738/1738/1738 1740/1740/1740 1739/1739/1739 
f 1739/1739/1739 1740/1740/1740 1740/1740/1740 
f 1740/1740/1740 1741/1741/1741 1740/1740/1740 
f 1740/1740/1740 1741/1741/1741 1741/1741/1741 
f 1741/1741/1741 1742/1742/1742 1741/1741/1741 
f 1741/1741/1741 1742/1742/1742 1743/1743/1743 
f 1742/1742/1742 1744/1744/1744 1743/1743/1743 
f 1743/1743/1743 1744/1744/1744 1744/1744/1744 
f 1744/1744/1744 1745/1745/1745 1744/1744/1744 
f 1744/1744/1744 1745/1745/1745 1745/1745/1745 
f 1745/1745/1745 1746/1746/1746 1745/1745/1745 
f 1745/1745/1745 1746/1746/1746 1747/1747/1747 
f 1746/1746/1746 1748/1748/1748 1747/1747/1747 
f 1747/1747/1747 1748/1748/1748 1748/1748/1748 
f 1748/1748/1748 1749/1749/1749 1748/1748/1748 
f 1748/1748/1748 1749/1749/1749 1749/1749/1749 
f 1749/1749/1749 1750/1750/1750 1749/1749/1749 
f 1749/1749/1749 1750/1750/1750 1751/1751/1751 
f 1750/1750/1750 1752/1752/1752 1751/1751/1751 
f 1751/1751/1751 1752/1752/1752 1752/1752/1752 
f 1752/1752/1752 1753/1753/1753 1752/1752/1752 
f 1752/1752/1752 1753/1753/1753 1753/1753/1753 
f 1753/1753/1753 1754/1754/1754 1753/1753/1753 
f 1753/1753/1753 1754/1754/1754 1755/1755/1755 
f 1754/1754/1754 1756/1756/1756 1755/1755/1755 
f 1755/1755/1755 1756/1756/1756 1756/1756/1756 
f 1756/1756/1756 1757/1757/1757 1756/1756/1756 
f 1756/1756/1756 1757/1757/1757 1757/1757/1757 
f 1757/1757/1757 1758/1758/1758 1757/1757/1757 
f 1757/1757/1757 1758/1758/1758 1759/1759/1759 
f 1758/1758/1758 1760/1760/1760 1759/1759/1759 
f 1759/1759/1759 1760/1760/1760 1760/1760/1760 
f 1760/1760/1760 1761/1761/1761 1760/1760/1760 
f 1760/1760/1760 1761/1761/1761 1761/1761/1761 
f 1761/1761/1761 1762/1762/1762 1761/1761/1761 
f 1761/1761/1761 1762/1762/1762 1763/1763/1763 
f 1762/1762/1762 1764/1764/1764 1763/1763/1763 
f 1763/1763/1763 1764/1764/1764 1764/1764/1764 
f 1764/1764/1764 1765/1765/1765 1764/1764/1764 
f 1764/1764/1764 1765/1765/1765 1765/1765/1765 
f 1765/1765/1765 1766/1766/1766 1765/1765/1765 
f 1765/1765/1765 1766/1766/1766 1767/1767/1767 
f 1766/1766/1766 1768/1768/1768 1767/1767/1767 
f 1767/1767/1767 1768/1768/1768 1769/1769/1769 
f 1768/1768/1768 1770/1770/1770 1769/1769/1769 
f 1769/1769/1769 1770/1770/1770 1771/1771/1771 
f 1770/1770/1770 1772/1772/1772 1771/1771/1771 
f 1771/1771/1771 1772/1772/1772 1773/1773/1773 
f 1772/1772/1772 1774/1774/1774 1773/1773/1773 
f 1773/1773/1773 1774/1774/1774 1765/1765/1765 
f 1774/1774/1774 1774/1774/1774 1765/1765/1765 
f 1765/1765/1765 1774/1774/1774 1766/1766/1766 
f 1774/1774/1774 1774/1774/1774 1766/1766/1766 
f 1766/1766/1766 1774/1774/1774 1775/1775/1775 
f 1774/1774/1774 1774/1774/1774 1775/1775/1775 
f 1775/1775/1775 1774/1774/1774 1776/1776/1776 
f 1774/1774/1774 1772/1772/1772 1776/1776/1776 
f 1776/1776/1776 1772/1772/1772 1777/1777/1777 
f 1772/1772/1772 1770/1770/1770 1777/1777/1777 
f 1777/1777/1777 1770/1770/1770 1778/1778/1778 
f 1770/1770/1770 1768/1768/1768 1778/1778/1778 
f 1778/1778/1778 1768/1768/1768 1779/1779/1779 
f 1768/1768/1768 1766/1766/1766 1779/1779/1779 
f 1779/1779/1779 1766/1766/1766 1775/1775/1775 
f 1766/1766/1766 1775/1775/1775 1775/1775/1775 
f 1775/1775/1775 1775/1775/1775 1780/1780/1780 
f 1775/1775/1775 1780/1780/1780 1780/1780/1780 
f 1780/1780/1780 1780/1780/1780 1781/1781/1781 
f 1780/1780/1780 1782/1782/1782 1781/1781/1781 
f 1781/1781/1781 1782/1782/1782 1783/1783/1783 
f 1782/1782/1782 1783/1783/1783 1783/1783/1783 
f 1783/1783/1783 1783/1783/1783 1784/1784/1784 
f 1783/1783/1783 1784/1784/1784 1784/1784/1784 
f 1784/1784/1784 1784/1784/1784 1785/1785/1785 
f 1784/1784/1784 1786/1786/1786 1785/1785/1785 
f 1785/1785/1785 1786/1786/1786 1787/1787/1787 
f 1786/1786/1786 1787/1787/1787 1787/1787/1787 
f 1787/1787/1787 1787/1787/1787 1788/1788/1788 
f 1787/1787/1787 1788/1788/1788 1788/1788/1788 
f 1788/1788/1788 1788/1788/1788 1789/1789/1789 
f 1788/1788/1788 1790/1790/1790 1789/1789/1789 
f 1789/1789/1789 1790/1790/1790 1791/1791/1791 
f 1790/1790/1790 1791/1791/1791 1791/1791/1791 
f 1791/1791/1791 1791/1791/1791 1792/1792/1792 
f 1791/1791/1791 1792/1792/1792 1792/1792/1792 
f 1792/1792/1792 1792/1792/1792 1793/1793/1793 
f 1792/1792/1792 1794/1794/1794 1793/1793/1793 
f 1793/1793/1793 1794/1794/1794 1795/1795/1795 
f 1794/1794/1794 1795/1795/1795 1795/1795/1795 
f 1795/1795/1795 1795/1795/1795 1796/1796/1796 
f 1795/1795/1795 1796/1796/1796 1796/1796/1796 
f 1796/1796/1796 1796/1796/1796 1797/1797/1797 
f 1796/1796/1796 1798/1798/1798 1797/1797/1797 
f 1797/1797/1797 1798/1798/1798 1799/1799/1799 
f 1798/1798/1798 1799/1799/1799 1799/1799/1799 
f 1799/1799/1799 1799/1799/1799 1800/1800/1800 
f 1799/1799/1799 1800/1800/1800 1800/1800/1800 
f 1800/1800/1800 1800/1800/1800 1801/1801/1801 
f 1800/1800/1800 1802/1802/1802 1801/1801/1801 
f 1801/1801/1801 1802/1802/1802 1803/1803/1803 
f 1802/1802/1802 1803/1803/1803 1803/1803/1803 
f 1803/1803/1803 1803/1803/1803 1804/1804/1804 
f 1803/1803/1803 1804/1804/1804 1804/1804/1804 
f 1804/1804/1804 1804/1804/1804 1805/1805/1805 
f 1804/1804/1804 1806/1806/1806 1805/1805/1805 
f 1805/1805/1805 1806/1806/1806 1807/1807/1807 
f 1806/1806/1806 1808/1808/1808 1807/1807/1807 
f 1807/1807/1807 1808/1808/1808 1809/1809/1809 
f 1808/1808/1808 1809/1809/1809 1809/1809/1809 
f 1809/1809/1809 1809/1809/1809 1810/1810/1810 
f 1809/1809/1809 1810/1810/1810 1810/1810/1810 
f 1810/1810/1810 1810/1810/1810 1811/1811/1811 
f 1810/1810/1810 1812/1812/1812 1811/1811/1811 
f 1811/1811/1811 1812/1812/1812 1813/1813/1813 
f 1812/1812/1812 1813/1813/1813 1813/1813/1813 
f 1813/1813/1813 1813/1813/1813 1814/1814/1814 
f 1813/1813/1813 1814/1814/1814 1814/1814/1814 
f 1814/1814/1814 1814/1814/1814 1815/1815/1815 
f 1814/1814/1814 1816/1816/1816 1815/1815/1815 
f 1815/1815/1815 1816/1816/1816 1817/1817/1817 
f 1816/1816/1816 1817/1817/1817 1817/1817/1817 
f 1817/1817/1817 1817/1817/1817 1818/1818/1818 
f 1817/1817/1817 1818/1818/1818 1818/1818/1818 
f 1818/1818/1818 1818/1818/1818 1819/1819/1819 
f 1818/1818/1818 1820/1820/1820 1819/1819/1819 
f 1819/1819/1819 1820/1820/1820 1821/1821/1821 
f 1820/1820/1820 1822/1822/1822 1821/1821/1821 
f 1821/1821/1821 1822/1822/1822 1823/1823/1823 
f 1822/1822/1822 1823/1823/1823 1823/1823/1823 
f 1823/1823/1823 1823/1823/1823 1819/1819/1819 
f 1823/1823/1823 1819/1819/1819 1819/1819/1819 
f 1819/1819/1819 1819/1819/1819 1824/1824/1824 
f 1819/1819/1819 1821/1821/1821 1824/1824/1824 
f 1824/1824/1824 1821/1821/1821 1824/1824/1824 
f 1821/1821/1821 1825/1825/1825 1824/1824/1824 
f 1824/1824/1824 1825/1825/1825 1826/1826/1826 
f 1825/1825/1825 1827/1827/1827 1826/1826/1826 
f 1826/1826/1826 1827/1827/1827 1828/1828/1828 
f 1827/1827/1827 1829/1829/1829 1828/1828/1828 
f 1828/1828/1828 1829/1829/1829 1830/1830/1830 
f 1829/1829/1829 1831/1831/1831 1830/1830/1830 
f 1830/1830/1830 1831/1831/1831 1832/1832/1832 
f 1831/1831/1831 1833/1833/1833 1832/1832/1832 
f 1832/1832/1832 1833/1833/1833 1833/1833/1833 
f 1833/1833/1833 1825/1825/1825 1833/1833/1833 
f 1833/1833/1833 1825/1825/1825 1825/1825/1825 
f 1825/1825/1825 1834/1834/1834 1825/1825/1825 
f 1825/1825/1825 1834/1834/1834 1827/1827/1827 
f 1834/1834/1834 1835/1835/1835 1827/1827/1827 
f 1827/1827/1827 1835/1835/1835 1835/1835/1835 
f 1835/1835/1835 1829/1829/1829 1835/1835/1835 
f 1835/1835/1835 1829/1829/1829 1829/1829/1829 
f 1829/1829/1829 1836/1836/1836 1829/1829/1829 
f 1829/1829/1829 1836/1836/1836 1831/1831/1831 
f 1836/1836/1836 1837/1837/1837 1831/1831/1831 
f 1831/1831/1831 1837/1837/1837 1837/1837/1837 
f 1837/1837/1837 1838/1838/1838 1837/1837/1837 
f 1837/1837/1837 1838/1838/1838 1838/1838/1838 
f 1838/1838/1838 1839/1839/1839 1838/1838/1838 
f 1838/1838/1838 1839/1839/1839 1840/1840/1840 
f 1839/1839/1839 1841/1841/1841 1840/1840/1840 
f 1840/1840/1840 1841/1841/1841 1841/1841/1841 
f 1841/1841/1841 1842/1842/1842 1841/1841/1841 
f 1841/1841/1841 1842/1842/1842 1842/1842/1842 
f 1842/1842/1842 1843/1843/1843 1842/1842/1842 
f 1842/1842/1842 1843/1843/1843 1844/1844/1844 
f 1843/1843/1843 1845/1845/1845 1844/1844/1844 
f 1844/1844/1844 1845/1845/1845 1845/1845/1845 
f 1845/1845/1845 1846/1846/1846 1845/1845/1845 
f 1845/1845/1845 1846/1846/1846 1846/1846/1846 
f 1846/1846/1846 1847/1847/1847 1846/1846/1846 
f 1846/1846/1846 1847/1847/1847 1848/1848/1848 
f 1847/1847/1847 1849/1849/1849 1848/1848/1848 
f 1848/1848/1848 1849/1849/1849 1849/1849/1849 
f 1849/1849/1849 1850/1850/1850 1849/1849/1849 
f 1849/1849/1849 1850/1850/1850 1850/1850/1850 
f 1850/1850/1850 1851/1851/1851 1850/1850/1850 
f 1850/1850/1850 1851/1851/1851 1852/1852/1852 
f 1851/1851/1851 1853/1853/1853 1852/1852/1852 
f 1852/1852/1852 1853/1853/1853 1853/1853/1853 
f 1853/1853/1853 1854/1854/1854 1853/1853/1853 
f 1853/1853/1853 1854/1854/1854 1854/1854/1854 
f 1854/1854/1854 1855/1855/1855 1854/1854/1854 
f 1854/1854/1854 1855/1855/1855 1856/1856/1856 
f 1855/1855/1855 1857/1857/1857 1856/1856/1856 
f 1856/1856/1856 1857/1857/1857 1857/1857/1857 
f 1857/1857/1857 1858/1858/1858 1857/1857/1857 
f 1857/1857/1857 1858/1858/1858 1858/1858/1858 
f 1858/1858/1858 1859/1859/1859 1858/1858/1858 
f 1858/1858/1858 1859/1859/1859 1860/1860/1860 
f 1859/1859/1859 1861/1861/1861 1860/1860/1860 
f 1860/1860/1860 1861/1861/1861 1861/1861/1861 
f 1861/1861/1861 1862/1862/1862 1861/1861/1861 
f 1861/1861/1861 1862/1862/1862 1862/1862/1862 
f 1862/1862/1862 1863/1863/1863 1862/1862/1862 
f 1862/1862/1862 1863/1863/1863 1864/1864/1864 
f 1863/1863/1863 1865/1865/1865 1864/1864/1864 
f 1864/1864/1864 1865/1865/1865 1865/1865/1865 
f 1865/1865/1865 1866/1866/1866 1865/1865/1865 
f 1865/1865/1865 1866/1866/1866 1866/1866/1866 
f 1866/1866/1866 1867/1867/1867 1866/1866/1866 
f 1866/1866/1866 1867/1867/1867 1868/1868/1868 
f 1867/1867/1867 1869/1869/1869 1868/1868/1868 
f 1868/1868/1868 1869/1869/1869 1869/1869/1869 
f 1869/1869/1869 1870/1870/1870 1869/1869/1869 
f 1869/1869/1869 1870/1870/1870 1870/1870/1870 
f 1870/1870/1870 1871/1871/1871 1870/1870/1870 
f 1870/1870/1870 1871/1871/1871 1872/1872/1872 
f 1871/1871/1871 1873/1873/1873 1872/1872/1872 
f 1872/1872/1872 1873/1873/1873 1873/1873/1873 
f 1873/1873/1873 1874/1874/1874 1873/1873/1873 
f 1873/1873/1873 1874/1874/1874 1874/1874/1874 
f 1874/1874/1874 1875/1875/1875 1874/1874/1874 
f 1874/1874/1874 1875/1875/1875 1876/1876/1876 
f 1875/1875/1875 1877/1877/1877 1876/1876/1876 
f 1876/1876/1876 1877/1877/1877 1877/1877/1877 
f 1877/1877/1877 1878/1878/1878 1877/1877/1877 
f 1877/1877/1877 1878/1878/1878 1878/1878/1878 
f 1878/1878/1878 1879/1879/1879 1878/1878/1878 
f 1878/1878/1878 1879/1879/1879 1880/1880/1880 
f 1879/1879/1879 1881/1881/1881 1880/1880/1880 
f 1880/1880/1880 1881/1881/1881 1881/1881/1881 
f 1881/1881/1881 1882/1882/1882 1881/1881/1881 
f 1881/1881/1881 1882/1882/1882 1882/1882/1882 
f 1882/1882/1882 1883/1883/1883 1882/1882/1882 
f 1882/1882/1882 1883/1883/1883 1884/1884/1884 
f 1883/1883/1883 1885/1885/1885 1884/1884/1884 
f 1884/1884/1884 1885/1885/1885 1885/1885/1885 
f 1885/1885/1885 1886/1886/1886 1885/1885/1885 
f 1885/1885/1885 1886/1886/1886 1886/1886/1886 
f 1886/1886/1886 1887/1887/1887 1886/1886/1886 
f 1886/1886/1886 1887/1887/1887 1888/1888/1888 
f 1887/1887/1887 1889/1889/1889 1888/1888/1888 
f 1888/1888/1888 1889/1889/1889 1890/1890/1890 
f 1889/1889/1889 1891/1891/1891 1890/1890/1890 
f 1890/1890/1890 1891/1891/1891 1891/1891/1891 
f 1891/1891/1891 1892/1892/1892 1891/1891/1891 
f 1891/1891/1891 1892/1892/1892 1892/1892/1892 
f 1892/1892/1892 1893/1893/1893 1892/1892/1892 
f 1892/1892/1892 1893/1893/1893 1894/1894/1894 
f 1893/1893/1893 1895/1895/1895 1894/1894/1894 
f 1894/1894/1894 1895/1895/1895 1895/1895/1895 
f 1895/1895/1895 1896/1896/1896 1895/1895/1895 
f 1895/1895/1895 1896/1896/1896 1896/1896/1896 
f 1896/1896/1896 1897/1897/1897 1896/1896/1896 
f 1896/1896/1896 1897/1897/1897 1898/1898/1898 
f 1897/1897/1897 1899/1899/1899 1898/1898/1898 
f 1898/1898/1898 1899/1899/1899 1899/1899/1899 
f 1899/1899/1899 1900/1900/1900 1899/1899/1899 
f 1899/1899/1899 1900/1900/1900 1900/1900/1900 
f 1900/1900/1900 1901/1901/1901 1900/1900/1900 
f 1900/1900/1900 1901/1901/1901 1902/1902/1902 
f 1901/1901/1901 1903/1903/1903 1902/1902/1902 
f 1902/1902/1902 1903/1903/1903 1903/1903/1903 
f 1903/1903/1903 1904/1904/1904 1903/1903/1903 
f 1903/1903/1903 1904/1904/1904 1904/1904/1904 
f 1904/1904/1904 1905/1905/1905 1904/1904/1904 
f 1904/1904/1904 1905/1905/1905 1906/1906/1906 
f 1905/1905/1905 1907/1907/1907 1906/1906/1906 
f 1906/1906/1906 1907/1907/1907 1907/1907/1907 
f 1907/1907/1907 1908/1908/1908 1907/1907/1907 
f 1907/1907/1907 1908/1908/1908 1908/1908/1908 
f 1908/1908/1908 1909/1909/1909 1908/1908/1908 
f 1908/1908/1908 1909/1909/1909 1910/1910/1910 
f 1909/1909/1909 1911/1911/1911 1910/1910/1910 
f 1910/1910/1910 1911/1911/1911 1911/1911/1911 
f 1911/1911/1911 1912/1912/1912 1911/1911/1911 
f 1911/1911/1911 1912/1912/1912 1912/1912/1912 
f 1912/1912/1912 1913/1913/1913 1912/1912/1912 
f 1912/1912/1912 1913/1913/1913 1914/1914/1914 
f 1913/1913/1913 1915/1915/1915 1914/1914/1914 
f 1914/1914/1914 1915/1915/1915 1915/1915/1915 
f 1915/1915/1915 1916/1916/1916 1915/1915/1915 
f 1915/1915/1915 1916/1916/1916 1916/1916/1916 
f 1916/1916/1916 1917/1917/1917 1916/1916/1916 
f 1916/1916/1916 1917/1917/1917 1918/1918/1918 
f 1917/1917/1917 1919/1919/1919 1918/1918/1918 
f 1918/1918/1918 1919/1919/1919 1919/1919/1919 
f 1919/1919/1919 1920/1920/1920 1919/1919/1919 
f 1919/1919/1919 1920/1920/1920 1920/1920/1920 
f 1920/1920/1920 1921/1921/1921 1920/1920/1920 
f 1920/1920/1920 1921/1921/1921 1922/1922/1922 
f 1921/1921/1921 1923/1923/1923 1922/1922/1922 
f 1922/1922/1922 1923/1923/1923 1923/1923/1923 
f 1923/1923/1923 1924/1924/1924 1923/1923/1923 
f 1923/1923/1923 1924/1924/1924 1924/1924/1924 
f 1924/1924/1924 1925/1925/1925 1924/1924/1924 
f 1924/1924/1924 1925/1925/1925 1926/1926/1926 
f 1925/1925/1925 1927/1927/1927 1926/1926/1926 
f 1926/1926/1926 1927/1927/1927 1927/1927/1927 
f 1927/1927/1927 1928/1928/1928 1927/1927/1927 
f 1927/1927/1927 1928/1928/1928 1928/1928/1928 
f 1928/1928/1928 1929/1929/1929 1928/1928/1928 
f 1928/1928/1928 1929/1929/1929 1930/1930/1930 
f 1929/1929/1929 1931/1931/1931 1930/1930/1930 
f 1930/1930/1930 1931/1931/1931 1932/1932/1932 
f 1931/1931/1931 1933/1933/1933 1932/1932/1932 
f 1932/1932/1932 1933/1933/1933 1934/1934/1934 
f 1933/1933/1933 1935/1935/1935 1934/1934/1934 
f 1934/1934/1934 1935/1935/1935 1928/1928/1928 
f 1935/1935/1935 1935/1935/1935 1928/1928/1928 
f 1928/1928/1928 1935/1935/1935 1929/1929/1929 
f 1935/1935/1935 1936/1936/1936 1929/1929/1929 
f 1929/1929/1929 1936/1936/1936 1929/1929/1929 
f 1936/1936/1936 1937/1937/1937 1929/1929/1929 
f 1929/1929/1929 1937/1937/1937 1931/1931/1931 
f 1937/1937/1937 1938/1938/1938 1931/1931/1931 
f 1931/1931/1931 1938/1938/1938 1933/1933/1933 
f 1938/1938/1938 1939/1939/1939 1933/1933/1933 
f 1933/1933/1933 1939/1939/1939 1935/1935/1935 
f 1939/1939/1939 1936/1936/1936 1935/1935/1935 
f 1935/1935/1935 1936/1936/1936 1936/1936/1936 
f 1936/1936/1936 1940/1940/1940 1936/1936/1936 
f 1936/1936/1936 1940/1940/1940 1940/1940/1940 
f 1940/1940/1940 1941/1941/1941 1940/1940/1940 
f 1940/1940/1940 1941/1941/1941 1942/1942/1942 
f 1941/1941/1941 1943/1943/1943 1942/1942/1942 
f 1942/1942/1942 1943/1943/1943 1944/1944/1944 
f 1943/1943/1943 1945/1945/1945 1944/1944/1944 
f 1944/1944/1944 1945/1945/1945 1946/1946/1946 
f 1945/1945/1945 1947/1947/1947 1946/1946/1946 
f 1946/1946/1946 1947/1947/1947 1940/1940/1940 
f 1947/1947/1947 1947/1947/1947 1940/1940/1940 
f 1940/1940/1940 1947/1947/1947 1941/1941/1941 
f 1947/1947/1947 1948/1948/1948 1941/1941/1941 
f 1941/1941/1941 1948/1948/1948 1941/1941/1941 
f 1948/1948/1948 1949/1949/1949 1941/1941/1941 
f 1941/1941/1941 1949/1949/1949 1943/1943/1943 
f 1949/1949/1949 1950/1950/1950 1943/1943/1943 
f 1943/1943/1943 1950/1950/1950 1945/1945/1945 
f 1950/1950/1950 1951/1951/1951 1945/1945/1945 
f 1945/1945/1945 1951/1951/1951 1947/1947/1947 
f 1951/1951/1951 1948/1948/1948 1947/1947/1947 
f 1947/1947/1947 1948/1948/1948 1948/1948/1948 
f 1948/1948/1948 1952/1952/1952 1948/1948/1948 
f 1948/1948/1948 1952/1952/1952 1952/1952/1952 
f 1952/1952/1952 1953/1953/1953 1952/1952/1952 
f 1952/1952/1952 1953/1953/1953 1954/1954/1954 
f 1953/1953/1953 1955/1955/1955 1954/1954/1954 
f 1954/1954/1954 1955/1955/1955 1956/1956/1956 
f 1955/1955/1955 1957/1957/1957 1956/1956/1956 
f 1956/1956/1956 1957/1957/1957 1958/1958/1958 
f 1957/1957/1957 1959/1959/1959 1958/1958/1958 
f 1958/1958/1958 1959/1959/1959 1952/1952/1952 
f 1959/1959/1959 1959/1959/1959 1952/1952/1952 
f 1952/1952/1952 1959/1959/1959 1953/1953/1953 
f 1959/1959/1959 1960/1960/1960 1953/1953/1953 
f 1953/1953/1953 1960/1960/1960 1953/1953/1953 
f 1960/1960/1960 1961/1961/1961 1953/1953/1953 
f 1953/1953/1953 1961/1961/1961 1955/1955/1955 
f 1961/1961/1961 1962/1962/1962 1955/1955/1955 
f 1955/1955/1955 1962/1962/1962 1957/1957/1957 
f 1962/1962/1962 1963/1963/1963 1957/1957/1957 
f 1957/1957/1957 1963/1963/1963 1959/1959/1959 
f 1963/1963/1963 1960/1960/1960 1959/1959/1959 
f 1959/1959/1959 1960/1960/1960 1960/1960/1960 
f 1960/1960/1960 1964/1964/1964 1960/1960/1960 
f 1960/1960/1960 1964/1964/1964 1964/1964/1964 
f 1964/1964/1964 1965/1965/1965 1964/1964/1964 
f 1964/1964/1964 1965/1965/1965 1966/1966/1966 
f 1965/1965/1965 1967/1967/1967 1966/1966/1966 
f 1966/1966/1966 1967/1967/1967 1968/1968/1968 
f 1967/1967/1967 1969/1969/1969 1968/1968/1968 
f 1968/1968/1968 1969/1969/1969 1970/1970/1970 
f 1969/1969/1969 1971/1971/1971 1970/1970/1970 
f 1970/1970/1970 1971/1971/1971 1964/1964/1964 
f 1971/1971/1971 1971/1971/1971 1964/1964/1964 
f 1964/1964/1964 1971/1971/1971 1965/1965/1965 
f 1971/1971/1971 1972/1972/1972 1965/1965/1965 
f 1965/1965/1965 1972/1972/1972 1965/1965/1965 
f 1972/1972/1972 1973/1973/1973 1965/1965/1965 
f 1965/1965/1965 1973/1973/1973 1967/1967/1967 
f 1973/1973/1973 1974/1974/1974 1967/1967/1967 
f 1967/1967/1967 1974/1974/1974 1969/1969/1969 
f 1974/1974/1974 1975/1975/1975 1969/1969/1969 
f 1969/1969/1969 1975/1975/1975 1971/1971/1971 
f 1975/1975/1975 1972/1972/1972 1971/1971/1971 
f 1971/1971/1971 1972/1972/1972 1972/1972/1972 
f 1972/1972/1972 1976/1976/1976 1972/1972/1972 
f 1972/1972/1972 1976/1976/1976 1976/1976/1976 
f 1976/1976/1976 1977/1977/1977 1976/1976/1976 
f 1976/1976/1976 1977/1977/1977 1978/1978/1978 
f 1977/1977/1977 1979/1979/1979 1978/1978/1978 
f 1978/1978/1978 1979/1979/1979 1979/1979/1979 
f 1979/1979/1979 1980/1980/1980 1979/1979/1979 
f 1979/1979/1979 1980/1980/1980 1980/1980/1980 
f 1980/1980/1980 1981/1981/1981 1980/1980/1980 
f 1980/1980/1980 1981/1981/1981 1982/1982/1982 
f 1981/1981/1981 1983/1983/1983 1982/1982/1982 
f 1982/1982/1982 1983/1983/1983 1983/1983/1983 
f 1983/1983/1983 1984/1984/1984 1983/1983/1983 
f 1983/1983/1983 1984/1984/1984 1984/1984/1984 
f 1984/1984/1984 1985/1985/1985 1984/1984/1984 
f 1984/1984/1984 1985/1985/1985 1986/1986/1986 
f 1985/1985/1985 1987/1987/1987 1986/1986/1986 
f 1986/1986/1986 1987/1987/1987 1987/1987/1987 
f 1987/1987/1987 1988/1988/1988 1987/1987/1987 
f 1987/1987/1987 1988/1988/1988 1988/1988/1988 
f 1988/1988/1988 1989/1989/1989 1988/1988/1988 
f 1988/1988/1988 1989/1989/1989 1990/1990/1990 
f 1989/1989/1989 1991/1991/1991 1990/1990/1990 
f 1990/1990/1990 1991/1991/1991 1991/1991/1991 
f 1991/1991/1991 1992/1992/1992 1991/1991/1991 
f 1991/1991/1991 1992/1992/1992 1992/1992/1992 
f 1992/1992/1992 1993/1993/1993 1992/1992/1992 
f 1992/1992/1992 1993/1993/1993 1994/1994/1994 
f 1993/1993/1993 1995/1995/1995 1994/1994/1994 
f 1994/1994/1994 1995/1995/1995 1996/1996/1996 
f 1995/1995/1995 1995/1995/1995 1996/1996/1996 
f 1996/1996/1996 1995/1995/1995 1997/1997/1997 
f 1995/1995/1995 1998/1998/1998 1997/1997/1997 
f 1997/1997/1997 1998/1998/1998 1999/1999/1999 
f 1998/1998/1998 1999/1999/1999 1999/1999/1999 
f 1999/1999/1999 1999/1999/1999 1999/1999/1999 
f 1999/1999/1999 1999/1999/1999 1999/1999/1999 
f 1999/1999/1999 1999/1999/1999 2000/2000/2000 
f 1999/1999/1999 2001/2001/2001 2000/2000/2000 
f 2000/2000/2000 2001/2001/2001 2002/2002/2002 
f 2001/2001/2001 2003/2003/2003 2002/2002/2002 
f 2002/2002/2002 2003/2003/2003 2002/2002/2002 
f 2003/2003/2003 2004/2004/2004 2002/2002/2002 
f 2002/2002/2002 2004/2004/2004 2005/2005/2005 
f 2004/2004/2004 2005/2005/2005 2005/2005/2005 
f 2005/2005/2005 2005/2005/2005 2003/2003/2003 
f 2005/2005/2005 2003/2003/2003 2003/2003/2003 
f 2003/2003/2003 2003/2003/2003 2006/2006/2006 
f 2003/2003/2003 2001/2001/2001 2006/2006/2006 
f 2006/2006/2006 2001/2001/2001 2001/2001/2001 
f 2001/2001/2001 2006/2006/2006 2001/2001/2001 
f 2001/2001/2001 2006/2006/2006 2006/2006/2006 
f 2006/2006/2006 2007/2007/2007 2006/2006/2006 
f 2006/2006/2006 2007/2007/2007 2008/2008/2008 
f 2007/2007/2007 2009/2009/2009 2008/2008/2008 
f 2008/2008/2008 2009/2009/2009 2010/2010/2010 
f 2009/2009/2009 2009/2009/2009 2010/2010/2010 
f 2010/2010/2010 2009/2009/2009 2011/2011/2011 
f 2009/2009/2009 2012/2012/2012 2011/2011/2011 
f 2011/2011/2011 2012/2012/2012 2013/2013/2013 
f 2012/2012/2012 2013/2013/2013 2013/2013/2013 
f 2013/2013/2013 2013/2013/2013 2007/2007/2007 
f 2013/2013/2013 2007/2007/2007 2007/2007/2007 
f 2007/2007/2007 2007/2007/2007 2009/2009/2009 
f 2007/2007/2007 2014/2014/2014 2009/2009/2009 
f 2009/2009/2009 2014/2014/2014 2012/2012/2012 
f 2014/2014/2014 2012/2012/2012 2012/2012/2012 
f 2012/2012/2012 2012/2012/2012 2010/2010/2010 
f 2012/2012/2012 2010/2010/2010 2010/2010/2010 
f 2010/2010/2010 2010/2010/2010 2008/2008/2008 
f 2010/2010/2010 2015/2015/2015 2008/2008/2008 
f 2008/2008/2008 2015/2015/2015 2016/2016/2016 
f 2015/2015/2015 2017/2017/2017 2016/2016/2016 
f 2016/2016/2016 2017/2017/2017 2018/2018/2018 
f 2017/2017/2017 2018/2018/2018 2018/2018/2018 
f 2018/2018/2018 2018/2018/2018 2019/2019/2019 
f 2018/2018/2018 2019/2019/2019 2019/2019/2019 
f 2019/2019/2019 2019/2019/2019 2020/2020/2020 
f 2019/2019/2019 2021/2021/2021 2020/2020/2020 
f 2020/2020/2020 2021/2021/2021 2022/2022/2022 
f 2021/2021/2021 2022/2022/2022 2022/2022/2022 
f 2022/2022/2022 2022/2022/2022 2023/2023/2023 
f 2022/2022/2022 2023/2023/2023 2023/2023/2023 
f 2023/2023/2023 2023/2023/2023 2024/2024/2024 
f 2023/2023/2023 2025/2025/2025 2024/2024/2024 
f 2024/2024/2024 2025/2025/2025 2026/2026/2026 
f 2025/2025/2025 2026/2026/2026 2026/2026/2026 
f 2026/2026/2026 2026/2026/2026 2027/2027/2027 
f 2026/2026/2026 2027/2027/2027 2027/2027/2027 
f 2027/2027/2027 2027/2027/2027 2028/2028/2028 
f 2027/2027/2027 2029/2029/2029 2028/2028/2028 
f 2028/2028/2028 2029/2029/2029 2030/2030/2030 
f 2029/2029/2029 2030/2030/2030 2030/2030/2030 
f 2030/2030/2030 2030/2030/2030 2031/2031/2031 
f 2030/2030/2030 2031/2031/2031 2031/2031/2031 
f 2031/2031/2031 2031/2031/2031 2032/2032/2032 
f 2031/2031/2031 2033/2033/2033 2032/2032/2032 
f 2032/2032/2032 2033/2033/2033 2034/2034/2034 
f 2033/2033/2033 2035/2035/2035 2034/2034/2034 
f 2034/2034/2034 2035/2035/2035 2034/2034/2034 
f 2035/2035/2035 2036/2036/2036 2034/2034/2034 
f 2034/2034/2034 2036/2036/2036 2037/2037/2037 
f 2036/2036/2036 2038/2038/2038 2037/2037/2037 
f 2037/2037/2037 2038/2038/2038 2039/2039/2039 
f 2038/2038/2038 2039/2039/2039 2039/2039/2039 
f 2039/2039/2039 2039/2039/2039 2034/2034/2034 
f 2039/2039/2039 2034/2034/2034 2034/2034/2034 
f 2034/2034/2034 2034/2034/2034 2040/2040/2040 
f 2034/2034/2034 2037/2037/2037 2040/2040/2040 
f 2040/2040/2040 2037/2037/2037 2037/2037/2037 
f 2037/2037/2037 2041/2041/2041 2037/2037/2037 
f 2037/2037/2037 2041/2041/2041 2041/2041/2041 
f 2041/2041/2041 2042/2042/2042 2041/2041/2041 
f 2041/2041/2041 2042/2042/2042 2035/2035/2035 
f 2042/2042/2042 2043/2043/2043 2035/2035/2035 
f 2035/2035/2035 2043/2043/2043 2043/2043/2043 
f 2043/2043/2043 2044/2044/2044 2043/2043/2043 
f 2043/2043/2043 2044/2044/2044 2044/2044/2044 
f 2044/2044/2044 2045/2045/2045 2044/2044/2044 
f 2044/2044/2044 2045/2045/2045 2039/2039/2039 
f 2045/2045/2045 2045/2045/2045 2039/2039/2039 
f 2039/2039/2039 2045/2045/2045 2046/2046/2046 
f 2045/2045/2045 2045/2045/2045 2046/2046/2046 
f 2046/2046/2046 2045/2045/2045 2047/2047/2047 
f 2045/2045/2045 2048/2048/2048 2047/2047/2047 
f 2047/2047/2047 2048/2048/2048 2049/2049/2049 
f 2048/2048/2048 2050/2050/2050 2049/2049/2049 
f 2049/2049/2049 2050/2050/2050 2050/2050/2050 
f 2050/2050/2050 2051/2051/2051 2050/2050/2050 
f 2050/2050/2050 2051/2051/2051 2051/2051/2051 
f 2051/2051/2051 2052/2052/2052 2051/2051/2051 
f 2051/2051/2051 2052/2052/2052 2053/2053/2053 
f 2052/2052/2052 2054/2054/2054 2053/2053/2053 
f 2053/2053/2053 2054/2054/2054 2054/2054/2054 
f 2054/2054/2054 2055/2055/2055 2054/2054/2054 
f 2054/2054/2054 2055/2055/2055 2055/2055/2055 
f 2055/2055/2055 2056/2056/2056 2055/2055/2055 
f 2055/2055/2055 2056/2056/2056 2057/2057/2057 
f 2056/2056/2056 2058/2058/2058 2057/2057/2057 
f 2057/2057/2057 2058/2058/2058 2058/2058/2058 
f 2058/2058/2058 2059/2059/2059 2058/2058/2058 
f 2058/2058/2058 2059/2059/2059 2059/2059/2059 
f 2059/2059/2059 2060/2060/2060 2059/2059/2059 
f 2059/2059/2059 2060/2060/2060 2061/2061/2061 
f 2060/2060/2060 2062/2062/2062 2061/2061/2061 
f 2061/2061/2061 2062/2062/2062 2062/2062/2062 
f 2062/2062/2062 2063/2063/2063 2062/2062/2062 
f 2062/2062/2062 2063/2063/2063 2063/2063/2063 
f 2063/2063/2063 2064/2064/2064 2063/2063/2063 
f 2063/2063/2063 2064/2064/2064 2065/2065/2065 
f 2064/2064/2064 2064/2064/2064 2065/2065/2065 
f 2065/2065/2065 2064/2064/2064 2066/2066/2066 
f 2064/2064/2064 2067/2067/2067 2066/2066/2066 
f 2066/2066/2066 2067/2067/2067 2068/2068/2068 
f 2067/2067/2067 2067/2067/2067 2068/2068/2068 
f 2068/2068/2068 2067/2067/2067 2069/2069/2069 
f 2067/2067/2067 2070/2070/2070 2069/2069/2069 
f 2069/2069/2069 2070/2070/2070 2071/2071/2071 
f 2070/2070/2070 2072/2072/2072 2071/2071/2071 
f 2071/2071/2071 2072/2072/2072 2072/2072/2072 
f 2072/2072/2072 2073/2073/2073 2072/2072/2072 
f 2072/2072/2072 2073/2073/2073 2073/2073/2073 
f 2073/2073/2073 2074/2074/2074 2073/2073/2073 
f 2073/2073/2073 2074/2074/2074 2075/2075/2075 
f 2074/2074/2074 2074/2074/2074 2075/2075/2075 
f 2075/2075/2075 2074/2074/2074 2076/2076/2076 
f 2074/2074/2074 2077/2077/2077 2076/2076/2076 
f 2076/2076/2076 2077/2077/2077 2078/2078/2078 
f 2077/2077/2077 2077/2077/2077 2078/2078/2078 
f 2078/2078/2078 2077/2077/2077 2079/2079/2079 
f 2077/2077/2077 2080/2080/2080 2079/2079/2079 
f 2079/2079/2079 2080/2080/2080 2081/2081/2081 
f 2080/2080/2080 2081/2081/2081 2081/2081/2081 
f 2081/2081/2081 2081/2081/2081 2077/2077/2077 
f 2081/2081/2081 2077/2077/2077 2077/2077/2077 
f 2077/2077/2077 2077/2077/2077 2082/2082/2082 
f 2077/2077/2077 2074/2074/2074 2082/2082/2082 
f 2082/2082/2082 2074/2074/2074 2074/2074/2074 
f 2074/2074/2074 2083/2083/2083 2074/2074/2074 
f 2074/2074/2074 2083/2083/2083 2083/2083/2083 
f 2083/2083/2083 2084/2084/2084 2083/2083/2083 
f 2083/2083/2083 2084/2084/2084 2085/2085/2085 
f 2084/2084/2084 2086/2086/2086 2085/2085/2085 
f 2085/2085/2085 2086/2086/2086 2086/2086/2086 
f 2086/2086/2086 2087/2087/2087 2086/2086/2086 
f 2086/2086/2086 2087/2087/2087 2087/2087/2087 
f 2087/2087/2087 2088/2088/2088 2087/2087/2087 
f 2087/2087/2087 2088/2088/2088 2089/2089/2089 
f 2088/2088/2088 2090/2090/2090 2089/2089/2089 
f 2089/2089/2089 2090/2090/2090 2090/2090/2090 
f 2090/2090/2090 2091/2091/2091 2090/2090/2090 
f 2090/2090/2090 2091/2091/2091 2091/2091/2091 
f 2091/2091/2091 2092/2092/2092 2091/2091/2091 
f 2091/2091/2091 2092/2092/2092 2093/2093/2093 
f 2092/2092/2092 2094/2094/2094 2093/2093/2093 
f 2093/2093/2093 2094/2094/2094 2094/2094/2094 
f 2094/2094/2094 2095/2095/2095 2094/2094/2094 
f 2094/2094/2094 2095/2095/2095 2095/2095/2095 
f 2095/2095/2095 2040/2040/2040 2095/2095/2095 
f 2095/2095/2095 2040/2040/2040 2096/2096/2096 
f 2040/2040/2040 2097/2097/2097 2096/2096/2096 
f 2096/2096/2096 2097/2097/2097 2097/2097/2097 
f 2097/2097/2097 2098/2098/2098 2097/2097/2097 
f 2097/2097/2097 2098/2098/2098 2098/2098/2098 
f 2098/2098/2098 2099/2099/2099 2098/2098/2098 
f 2098/2098/2098 2099/2099/2099 2100/2100/2100 
f 2099/2099/2099 2101/2101/2101 2100/2100/2100 
f 2100/2100/2100 2101/2101/2101 2101/2101/2101 
f 2101/2101/2101 2102/2102/2102 2101/2101/2101 
f 2101/2101/2101 2102/2102/2102 2102/2102/2102 
f 2102/2102/2102 2103/2103/2103 2102/2102/2102 
f 2102/2102/2102 2103/2103/2103 2104/2104/2104 
f 2103/2103/2103 2105/2105/2105 2104/2104/2104 
f 2104/2104/2104 2105/2105/2105 2105/2105/2105 
f 2105/2105/2105 2106/2106/2106 2105/2105/2105 
f 2105/2105/2105 2106/2106/2106 2106/2106/2106 
f 2106/2106/2106 2107/2107/2107 2106/2106/2106 
f 2106/2106/2106 2107/2107/2107 2108/2108/2108 
f 2107/2107/2107 2109/2109/2109 2108/2108/2108 
f 2108/2108/2108 2109/2109/2109 2109/2109/2109 
f 2109/2109/2109 2110/2110/2110 2109/2109/2109 
f 2109/2109/2109 2110/2110/2110 2110/2110/2110 
f 2110/2110/2110 2111/2111/2111 2110/2110/2110 
f 2110/2110/2110 2111/2111/2111 2112/2112/2112 
f 2111/2111/2111 2113/2113/2113 2112/2112/2112 
f 2112/2112/2112 2113/2113/2113 2113/2113/2113 
f 2113/2113/2113 2114/2114/2114 2113/2113/2113 
f 2113/2113/2113 2114/2114/2114 2114/2114/2114 
f 2114/2114/2114 2115/2115/2115 2114/2114/2114 
f 2114/2114/2114 2115/2115/2115 2116/2116/2116 
f 2115/2115/2115 2117/2117/2117 2116/2116/2116 
f 2116/2116/2116 2117/2117/2117 2117/2117/2117 
f 2117/2117/2117 2118/2118/2118 2117/2117/2117 
f 2117/2117/2117 2118/2118/2118 2118/2118/2118 
f 2118/2118/2118 2119/2119/2119 2118/2118/2118 
f 2118/2118/2118 2119/2119/2119 2120/2120/2120 
f 2119/2119/2119 2121/2121/2121 2120/2120/2120 
f 2120/2120/2120 2121/2121/2121 2121/2121/2121 
f 2121/2121/2121 2122/2122/2122 2121/2121/2121 
f 2121/2121/2121 2122/2122/2122 2122/2122/2122 
f 2122/2122/2122 2123/2123/2123 2122/2122/2122 
f 2122/2122/2122 2123/2123/2123 2124/2124/2124 
f 2123/2123/2123 2125/2125/2125 2124/2124/2124 
f 2124/2124/2124 2125/2125/2125 2125/2125/2125 
f 2125/2125/2125 2126/2126/2126 2125/2125/2125 
f 2125/2125/2125 2126/2126/2126 2126/2126/2126 
f 2126/2126/2126 2127/2127/2127 2126/2126/2126 
f 2126/2126/2126 2127/2127/2127 2128/2128/2128 
f 2127/2127/2127 2129/2129/2129 2128/2128/2128 
f 2128/2128/2128 2129/2129/2129 2129/2129/2129 
f 2129/2129/2129 2130/2130/2130 2129/2129/2129 
f 2129/2129/2129 2130/2130/2130 2130/2130/2130 
f 2130/2130/2130 2131/2131/2131 2130/2130/2130 
f 2130/2130/2130 2131/2131/2131 2132/2132/2132 
f 2131/2131/2131 2133/2133/2133 2132/2132/2132 
f 2132/2132/2132 2133/2133/2133 2133/2133/2133 
f 2133/2133/2133 2134/2134/2134 2133/2133/2133 
f 2133/2133/2133 2134/2134/2134 2134/2134/2134 
f 2134/2134/2134 2135/2135/2135 2134/2134/2134 
f 2134/2134/2134 2135/2135/2135 2136/2136/2136 
f 2135/2135/2135 2137/2137/2137 2136/2136/2136 
f 2136/2136/2136 2137/2137/2137 2137/2137/2137 
f 2137/2137/2137 2138/2138/2138 2137/2137/2137 
f 2137/2137/2137 2138/2138/2138 2138/2138/2138 
f 2138/2138/2138 2139/2139/2139 2138/2138/2138 
f 2138/2138/2138 2139/2139/2139 2140/2140/2140 
f 2139/2139/2139 2141/2141/2141 2140/2140/2140 
f 2140/2140/2140 2141/2141/2141 2141/2141/2141 
f 2141/2141/2141 2142/2142/2142 2141/2141/2141 
f 2141/2141/2141 2142/2142/2142 2142/2142/2142 
f 2142/2142/2142 2143/2143/2143 2142/2142/2142 
f 2142/2142/2142 2143/2143/2143 2144/2144/2144 
f 2143/2143/2143 2145/2145/2145 2144/2144/2144 
f 2144/2144/2144 2145/2145/2145 2145/2145/2145 
f 2145/2145/2145 2146/2146/2146 2145/2145/2145 
f 2145/2145/2145 2146/2146/2146 2146/2146/2146 
f 2146/2146/2146 2147/2147/2147 2146/2146/2146 
f 2146/2146/2146 2147/2147/2147 2148/2148/2148 
f 2147/2147/2147 2149/2149/2149 2148/2148/2148 
f 2148/2148/2148 2149/2149/2149 2149/2149/2149 
f 2149/2149/2149 2150/2150/2150 2149/2149/2149 
f 2149/2149/2149 2150/2150/2150 2150/2150/2150 
f 2150/2150/2150 2151/2151/2151 2150/2150/2150 
f 2150/2150/2150 2151/2151/2151 2152/2152/2152 
f 2151/2151/2151 2153/2153/2153 2152/2152/2152 
f 2152/2152/2152 2153/2153/2153 2153/2153/2153 
f 2153/2153/2153 2154/2154/2154 2153/2153/2153 
f 2153/2153/2153 2154/2154/2154 2154/2154/2154 
f 2154/2154/2154 2155/2155/2155 2154/2154/2154 
f 2154/2154/2154 2155/2155/2155 2156/2156/2156 
f 2155/2155/2155 2157/2157/2157 2156/2156/2156 
f 2156/2156/2156 2157/2157/2157 2157/2157/2157 
f 2157/2157/2157 2158/2158/2158 2157/2157/2157 
f 2157/2157/2157 2158/2158/2158 2158/2158/2158 
f 2158/2158/2158 2159/2159/2159 2158/2158/2158 
f 2158/2158/2158 2159/2159/2159 2160/2160/2160 
f 2159/2159/2159 2161/2161/2161 2160/2160/2160 
f 2160/2160/2160 2161/2161/2161 2161/2161/2161 
f 2161/2161/2161 2162/2162/2162 2161/2161/2161 
f 2161/2161/2161 2162/2162/2162 2162/2162/2162 
f 2162/2162/2162 2163/2163/2163 2162/2162/2162 
f 2162/2162/2162 2163/2163/2163 2164/2164/2164 
f 2163/2163/2163 2165/2165/2165 2164/2164/2164 
f 2164/2164/2164 2165/2165/2165 2165/2165/2165 
f 2165/2165/2165 2166/2166/2166 2165/2165/2165 
f 2165/2165/2165 2166/2166/2166 2166/2166/2166 
f 2166/2166/2166 2167/2167/2167 2166/2166/2166 
f 2166/2166/2166 2167/2167/2167 2168/2168/2168 
f 2167/2167/2167 2169/2169/2169 2168/2168/2168 
f 2168/2168/2168 2169/2169/2169 2169/2169/2169 
f 2169/2169/2169 2170/2170/2170 2169/2169/2169 
f 2169/2169/2169 2170/2170/2170 2170/2170/2170 
f 2170/2170/2170 2171/2171/2171 2170/2170/2170 
f 2170/2170/2170 2171/2171/2171 2172/2172/2172 
f 2171/2171/2171 2173/2173/2173 2172/2172/2172 
f 2172/2172/2172 2173/2173/2173 2173/2173/2173 
f 2173/2173/2173 2174/2174/2174 2173/2173/2173 
f 2173/2173/2173 2174/2174/2174 2174/2174/2174 
f 2174/2174/2174 2175/2175/2175 2174/2174/2174 
f 2174/2174/2174 2175/2175/2175 2176/2176/2176 
f 2175/2175/2175 2177/2177/2177 2176/2176/2176 
f 2176/2176/2176 2177/2177/2177 2177/2177/2177 
f 2177/2177/2177 2178/2178/2178 2177/2177/2177 
f 2177/2177/2177 2178/2178/2178 2178/2178/2178 
f 2178/2178/2178 2179/2179/2179 2178/2178/2178 
f 2178/2178/2178 2179/2179/2179 2180/2180/2180 
f 2179/2179/2179 2181/2181/2181 2180/2180/2180 
f 2180/2180/2180 2181/2181/2181 2181/2181/2181 
f 2181/2181/2181 2182/2182/2182 2181/2181/2181 
f 2181/2181/2181 2182/2182/2182 2182/2182/2182 
f 2182/2182/2182 2183/2183/2183 2182/2182/2182 
f 2182/2182/2182 2183/2183/2183 2184/2184/2184 
f 2183/2183/2183 2185/2185/2185 2184/2184/2184 
f 2184/2184/2184 2185/2185/2185 2185/2185/2185 
f 2185/2185/2185 2186/2186/2186 2185/2185/2185 
f 2185/2185/2185 2186/2186/2186 2186/2186/2186 
f 2186/2186/2186 2187/2187/2187 2186/2186/2186 
f 2186/2186/2186 2187/2187/2187 2188/2188/2188 
f 2187/2187/2187 2189/2189/2189 2188/2188/2188 
f 2188/2188/2188 2189/2189/2189 2190/2190/2190 
f 2189/2189/2189 2191/2191/2191 2190/2190/2190 
f 2190/2190/2190 2191/2191/2191 2192/2192/2192 
f 2191/2191/2191 2193/2193/2193 2192/2192/2192 
f 2192/2192/2192 2193/2193/2193 2194/2194/2194 
f 2193/2193/2193 2194/2194/2194 2194/2194/2194 
f 2194/2194/2194 2194/2194/2194 2193/2193/2193 
f 2194/2194/2194 2193/2193/2193 2193/2193/2193 
f 2193/2193/2193 2193/2193/2193 2195/2195/2195 
f 2193/2193/2193 2191/2191/2191 2195/2195/2195 
f 2195/2195/2195 2191/2191/2191 2196/2196/2196 
f 2191/2191/2191 2189/2189/2189 2196/2196/2196 
f 2196/2196/2196 2189/2189/2189 2197/2197/2197 
f 2189/2189/2189 2187/2187/2187 2197/2197/2197 
f 2197/2197/2197 2187/2187/2187 2198/2198/2198 
f 2187/2187/2187 2199/2199/2199 2198/2198/2198 
f 2198/2198/2198 2199/2199/2199 2200/2200/2200 
f 2199/2199/2199 2201/2201/2201 2200/2200/2200 
f 2200/2200/2200 2201/2201/2201 2202/2202/2202 
f 2201/2201/2201 2201/2201/2201 2202/2202/2202 
f 2202/2202/2202 2201/2201/2201 2203/2203/2203 
f 2201/2201/2201 2204/2204/2204 2203/2203/2203 
f 2203/2203/2203 2204/2204/2204 2203/2203/2203 
f 2204/2204/2204 2205/2205/2205 2203/2203/2203 
f 2203/2203/2203 2205/2205/2205 2206/2206/2206 
f 2205/2205/2205 2207/2207/2207 2206/2206/2206 
f 2206/2206/2206 2207/2207/2207 2208/2208/2208 
f 2207/2207/2207 2209/2209/2209 2208/2208/2208 
f 2208/2208/2208 2209/2209/2209 2210/2210/2210 
f 2209/2209/2209 2211/2211/2211 2210/2210/2210 
f 2210/2210/2210 2211/2211/2211 2210/2210/2210 
f 2211/2211/2211 2212/2212/2212 2210/2210/2210 
f 2210/2210/2210 2212/2212/2212 2210/2210/2210 
f 2212/2212/2212 2213/2213/2213 2210/2210/2210 
f 2210/2210/2210 2213/2213/2213 2214/2214/2214 
f 2213/2213/2213 2213/2213/2213 2214/2214/2214 
f 2214/2214/2214 2213/2213/2213 2215/2215/2215 
f 2213/2213/2213 2216/2216/2216 2215/2215/2215 
f 2215/2215/2215 2216/2216/2216 2215/2215/2215 
f 2216/2216/2216 2217/2217/2217 2215/2215/2215 
f 2215/2215/2215 2217/2217/2217 2215/2215/2215 
f 2217/2217/2217 2218/2218/2218 2215/2215/2215 
f 2215/2215/2215 2218/2218/2218 2219/2219/2219 
f 2218/2218/2218 2220/2220/2220 2219/2219/2219 
f 2219/2219/2219 2220/2220/2220 2221/2221/2221 
f 2220/2220/2220 2222/2222/2222 2221/2221/2221 
f 2221/2221/2221 2222/2222/2222 2223/2223/2223 
f 2222/2222/2222 2224/2224/2224 2223/2223/2223 
f 2223/2223/2223 2224/2224/2224 2225/2225/2225 
f 2224/2224/2224 2224/2224/2224 2225/2225/2225 
f 2225/2225/2225 2224/2224/2224 2226/2226/2226 
f 2224/2224/2224 2227/2227/2227 2226/2226/2226 
f 2226/2226/2226 2227/2227/2227 2226/2226/2226 
f 2227/2227/2227 2228/2228/2228 2226/2226/2226 
f 2226/2226/2226 2228/2228/2228 2229/2229/2229 
f 2228/2228/2228 2230/2230/2230 2229/2229/2229 
f 2229/2229/2229 2230/2230/2230 2231/2231/2231 
f 2230/2230/2230 2232/2232/2232 2231/2231/2231 
f 2231/2231/2231 2232/2232/2232 2233/2233/2233 
f 2232/2232/2232 2234/2234/2234 2233/2233/2233 
f 2233/2233/2233 2234/2234/2234 2234/2234/2234 
f 2234/2234/2234 2197/2197/2197 2234/2234/2234 
f 2234/2234/2234 2197/2197/2197 2197/2197/2197 
f 2197/2197/2197 2235/2235/2235 2197/2197/2197 
f 2197/2197/2197 2235/2235/2235 2196/2196/2196 
f 2235/2235/2235 2196/2196/2196 2196/2196/2196 
f 2196/2196/2196 2196/2196/2196 2186/2186/2186 
f 2196/2196/2196 2186/2186/2186 2186/2186/2186 
f 2186/2186/2186 2186/2186/2186 2187/2187/2187 
f 2186/2186/2186 2199/2199/2199 2187/2187/2187 
f 2187/2187/2187 2199/2199/2199 2199/2199/2199 
f 2199/2199/2199 2202/2202/2202 2199/2199/2199 
f 2199/2199/2199 2202/2202/2202 2202/2202/2202 
f 2202/2202/2202 2225/2225/2225 2202/2202/2202 
f 2202/2202/2202 2225/2225/2225 2200/2200/2200 
f 2225/2225/2225 2200/2200/2200 2200/2200/2200 
f 2200/2200/2200 2200/2200/2200 2204/2204/2204 
f 2200/2200/2200 2204/2204/2204 2204/2204/2204 
f 2204/2204/2204 2204/2204/2204 2236/2236/2236 
f 2204/2204/2204 2201/2201/2201 2236/2236/2236 
f 2236/2236/2236 2201/2201/2201 2201/2201/2201 
f 2201/2201/2201 2218/2218/2218 2201/2201/2201 
f 2201/2201/2201 2218/2218/2218 2218/2218/2218 
f 2218/2218/2218 2237/2237/2237 2218/2218/2218 
f 2218/2218/2218 2237/2237/2237 2220/2220/2220 
f 2237/2237/2237 2238/2238/2238 2220/2220/2220 
f 2220/2220/2220 2238/2238/2238 2238/2238/2238 
f 2238/2238/2238 2239/2239/2239 2238/2238/2238 
f 2238/2238/2238 2239/2239/2239 2239/2239/2239 
f 2239/2239/2239 2240/2240/2240 2239/2239/2239 
f 2239/2239/2239 2240/2240/2240 2241/2241/2241 
f 2240/2240/2240 2240/2240/2240 2241/2241/2241 
f 2241/2241/2241 2240/2240/2240 2242/2242/2242 
f 2240/2240/2240 2243/2243/2243 2242/2242/2242 
f 2242/2242/2242 2243/2243/2243 2233/2233/2233 
f 2243/2243/2243 2235/2235/2235 2233/2233/2233 
f 2233/2233/2233 2235/2235/2235 2231/2231/2231 
f 2235/2235/2235 2235/2235/2235 2231/2231/2231 
f 2231/2231/2231 2235/2235/2235 2244/2244/2244 
f 2235/2235/2235 2197/2197/2197 2244/2244/2244 
f 2244/2244/2244 2197/2197/2197 2244/2244/2244 
f 2197/2197/2197 2198/2198/2198 2244/2244/2244 
f 2244/2244/2244 2198/2198/2198 2244/2244/2244 
f 2198/2198/2198 2245/2245/2245 2244/2244/2244 
f 2244/2244/2244 2245/2245/2245 2229/2229/2229 
f 2245/2245/2245 2245/2245/2245 2229/2229/2229 
f 2229/2229/2229 2245/2245/2245 2226/2226/2226 
f 2245/2245/2245 2225/2225/2225 2226/2226/2226 
f 2226/2226/2226 2225/2225/2225 2225/2225/2225 
f 2225/2225/2225 2239/2239/2239 2225/2225/2225 
f 2225/2225/2225 2239/2239/2239 2239/2239/2239 
f 2239/2239/2239 2241/2241/2241 2239/2239/2239 
f 2239/2239/2239 2241/2241/2241 2246/2246/2246 
f 2241/2241/2241 2247/2247/2247 2246/2246/2246 
f 2246/2246/2246 2247/2247/2247 2248/2248/2248 
f 2247/2247/2247 2248/2248/2248 2248/2248/2248 
f 2248/2248/2248 2248/2248/2248 2229/2229/2229 
f 2248/2248/2248 2229/2229/2229 2229/2229/2229 
f 2229/2229/2229 2229/2229/2229 2244/2244/2244 
f 2229/2229/2229 2231/2231/2231 2244/2244/2244 
f 2244/2244/2244 2231/2231/2231 2231/2231/2231 
f 2231/2231/2231 2225/2225/2225 2231/2231/2231 
f 2231/2231/2231 2225/2225/2225 2225/2225/2225 
f 2225/2225/2225 2202/2202/2202 2225/2225/2225 
f 2225/2225/2225 2202/2202/2202 2223/2223/2223 
f 2202/2202/2202 2249/2249/2249 2223/2223/2223 
f 2223/2223/2223 2249/2249/2249 2221/2221/2221 
f 2249/2249/2249 2250/2250/2250 2221/2221/2221 
f 2221/2221/2221 2250/2250/2250 2219/2219/2219 
f 2250/2250/2250 2250/2250/2250 2219/2219/2219 
f 2219/2219/2219 2250/2250/2250 2215/2215/2215 
f 2250/2250/2250 2250/2250/2250 2215/2215/2215 
f 2215/2215/2215 2250/2250/2250 2214/2214/2214 
f 2250/2250/2250 2250/2250/2250 2214/2214/2214 
f 2214/2214/2214 2250/2250/2250 2210/2210/2210 
f 2250/2250/2250 2250/2250/2250 2210/2210/2210 
f 2210/2210/2210 2250/2250/2250 2208/2208/2208 
f 2250/2250/2250 2250/2250/2250 2208/2208/2208 
f 2208/2208/2208 2250/2250/2250 2206/2206/2206 
f 2250/2250/2250 2249/2249/2249 2206/2206/2206 
f 2206/2206/2206 2249/2249/2249 2203/2203/2203 
f 2249/2249/2249 2202/2202/2202 2203/2203/2203 
f 2203/2203/2203 2202/2202/2202 2202/2202/2202 
f 2202/2202/2202 2195/2195/2195 2202/2202/2202 
f 2202/2202/2202 2195/2195/2195 2195/2195/2195 
f 2195/2195/2195 2251/2251/2251 2195/2195/2195 
f 2195/2195/2195 2251/2251/2251 2193/2193/2193 
f 2251/2251/2251 2252/2252/2252 2193/2193/2193 
f 2193/2193/2193 2252/2252/2252 2194/2194/2194 
f 2252/2252/2252 2253/2253/2253 2194/2194/2194 
f 2194/2194/2194 2253/2253/2253 2254/2254/2254 
f 2253/2253/2253 2255/2255/2255 2254/2254/2254 
f 2254/2254/2254 2255/2255/2255 2255/2255/2255 
f 2255/2255/2255 2251/2251/2251 2255/2255/2255 
f 2255/2255/2255 2251/2251/2251 2251/2251/2251 
f 2251/2251/2251 2256/2256/2256 2251/2251/2251 
f 2251/2251/2251 2256/2256/2256 2252/2252/2252 
f 2256/2256/2256 2252/2252/2252 2252/2252/2252 
f 2252/2252/2252 2252/2252/2252 2257/2257/2257 
f 2252/2252/2252 2257/2257/2257 2257/2257/2257 
f 2257/2257/2257 2257/2257/2257 2258/2258/2258 
f 2257/2257/2257 2259/2259/2259 2258/2258/2258 
f 2258/2258/2258 2259/2259/2259 2260/2260/2260 
f 2259/2259/2259 2260/2260/2260 2260/2260/2260 
f 2260/2260/2260 2260/2260/2260 2261/2261/2261 
f 2260/2260/2260 2261/2261/2261 2261/2261/2261 
f 2261/2261/2261 2261/2261/2261 2262/2262/2262 
f 2261/2261/2261 2263/2263/2263 2262/2262/2262 
f 2262/2262/2262 2263/2263/2263 2264/2264/2264 
f 2263/2263/2263 2264/2264/2264 2264/2264/2264 
f 2264/2264/2264 2264/2264/2264 2265/2265/2265 
f 2264/2264/2264 2265/2265/2265 2265/2265/2265 
f 2265/2265/2265 2265/2265/2265 2266/2266/2266 
f 2265/2265/2265 2267/2267/2267 2266/2266/2266 
f 2266/2266/2266 2267/2267/2267 2268/2268/2268 
f 2267/2267/2267 2268/2268/2268 2268/2268/2268 
f 2268/2268/2268 2268/2268/2268 2269/2269/2269 
f 2268/2268/2268 2269/2269/2269 2269/2269/2269 
f 2269/2269/2269 2269/2269/2269 2270/2270/2270 
f 2269/2269/2269 2271/2271/2271 2270/2270/2270 
f 2270/2270/2270 2271/2271/2271 2272/2272/2272 
f 2271/2271/2271 2272/2272/2272 2272/2272/2272 
f 2272/2272/2272 2272/2272/2272 2273/2273/2273 
f 2272/2272/2272 2273/2273/2273 2273/2273/2273 
f 2273/2273/2273 2273/2273/2273 2274/2274/2274 
f 2273/2273/2273 2275/2275/2275 2274/2274/2274 
f 2274/2274/2274 2275/2275/2275 2276/2276/2276 
f 2275/2275/2275 2276/2276/2276 2276/2276/2276 
f 2276/2276/2276 2276/2276/2276 2277/2277/2277 
f 2276/2276/2276 2277/2277/2277 2277/2277/2277 
f 2277/2277/2277 2277/2277/2277 2278/2278/2278 
f 2277/2277/2277 2279/2279/2279 2278/2278/2278 
f 2278/2278/2278 2279/2279/2279 2280/2280/2280 
f 2279/2279/2279 2280/2280/2280 2280/2280/2280 
f 2280/2280/2280 2280/2280/2280 2281/2281/2281 
f 2280/2280/2280 2281/2281/2281 2281/2281/2281 
f 2281/2281/2281 2281/2281/2281 2282/2282/2282 
f 2281/2281/2281 2283/2283/2283 2282/2282/2282 
f 2282/2282/2282 2283/2283/2283 2284/2284/2284 
f 2283/2283/2283 2284/2284/2284 2284/2284/2284 
f 2284/2284/2284 2284/2284/2284 2285/2285/2285 
f 2284/2284/2284 2285/2285/2285 2285/2285/2285 
f 2285/2285/2285 2285/2285/2285 2286/2286/2286 
f 2285/2285/2285 2287/2287/2287 2286/2286/2286 
f 2286/2286/2286 2287/2287/2287 2288/2288/2288 
f 2287/2287/2287 2288/2288/2288 2288/2288/2288 
f 2288/2288/2288 2288/2288/2288 2289/2289/2289 
f 2288/2288/2288 2289/2289/2289 2289/2289/2289 
f 2289/2289/2289 2289/2289/2289 2290/2290/2290 
f 2289/2289/2289 2291/2291/2291 2290/2290/2290 
f 2290/2290/2290 2291/2291/2291 2292/2292/2292 
f 2291/2291/2291 2292/2292/2292 2292/2292/2292 
f 2292/2292/2292 2292/2292/2292 2293/2293/2293 
f 2292/2292/2292 2293/2293/2293 2293/2293/2293 
f 2293/2293/2293 2293/2293/2293 2294/2294/2294 
f 2293/2293/2293 2295/2295/2295 2294/2294/2294 
f 2294/2294/2294 2295/2295/2295 2296/2296/2296 
f 2295/2295/2295 2296/2296/2296 2296/2296/2296 
f 2296/2296/2296 2296/2296/2296 2297/2297/2297 
f 2296/2296/2296 2297/2297/2297 2297/2297/2297 
f 2297/2297/2297 2297/2297/2297 2298/2298/2298 
f 2297/2297/2297 2299/2299/2299 2298/2298/2298 
f 2298/2298/2298 2299/2299/2299 2300/2300/2300 
f 2299/2299/2299 2300/2300/2300 2300/2300/2300 
f 2300/2300/2300 2300/2300/2300 2301/2301/2301 
f 2300/2300/2300 2301/2301/2301 2301/2301/2301 
f 2301/2301/2301 2301/2301/2301 2302/2302/2302 
f 2301/2301/2301 2303/2303/2303 2302/2302/2302 
f 2302/2302/2302 2303/2303/2303 2304/2304/2304 
f 2303/2303/2303 2304/2304/2304 2304/2304/2304 
f 2304/2304/2304 2304/2304/2304 2305/2305/2305 
f 2304/2304/2304 2305/2305/2305 2305/2305/2305 
f 2305/2305/2305 2305/2305/2305 2306/2306/2306 
f 2305/2305/2305 2307/2307/2307 2306/2306/2306 
f 2306/2306/2306 2307/2307/2307 2308/2308/2308 
f 2307/2307/2307 2308/2308/2308 2308/2308/2308 
f 2308/2308/2308 2308/2308/2308 2309/2309/2309 
f 2308/2308/2308 2309/2309/2309 2309/2309/2309 
f 2309/2309/2309 2309/2309/2309 2310/2310/2310 
f 2309/2309/2309 2311/2311/2311 2310/2310/2310 
f 2310/2310/2310 2311/2311/2311 2312/2312/2312 
f 2311/2311/2311 2312/2312/2312 2312/2312/2312 
f 2312/2312/2312 2312/2312/2312 2311/2311/2311 
f 2312/2312/2312 2311/2311/2311 2311/2311/2311 
f 2311/2311/2311 2311/2311/2311 2313/2313/2313 
f 2311/2311/2311 2309/2309/2309 2313/2313/2313 
f 2313/2313/2313 2309/2309/2309 2313/2313/2313 
f 2309/2309/2309 2314/2314/2314 2313/2313/2313 
f 2313/2313/2313 2314/2314/2314 2315/2315/2315 
f 2314/2314/2314 2316/2316/2316 2315/2315/2315 
f 2315/2315/2315 2316/2316/2316 2317/2317/2317 
f 2316/2316/2316 2318/2318/2318 2317/2317/2317 
f 2317/2317/2317 2318/2318/2318 2312/2312/2312 
f 2318/2318/2318 2318/2318/2318 2312/2312/2312 
f 2312/2312/2312 2318/2318/2318 2310/2310/2310 
f 2318/2318/2318 2318/2318/2318 2310/2310/2310 
f 2310/2310/2310 2318/2318/2318 2319/2319/2319 
f 2318/2318/2318 2318/2318/2318 2319/2319/2319 
f 2319/2319/2319 2318/2318/2318 2320/2320/2320 
f 2318/2318/2318 2316/2316/2316 2320/2320/2320 
f 2320/2320/2320 2316/2316/2316 2321/2321/2321 
f 2316/2316/2316 2314/2314/2314 2321/2321/2321 
f 2321/2321/2321 2314/2314/2314 2322/2322/2322 
f 2314/2314/2314 2309/2309/2309 2322/2322/2322 
f 2322/2322/2322 2309/2309/2309 2323/2323/2323 
f 2309/2309/2309 2310/2310/2310 2323/2323/2323 
f 2323/2323/2323 2310/2310/2310 2319/2319/2319 
f 2310/2310/2310 2319/2319/2319 2319/2319/2319 
f 2319/2319/2319 2319/2319/2319 2324/2324/2324 
f 2319/2319/2319 2324/2324/2324 2324/2324/2324 
f 2324/2324/2324 2324/2324/2324 2325/2325/2325 
f 2324/2324/2324 2326/2326/2326 2325/2325/2325 
f 2325/2325/2325 2326/2326/2326 2327/2327/2327 
f 2326/2326/2326 2327/2327/2327 2327/2327/2327 
f 2327/2327/2327 2327/2327/2327 2328/2328/2328 
f 2327/2327/2327 2328/2328/2328 2328/2328/2328 
f 2328/2328/2328 2328/2328/2328 2329/2329/2329 
f 2328/2328/2328 2330/2330/2330 2329/2329/2329 
f 2329/2329/2329 2330/2330/2330 2331/2331/2331 
f 2330/2330/2330 2331/2331/2331 2331/2331/2331 
f 2331/2331/2331 2331/2331/2331 2332/2332/2332 
f 2331/2331/2331 2332/2332/2332 2332/2332/2332 
f 2332/2332/2332 2332/2332/2332 2333/2333/2333 
f 2332/2332/2332 2334/2334/2334 2333/2333/2333 
f 2333/2333/2333 2334/2334/2334 2335/2335/2335 
f 2334/2334/2334 2335/2335/2335 2335/2335/2335 
f 2335/2335/2335 2335/2335/2335 2336/2336/2336 
f 2335/2335/2335 2336/2336/2336 2336/2336/2336 
f 2336/2336/2336 2336/2336/2336 2337/2337/2337 
f 2336/2336/2336 2338/2338/2338 2337/2337/2337 
f 2337/2337/2337 2338/2338/2338 2339/2339/2339 
f 2338/2338/2338 2339/2339/2339 2339/2339/2339 
f 2339/2339/2339 2339/2339/2339 2340/2340/2340 
f 2339/2339/2339 2340/2340/2340 2340/2340/2340 
f 2340/2340/2340 2340/2340/2340 2341/2341/2341 
f 2340/2340/2340 2342/2342/2342 2341/2341/2341 
f 2341/2341/2341 2342/2342/2342 2343/2343/2343 
f 2342/2342/2342 2343/2343/2343 2343/2343/2343 
f 2343/2343/2343 2343/2343/2343 2344/2344/2344 
f 2343/2343/2343 2344/2344/2344 2344/2344/2344 
f 2344/2344/2344 2344/2344/2344 2345/2345/2345 
f 2344/2344/2344 2346/2346/2346 2345/2345/2345 
f 2345/2345/2345 2346/2346/2346 2347/2347/2347 
f 2346/2346/2346 2347/2347/2347 2347/2347/2347 
f 2347/2347/2347 2347/2347/2347 2348/2348/2348 
f 2347/2347/2347 2348/2348/2348 2348/2348/2348 
f 2348/2348/2348 2348/2348/2348 2349/2349/2349 
f 2348/2348/2348 2350/2350/2350 2349/2349/2349 
f 2349/2349/2349 2350/2350/2350 2349/2349/2349 
f 2350/2350/2350 2351/2351/2351 2349/2349/2349 
f 2349/2349/2349 2351/2351/2351 2352/2352/2352 
f 2351/2351/2351 2353/2353/2353 2352/2352/2352 
f 2352/2352/2352 2353/2353/2353 2353/2353/2353 
f 2353/2353/2353 2354/2354/2354 2353/2353/2353 
f 2353/2353/2353 2354/2354/2354 2354/2354/2354 
f 2354/2354/2354 2355/2355/2355 2354/2354/2354 
f 2354/2354/2354 2355/2355/2355 2356/2356/2356 
f 2355/2355/2355 2357/2357/2357 2356/2356/2356 
f 2356/2356/2356 2357/2357/2357 2357/2357/2357 
f 2357/2357/2357 2358/2358/2358 2357/2357/2357 
f 2357/2357/2357 2358/2358/2358 2358/2358/2358 
f 2358/2358/2358 2359/2359/2359 2358/2358/2358 
f 2358/2358/2358 2359/2359/2359 2360/2360/2360 
f 2359/2359/2359 2361/2361/2361 2360/2360/2360 
f 2360/2360/2360 2361/2361/2361 2361/2361/2361 
f 2361/2361/2361 2362/2362/2362 2361/2361/2361 
f 2361/2361/2361 2362/2362/2362 2362/2362/2362 
f 2362/2362/2362 2363/2363/2363 2362/2362/2362 
f 2362/2362/2362 2363/2363/2363 2364/2364/2364 
f 2363/2363/2363 2365/2365/2365 2364/2364/2364 
f 2364/2364/2364 2365/2365/2365 2366/2366/2366 
f 2365/2365/2365 2365/2365/2365 2366/2366/2366 
f 2366/2366/2366 2365/2365/2365 2367/2367/2367 
f 2365/2365/2365 2368/2368/2368 2367/2367/2367 
f 2367/2367/2367 2368/2368/2368 2368/2368/2368 
f 2368/2368/2368 2366/2366/2366 2368/2368/2368 
f 2368/2368/2368 2366/2366/2366 2366/2366/2366 
f 2366/2366/2366 2369/2369/2369 2366/2366/2366 
f 2366/2366/2366 2369/2369/2369 2364/2364/2364 
f 2369/2369/2369 2369/2369/2369 2364/2364/2364 
f 2364/2364/2364 2369/2369/2369 2370/2370/2370 
f 2369/2369/2369 2371/2371/2371 2370/2370/2370 
f 2370/2370/2370 2371/2371/2371 2372/2372/2372 
f 2371/2371/2371 2373/2373/2373 2372/2372/2372 
f 2372/2372/2372 2373/2373/2373 2374/2374/2374 
f 2373/2373/2373 2375/2375/2375 2374/2374/2374 
f 2374/2374/2374 2375/2375/2375 2376/2376/2376 
f 2375/2375/2375 2376/2376/2376 2376/2376/2376 
f 2376/2376/2376 2376/2376/2376 2370/2370/2370 
f 2376/2376/2376 2370/2370/2370 2370/2370/2370 
f 2370/2370/2370 2370/2370/2370 2377/2377/2377 
f 2370/2370/2370 2372/2372/2372 2377/2377/2377 
f 2377/2377/2377 2372/2372/2372 2378/2378/2378 
f 2372/2372/2372 2378/2378/2378 2378/2378/2378 
f 2378/2378/2378 2378/2378/2378 2367/2367/2367 
f 2378/2378/2378 2367/2367/2367 2367/2367/2367 
f 2367/2367/2367 2367/2367/2367 2379/2379/2379 
f 2367/2367/2367 2368/2368/2368 2379/2379/2379 
f 2379/2379/2379 2368/2368/2368 2380/2380/2380 
f 2368/2368/2368 2368/2368/2368 2380/2380/2380 
f 2380/2380/2380 2368/2368/2368 2381/2381/2381 
f 2368/2368/2368 2382/2382/2382 2381/2381/2381 
f 2381/2381/2381 2382/2382/2382 2382/2382/2382 
f 2382/2382/2382 2380/2380/2380 2382/2382/2382 
f 2382/2382/2382 2380/2380/2380 2380/2380/2380 
f 2380/2380/2380 2383/2383/2383 2380/2380/2380 
f 2380/2380/2380 2383/2383/2383 2379/2379/2379 
f 2383/2383/2383 2379/2379/2379 2379/2379/2379 
f 2379/2379/2379 2379/2379/2379 2384/2384/2384 
f 2379/2379/2379 2384/2384/2384 2384/2384/2384 
f 2384/2384/2384 2384/2384/2384 2385/2385/2385 
f 2384/2384/2384 2386/2386/2386 2385/2385/2385 
f 2385/2385/2385 2386/2386/2386 2387/2387/2387 
f 2386/2386/2386 2387/2387/2387 2387/2387/2387 
f 2387/2387/2387 2387/2387/2387 2388/2388/2388 
f 2387/2387/2387 2388/2388/2388 2388/2388/2388 
f 2388/2388/2388 2388/2388/2388 2389/2389/2389 
f 2388/2388/2388 2390/2390/2390 2389/2389/2389 
f 2389/2389/2389 2390/2390/2390 2391/2391/2391 
f 2390/2390/2390 2391/2391/2391 2391/2391/2391 
f 2391/2391/2391 2391/2391/2391 2392/2392/2392 
f 2391/2391/2391 2392/2392/2392 2392/2392/2392 
f 2392/2392/2392 2392/2392/2392 2393/2393/2393 
f 2392/2392/2392 2394/2394/2394 2393/2393/2393 
f 2393/2393/2393 2394/2394/2394 2395/2395/2395 
f 2394/2394/2394 2395/2395/2395 2395/2395/2395 
f 2395/2395/2395 2395/2395/2395 2396/2396/2396 
f 2395/2395/2395 2396/2396/2396 2396/2396/2396 
f 2396/2396/2396 2396/2396/2396 2397/2397/2397 
f 2396/2396/2396 2398/2398/2398 2397/2397/2397 
f 2397/2397/2397 2398/2398/2398 2399/2399/2399 
f 2398/2398/2398 2399/2399/2399 2399/2399/2399 
f 2399/2399/2399 2399/2399/2399 2400/2400/2400 
f 2399/2399/2399 2400/2400/2400 2400/2400/2400 
f 2400/2400/2400 2400/2400/2400 2401/2401/2401 
f 2400/2400/2400 2402/2402/2402 2401/2401/2401 
f 2401/2401/2401 2402/2402/2402 2403/2403/2403 
f 2402/2402/2402 2403/2403/2403 2403/2403/2403 
f 2403/2403/2403 2403/2403/2403 2404/2404/2404 
f 2403/2403/2403 2404/2404/2404 2404/2404/2404 
f 2404/2404/2404 2404/2404/2404 2405/2405/2405 
f 2404/2404/2404 2406/2406/2406 2405/2405/2405 
f 2405/2405/2405 2406/2406/2406 2407/2407/2407 
f 2406/2406/2406 2407/2407/2407 2407/2407/2407 
f 2407/2407/2407 2407/2407/2407 2408/2408/2408 
f 2407/2407/2407 2408/2408/2408 2408/2408/2408 
f 2408/2408/2408 2408/2408/2408 2409/2409/2409 
f 2408/2408/2408 2410/2410/2410 2409/2409/2409 
f 2409/2409/2409 2410/2410/2410 2411/2411/2411 
f 2410/2410/2410 2411/2411/2411 2411/2411/2411 
f 2411/2411/2411 2411/2411/2411 2412/2412/2412 
f 2411/2411/2411 2412/2412/2412 2412/2412/2412 
f 2412/2412/2412 2412/2412/2412 2413/2413/2413 
f 2412/2412/2412 2414/2414/2414 2413/2413/2413 
f 2413/2413/2413 2414/2414/2414 2415/2415/2415 
f 2414/2414/2414 2415/2415/2415 2415/2415/2415 
f 2415/2415/2415 2415/2415/2415 2416/2416/2416 
f 2415/2415/2415 2416/2416/2416 2416/2416/2416 
f 2416/2416/2416 2416/2416/2416 2417/2417/2417 
f 2416/2416/2416 2418/2418/2418 2417/2417/2417 
f 2417/2417/2417 2418/2418/2418 2419/2419/2419 
f 2418/2418/2418 2419/2419/2419 2419/2419/2419 
f 2419/2419/2419 2419/2419/2419 2420/2420/2420 
f 2419/2419/2419 2420/2420/2420 2420/2420/2420 
f 2420/2420/2420 2420/2420/2420 2421/2421/2421 
f 2420/2420/2420 2422/2422/2422 2421/2421/2421 
f 2421/2421/2421 2422/2422/2422 2423/2423/2423 
f 2422/2422/2422 2423/2423/2423 2423/2423/2423 
f 2423/2423/2423 2423/2423/2423 2424/2424/2424 
f 2423/2423/2423 2424/2424/2424 2424/2424/2424 
f 2424/2424/2424 2424/2424/2424 2425/2425/2425 
f 2424/2424/2424 2426/2426/2426 2425/2425/2425 
f 2425/2425/2425 2426/2426/2426 2427/2427/2427 
f 2426/2426/2426 2427/2427/2427 2427/2427/2427 
f 2427/2427/2427 2427/2427/2427 2428/2428/2428 
f 2427/2427/2427 2428/2428/2428 2428/2428/2428 
f 2428/2428/2428 2428/2428/2428 2429/2429/2429 
f 2428/2428/2428 2430/2430/2430 2429/2429/2429 
f 2429/2429/2429 2430/2430/2430 2431/2431/2431 
f 2430/2430/2430 2431/2431/2431 2431/2431/2431 
f 2431/2431/2431 2431/2431/2431 2432/2432/2432 
f 2431/2431/2431 2432/2432/2432 2432/2432/2432 
f 2432/2432/2432 2432/2432/2432 2433/2433/2433 
f 2432/2432/2432 2434/2434/2434 2433/2433/2433 
f 2433/2433/2433 2434/2434/2434 2435/2435/2435 
f 2434/2434/2434 2435/2435/2435 2435/2435/2435 
f 2435/2435/2435 2435/2435/2435 2436/2436/2436 
f 2435/2435/2435 2436/2436/2436 2436/2436/2436 
f 2436/2436/2436 2436/2436/2436 2437/2437/2437 
f 2436/2436/2436 2438/2438/2438 2437/2437/2437 
f 2437/2437/2437 2438/2438/2438 2439/2439/2439 
f 2438/2438/2438 2439/2439/2439 2439/2439/2439 
f 2439/2439/2439 2439/2439/2439 2440/2440/2440 
f 2439/2439/2439 2440/2440/2440 2440/2440/2440 
f 2440/2440/2440 2440/2440/2440 2441/2441/2441 
f 2440/2440/2440 2442/2442/2442 2441/2441/2441 
f 2441/2441/2441 2442/2442/2442 2443/2443/2443 
f 2442/2442/2442 2443/2443/2443 2443/2443/2443 
f 2443/2443/2443 2443/2443/2443 2444/2444/2444 
f 2443/2443/2443 2444/2444/2444 2444/2444/2444 
f 2444/2444/2444 2444/2444/2444 2445/2445/2445 
f 2444/2444/2444 2446/2446/2446 2445/2445/2445 
f 2445/2445/2445 2446/2446/2446 2447/2447/2447 
f 2446/2446/2446 2447/2447/2447 2447/2447/2447 
f 2447/2447/2447 2447/2447/2447 2448/2448/2448 
f 2447/2447/2447 2448/2448/2448 2448/2448/2448 
f 2448/2448/2448 2448/2448/2448 2449/2449/2449 
f 2448/2448/2448 2450/2450/2450 2449/2449/2449 
f 2449/2449/2449 2450/2450/2450 2451/2451/2451 
f 2450/2450/2450 2451/2451/2451 2451/2451/2451 
f 2451/2451/2451 2451/2451/2451 2452/2452/2452 
f 2451/2451/2451 2452/2452/2452 2452/2452/2452 
f 2452/2452/2452 2452/2452/2452 2453/2453/2453 
f 2452/2452/2452 2454/2454/2454 2453/2453/2453 
f 2453/2453/2453 2454/2454/2454 2455/2455/2455 
f 2454/2454/2454 2455/2455/2455 2455/2455/2455 
f 2455/2455/2455 2455/2455/2455 2456/2456/2456 
f 2455/2455/2455 2456/2456/2456 2456/2456/2456 
f 2456/2456/2456 2456/2456/2456 2457/2457/2457 
f 2456/2456/2456 2458/2458/2458 2457/2457/2457 
f 2457/2457/2457 2458/2458/2458 2459/2459/2459 
f 2458/2458/2458 2459/2459/2459 2459/2459/2459 
f 2459/2459/2459 2459/2459/2459 2460/2460/2460 
f 2459/2459/2459 2460/2460/2460 2460/2460/2460 
f 2460/2460/2460 2460/2460/2460 2461/2461/2461 
f 2460/2460/2460 2462/2462/2462 2461/2461/2461 
f 2461/2461/2461 2462/2462/2462 2463/2463/2463 
f 2462/2462/2462 2463/2463/2463 2463/2463/2463 
f 2463/2463/2463 2463/2463/2463 2464/2464/2464 
f 2463/2463/2463 2464/2464/2464 2464/2464/2464 
f 2464/2464/2464 2464/2464/2464 2465/2465/2465 
f 2464/2464/2464 2466/2466/2466 2465/2465/2465 
f 2465/2465/2465 2466/2466/2466 2467/2467/2467 
f 2466/2466/2466 2467/2467/2467 2467/2467/2467 
f 2467/2467/2467 2467/2467/2467 2468/2468/2468 
f 2467/2467/2467 2468/2468/2468 2468/2468/2468 
f 2468/2468/2468 2468/2468/2468 2469/2469/2469 
f 2468/2468/2468 2470/2470/2470 2469/2469/2469 
f 2469/2469/2469 2470/2470/2470 2471/2471/2471 
f 2470/2470/2470 2471/2471/2471 2471/2471/2471 
f 2471/2471/2471 2471/2471/2471 2472/2472/2472 
f 2471/2471/2471 2472/2472/2472 2472/2472/2472 
f 2472/2472/2472 2472/2472/2472 2473/2473/2473 
f 2472/2472/2472 2474/2474/2474 2473/2473/2473 
f 2473/2473/2473 2474/2474/2474 2473/2473/2473 
f 2474/2474/2474 2475/2475/2475 2473/2473/2473 
f 2473/2473/2473 2475/2475/2475 2476/2476/2476 
f 2475/2475/2475 2477/2477/2477 2476/2476/2476 
f 2476/2476/2476 2477/2477/2477 2478/2478/2478 
f 2477/2477/2477 2479/2479/2479 2478/2478/2478 
f 2478/2478/2478 2479/2479/2479 2472/2472/2472 
f 2479/2479/2479 2474/2474/2474 2472/2472/2472 
f 2472/2472/2472 2474/2474/2474 2474/2474/2474 
f 2474/2474/2474 2473/2473/2473 2474/2474/2474 
f 2474/2474/2474 2473/2473/2473 2473/2473/2473 
f 2473/2473/2473 2476/2476/2476 2473/2473/2473 
f 2473/2473/2473 2476/2476/2476 2480/2480/2480 
f 2476/2476/2476 2476/2476/2476 2480/2480/2480 
f 2480/2480/2480 2476/2476/2476 2481/2481/2481 
f 2476/2476/2476 2478/2478/2478 2481/2481/2481 
f 2481/2481/2481 2478/2478/2478 2482/2482/2482 
f 2478/2478/2478 2472/2472/2472 2482/2482/2482 
f 2482/2482/2482 2472/2472/2472 2483/2483/2483 
f 2472/2472/2472 2473/2473/2473 2483/2483/2483 
f 2483/2483/2483 2473/2473/2473 2480/2480/2480 
f 2473/2473/2473 2480/2480/2480 2480/2480/2480 
f 2480/2480/2480 2480/2480/2480 2484/2484/2484 
f 2480/2480/2480 2484/2484/2484 2484/2484/2484 
f 2484/2484/2484 2484/2484/2484 2485/2485/2485 
f 2484/2484/2484 2486/2486/2486 2485/2485/2485 
f 2485/2485/2485 2486/2486/2486 2485/2485/2485 
f 2486/2486/2486 2487/2487/2487 2485/2485/2485 
f 2485/2485/2485 2487/2487/2487 2488/2488/2488 
f 2487/2487/2487 2489/2489/2489 2488/2488/2488 
f 2488/2488/2488 2489/2489/2489 2490/2490/2490 
f 2489/2489/2489 2491/2491/2491 2490/2490/2490 
f 2490/2490/2490 2491/2491/2491 2484/2484/2484 
f 2491/2491/2491 2486/2486/2486 2484/2484/2484 
f 2484/2484/2484 2486/2486/2486 2486/2486/2486 
f 2486/2486/2486 2485/2485/2485 2486/2486/2486 
f 2486/2486/2486 2485/2485/2485 2485/2485/2485 
f 2485/2485/2485 2488/2488/2488 2485/2485/2485 
f 2485/2485/2485 2488/2488/2488 2492/2492/2492 
f 2488/2488/2488 2488/2488/2488 2492/2492/2492 
f 2492/2492/2492 2488/2488/2488 2493/2493/2493 
f 2488/2488/2488 2490/2490/2490 2493/2493/2493 
f 2493/2493/2493 2490/2490/2490 2494/2494/2494 
f 2490/2490/2490 2484/2484/2484 2494/2494/2494 
f 2494/2494/2494 2484/2484/2484 2495/2495/2495 
f 2484/2484/2484 2485/2485/2485 2495/2495/2495 
f 2495/2495/2495 2485/2485/2485 2492/2492/2492 
f 2485/2485/2485 2492/2492/2492 2492/2492/2492 
f 2492/2492/2492 2492/2492/2492 2496/2496/2496 
f 2492/2492/2492 2496/2496/2496 2496/2496/2496 
f 2496/2496/2496 2496/2496/2496 2497/2497/2497 
f 2496/2496/2496 2498/2498/2498 2497/2497/2497 
f 2497/2497/2497 2498/2498/2498 2497/2497/2497 
f 2498/2498/2498 2499/2499/2499 2497/2497/2497 
f 2497/2497/2497 2499/2499/2499 2500/2500/2500 
f 2499/2499/2499 2501/2501/2501 2500/2500/2500 
f 2500/2500/2500 2501/2501/2501 2502/2502/2502 
f 2501/2501/2501 2503/2503/2503 2502/2502/2502 
f 2502/2502/2502 2503/2503/2503 2496/2496/2496 
f 2503/2503/2503 2498/2498/2498 2496/2496/2496 
f 2496/2496/2496 2498/2498/2498 2498/2498/2498 
f 2498/2498/2498 2497/2497/2497 2498/2498/2498 
f 2498/2498/2498 2497/2497/2497 2497/2497/2497 
f 2497/2497/2497 2500/2500/2500 2497/2497/2497 
f 2497/2497/2497 2500/2500/2500 2504/2504/2504 
f 2500/2500/2500 2500/2500/2500 2504/2504/2504 
f 2504/2504/2504 2500/2500/2500 2505/2505/2505 
f 2500/2500/2500 2502/2502/2502 2505/2505/2505 
f 2505/2505/2505 2502/2502/2502 2506/2506/2506 
f 2502/2502/2502 2496/2496/2496 2506/2506/2506 
f 2506/2506/2506 2496/2496/2496 2507/2507/2507 
f 2496/2496/2496 2497/2497/2497 2507/2507/2507 
f 2507/2507/2507 2497/2497/2497 2504/2504/2504 
f 2497/2497/2497 2504/2504/2504 2504/2504/2504 
f 2504/2504/2504 2504/2504/2504 2508/2508/2508 
f 2504/2504/2504 2508/2508/2508 2508/2508/2508 
f 2508/2508/2508 2508/2508/2508 2509/2509/2509 
f 2508/2508/2508 2510/2510/2510 2509/2509/2509 
f 2509/2509/2509 2510/2510/2510 2509/2509/2509 
f 2510/2510/2510 2511/2511/2511 2509/2509/2509 
f 2509/2509/2509 2511/2511/2511 2512/2512/2512 
f 2511/2511/2511 2513/2513/2513 2512/2512/2512 
f 2512/2512/2512 2513/2513/2513 2514/2514/2514 
f 2513/2513/2513 2515/2515/2515 2514/2514/2514 
f 2514/2514/2514 2515/2515/2515 2508/2508/2508 
f 2515/2515/2515 2510/2510/2510 2508/2508/2508 
f 2508/2508/2508 2510/2510/2510 2510/2510/2510 
f 2510/2510/2510 2509/2509/2509 2510/2510/2510 
f 2510/2510/2510 2509/2509/2509 2509/2509/2509 
f 2509/2509/2509 2512/2512/2512 2509/2509/2509 
f 2509/2509/2509 2512/2512/2512 2516/2516/2516 
f 2512/2512/2512 2512/2512/2512 2516/2516/2516 
f 2516/2516/2516 2512/2512/2512 2517/2517/2517 
f 2512/2512/2512 2514/2514/2514 2517/2517/2517 
f 2517/2517/2517 2514/2514/2514 2518/2518/2518 
f 2514/2514/2514 2508/2508/2508 2518/2518/2518 
f 2518/2518/2518 2508/2508/2508 2519/2519/2519 
f 2508/2508/2508 2509/2509/2509 2519/2519/2519 
f 2519/2519/2519 2509/2509/2509 2516/2516/2516 
f 2509/2509/2509 2516/2516/2516 2516/2516/2516 
f 2516/2516/2516 2516/2516/2516 2520/2520/2520 
f 2516/2516/2516 2520/2520/2520 2520/2520/2520 
f 2520/2520/2520 2520/2520/2520 2521/2521/2521 
f 2520/2520/2520 2522/2522/2522 2521/2521/2521 
f 2521/2521/2521 2522/2522/2522 2523/2523/2523 
f 2522/2522/2522 2523/2523/2523 2523/2523/2523 
f 2523/2523/2523 2523/2523/2523 2524/2524/2524 
f 2523/2523/2523 2524/2524/2524 2524/2524/2524 
f 2524/2524/2524 2524/2524/2524 2525/2525/2525 
f 2524/2524/2524 2526/2526/2526 2525/2525/2525 
f 2525/2525/2525 2526/2526/2526 2527/2527/2527 
f 2526/2526/2526 2527/2527/2527 2527/2527/2527 
f 2527/2527/2527 2527/2527/2527 2528/2528/2528 
f 2527/2527/2527 2528/2528/2528 2528/2528/2528 
f 2528/2528/2528 2528/2528/2528 2529/2529/2529 
f 2528/2528/2528 2530/2530/2530 2529/2529/2529 
f 2529/2529/2529 2530/2530/2530 2531/2531/2531 
f 2530/2530/2530 2531/2531/2531 2531/2531/2531 
f 2531/2531/2531 2531/2531/2531 2532/2532/2532 
f 2531/2531/2531 2532/2532/2532 2532/2532/2532 
f 2532/2532/2532 2532/2532/2532 2533/2533/2533 
f 2532/2532/2532 2534/2534/2534 2533/2533/2533 
f 2533/2533/2533 2534/2534/2534 2535/2535/2535 
f 2534/2534/2534 2535/2535/2535 2535/2535/2535 
f 2535/2535/2535 2535/2535/2535 2536/2536/2536 
f 2535/2535/2535 2536/2536/2536 2536/2536/2536 
f 2536/2536/2536 2536/2536/2536 2537/2537/2537 
f 2536/2536/2536 2538/2538/2538 2537/2537/2537 
f 2537/2537/2537 2538/2538/2538 2539/2539/2539 
f 2538/2538/2538 2539/2539/2539 2539/2539/2539 
f 2539/2539/2539 2539/2539/2539 2540/2540/2540 
f 2539/2539/2539 2540/2540/2540 2540/2540/2540 
f 2540/2540/2540 2540/2540/2540 2541/2541/2541 
f 2540/2540/2540 2542/2542/2542 2541/2541/2541 
f 2541/2541/2541 2542/2542/2542 2543/2543/2543 
f 2542/2542/2542 2543/2543/2543 2543/2543/2543 
f 2543/2543/2543 2543/2543/2543 2544/2544/2544 
f 2543/2543/2543 2544/2544/2544 2544/2544/2544 
f 2544/2544/2544 2544/2544/2544 2545/2545/2545 
f 2544/2544/2544 2546/2546/2546 2545/2545/2545 
f 2545/2545/2545 2546/2546/2546 2547/2547/2547 
f 2546/2546/2546 2547/2547/2547 2547/2547/2547 
f 2547/2547/2547 2547/2547/2547 2548/2548/2548 
f 2547/2547/2547 2548/2548/2548 2548/2548/2548 
f 2548/2548/2548 2548/2548/2548 2549/2549/2549 
f 2548/2548/2548 2550/2550/2550 2549/2549/2549 
f 2549/2549/2549 2550/2550/2550 2551/2551/2551 
f 2550/2550/2550 2551/2551/2551 2551/2551/2551 
f 2551/2551/2551 2551/2551/2551 2552/2552/2552 
f 2551/2551/2551 2552/2552/2552 2552/2552/2552 
f 2552/2552/2552 2552/2552/2552 2553/2553/2553 
f 2552/2552/2552 2554/2554/2554 2553/2553/2553 
f 2553/2553/2553 2554/2554/2554 2555/2555/2555 
f 2554/2554/2554 2555/2555/2555 2555/2555/2555 
f 2555/2555/2555 2555/2555/2555 2556/2556/2556 
f 2555/2555/2555 2556/2556/2556 2556/2556/2556 
f 2556/2556/2556 2556/2556/2556 2557/2557/2557 
f 2556/2556/2556 2558/2558/2558 2557/2557/2557 
f 2557/2557/2557 2558/2558/2558 2559/2559/2559 
f 2558/2558/2558 2559/2559/2559 2559/2559/2559 
f 2559/2559/2559 2559/2559/2559 2560/2560/2560 
f 2559/2559/2559 2560/2560/2560 2560/2560/2560 
f 2560/2560/2560 2560/2560/2560 2561/2561/2561 
f 2560/2560/2560 2562/2562/2562 2561/2561/2561 
f 2561/2561/2561 2562/2562/2562 2563/2563/2563 
f 2562/2562/2562 2563/2563/2563 2563/2563/2563 
f 2563/2563/2563 2563/2563/2563 2564/2564/2564 
f 2563/2563/2563 2564/2564/2564 2564/2564/2564 
f 2564/2564/2564 2564/2564/2564 2565/2565/2565 
f 2564/2564/2564 2566/2566/2566 2565/2565/2565 
f 2565/2565/2565 2566/2566/2566 2567/2567/2567 
f 2566/2566/2566 2567/2567/2567 2567/2567/2567 
f 2567/2567/2567 2567/2567/2567 2568/2568/2568 
f 2567/2567/2567 2568/2568/2568 2568/2568/2568 
f 2568/2568/2568 2568/2568/2568 2569/2569/2569 
f 2568/2568/2568 2570/2570/2570 2569/2569/2569 
f 2569/2569/2569 2570/2570/2570 2571/2571/2571 
f 2570/2570/2570 2571/2571/2571 2571/2571/2571 
f 2571/2571/2571 2571/2571/2571 2572/2572/2572 
f 2571/2571/2571 2572/2572/2572 2572/2572/2572 
f 2572/2572/2572 2572/2572/2572 2573/2573/2573 
f 2572/2572/2572 2574/2574/2574 2573/2573/2573 
f 2573/2573/2573 2574/2574/2574 2575/2575/2575 
f 2574/2574/2574 2575/2575/2575 2575/2575/2575 
f 2575/2575/2575 2575/2575/2575 2576/2576/2576 
f 2575/2575/2575 2576/2576/2576 2576/2576/2576 
f 2576/2576/2576 2576/2576/2576 2577/2577/2577 
f 2576/2576/2576 2578/2578/2578 2577/2577/2577 
f 2577/2577/2577 2578/2578/2578 2579/2579/2579 
f 2578/2578/2578 2579/2579/2579 2579/2579/2579 
f 2579/2579/2579 2579/2579/2579 2580/2580/2580 
f 2579/2579/2579 2580/2580/2580 2580/2580/2580 
f 2580/2580/2580 2580/2580/2580 2581/2581/2581 
f 2580/2580/2580 2582/2582/2582 2581/2581/2581 
f 2581/2581/2581 2582/2582/2582 2583/2583/2583 
f 2582/2582/2582 2583/2583/2583 2583/2583/2583 
f 2583/2583/2583 2583/2583/2583 2584/2584/2584 
f 2583/2583/2583 2584/2584/2584 2584/2584/2584 
f 2584/2584/2584 2584/2584/2584 2585/2585/2585 
f 2584/2584/2584 2586/2586/2586 2585/2585/2585 
f 2585/2585/2585 2586/2586/2586 2587/2587/2587 
f 2586/2586/2586 2587/2587/2587 2587/2587/2587 
f 2587/2587/2587 2587/2587/2587 2588/2588/2588 
f 2587/2587/2587 2588/2588/2588 2588/2588/2588 
f 2588/2588/2588 2588/2588/2588 2589/2589/2589 
f 2588/2588/2588 2590/2590/2590 2589/2589/2589 
f 2589/2589/2589 2590/2590/2590 2591/2591/2591 
f 2590/2590/2590 2591/2591/2591 2591/2591/2591 
f 2591/2591/2591 2591/2591/2591 2592/2592/2592 
f 2591/2591/2591 2592/2592/2592 2592/2592/2592 
f 2592/2592/2592 2592/2592/2592 2593/2593/2593 
f 2592/2592/2592 2594/2594/2594 2593/2593/2593 
f 2593/2593/2593 2594/2594/2594 2595/2595/2595 
f 2594/2594/2594 2595/2595/2595 2595/2595/2595 
f 2595/2595/2595 2595/2595/2595 2596/2596/2596 
f 2595/2595/2595 2596/2596/2596 2596/2596/2596 
f 2596/2596/2596 2596/2596/2596 2597/2597/2597 
f 2596/2596/2596 2598/2598/2598 2597/2597/2597 
f 2597/2597/2597 2598/2598/2598 2599/2599/2599 
f 2598/2598/2598 2599/2599/2599 2599/2599/2599 
f 2599/2599/2599 2599/2599/2599 2600/2600/2600 
f 2599/2599/2599 2600/2600/2600 2600/2600/2600 
f 2600/2600/2600 2600/2600/2600 2601/2601/2601 
f 2600/2600/2600 2602/2602/2602 2601/2601/2601 
f 2601/2601/2601 2602/2602/2602 2603/2603/2603 
f 2602/2602/2602 2603/2603/2603 2603/2603/2603 
f 2603/2603/2603 2603/2603/2603 2604/2604/2604 
f 2603/2603/2603 2604/2604/2604 2604/2604/2604 
f 2604/2604/2604 2604/2604/2604 2605/2605/2605 
f 2604/2604/2604 2606/2606/2606 2605/2605/2605 
f 2605/2605/2605 2606/2606/2606 2607/2607/2607 
f 2606/2606/2606 2607/2607/2607 2607/2607/2607 
f 2607/2607/2607 2607/2607/2607 2608/2608/2608 
f 2607/2607/2607 2608/2608/2608 2608/2608/2608 
f 2608/2608/2608 2608/2608/2608 2609/2609/2609 
f 2608/2608/2608 2610/2610/2610 2609/2609/2609 
f 2609/2609/2609 2610/2610/2610 2611/2611/2611 
f 2610/2610/2610 2611/2611/2611 2611/2611/2611 
f 2611/2611/2611 2611/2611/2611 2612/2612/2612 
f 2611/2611/2611 2612/2612/2612 2612/2612/2612 
f 2612/2612/2612 2612/2612/2612 2613/2613/2613 
f 2612/2612/2612 2614/2614/2614 2613/2613/2613 
f 2613/2613/2613 2614/2614/2614 2615/2615/2615 
f 2614/2614/2614 2615/2615/2615 2615/2615/2615 
f 2615/2615/2615 2615/2615/2615 2616/2616/2616 
f 2615/2615/2615 2616/2616/2616 2616/2616/2616 
f 2616/2616/2616 2616/2616/2616 2617/2617/2617 
f 2616/2616/2616 2618/2618/2618 2617/2617/2617 
f 2617/2617/2617 2618/2618/2618 2619/2619/2619 
f 2618/2618/2618 2619/2619/2619 2619/2619/2619 
f 2619/2619/2619 2619/2619/2619 2620/2620/2620 
f 2619/2619/2619 2620/2620/2620 2620/2620/2620 
f 2620/2620/2620 2620/2620/2620 2621/2621/2621 
f 2620/2620/2620 2622/2622/2622 2621/2621/2621 
f 2621/2621/2621 2622/2622/2622 2623/2623/2623 
f 2622/2622/2622 2623/2623/2623 2623/2623/2623 
f 2623/2623/2623 2623/2623/2623 2624/2624/2624 
f 2623/2623/2623 2624/2624/2624 2624/2624/2624 
f 2624/2624/2624 2624/2624/2624 2625/2625/2625 
f 2624/2624/2624 2626/2626/2626 2625/2625/2625 
f 2625/2625/2625 2626/2626/2626 2627/2627/2627 
f 2626/2626/2626 2627/2627/2627 2627/2627/2627 
f 2627/2627/2627 2627/2627/2627 2628/2628/2628 
f 2627/2627/2627 2628/2628/2628 2628/2628/2628 
f 2628/2628/2628 2628/2628/2628 2629/2629/2629 
f 2628/2628/2628 2630/2630/2630 2629/2629/2629 
f 2629/2629/2629 2630/2630/2630 2631/2631/2631 
f 2630/2630/2630 2631/2631/2631 2631/2631/2631 
f 2631/2631/2631 2631/2631/2631 2632/2632/2632 
f 2631/2631/2631 2632/2632/2632 2632/2632/2632 
f 2632/2632/2632 2632/2632/2632 2633/2633/2633 
f 2632/2632/2632 2634/2634/2634 2633/2633/2633 
f 2633/2633/2633 2634/2634/2634 2635/2635/2635 
f 2634/2634/2634 2635/2635/2635 2635/2635/2635 
f 2635/2635/2635 2635/2635/2635 2636/2636/2636 
f 2635/2635/2635 2636/2636/2636 2636/2636/2636 
f 2636/2636/2636 2636/2636/2636 2637/2637/2637 
f 2636/2636/2636 2638/2638/2638 2637/2637/2637 
f 2637/2637/2637 2638/2638/2638 2639/2639/2639 
f 2638/2638/2638 2639/2639/2639 2639/2639/2639 
f 2639/2639/2639 2639/2639/2639 2640/2640/2640 
f 2639/2639/2639 2640/2640/2640 2640/2640/2640 
f 2640/2640/2640 2640/2640/2640 2641/2641/2641 
f 2640/2640/2640 2642/2642/2642 2641/2641/2641 
f 2641/2641/2641 2642/2642/2642 2643/2643/2643 
f 2642/2642/2642 2643/2643/2643 2643/2643/2643 
f 2643/2643/2643 2643/2643/2643 2644/2644/2644 
f 2643/2643/2643 2644/2644/2644 2644/2644/2644 
f 2644/2644/2644 2644/2644/2644 2645/2645/2645 
f 2644/2644/2644 2646/2646/2646 2645/2645/2645 
f 2645/2645/2645 2646/2646/2646 2647/2647/2647 
f 2646/2646/2646 2647/2647/2647 2647/2647/2647 
f 2647/2647/2647 2647/2647/2647 2648/2648/2648 
f 2647/2647/2647 2648/2648/2648 2648/2648/2648 
f 2648/2648/2648 2648/2648/2648 2649/2649/2649 
f 2648/2648/2648 2650/2650/2650 2649/2649/2649 
f 2649/2649/2649 2650/2650/2650 2651/2651/2651 
f 2650/2650/2650 2651/2651/2651 2651/2651/2651 
f 2651/2651/2651 2651/2651/2651 2652/2652/2652 
f 2651/2651/2651 2652/2652/2652 2652/2652/2652 
f 2652/2652/2652 2652/2652/2652 2653/2653/2653 
f 2652/2652/2652 2654/2654/2654 2653/2653/2653 
f 2653/2653/2653 2654/2654/2654 2655/2655/2655 
f 2654/2654/2654 2655/2655/2655 2655/2655/2655 
f 2655/2655/2655 2655/2655/2655 2656/2656/2656 
f 2655/2655/2655 2656/2656/2656 2656/2656/2656 
f 2656/2656/2656 2656/2656/2656 2657/2657/2657 
f 2656/2656/2656 2658/2658/2658 2657/2657/2657 
f 2657/2657/2657 2658/2658/2658 2659/2659/2659 
f 2658/2658/2658 2659/2659/2659 2659/2659/2659 
f 2659/2659/2659 2659/2659/2659 2660/2660/2660 
f 2659/2659/2659 2660/2660/2660 2660/2660/2660 
f 2660/2660/2660 2660/2660/2660 2661/2661/2661 
f 2660/2660/2660 2662/2662/2662 2661/2661/2661 
f 2661/2661/2661 2662/2662/2662 2663/2663/2663 
f 2662/2662/2662 2663/2663/2663 2663/2663/2663 
f 2663/2663/2663 2663/2663/2663 2664/2664/2664 
f 2663/2663/2663 2664/2664/2664 2664/2664/2664 
f 2664/2664/2664 2664/2664/2664 2665/2665/2665 
f 2664/2664/2664 2666/2666/2666 2665/2665/2665 
f 2665/2665/2665 2666/2666/2666 2667/2667/2667 
f 2666/2666/2666 2667/2667/2667 2667/2667/2667 
f 2667/2667/2667 2667/2667/2667 2668/2668/2668 
f 2667/2667/2667 2668/2668/2668 2668/2668/2668 
f 2668/2668/2668 2668/2668/2668 2669/2669/2669 
f 2668/2668/2668 2670/2670/2670 2669/2669/2669 
f 2669/2669/2669 2670/2670/2670 2671/2671/2671 
f 2670/2670/2670 2671/2671/2671 2671/2671/2671 
f 2671/2671/2671 2671/2671/2671 2672/2672/2672 
f 2671/2671/2671 2672/2672/2672 2672/2672/2672 
f 2672/2672/2672 2672/2672/2672 2673/2673/2673 
f 2672/2672/2672 2674/2674/2674 2673/2673/2673 
f 2673/2673/2673 2674/2674/2674 2675/2675/2675 
f 2674/2674/2674 2675/2675/2675 2675/2675/2675 
f 2675/2675/2675 2675/2675/2675 2676/2676/2676 
f 2675/2675/2675 2676/2676/2676 2676/2676/2676 
f 2676/2676/2676 2676/2676/2676 2677/2677/2677 
f 2676/2676/2676 2678/2678/2678 2677/2677/2677 
f 2677/2677/2677 2678/2678/2678 2679/2679/2679 
f 2678/2678/2678 2679/2679/2679 2679/2679/2679 
f 2679/2679/2679 2679/2679/2679 2680/2680/2680 
f 2679/2679/2679 2680/2680/2680 2680/2680/2680 
f 2680/2680/2680 2680/2680/2680 2681/2681/2681 
f 2680/2680/2680 2682/2682/2682 2681/2681/2681 
f 2681/2681/2681 2682/2682/2682 2683/2683/2683 
f 2682/2682/2682 2683/2683/2683 2683/2683/2683 
f 2683/2683/2683 2683/2683/2683 2684/2684/2684 
f 2683/2683/2683 2684/2684/2684 2684/2684/2684 
f 2684/2684/2684 2684/2684/2684 2685/2685/2685 
f 2684/2684/2684 2686/2686/2686 2685/2685/2685 
f 2685/2685/2685 2686/2686/2686 2687/2687/2687 
f 2686/2686/2686 2687/2687/2687 2687/2687/2687 
f 2687/2687/2687 2687/2687/2687 2688/2688/2688 
f 2687/2687/2687 2688/2688/2688 2688/2688/2688 
f 2688/2688/2688 2688/2688/2688 2689/2689/2689 
f 2688/2688/2688 2690/2690/2690 2689/2689/2689 
f 2689/2689/2689 2690/2690/2690 2691/2691/2691 
f 2690/2690/2690 2691/2691/2691 2691/2691/2691 
f 2691/2691/2691 2691/2691/2691 2692/2692/2692 
f 2691/2691/2691 2692/2692/2692 2692/2692/2692 
f 2692/2692/2692 2692/2692/2692 2693/2693/2693 
f 2692/2692/2692 2694/2694/2694 2693/2693/2693 
f 2693/2693/2693 2694/2694/2694 2695/2695/2695 
f 2694/2694/2694 2695/2695/2695 2695/2695/2695 
f 2695/2695/2695 2695/2695/2695 2696/2696/2696 
f 2695/2695/2695 2696/2696/2696 2696/2696/2696 
f 2696/2696/2696 2696/2696/2696 2697/2697/2697 
f 2696/2696/2696 2698/2698/2698 2697/2697/2697 
f 2697/2697/2697 2698/2698/2698 2699/2699/2699 
f 2698/2698/2698 2699/2699/2699 2699/2699/2699 
f 2699/2699/2699 2699/2699/2699 2700/2700/2700 
f 2699/2699/2699 2700/2700/2700 2700/2700/2700 
f 2700/2700/2700 2700/2700/2700 2701/2701/2701 
f 2700/2700/2700 2702/2702/2702 2701/2701/2701 
f 2701/2701/2701 2702/2702/2702 2703/2703/2703 
f 2702/2702/2702 2703/2703/2703 2703/2703/2703 
f 2703/2703/2703 2703/2703/2703 2704/2704/2704 
f 2703/2703/2703 2704/2704/2704 2704/2704/2704 
f 2704/2704/2704 2704/2704/2704 2705/2705/2705 
f 2704/2704/2704 2706/2706/2706 2705/2705/2705 
f 2705/2705/2705 2706/2706/2706 2707/2707/2707 
f 2706/2706/2706 2707/2707/2707 2707/2707/2707 
f 2707/2707/2707 2707/2707/2707 2708/2708/2708 
f 2707/2707/2707 2708/2708/2708 2708/2708/2708 
f 2708/2708/2708 2708/2708/2708 2709/2709/2709 
f 2708/2708/2708 2710/2710/2710 2709/2709/2709 
f 2709/2709/2709 2710/2710/2710 2711/2711/2711 
f 2710/2710/2710 2711/2711/2711 2711/2711/2711 
f 2711/2711/2711 2711/2711/2711 2712/2712/2712 
f 2711/2711/2711 2712/2712/2712 2712/2712/2712 
f 2712/2712/2712 2712/2712/2712 2713/2713/2713 
f 2712/2712/2712 2714/2714/2714 2713/2713/2713 
f 2713/2713/2713 2714/2714/2714 2715/2715/2715 
f 2714/2714/2714 2715/2715/2715 2715/2715/2715 
f 2715/2715/2715 2715/2715/2715 2716/2716/2716 
f 2715/2715/2715 2716/2716/2716 2716/2716/2716 
f 2716/2716/2716 2716/2716/2716 2717/2717/2717 
f 2716/2716/2716 2718/2718/2718 2717/2717/2717 
f 2717/2717/2717 2718/2718/2718 2717/2717/2717 
f 2718/2718/2718 2719/2719/2719 2717/2717/2717 
f 2717/2717/2717 2719/2719/2719 2720/2720/2720 
f 2719/2719/2719 2721/2721/2721 2720/2720/2720 
f 2720/2720/2720 2721/2721/2721 2721/2721/2721 
f 2721/2721/2721 2722/2722/2722 2721/2721/2721 
f 2721/2721/2721 2722/2722/2722 2722/2722/2722 
f 2722/2722/2722 2723/2723/2723 2722/2722/2722 
f 2722/2722/2722 2723/2723/2723 2724/2724/2724 
f 2723/2723/2723 2723/2723/2723 2724/2724/2724 
f 2724/2724/2724 2723/2723/2723 2725/2725/2725 
f 2723/2723/2723 2726/2726/2726 2725/2725/2725 
f 2725/2725/2725 2726/2726/2726 2727/2727/2727 
f 2726/2726/2726 2727/2727/2727 2727/2727/2727 
f 2727/2727/2727 2727/2727/2727 2728/2728/2728 
f 2727/2727/2727 2728/2728/2728 2728/2728/2728 
f 2728/2728/2728 2728/2728/2728 2729/2729/2729 
f 2728/2728/2728 2730/2730/2730 2729/2729/2729 
f 2729/2729/2729 2730/2730/2730 2729/2729/2729 
f 2730/2730/2730 2731/2731/2731 2729/2729/2729 
f 2729/2729/2729 2731/2731/2731 2732/2732/2732 
f 2731/2731/2731 2733/2733/2733 2732/2732/2732 
f 2732/2732/2732 2733/2733/2733 2733/2733/2733 
f 2733/2733/2733 2734/2734/2734 2733/2733/2733 
f 2733/2733/2733 2734/2734/2734 2734/2734/2734 
f 2734/2734/2734 2735/2735/2735 2734/2734/2734 
f 2734/2734/2734 2735/2735/2735 2736/2736/2736 
f 2735/2735/2735 2735/2735/2735 2736/2736/2736 
f 2736/2736/2736 2735/2735/2735 2737/2737/2737 
f 2735/2735/2735 2738/2738/2738 2737/2737/2737 
f 2737/2737/2737 2738/2738/2738 2739/2739/2739 
f 2738/2738/2738 2739/2739/2739 2739/2739/2739 
f 2739/2739/2739 2739/2739/2739 2740/2740/2740 
f 2739/2739/2739 2740/2740/2740 2740/2740/2740 
f 2740/2740/2740 2740/2740/2740 2741/2741/2741 
f 2740/2740/2740 2742/2742/2742 2741/2741/2741 
f 2741/2741/2741 2742/2742/2742 2743/2743/2743 
f 2742/2742/2742 2743/2743/2743 2743/2743/2743 
f 2743/2743/2743 2743/2743/2743 2744/2744/2744 
f 2743/2743/2743 2744/2744/2744 2744/2744/2744 
f 2744/2744/2744 2744/2744/2744 2745/2745/2745 
f 2744/2744/2744 2746/2746/2746 2745/2745/2745 
f 2745/2745/2745 2746/2746/2746 2747/2747/2747 
f 2746/2746/2746 2747/2747/2747 2747/2747/2747 
f 2747/2747/2747 2747/2747/2747 2748/2748/2748 
f 2747/2747/2747 2748/2748/2748 2748/2748/2748 
f 2748/2748/2748 2748/2748/2748 2749/2749/2749 
f 2748/2748/2748 2750/2750/2750 2749/2749/2749 
f 2749/2749/2749 2750/2750/2750 2751/2751/2751 
f 2750/2750/2750 2751/2751/2751 2751/2751/2751 
f 2751/2751/2751 2751/2751/2751 2752/2752/2752 
f 2751/2751/2751 2752/2752/2752 2752/2752/2752 
f 2752/2752/2752 2752/2752/2752 2753/2753/2753 
f 2752/2752/2752 2754/2754/2754 2753/2753/2753 
f 2753/2753/2753 2754/2754/2754 2755/2755/2755 
f 2754/2754/2754 2755/2755/2755 2755/2755/2755 
f 2755/2755/2755 2755/2755/2755 2756/2756/2756 
f 2755/2755/2755 2756/2756/2756 2756/2756/2756 
f 2756/2756/2756 2756/2756/2756 2757/2757/2757 
f 2756/2756/2756 2758/2758/2758 2757/2757/2757 
f 2757/2757/2757 2758/2758/2758 2759/2759/2759 
f 2758/2758/2758 2758/2758/2758 2759/2759/2759 
f 2759/2759/2759 2758/2758/2758 2760/2760/2760 
f 2758/2758/2758 2761/2761/2761 2760/2760/2760 
f 2760/2760/2760 2761/2761/2761 2761/2761/2761 
f 2761/2761/2761 2762/2762/2762 2761/2761/2761 
f 2761/2761/2761 2762/2762/2762 2762/2762/2762 
f 2762/2762/2762 2763/2763/2763 2762/2762/2762 
f 2762/2762/2762 2763/2763/2763 2764/2764/2764 
f 2763/2763/2763 2763/2763/2763 2764/2764/2764 
f 2764/2764/2764 2763/2763/2763 2765/2765/2765 
f 2763/2763/2763 2766/2766/2766 2765/2765/2765 
f 2765/2765/2765 2766/2766/2766 2767/2767/2767 
f 2766/2766/2766 2768/2768/2768 2767/2767/2767 
f 2767/2767/2767 2768/2768/2768 2767/2767/2767 
f 2768/2768/2768 2769/2769/2769 2767/2767/2767 
f 2767/2767/2767 2769/2769/2769 2770/2770/2770 
f 2769/2769/2769 2771/2771/2771 2770/2770/2770 
f 2770/2770/2770 2771/2771/2771 2770/2770/2770 
f 2771/2771/2771 2772/2772/2772 2770/2770/2770 
f 2770/2770/2770 2772/2772/2772 2770/2770/2770 
f 2772/2772/2772 2773/2773/2773 2770/2770/2770 
f 2770/2770/2770 2773/2773/2773 2774/2774/2774 
f 2773/2773/2773 2775/2775/2775 2774/2774/2774 
f 2774/2774/2774 2775/2775/2775 2776/2776/2776 
f 2775/2775/2775 2777/2777/2777 2776/2776/2776 
f 2776/2776/2776 2777/2777/2777 2778/2778/2778 
f 2777/2777/2777 2779/2779/2779 2778/2778/2778 
f 2778/2778/2778 2779/2779/2779 2779/2779/2779 
f 2779/2779/2779 2770/2770/2770 2779/2779/2779 
f 2779/2779/2779 2770/2770/2770 2770/2770/2770 
f 2770/2770/2770 2774/2774/2774 2770/2770/2770 
f 2770/2770/2770 2774/2774/2774 2767/2767/2767 
f 2774/2774/2774 2774/2774/2774 2767/2767/2767 
f 2767/2767/2767 2774/2774/2774 2765/2765/2765 
f 2774/2774/2774 2776/2776/2776 2765/2765/2765 
f 2765/2765/2765 2776/2776/2776 2764/2764/2764 
f 2776/2776/2776 2778/2778/2778 2764/2764/2764 
f 2764/2764/2764 2778/2778/2778 2780/2780/2780 
f 2778/2778/2778 2780/2780/2780 2780/2780/2780 
f 2780/2780/2780 2780/2780/2780 2781/2781/2781 
f 2780/2780/2780 2781/2781/2781 2781/2781/2781 
f 2781/2781/2781 2781/2781/2781 2782/2782/2782 
f 2781/2781/2781 2783/2783/2783 2782/2782/2782 
f 2782/2782/2782 2783/2783/2783 2784/2784/2784 
f 2783/2783/2783 2784/2784/2784 2784/2784/2784 
f 2784/2784/2784 2784/2784/2784 2785/2785/2785 
f 2784/2784/2784 2785/2785/2785 2785/2785/2785 
f 2785/2785/2785 2785/2785/2785 2786/2786/2786 
f 2785/2785/2785 2787/2787/2787 2786/2786/2786 
f 2786/2786/2786 2787/2787/2787 2788/2788/2788 
f 2787/2787/2787 2789/2789/2789 2788/2788/2788 
f 2788/2788/2788 2789/2789/2789 2790/2790/2790 
f 2789/2789/2789 2791/2791/2791 2790/2790/2790 
f 2790/2790/2790 2791/2791/2791 2792/2792/2792 
f 2791/2791/2791 2792/2792/2792 2792/2792/2792 
f 2792/2792/2792 2792/2792/2792 2793/2793/2793 
f 2792/2792/2792 2793/2793/2793 2793/2793/2793 
f 2793/2793/2793 2793/2793/2793 2794/2794/2794 
f 2793/2793/2793 2795/2795/2795 2794/2794/2794 
f 2794/2794/2794 2795/2795/2795 2796/2796/2796 
f 2795/2795/2795 2796/2796/2796 2796/2796/2796 
f 2796/2796/2796 2796/2796/2796 2797/2797/2797 
f 2796/2796/2796 2797/2797/2797 2797/2797/2797 
f 2797/2797/2797 2797/2797/2797 2798/2798/2798 
f 2797/2797/2797 2799/2799/2799 2798/2798/2798 
f 2798/2798/2798 2799/2799/2799 2800/2800/2800 
f 2799/2799/2799 2801/2801/2801 2800/2800/2800 
f 2800/2800/2800 2801/2801/2801 2802/2802/2802 
f 2801/2801/2801 2803/2803/2803 2802/2802/2802 
f 2802/2802/2802 2803/2803/2803 2804/2804/2804 
f 2803/2803/2803 2804/2804/2804 2804/2804/2804 
f 2804/2804/2804 2804/2804/2804 2803/2803/2803 
f 2804/2804/2804 2803/2803/2803 2803/2803/2803 
f 2803/2803/2803 2803/2803/2803 2805/2805/2805 
f 2803/2803/2803 2801/2801/2801 2805/2805/2805 
f 2805/2805/2805 2801/2801/2801 2805/2805/2805 
f 2801/2801/2801 2806/2806/2806 2805/2805/2805 
f 2805/2805/2805 2806/2806/2806 2807/2807/2807 
f 2806/2806/2806 2808/2808/2808 2807/2807/2807 
f 2807/2807/2807 2808/2808/2808 2808/2808/2808 
f 2808/2808/2808 2809/2809/2809 2808/2808/2808 
f 2808/2808/2808 2809/2809/2809 2809/2809/2809 
f 2809/2809/2809 2810/2810/2810 2809/2809/2809 
f 2809/2809/2809 2810/2810/2810 2811/2811/2811 
f 2810/2810/2810 2812/2812/2812 2811/2811/2811 
f 2811/2811/2811 2812/2812/2812 2812/2812/2812 
f 2812/2812/2812 2813/2813/2813 2812/2812/2812 
f 2812/2812/2812 2813/2813/2813 2813/2813/2813 
f 2813/2813/2813 2814/2814/2814 2813/2813/2813 
f 2813/2813/2813 2814/2814/2814 2815/2815/2815 
f 2814/2814/2814 2816/2816/2816 2815/2815/2815 
f 2815/2815/2815 2816/2816/2816 2816/2816/2816 
f 2816/2816/2816 2817/2817/2817 2816/2816/2816 
f 2816/2816/2816 2817/2817/2817 2817/2817/2817 
f 2817/2817/2817 2818/2818/2818 2817/2817/2817 
f 2817/2817/2817 2818/2818/2818 2819/2819/2819 
f 2818/2818/2818 2820/2820/2820 2819/2819/2819 
f 2819/2819/2819 2820/2820/2820 2820/2820/2820 
f 2820/2820/2820 2821/2821/2821 2820/2820/2820 
f 2820/2820/2820 2821/2821/2821 2821/2821/2821 
f 2821/2821/2821 2822/2822/2822 2821/2821/2821 
f 2821/2821/2821 2822/2822/2822 2823/2823/2823 
f 2822/2822/2822 2824/2824/2824 2823/2823/2823 
f 2823/2823/2823 2824/2824/2824 2823/2823/2823 
f 2824/2824/2824 2825/2825/2825 2823/2823/2823 
f 2823/2823/2823 2825/2825/2825 2826/2826/2826 
f 2825/2825/2825 2826/2826/2826 2826/2826/2826 
f 2826/2826/2826 2826/2826/2826 2827/2827/2827 
f 2826/2826/2826 2827/2827/2827 2827/2827/2827 
f 2827/2827/2827 2827/2827/2827 2828/2828/2828 
f 2827/2827/2827 2829/2829/2829 2828/2828/2828 
f 2828/2828/2828 2829/2829/2829 2830/2830/2830 
f 2829/2829/2829 2830/2830/2830 2830/2830/2830 
f 2830/2830/2830 2830/2830/2830 2831/2831/2831 
f 2830/2830/2830 2831/2831/2831 2831/2831/2831 
f 2831/2831/2831 2831/2831/2831 2832/2832/2832 
f 2831/2831/2831 2833/2833/2833 2832/2832/2832 
f 2832/2832/2832 2833/2833/2833 2834/2834/2834 
f 2833/2833/2833 2834/2834/2834 2834/2834/2834 
f 2834/2834/2834 2834/2834/2834 2835/2835/2835 
f 2834/2834/2834 2835/2835/2835 2835/2835/2835 
f 2835/2835/2835 2835/2835/2835 2836/2836/2836 
f 2835/2835/2835 2837/2837/2837 2836/2836/2836 
f 2836/2836/2836 2837/2837/2837 2838/2838/2838 
f 2837/2837/2837 2838/2838/2838 2838/2838/2838 
f 2838/2838/2838 2838/2838/2838 2839/2839/2839 
f 2838/2838/2838 2839/2839/2839 2839/2839/2839 
f 2839/2839/2839 2839/2839/2839 2840/2840/2840 
f 2839/2839/2839 2841/2841/2841 2840/2840/2840 
f 2840/2840/2840 2841/2841/2841 2842/2842/2842 
f 2841/2841/2841 2843/2843/2843 2842/2842/2842 
f 2842/2842/2842 2843/2843/2843 2842/2842/2842 
f 2843/2843/2843 2844/2844/2844 2842/2842/2842 
f 2842/2842/2842 2844/2844/2844 2845/2845/2845 
f 2844/2844/2844 2846/2846/2846 2845/2845/2845 
f 2845/2845/2845 2846/2846/2846 2846/2846/2846 
f 2846/2846/2846 2847/2847/2847 2846/2846/2846 
f 2846/2846/2846 2847/2847/2847 2847/2847/2847 
f 2847/2847/2847 2848/2848/2848 2847/2847/2847 
f 2847/2847/2847 2848/2848/2848 2849/2849/2849 
f 2848/2848/2848 2850/2850/2850 2849/2849/2849 
f 2849/2849/2849 2850/2850/2850 2850/2850/2850 
f 2850/2850/2850 2851/2851/2851 2850/2850/2850 
f 2850/2850/2850 2851/2851/2851 2851/2851/2851 
f 2851/2851/2851 2852/2852/2852 2851/2851/2851 
f 2851/2851/2851 2852/2852/2852 2853/2853/2853 
f 2852/2852/2852 2852/2852/2852 2853/2853/2853 
f 2853/2853/2853 2852/2852/2852 2854/2854/2854 
f 2852/2852/2852 2852/2852/2852 2854/2854/2854 
f 2854/2854/2854 2852/2852/2852 2855/2855/2855 
f 2852/2852/2852 2856/2856/2856 2855/2855/2855 
f 2855/2855/2855 2856/2856/2856 2857/2857/2857 
f 2856/2856/2856 2858/2858/2858 2857/2857/2857 
f 2857/2857/2857 2858/2858/2858 2857/2857/2857 
f 2858/2858/2858 2859/2859/2859 2857/2857/2857 
f 2857/2857/2857 2859/2859/2859 2860/2860/2860 
f 2859/2859/2859 2860/2860/2860 2860/2860/2860 
f 2860/2860/2860 2860/2860/2860 2861/2861/2861 
f 2860/2860/2860 2861/2861/2861 2861/2861/2861 
f 2861/2861/2861 2861/2861/2861 2862/2862/2862 
f 2861/2861/2861 2863/2863/2863 2862/2862/2862 
f 2862/2862/2862 2863/2863/2863 2864/2864/2864 
f 2863/2863/2863 2864/2864/2864 2864/2864/2864 
f 2864/2864/2864 2864/2864/2864 2865/2865/2865 
f 2864/2864/2864 2865/2865/2865 2865/2865/2865 
f 2865/2865/2865 2865/2865/2865 2866/2866/2866 
f 2865/2865/2865 2867/2867/2867 2866/2866/2866 
f 2866/2866/2866 2867/2867/2867 2868/2868/2868 
f 2867/2867/2867 2868/2868/2868 2868/2868/2868 
f 2868/2868/2868 2868/2868/2868 2869/2869/2869 
f 2868/2868/2868 2869/2869/2869 2869/2869/2869 
f 2869/2869/2869 2869/2869/2869 2870/2870/2870 
f 2869/2869/2869 2871/2871/2871 2870/2870/2870 
f 2870/2870/2870 2871/2871/2871 2872/2872/2872 
f 2871/2871/2871 2872/2872/2872 2872/2872/2872 
f 2872/2872/2872 2872/2872/2872 2873/2873/2873 
f 2872/2872/2872 2873/2873/2873 2873/2873/2873 
f 2873/2873/2873 2873/2873/2873 2874/2874/2874 
f 2873/2873/2873 2875/2875/2875 2874/2874/2874 
f 2874/2874/2874 2875/2875/2875 2876/2876/2876 
f 2875/2875/2875 2876/2876/2876 2876/2876/2876 
f 2876/2876/2876 2876/2876/2876 2877/2877/2877 
f 2876/2876/2876 2877/2877/2877 2877/2877/2877 
f 2877/2877/2877 2877/2877/2877 2878/2878/2878 
f 2877/2877/2877 2879/2879/2879 2878/2878/2878 
f 2878/2878/2878 2879/2879/2879 2880/2880/2880 
f 2879/2879/2879 2880/2880/2880 2880/2880/2880 
f 2880/2880/2880 2880/2880/2880 2881/2881/2881 
f 2880/2880/2880 2881/2881/2881 2881/2881/2881 
f 2881/2881/2881 2881/2881/2881 2882/2882/2882 
f 2881/2881/2881 2883/2883/2883 2882/2882/2882 
f 2882/2882/2882 2883/2883/2883 2884/2884/2884 
f 2883/2883/2883 2884/2884/2884 2884/2884/2884 
f 2884/2884/2884 2884/2884/2884 2885/2885/2885 
f 2884/2884/2884 2885/2885/2885 2885/2885/2885 
f 2885/2885/2885 2885/2885/2885 2886/2886/2886 
f 2885/2885/2885 2887/2887/2887 2886/2886/2886 
f 2886/2886/2886 2887/2887/2887 2888/2888/2888 
f 2887/2887/2887 2888/2888/2888 2888/2888/2888 
f 2888/2888/2888 2888/2888/2888 2889/2889/2889 
f 2888/2888/2888 2889/2889/2889 2889/2889/2889 
f 2889/2889/2889 2889/2889/2889 2890/2890/2890 
f 2889/2889/2889 2891/2891/2891 2890/2890/2890 
f 2890/2890/2890 2891/2891/2891 2892/2892/2892 
f 2891/2891/2891 2892/2892/2892 2892/2892/2892 
f 2892/2892/2892 2892/2892/2892 2893/2893/2893 
f 2892/2892/2892 2893/2893/2893 2893/2893/2893 
f 2893/2893/2893 2893/2893/2893 2894/2894/2894 
f 2893/2893/2893 2895/2895/2895 2894/2894/2894 
f 2894/2894/2894 2895/2895/2895 2896/2896/2896 
f 2895/2895/2895 2896/2896/2896 2896/2896/2896 
f 2896/2896/2896 2896/2896/2896 2897/2897/2897 
f 2896/2896/2896 2897/2897/2897 2897/2897/2897 
f 2897/2897/2897 2897/2897/2897 2898/2898/2898 
f 2897/2897/2897 2899/2899/2899 2898/2898/2898 
f 2898/2898/2898 2899/2899/2899 2900/2900/2900 
f 2899/2899/2899 2900/2900/2900 2900/2900/2900 
f 2900/2900/2900 2900/2900/2900 2901/2901/2901 
f 2900/2900/2900 2901/2901/2901 2901/2901/2901 
f 2901/2901/2901 2901/2901/2901 2902/2902/2902 
f 2901/2901/2901 2903/2903/2903 2902/2902/2902 
f 2902/2902/2902 2903/2903/2903 2904/2904/2904 
f 2903/2903/2903 2904/2904/2904 2904/2904/2904 
f 2904/2904/2904 2904/2904/2904 2905/2905/2905 
f 2904/2904/2904 2905/2905/2905 2905/2905/2905 
f 2905/2905/2905 2905/2905/2905 2906/2906/2906 
f 2905/2905/2905 2907/2907/2907 2906/2906/2906 
f 2906/2906/2906 2907/2907/2907 2908/2908/2908 
f 2907/2907/2907 2909/2909/2909 2908/2908/2908 
f 2908/2908/2908 2909/2909/2909 2908/2908/2908 
f 2909/2909/2909 2910/2910/2910 2908/2908/2908 
f 2908/2908/2908 2910/2910/2910 2911/2911/2911 
f 2910/2910/2910 2910/2910/2910 2911/2911/2911 
f 2911/2911/2911 2910/2910/2910 2912/2912/2912 
f 2910/2910/2910 2913/2913/2913 2912/2912/2912 
f 2912/2912/2912 2913/2913/2913 2913/2913/2913 
f 2913/2913/2913 2911/2911/2911 2913/2913/2913 
f 2913/2913/2913 2911/2911/2911 2911/2911/2911 
f 2911/2911/2911 2914/2914/2914 2911/2911/2911 
f 2911/2911/2911 2914/2914/2914 2908/2908/2908 
f 2914/2914/2914 2914/2914/2914 2908/2908/2908 
f 2908/2908/2908 2914/2914/2914 2906/2906/2906 
f 2914/2914/2914 2915/2915/2915 2906/2906/2906 
f 2906/2906/2906 2915/2915/2915 2915/2915/2915 
f 2915/2915/2915 2916/2916/2916 2915/2915/2915 
f 2915/2915/2915 2916/2916/2916 2916/2916/2916 
f 2916/2916/2916 2917/2917/2917 2916/2916/2916 
f 2916/2916/2916 2917/2917/2917 2918/2918/2918 
f 2917/2917/2917 2919/2919/2919 2918/2918/2918 
f 2918/2918/2918 2919/2919/2919 2919/2919/2919 
f 2919/2919/2919 2920/2920/2920 2919/2919/2919 
f 2919/2919/2919 2920/2920/2920 2920/2920/2920 
f 2920/2920/2920 2921/2921/2921 2920/2920/2920 
f 2920/2920/2920 2921/2921/2921 2922/2922/2922 
f 2921/2921/2921 2923/2923/2923 2922/2922/2922 
f 2922/2922/2922 2923/2923/2923 2923/2923/2923 
f 2923/2923/2923 2924/2924/2924 2923/2923/2923 
f 2923/2923/2923 2924/2924/2924 2924/2924/2924 
f 2924/2924/2924 2925/2925/2925 2924/2924/2924 
f 2924/2924/2924 2925/2925/2925 2926/2926/2926 
f 2925/2925/2925 2927/2927/2927 2926/2926/2926 
f 2926/2926/2926 2927/2927/2927 2928/2928/2928 
f 2927/2927/2927 2929/2929/2929 2928/2928/2928 
f 2928/2928/2928 2929/2929/2929 2929/2929/2929 
f 2929/2929/2929 2930/2930/2930 2929/2929/2929 
f 2929/2929/2929 2930/2930/2930 2930/2930/2930 
f 2930/2930/2930 2931/2931/2931 2930/2930/2930 
f 2930/2930/2930 2931/2931/2931 2932/2932/2932 
f 2931/2931/2931 2933/2933/2933 2932/2932/2932 
f 2932/2932/2932 2933/2933/2933 2933/2933/2933 
f 2933/2933/2933 2934/2934/2934 2933/2933/2933 
f 2933/2933/2933 2934/2934/2934 2934/2934/2934 
f 2934/2934/2934 2935/2935/2935 2934/2934/2934 
f 2934/2934/2934 2935/2935/2935 2936/2936/2936 
f 2935/2935/2935 2937/2937/2937 2936/2936/2936 
f 2936/2936/2936 2937/2937/2937 2937/2937/2937 
f 2937/2937/2937 2938/2938/2938 2937/2937/2937 
f 2937/2937/2937 2938/2938/2938 2938/2938/2938 
f 2938/2938/2938 2939/2939/2939 2938/2938/2938 
f 2938/2938/2938 2939/2939/2939 2940/2940/2940 
f 2939/2939/2939 2941/2941/2941 2940/2940/2940 
f 2940/2940/2940 2941/2941/2941 2941/2941/2941 
f 2941/2941/2941 2942/2942/2942 2941/2941/2941 
f 2941/2941/2941 2942/2942/2942 2942/2942/2942 
f 2942/2942/2942 2943/2943/2943 2942/2942/2942 
f 2942/2942/2942 2943/2943/2943 2944/2944/2944 
f 2943/2943/2943 2945/2945/2945 2944/2944/2944 
f 2944/2944/2944 2945/2945/2945 2945/2945/2945 
f 2945/2945/2945 2946/2946/2946 2945/2945/2945 
f 2945/2945/2945 2946/2946/2946 2946/2946/2946 
f 2946/2946/2946 2947/2947/2947 2946/2946/2946 
f 2946/2946/2946 2947/2947/2947 2948/2948/2948 
f 2947/2947/2947 2949/2949/2949 2948/2948/2948 
f 2948/2948/2948 2949/2949/2949 2949/2949/2949 
f 2949/2949/2949 2950/2950/2950 2949/2949/2949 
f 2949/2949/2949 2950/2950/2950 2950/2950/2950 
f 2950/2950/2950 2951/2951/2951 2950/2950/2950 
f 2950/2950/2950 2951/2951/2951 2952/2952/2952 
f 2951/2951/2951 2953/2953/2953 2952/2952/2952 
f 2952/2952/2952 2953/2953/2953 2953/2953/2953 
f 2953/2953/2953 2954/2954/2954 2953/2953/2953 
f 2953/2953/2953 2954/2954/2954 2954/2954/2954 
f 2954/2954/2954 2955/2955/2955 2954/2954/2954 
f 2954/2954/2954 2955/2955/2955 2956/2956/2956 
f 2955/2955/2955 2957/2957/2957 2956/2956/2956 
f 2956/2956/2956 2957/2957/2957 2957/2957/2957 
f 2957/2957/2957 2958/2958/2958 2957/2957/2957 
f 2957/2957/2957 2958/2958/2958 2958/2958/2958 
f 2958/2958/2958 2959/2959/2959 2958/2958/2958 
f 2958/2958/2958 2959/2959/2959 2960/2960/2960 
f 2959/2959/2959 2961/2961/2961 2960/2960/2960 
f 2960/2960/2960 2961/2961/2961 2961/2961/2961 
f 2961/2961/2961 2962/2962/2962 2961/2961/2961 
f 2961/2961/2961 2962/2962/2962 2962/2962/2962 
f 2962/2962/2962 2963/2963/2963 2962/2962/2962 
f 2962/2962/2962 2963/2963/2963 2964/2964/2964 
f 2963/2963/2963 2965/2965/2965 2964/2964/2964 
f 2964/2964/2964 2965/2965/2965 2965/2965/2965 
f 2965/2965/2965 2966/2966/2966 2965/2965/2965 
f 2965/2965/2965 2966/2966/2966 2966/2966/2966 
f 2966/2966/2966 2967/2967/2967 2966/2966/2966 
f 2966/2966/2966 2967/2967/2967 2968/2968/2968 
f 2967/2967/2967 2969/2969/2969 2968/2968/2968 
f 2968/2968/2968 2969/2969/2969 2969/2969/2969 
f 2969/2969/2969 2970/2970/2970 2969/2969/2969 
f 2969/2969/2969 2970/2970/2970 2970/2970/2970 
f 2970/2970/2970 2971/2971/2971 2970/2970/2970 
f 2970/2970/2970 2971/2971/2971 2972/2972/2972 
f 2971/2971/2971 2973/2973/2973 2972/2972/2972 
f 2972/2972/2972 2973/2973/2973 2973/2973/2973 
f 2973/2973/2973 2974/2974/2974 2973/2973/2973 
f 2973/2973/2973 2974/2974/2974 2974/2974/2974 
f 2974/2974/2974 2975/2975/2975 2974/2974/2974 
f 2974/2974/2974 2975/2975/2975 2976/2976/2976 
f 2975/2975/2975 2977/2977/2977 2976/2976/2976 
f 2976/2976/2976 2977/2977/2977 2977/2977/2977 
f 2977/2977/2977 2978/2978/2978 2977/2977/2977 
f 2977/2977/2977 2978/2978/2978 2978/2978/2978 
f 2978/2978/2978 2979/2979/2979 2978/2978/2978 
f 2978/2978/2978 2979/2979/2979 2980/2980/2980 
f 2979/2979/2979 2981/2981/2981 2980/2980/2980 
f 2980/2980/2980 2981/2981/2981 2981/2981/2981 
f 2981/2981/2981 2982/2982/2982 2981/2981/2981 
f 2981/2981/2981 2982/2982/2982 2982/2982/2982 
f 2982/2982/2982 2983/2983/2983 2982/2982/2982 
f 2982/2982/2982 2983/2983/2983 2984/2984/2984 
f 2983/2983/2983 2985/2985/2985 2984/2984/2984 
f 2984/2984/2984 2985/2985/2985 2985/2985/2985 
f 2985/2985/2985 2986/2986/2986 2985/2985/2985 
f 2985/2985/2985 2986/2986/2986 2986/2986/2986 
f 2986/2986/2986 2987/2987/2987 2986/2986/2986 
f 2986/2986/2986 2987/2987/2987 2988/2988/2988 
f 2987/2987/2987 2989/2989/2989 2988/2988/2988 
f 2988/2988/2988 2989/2989/2989 2989/2989/2989 
f 2989/2989/2989 2990/2990/2990 2989/2989/2989 
f 2989/2989/2989 2990/2990/2990 2990/2990/2990 
f 2990/2990/2990 2991/2991/2991 2990/2990/2990 
f 2990/2990/2990 2991/2991/2991 2992/2992/2992 
f 2991/2991/2991 2993/2993/2993 2992/2992/2992 
f 2992/2992/2992 2993/2993/2993 2993/2993/2993 
f 2993/2993/2993 2994/2994/2994 2993/2993/2993 
f 2993/2993/2993 2994/2994/2994 2994/2994/2994 
f 2994/2994/2994 2995/2995/2995 2994/2994/2994 
f 2994/2994/2994 2995/2995/2995 2996/2996/2996 
f 2995/2995/2995 2997/2997/2997 2996/2996/2996 
f 2996/2996/2996 2997/2997/2997 2997/2997/2997 
f 2997/2997/2997 2998/2998/2998 2997/2997/2997 
f 2997/2997/2997 2998/2998/2998 2998/2998/2998 
f 2998/2998/2998 2999/2999/2999 2998/2998/2998 
f 2998/2998/2998 2999/2999/2999 3000/3000/3000 
f 2999/2999/2999 3001/3001/3001 3000/3000/3000 
f 3000/3000/3000 3001/3001/3001 3001/3001/3001 
f 3001/3001/3001 3002/3002/3002 3001/3001/3001 
f 3001/3001/3001 3002/3002/3002 3002/3002/3002 
f 3002/3002/3002 3003/3003/3003 3002/3002/3002 
f 3002/3002/3002 3003/3003/3003 3004/3004/3004 
f 3003/3003/3003 3005/3005/3005 3004/3004/3004 
f 3004/3004/3004 3005/3005/3005 3005/3005/3005 
f 3005/3005/3005 3006/3006/3006 3005/3005/3005 
f 3005/3005/3005 3006/3006/3006 3006/3006/3006 
f 3006/3006/3006 3007/3007/3007 3006/3006/3006 
f 3006/3006/3006 3007/3007/3007 3008/3008/3008 
f 3007/3007/3007 3009/3009/3009 3008/3008/3008 
f 3008/3008/3008 3009/3009/3009 3009/3009/3009 
f 3009/3009/3009 3010/3010/3010 3009/3009/3009 
f 3009/3009/3009 3010/3010/3010 3010/3010/3010 
f 3010/3010/3010 3011/3011/3011 3010/3010/3010 
f 3010/3010/3010 3011/3011/3011 3012/3012/3012 
f 3011/3011/3011 3013/3013/3013 3012/3012/3012 
f 3012/3012/3012 3013/3013/3013 3013/3013/3013 
f 3013/3013/3013 3014/3014/3014 3013/3013/3013 
f 3013/3013/3013 3014/3014/3014 3014/3014/3014 
f 3014/3014/3014 3015/3015/3015 3014/3014/3014 
f 3014/3014/3014 3015/3015/3015 3016/3016/3016 
f 3015/3015/3015 3017/3017/3017 3016/3016/3016 
f 3016/3016/3016 3017/3017/3017 3017/3017/3017 
f 3017/3017/3017 3018/3018/3018 3017/3017/3017 
f 3017/3017/3017 3018/3018/3018 3018/3018/3018 
f 3018/3018/3018 3019/3019/3019 3018/3018/3018 
f 3018/3018/3018 3019/3019/3019 3020/3020/3020 
f 3019/3019/3019 3021/3021/3021 3020/3020/3020 
f 3020/3020/3020 3021/3021/3021 3021/3021/3021 
f 3021/3021/3021 3022/3022/3022 3021/3021/3021 
f 3021/3021/3021 3022/3022/3022 3022/3022/3022 
f 3022/3022/3022 3023/3023/3023 3022/3022/3022 
f 3022/3022/3022 3023/3023/3023 3024/3024/3024 
f 3023/3023/3023 3025/3025/3025 3024/3024/3024 
f 3024/3024/3024 3025/3025/3025 3025/3025/3025 
f 3025/3025/3025 3026/3026/3026 3025/3025/3025 
f 3025/3025/3025 3026/3026/3026 3026/3026/3026 
f 3026/3026/3026 3027/3027/3027 3026/3026/3026 
f 3026/3026/3026 3027/3027/3027 3028/3028/3028 
f 3027/3027/3027 3029/3029/3029 3028/3028/3028 
f 3028/3028/3028 3029/3029/3029 3029/3029/3029 
f 3029/3029/3029 3030/3030/3030 3029/3029/3029 
f 3029/3029/3029 3030/3030/3030 3030/3030/3030 
f 3030/3030/3030 3031/3031/3031 3030/3030/3030 
f 3030/3030/3030 3031/3031/3031 3032/3032/3032 
f 3031/3031/3031 3033/3033/3033 3032/3032/3032 
f 3032/3032/3032 3033/3033/3033 3033/3033/3033 
f 3033/3033/3033 3034/3034/3034 3033/3033/3033 
f 3033/3033/3033 3034/3034/3034 3034/3034/3034 
f 3034/3034/3034 3035/3035/3035 3034/3034/3034 
f 3034/3034/3034 3035/3035/3035 3036/3036/3036 
f 3035/3035/3035 3037/3037/3037 3036/3036/3036 
f 3036/3036/3036 3037/3037/3037 3037/3037/3037 
f 3037/3037/3037 3038/3038/3038 3037/3037/3037 
f 3037/3037/3037 3038/3038/3038 3038/3038/3038 
f 3038/3038/3038 3039/3039/3039 3038/3038/3038 
f 3038/3038/3038 3039/3039/3039 3040/3040/3040 
f 3039/3039/3039 3041/3041/3041 3040/3040/3040 
f 3040/3040/3040 3041/3041/3041 3041/3041/3041 
f 3041/3041/3041 3042/3042/3042 3041/3041/3041 
f 3041/3041/3041 3042/3042/3042 3042/3042/3042 
f 3042/3042/3042 3043/3043/3043 3042/3042/3042 
f 3042/3042/3042 3043/3043/3043 3044/3044/3044 
f 3043/3043/3043 3045/3045/3045 3044/3044/3044 
f 3044/3044/3044 3045/3045/3045 3045/3045/3045 
f 3045/3045/3045 3046/3046/3046 3045/3045/3045 
f 3045/3045/3045 3046/3046/3046 3046/3046/3046 
f 3046/3046/3046 3047/3047/3047 3046/3046/3046 
f 3046/3046/3046 3047/3047/3047 3048/3048/3048 
f 3047/3047/3047 3049/3049/3049 3048/3048/3048 
f 3048/3048/3048 3049/3049/3049 3049/3049/3049 
f 3049/3049/3049 3050/3050/3050 3049/3049/3049 
f 3049/3049/3049 3050/3050/3050 3050/3050/3050 
f 3050/3050/3050 3051/3051/3051 3050/3050/3050 
f 3050/3050/3050 3051/3051/3051 3052/3052/3052 
f 3051/3051/3051 3053/3053/3053 3052/3052/3052 
f 3052/3052/3052 3053/3053/3053 3053/3053/3053 
f 3053/3053/3053 3054/3054/3054 3053/3053/3053 
f 3053/3053/3053 3054/3054/3054 3054/3054/3054 
f 3054/3054/3054 3055/3055/3055 3054/3054/3054 
f 3054/3054/3054 3055/3055/3055 3056/3056/3056 
f 3055/3055/3055 3057/3057/3057 3056/3056/3056 
f 3056/3056/3056 3057/3057/3057 3057/3057/3057 
f 3057/3057/3057 3058/3058/3058 3057/3057/3057 
f 3057/3057/3057 3058/3058/3058 3058/3058/3058 
f 3058/3058/3058 3059/3059/3059 3058/3058/3058 
f 3058/3058/3058 3059/3059/3059 3060/3060/3060 
f 3059/3059/3059 3061/3061/3061 3060/3060/3060 
f 3060/3060/3060 3061/3061/3061 3061/3061/3061 
f 3061/3061/3061 3062/3062/3062 3061/3061/3061 
f 3061/3061/3061 3062/3062/3062 3062/3062/3062 
f 3062/3062/3062 3063/3063/3063 3062/3062/3062 
f 3062/3062/3062 3063/3063/3063 3064/3064/3064 
f 3063/3063/3063 3065/3065/3065 3064/3064/3064 
f 3064/3064/3064 3065/3065/3065 3065/3065/3065 
f 3065/3065/3065 3066/3066/3066 3065/3065/3065 
f 3065/3065/3065 3066/3066/3066 3066/3066/3066 
f 3066/3066/3066 3067/3067/3067 3066/3066/3066 
f 3066/3066/3066 3067/3067/3067 3068/3068/3068 
f 3067/3067/3067 3069/3069/3069 3068/3068/3068 
f 3068/3068/3068 3069/3069/3069 3069/3069/3069 
f 3069/3069/3069 3070/3070/3070 3069/3069/3069 
f 3069/3069/3069 3070/3070/3070 3070/3070/3070 
f 3070/3070/3070 3071/3071/3071 3070/3070/3070 
f 3070/3070/3070 3071/3071/3071 3072/3072/3072 
f 3071/3071/3071 3073/3073/3073 3072/3072/3072 
f 3072/3072/3072 3073/3073/3073 3073/3073/3073 
f 3073/3073/3073 3074/3074/3074 3073/3073/3073 
f 3073/3073/3073 3074/3074/3074 3074/3074/3074 
f 3074/3074/3074 3075/3075/3075 3074/3074/3074 
f 3074/3074/3074 3075/3075/3075 3076/3076/3076 
f 3075/3075/3075 3077/3077/3077 3076/3076/3076 
f 3076/3076/3076 3077/3077/3077 3077/3077/3077 
f 3077/3077/3077 3078/3078/3078 3077/3077/3077 
f 3077/3077/3077 3078/3078/3078 3078/3078/3078 
f 3078/3078/3078 3079/3079/3079 3078/3078/3078 
f 3078/3078/3078 3079/3079/3079 3080/3080/3080 
f 3079/3079/3079 3081/3081/3081 3080/3080/3080 
f 3080/3080/3080 3081/3081/3081 3081/3081/3081 
f 3081/3081/3081 3082/3082/3082 3081/3081/3081 
f 3081/3081/3081 3082/3082/3082 3082/3082/3082 
f 3082/3082/3082 3083/3083/3083 3082/3082/3082 
f 3082/3082/3082 3083/3083/3083 3084/3084/3084 
f 3083/3083/3083 3085/3085/3085 3084/3084/3084 
f 3084/3084/3084 3085/3085/3085 3085/3085/3085 
f 3085/3085/3085 3086/3086/3086 3085/3085/3085 
f 3085/3085/3085 3086/3086/3086 3086/3086/3086 
f 3086/3086/3086 3087/3087/3087 3086/3086/3086 
f 3086/3086/3086 3087/3087/3087 3088/3088/3088 
f 3087/3087/3087 3089/3089/3089 3088/3088/3088 
f 3088/3088/3088 3089/3089/3089 3089/3089/3089 
f 3089/3089/3089 3090/3090/3090 3089/3089/3089 
f 3089/3089/3089 3090/3090/3090 3090/3090/3090 
f 3090/3090/3090 3091/3091/3091 3090/3090/3090 
f 3090/3090/3090 3091/3091/3091 3092/3092/3092 
f 3091/3091/3091 3093/3093/3093 3092/3092/3092 
f 3092/3092/3092 3093/3093/3093 3094/3094/3094 
f 3093/3093/3093 3095/3095/3095 3094/3094/3094 
f 3094/3094/3094 3095/3095/3095 3095/3095/3095 
f 3095/3095/3095 3096/3096/3096 3095/3095/3095 
f 3095/3095/3095 3096/3096/3096 3096/3096/3096 
f 3096/3096/3096 3097/3097/3097 3096/3096/3096 
f 3096/3096/3096 3097/3097/3097 3098/3098/3098 
f 3097/3097/3097 3099/3099/3099 3098/3098/3098 
f 3098/3098/3098 3099/3099/3099 3100/3100/3100 
f 3099/3099/3099 3101/3101/3101 3100/3100/3100 
f 3100/3100/3100 3101/3101/3101 3101/3101/3101 
f 3101/3101/3101 3102/3102/3102 3101/3101/3101 
f 3101/3101/3101 3102/3102/3102 3102/3102/3102 
f 3102/3102/3102 3103/3103/3103 3102/3102/3102 
f 3102/3102/3102 3103/3103/3103 3104/3104/3104 
f 3103/3103/3103 3105/3105/3105 3104/3104/3104 
f 3104/3104/3104 3105/3105/3105 3105/3105/3105 
f 3105/3105/3105 3106/3106/3106 3105/3105/3105 
f 3105/3105/3105 3106/3106/3106 3106/3106/3106 
f 3106/3106/3106 3107/3107/3107 3106/3106/3106 
f 3106/3106/3106 3107/3107/3107 3108/3108/3108 
f 3107/3107/3107 3109/3109/3109 3108/3108/3108 
f 3108/3108/3108 3109/3109/3109 3109/3109/3109 
f 3109/3109/3109 3110/3110/3110 3109/3109/3109 
f 3109/3109/3109 3110/3110/3110 3110/3110/3110 
f 3110/3110/3110 3111/3111/3111 3110/3110/3110 
f 3110/3110/3110 3111/3111/3111 3112/3112/3112 
f 3111/3111/3111 3113/3113/3113 3112/3112/3112 
f 3112/3112/3112 3113/3113/3113 3113/3113/3113 
f 3113/3113/3113 3114/3114/3114 3113/3113/3113 
f 3113/3113/3113 3114/3114/3114 3114/3114/3114 
f 3114/3114/3114 3115/3115/3115 3114/3114/3114 
f 3114/3114/3114 3115/3115/3115 3116/3116/3116 
f 3115/3115/3115 3117/3117/3117 3116/3116/3116 
f 3116/3116/3116 3117/3117/3117 3117/3117/3117 
f 3117/3117/3117 3118/3118/3118 3117/3117/3117 
f 3117/3117/3117 3118/3118/3118 3118/3118/3118 
f 3118/3118/3118 3119/3119/3119 3118/3118/3118 
f 3118/3118/3118 3119/3119/3119 3120/3120/3120 
f 3119/3119/3119 3121/3121/3121 3120/3120/3120 
f 3120/3120/3120 3121/3121/3121 3121/3121/3121 
f 3121/3121/3121 3122/3122/3122 3121/3121/3121 
f 3121/3121/3121 3122/3122/3122 3122/3122/3122 
f 3122/3122/3122 3123/3123/3123 3122/3122/3122 
f 3122/3122/3122 3123/3123/3123 3124/3124/3124 
f 3123/3123/3123 3125/3125/3125 3124/3124/3124 
f 3124/3124/3124 3125/3125/3125 3125/3125/3125 
f 3125/3125/3125 3126/3126/3126 3125/3125/3125 
f 3125/3125/3125 3126/3126/3126 3126/3126/3126 
f 3126/3126/3126 3127/3127/3127 3126/3126/3126 
f 3126/3126/3126 3127/3127/3127 3128/3128/3128 
f 3127/3127/3127 3129/3129/3129 3128/3128/3128 
f 3128/3128/3128 3129/3129/3129 3129/3129/3129 
f 3129/3129/3129 3130/3130/3130 3129/3129/3129 
f 3129/3129/3129 3130/3130/3130 3130/3130/3130 
f 3130/3130/3130 3131/3131/3131 3130/3130/3130 
f 3130/3130/3130 3131/3131/3131 3132/3132/3132 
f 3131/3131/3131 3133/3133/3133 3132/3132/3132 
f 3132/3132/3132 3133/3133/3133 3133/3133/3133 
f 3133/3133/3133 3134/3134/3134 3133/3133/3133 
f 3133/3133/3133 3134/3134/3134 3134/3134/3134 
f 3134/3134/3134 3135/3135/3135 3134/3134/3134 
f 3134/3134/3134 3135/3135/3135 3136/3136/3136 
f 3135/3135/3135 3137/3137/3137 3136/3136/3136 
f 3136/3136/3136 3137/3137/3137 3137/3137/3137 
f 3137/3137/3137 3138/3138/3138 3137/3137/3137 
f 3137/3137/3137 3138/3138/3138 3138/3138/3138 
f 3138/3138/3138 3139/3139/3139 3138/3138/3138 
f 3138/3138/3138 3139/3139/3139 3140/3140/3140 
f 3139/3139/3139 3141/3141/3141 3140/3140/3140 
f 3140/3140/3140 3141/3141/3141 3141/3141/3141 
f 3141/3141/3141 3142/3142/3142 3141/3141/3141 
f 3141/3141/3141 3142/3142/3142 3142/3142/3142 
f 3142/3142/3142 3143/3143/3143 3142/3142/3142 
f 3142/3142/3142 3143/3143/3143 3144/3144/3144 
f 3143/3143/3143 3145/3145/3145 3144/3144/3144 
f 3144/3144/3144 3145/3145/3145 3145/3145/3145 
f 3145/3145/3145 3146/3146/3146 3145/3145/3145 
f 3145/3145/3145 3146/3146/3146 3146/3146/3146 
f 3146/3146/3146 3147/3147/3147 3146/3146/3146 
f 3146/3146/3146 3147/3147/3147 3148/3148/3148 
f 3147/3147/3147 3149/3149/3149 3148/3148/3148 
f 3148/3148/3148 3149/3149/3149 3149/3149/3149 
f 3149/3149/3149 3150/3150/3150 3149/3149/3149 
f 3149/3149/3149 3150/3150/3150 3150/3150/3150 
f 3150/3150/3150 3151/3151/3151 3150/3150/3150 
f 3150/3150/3150 3151/3151/3151 3152/3152/3152 
f 3151/3151/3151 3153/3153/3153 3152/3152/3152 
f 3152/3152/3152 3153/3153/3153 3153/3153/3153 
f 3153/3153/3153 3154/3154/3154 3153/3153/3153 
f 3153/3153/3153 3154/3154/3154 3154/3154/3154 
f 3154/3154/3154 3155/3155/3155 3154/3154/3154 
f 3154/3154/3154 3155/3155/3155 3156/3156/3156 
f 3155/3155/3155 3157/3157/3157 3156/3156/3156 
f 3156/3156/3156 3157/3157/3157 3157/3157/3157 
f 3157/3157/3157 3158/3158/3158 3157/3157/3157 
f 3157/3157/3157 3158/3158/3158 3158/3158/3158 
f 3158/3158/3158 3159/3159/3159 3158/3158/3158 
f 3158/3158/3158 3159/3159/3159 3160/3160/3160 
f 3159/3159/3159 3161/3161/3161 3160/3160/3160 
f 3160/3160/3160 3161/3161/3161 3161/3161/3161 
f 3161/3161/3161 3162/3162/3162 3161/3161/3161 
f 3161/3161/3161 3162/3162/3162 3162/3162/3162 
f 3162/3162/3162 3163/3163/3163 3162/3162/3162 
f 3162/3162/3162 3163/3163/3163 3164/3164/3164 
f 3163/3163/3163 3165/3165/3165 3164/3164/3164 
f 3164/3164/3164 3165/3165/3165 3165/3165/3165 
f 3165/3165/3165 3166/3166/3166 3165/3165/3165 
f 3165/3165/3165 3166/3166/3166 3166/3166/3166 
f 3166/3166/3166 3167/3167/3167 3166/3166/3166 
f 3166/3166/3166 3167/3167/3167 3168/3168/3168 
f 3167/3167/3167 3169/3169/3169 3168/3168/3168 
f 3168/3168/3168 3169/3169/3169 3169/3169/3169 
f 3169/3169/3169 3170/3170/3170 3169/3169/3169 
f 3169/3169/3169 3170/3170/3170 3170/3170/3170 
f 3170/3170/3170 3171/3171/3171 3170/3170/3170 
f 3170/3170/3170 3171/3171/3171 3172/3172/3172 
f 3171/3171/3171 3173/3173/3173 3172/3172/3172 
f 3172/3172/3172 3173/3173/3173 3173/3173/3173 
f 3173/3173/3173 3174/3174/3174 3173/3173/3173 
f 3173/3173/3173 3174/3174/3174 3174/3174/3174 
f 3174/3174/3174 3175/3175/3175 3174/3174/3174 
f 3174/3174/3174 3175/3175/3175 3176/3176/3176 
f 3175/3175/3175 3177/3177/3177 3176/3176/3176 
f 3176/3176/3176 3177/3177/3177 3177/3177/3177 
f 3177/3177/3177 3178/3178/3178 3177/3177/3177 
f 3177/3177/3177 3178/3178/3178 3178/3178/3178 
f 3178/3178/3178 3179/3179/3179 3178/3178/3178 
f 3178/3178/3178 3179/3179/3179 3180/3180/3180 
f 3179/3179/3179 3181/3181/3181 3180/3180/3180 
f 3180/3180/3180 3181/3181/3181 3181/3181/3181 
f 3181/3181/3181 3182/3182/3182 3181/3181/3181 
f 3181/3181/3181 3182/3182/3182 3182/3182/3182 
f 3182/3182/3182 3183/3183/3183 3182/3182/3182 
f 3182/3182/3182 3183/3183/3183 3184/3184/3184 
f 3183/3183/3183 3185/3185/3185 3184/3184/3184 
f 3184/3184/3184 3185/3185/3185 3185/3185/3185 
f 3185/3185/3185 3186/3186/3186 3185/3185/3185 
f 3185/3185/3185 3186/3186/3186 3186/3186/3186 
f 3186/3186/3186 3187/3187/3187 3186/3186/3186 
f 3186/3186/3186 3187/3187/3187 3188/3188/3188 
f 3187/3187/3187 3189/3189/3189 3188/3188/3188 
f 3188/3188/3188 3189/3189/3189 3189/3189/3189 
f 3189/3189/3189 3190/3190/3190 3189/3189/3189 
f 3189/3189/3189 3190/3190/3190 3190/3190/3190 
f 3190/3190/3190 3191/3191/3191 3190/3190/3190 
f 3190/3190/3190 3191/3191/3191 3192/3192/3192 
f 3191/3191/3191 3193/3193/3193 3192/3192/3192 
f 3192/3192/3192 3193/3193/3193 3193/3193/3193 
f 3193/3193/3193 3194/3194/3194 3193/3193/3193 
f 3193/3193/3193 3194/3194/3194 3194/3194/3194 
f 3194/3194/3194 3195/3195/3195 3194/3194/3194 
f 3194/3194/3194 3195/3195/3195 3196/3196/3196 
f 3195/3195/3195 3197/3197/3197 3196/3196/3196 
f 3196/3196/3196 3197/3197/3197 3197/3197/3197 
f 3197/3197/3197 3198/3198/3198 3197/3197/3197 
f 3197/3197/3197 3198/3198/3198 3198/3198/3198 
f 3198/3198/3198 3199/3199/3199 3198/3198/3198 
f 3198/3198/3198 3199/3199/3199 3200/3200/3200 
f 3199/3199/3199 3201/3201/3201 3200/3200/3200 
f 3200/3200/3200 3201/3201/3201 3202/3202/3202 
f 3201/3201/3201 3203/3203/3203 3202/3202/3202 
f 3202/3202/3202 3203/3203/3203 3203/3203/3203 
f 3203/3203/3203 3204/3204/3204 3203/3203/3203 
f 3203/3203/3203 3204/3204/3204 3204/3204/3204 
f 3204/3204/3204 3205/3205/3205 3204/3204/3204 
f 3204/3204/3204 3205/3205/3205 3206/3206/3206 
f 3205/3205/3205 3207/3207/3207 3206/3206/3206 
f 3206/3206/3206 3207/3207/3207 3207/3207/3207 
f 3207/3207/3207 3208/3208/3208 3207/3207/3207 
f 3207/3207/3207 3208/3208/3208 3208/3208/3208 
f 3208/3208/3208 3209/3209/3209 3208/3208/3208 
f 3208/3208/3208 3209/3209/3209 3210/3210/3210 
f 3209/3209/3209 3211/3211/3211 3210/3210/3210 
f 3210/3210/3210 3211/3211/3211 3212/3212/3212 
f 3211/3211/3211 3213/3213/3213 3212/3212/3212 
f 3212/3212/3212 3213/3213/3213 3214/3214/3214 
f 3213/3213/3213 3215/3215/3215 3214/3214/3214 
f 3214/3214/3214 3215/3215/3215 3215/3215/3215 
f 3215/3215/3215 3216/3216/3216 3215/3215/3215 
f 3215/3215/3215 3216/3216/3216 3216/3216/3216 
f 3216/3216/3216 3217/3217/3217 3216/3216/3216 
f 3216/3216/3216 3217/3217/3217 3218/3218/3218 
f 3217/3217/3217 3219/3219/3219 3218/3218/3218 
f 3218/3218/3218 3219/3219/3219 3219/3219/3219 
f 3219/3219/3219 3220/3220/3220 3219/3219/3219 
f 3219/3219/3219 3220/3220/3220 3220/3220/3220 
f 3220/3220/3220 3221/3221/3221 3220/3220/3220 
f 3220/3220/3220 3221/3221/3221 3222/3222/3222 
f 3221/3221/3221 3223/3223/3223 3222/3222/3222 
f 3222/3222/3222 3223/3223/3223 3223/3223/3223 
f 3223/3223/3223 3224/3224/3224 3223/3223/3223 
f 3223/3223/3223 3224/3224/3224 3224/3224/3224 
f 3224/3224/3224 3225/3225/3225 3224/3224/3224 
f 3224/3224/3224 3225/3225/3225 3226/3226/3226 
f 3225/3225/3225 3227/3227/3227 3226/3226/3226 
f 3226/3226/3226 3227/3227/3227 3227/3227/3227 
f 3227/3227/3227 3228/3228/3228 3227/3227/3227 
f 3227/3227/3227 3228/3228/3228 3228/3228/3228 
f 3228/3228/3228 3229/3229/3229 3228/3228/3228 
f 3228/3228/3228 3229/3229/3229 3230/3230/3230 
f 3229/3229/3229 3231/3231/3231 3230/3230/3230 
f 3230/3230/3230 3231/3231/3231 3232/3232/3232 
f 3231/3231/3231 3233/3233/3233 3232/3232/3232 
f 3232/3232/3232 3233/3233/3233 3234/3234/3234 
f 3233/3233/3233 3235/3235/3235 3234/3234/3234 
f 3234/3234/3234 3235/3235/3235 3235/3235/3235 
f 3235/3235/3235 3236/3236/3236 3235/3235/3235 
f 3235/3235/3235 3236/3236/3236 3236/3236/3236 
f 3236/3236/3236 3237/3237/3237 3236/3236/3236 
f 3236/3236/3236 3237/3237/3237 3238/3238/3238 
f 3237/3237/3237 3239/3239/3239 3238/3238/3238 
f 3238/3238/3238 3239/3239/3239 3240/3240/3240 
f 3239/3239/3239 3241/3241/3241 3240/3240/3240 
f 3240/3240/3240 3241/3241/3241 3241/3241/3241 
f 3241/3241/3241 3242/3242/3242 3241/3241/3241 
f 3241/3241/3241 3242/3242/3242 3242/3242/3242 
f 3242/3242/3242 3243/3243/3243 3242/3242/3242 
f 3242/3242/3242 3243/3243/3243 3244/3244/3244 
f 3243/3243/3243 3245/3245/3245 3244/3244/3244 
f 3244/3244/3244 3245/3245/3245 3246/3246/3246 
f 3245/3245/3245 3247/3247/3247 3246/3246/3246 
f 3246/3246/3246 3247/3247/3247 3247/3247/3247 
f 3247/3247/3247 3248/3248/3248 3247/3247/3247 
f 3247/3247/3247 3248/3248/3248 3248/3248/3248 
f 3248/3248/3248 3249/3249/3249 3248/3248/3248 
f 3248/3248/3248 3249/3249/3249 3250/3250/3250 
f 3249/3249/3249 3251/3251/3251 3250/3250/3250 
f 3250/3250/3250 3251/3251/3251 3251/3251/3251 
f 3251/3251/3251 3252/3252/3252 3251/3251/3251 
f 3251/3251/3251 3252/3252/3252 3252/3252/3252 
f 3252/3252/3252 3253/3253/3253 3252/3252/3252 
f 3252/3252/3252 3253/3253/3253 3254/3254/3254 
f 3253/3253/3253 3255/3255/3255 3254/3254/3254 
f 3254/3254/3254 3255/3255/3255 3255/3255/3255 
f 3255/3255/3255 3256/3256/3256 3255/3255/3255 
f 3255/3255/3255 3256/3256/3256 3256/3256/3256 
f 3256/3256/3256 3257/3257/3257 3256/3256/3256 
f 3256/3256/3256 3257/3257/3257 3258/3258/3258 
f 3257/3257/3257 3259/3259/3259 3258/3258/3258 
f 3258/3258/3258 3259/3259/3259 3259/3259/3259 
f 3259/3259/3259 3260/3260/3260 3259/3259/3259 
f 3259/3259/3259 3260/3260/3260 3260/3260/3260 
f 3260/3260/3260 3261/3261/3261 3260/3260/3260 
f 3260/3260/3260 3261/3261/3261 3262/3262/3262 
f 3261/3261/3261 3263/3263/3263 3262/3262/3262 
f 3262/3262/3262 3263/3263/3263 3263/3263/3263 
f 3263/3263/3263 3264/3264/3264 3263/3263/3263 
f 3263/3263/3263 3264/3264/3264 3264/3264/3264 
f 3264/3264/3264 3265/3265/3265 3264/3264/3264 
f 3264/3264/3264 3265/3265/3265 3266/3266/3266 
f 3265/3265/3265 3267/3267/3267 3266/3266/3266 
f 3266/3266/3266 3267/3267/3267 3267/3267/3267 
f 3267/3267/3267 3268/3268/3268 3267/3267/3267 
f 3267/3267/3267 3268/3268/3268 3268/3268/3268 
f 3268/3268/3268 3269/3269/3269 3268/3268/3268 
f 3268/3268/3268 3269/3269/3269 3270/3270/3270 
f 3269/3269/3269 3271/3271/3271 3270/3270/3270 
f 3270/3270/3270 3271/3271/3271 3271/3271/3271 
f 3271/3271/3271 3272/3272/3272 3271/3271/3271 
f 3271/3271/3271 3272/3272/3272 3272/3272/3272 
f 3272/3272/3272 3273/3273/3273 3272/3272/3272 
f 3272/3272/3272 3273/3273/3273 3274/3274/3274 
f 3273/3273/3273 3275/3275/3275 3274/3274/3274 
f 3274/3274/3274 3275/3275/3275 3275/3275/3275 
f 3275/3275/3275 3276/3276/3276 3275/3275/3275 
f 3275/3275/3275 3276/3276/3276 3276/3276/3276 
f 3276/3276/3276 3277/3277/3277 3276/3276/3276 
f 3276/3276/3276 3277/3277/3277 3278/3278/3278 
f 3277/3277/3277 3279/3279/3279 3278/3278/3278 
f 3278/3278/3278 3279/3279/3279 3280/3280/3280 
f 3279/3279/3279 3281/3281/3281 3280/3280/3280 
f 3280/3280/3280 3281/3281/3281 3281/3281/3281 
f 3281/3281/3281 3282/3282/3282 3281/3281/3281 
f 3281/3281/3281 3282/3282/3282 3282/3282/3282 
f 3282/3282/3282 3283/3283/3283 3282/3282/3282 
f 3282/3282/3282 3283/3283/3283 3284/3284/3284 
f 3283/3283/3283 3285/3285/3285 3284/3284/3284 
f 3284/3284/3284 3285/3285/3285 3285/3285/3285 
f 3285/3285/3285 3286/3286/3286 3285/3285/3285 
f 3285/3285/3285 3286/3286/3286 3286/3286/3286 
f 3286/3286/3286 3287/3287/3287 3286/3286/3286 
f 3286/3286/3286 3287/3287/3287 3288/3288/3288 
f 3287/3287/3287 3289/3289/3289 3288/3288/3288 
f 3288/3288/3288 3289/3289/3289 3290/3290/3290 
f 3289/3289/3289 3291/3291/3291 3290/3290/3290 
f 3290/3290/3290 3291/3291/3291 3292/3292/3292 
f 3291/3291/3291 3293/3293/3293 3292/3292/3292 
f 3292/3292/3292 3293/3293/3293 3293/3293/3293 
f 3293/3293/3293 3294/3294/3294 3293/3293/3293 
f 3293/3293/3293 3294/3294/3294 3294/3294/3294 
f 3294/3294/3294 3295/3295/3295 3294/3294/3294 
f 3294/3294/3294 3295/3295/3295 3296/3296/3296 
f 3295/3295/3295 3297/3297/3297 3296/3296/3296 
f 3296/3296/3296 3297/3297/3297 3298/3298/3298 
f 3297/3297/3297 3299/3299/3299 3298/3298/3298 
f 3298/3298/3298 3299/3299/3299 3299/3299/3299 
f 3299/3299/3299 3300/3300/3300 3299/3299/3299 
f 3299/3299/3299 3300/3300/3300 3300/3300/3300 
f 3300/3300/3300 3301/3301/3301 3300/3300/3300 
f 3300/3300/3300 3301/3301/3301 3302/3302/3302 
f 3301/3301/3301 3303/3303/3303 3302/3302/3302 
f 3302/3302/3302 3303/3303/3303 3303/3303/3303 
f 3303/3303/3303 3304/3304/3304 3303/3303/3303 
f 3303/3303/3303 3304/3304/3304 3304/3304/3304 
f 3304/3304/3304 3305/3305/3305 3304/3304/3304 
f 3304/3304/3304 3305/3305/3305 3306/3306/3306 
f 3305/3305/3305 3307/3307/3307 3306/3306/3306 
f 3306/3306/3306 3307/3307/3307 3307/3307/3307 
f 3307/3307/3307 3308/3308/3308 3307/3307/3307 
f 3307/3307/3307 3308/3308/3308 3308/3308/3308 
f 3308/3308/3308 3309/3309/3309 3308/3308/3308 
f 3308/3308/3308 3309/3309/3309 3310/3310/3310 
f 3309/3309/3309 3311/3311/3311 3310/3310/3310 
f 3310/3310/3310 3311/3311/3311 3311/3311/3311 
f 3311/3311/3311 3312/3312/3312 3311/3311/3311 
f 3311/3311/3311 3312/3312/3312 3312/3312/3312 
f 3312/3312/3312 3313/3313/3313 3312/3312/3312 
f 3312/3312/3312 3313/3313/3313 3314/3314/3314 
f 3313/3313/3313 3315/3315/3315 3314/3314/3314 
f 3314/3314/3314 3315/3315/3315 3315/3315/3315 
f 3315/3315/3315 3316/3316/3316 3315/3315/3315 
f 3315/3315/3315 3316/3316/3316 3316/3316/3316 
f 3316/3316/3316 3317/3317/3317 3316/3316/3316 
f 3316/3316/3316 3317/3317/3317 3318/3318/3318 
f 3317/3317/3317 3319/3319/3319 3318/3318/3318 
f 3318/3318/3318 3319/3319/3319 3319/3319/3319 
f 3319/3319/3319 3320/3320/3320 3319/3319/3319 
f 3319/3319/3319 3320/3320/3320 3320/3320/3320 
f 3320/3320/3320 3321/3321/3321 3320/3320/3320 
f 3320/3320/3320 3321/3321/3321 3322/3322/3322 
f 3321/3321/3321 3323/3323/3323 3322/3322/3322 
f 3322/3322/3322 3323/3323/3323 3323/3323/3323 
f 3323/3323/3323 3324/3324/3324 3323/3323/3323 
f 3323/3323/3323 3324/3324/3324 3324/3324/3324 
f 3324/3324/3324 3325/3325/3325 3324/3324/3324 
f 3324/3324/3324 3325/3325/3325 3326/3326/3326 
f 3325/3325/3325 3327/3327/3327 3326/3326/3326 
f 3326/3326/3326 3327/3327/3327 3327/3327/3327 
f 3327/3327/3327 3328/3328/3328 3327/3327/3327 
f 3327/3327/3327 3328/3328/3328 3328/3328/3328 
f 3328/3328/3328 3329/3329/3329 3328/3328/3328 
f 3328/3328/3328 3329/3329/3329 3330/3330/3330 
f 3329/3329/3329 3331/3331/3331 3330/3330/3330 
f 3330/3330/3330 3331/3331/3331 3331/3331/3331 
f 3331/3331/3331 3332/3332/3332 3331/3331/3331 
f 3331/3331/3331 3332/3332/3332 3332/3332/3332 
f 3332/3332/3332 3333/3333/3333 3332/3332/3332 
f 3332/3332/3332 3333/3333/3333 3334/3334/3334 
f 3333/3333/3333 3335/3335/3335 3334/3334/3334 
f 3334/3334/3334 3335/3335/3335 3335/3335/3335 
f 3335/3335/3335 3336/3336/3336 3335/3335/3335 
f 3335/3335/3335 3336/3336/3336 3336/3336/3336 
f 3336/3336/3336 3337/3337/3337 3336/3336/3336 
f 3336/3336/3336 3337/3337/3337 3338/3338/3338 
f 3337/3337/3337 3339/3339/3339 3338/3338/3338 
f 3338/3338/3338 3339/3339/3339 3339/3339/3339 
f 3339/3339/3339 3340/3340/3340 3339/3339/3339 
f 3339/3339/3339 3340/3340/3340 3340/3340/3340 
f 3340/3340/3340 3341/3341/3341 3340/3340/3340 
f 3340/3340/3340 3341/3341/3341 3342/3342/3342 
f 3341/3341/3341 3343/3343/3343 3342/3342/3342 
f 3342/3342/3342 3343/3343/3343 3343/3343/3343 
f 3343/3343/3343 3344/3344/3344 3343/3343/3343 
f 3343/3343/3343 3344/3344/3344 3344/3344/3344 
f 3344/3344/3344 3345/3345/3345 3344/3344/3344 
f 3344/3344/3344 3345/3345/3345 3346/3346/3346 
f 3345/3345/3345 3347/3347/3347 3346/3346/3346 
f 3346/3346/3346 3347/3347/3347 3347/3347/3347 
f 3347/3347/3347 3348/3348/3348 3347/3347/3347 
f 3347/3347/3347 3348/3348/3348 3348/3348/3348 
f 3348/3348/3348 3349/3349/3349 3348/3348/3348 
f 3348/3348/3348 3349/3349/3349 3350/3350/3350 
f 3349/3349/3349 3351/3351/3351 3350/3350/3350 
f 3350/3350/3350 3351/3351/3351 3351/3351/3351 
f 3351/3351/3351 3352/3352/3352 3351/3351/3351 
f 3351/3351/3351 3352/3352/3352 3352/3352/3352 
f 3352/3352/3352 3353/3353/3353 3352/3352/3352 
f 3352/3352/3352 3353/3353/3353 3354/3354/3354 
f 3353/3353/3353 3355/3355/3355 3354/3354/3354 
f 3354/3354/3354 3355/3355/3355 3355/3355/3355 
f 3355/3355/3355 3356/3356/3356 3355/3355/3355 
f 3355/3355/3355 3356/3356/3356 3356/3356/3356 
f 3356/3356/3356 3357/3357/3357 3356/3356/3356 
f 3356/3356/3356 3357/3357/3357 3358/3358/3358 
f 3357/3357/3357 3359/3359/3359 3358/3358/3358 
f 3358/3358/3358 3359/3359/3359 3359/3359/3359 
f 3359/3359/3359 3360/3360/3360 3359/3359/3359 
f 3359/3359/3359 3360/3360/3360 3360/3360/3360 
f 3360/3360/3360 3361/3361/3361 3360/3360/3360 
f 3360/3360/3360 3361/3361/3361 3362/3362/3362 
f 3361/3361/3361 3363/3363/3363 3362/3362/3362 
f 3362/3362/3362 3363/3363/3363 3363/3363/3363 
f 3363/3363/3363 3364/3364/3364 3363/3363/3363 
f 3363/3363/3363 3364/3364/3364 3364/3364/3364 
f 3364/3364/3364 3365/3365/3365 3364/3364/3364 
f 3364/3364/3364 3365/3365/3365 3366/3366/3366 
f 3365/3365/3365 3367/3367/3367 3366/3366/3366 
f 3366/3366/3366 3367/3367/3367 3367/3367/3367 
f 3367/3367/3367 3368/3368/3368 3367/3367/3367 
f 3367/3367/3367 3368/3368/3368 3368/3368/3368 
f 3368/3368/3368 3369/3369/3369 3368/3368/3368 
f 3368/3368/3368 3369/3369/3369 3370/3370/3370 
f 3369/3369/3369 3371/3371/3371 3370/3370/3370 
f 3370/3370/3370 3371/3371/3371 3371/3371/3371 
f 3371/3371/3371 3372/3372/3372 3371/3371/3371 
f 3371/3371/3371 3372/3372/3372 3372/3372/3372 
f 3372/3372/3372 3373/3373/3373 3372/3372/3372 
f 3372/3372/3372 3373/3373/3373 3374/3374/3374 
f 3373/3373/3373 3375/3375/3375 3374/3374/3374 
f 3374/3374/3374 3375/3375/3375 3375/3375/3375 
f 3375/3375/3375 3376/3376/3376 3375/3375/3375 
f 3375/3375/3375 3376/3376/3376 3376/3376/3376 
f 3376/3376/3376 3377/3377/3377 3376/3376/3376 
f 3376/3376/3376 3377/3377/3377 3378/3378/3378 
f 3377/3377/3377 3379/3379/3379 3378/3378/3378 
f 3378/3378/3378 3379/3379/3379 3379/3379/3379 
f 3379/3379/3379 3380/3380/3380 3379/3379/3379 
f 3379/3379/3379 3380/3380/3380 3380/3380/3380 
f 3380/3380/3380 3381/3381/3381 3380/3380/3380 
f 3380/3380/3380 3381/3381/3381 3382/3382/3382 
f 3381/3381/3381 3383/3383/3383 3382/3382/3382 
f 3382/3382/3382 3383/3383/3383 3383/3383/3383 
f 3383/3383/3383 3384/3384/3384 3383/3383/3383 
f 3383/3383/3383 3384/3384/3384 3384/3384/3384 
f 3384/3384/3384 3385/3385/3385 3384/3384/3384 
f 3384/3384/3384 3385/3385/3385 3386/3386/3386 
f 3385/3385/3385 3387/3387/3387 3386/3386/3386 
f 3386/3386/3386 3387/3387/3387 3387/3387/3387 
f 3387/3387/3387 3388/3388/3388 3387/3387/3387 
f 3387/3387/3387 3388/3388/3388 3388/3388/3388 
f 3388/3388/3388 3389/3389/3389 3388/3388/3388 
f 3388/3388/3388 3389/3389/3389 3390/3390/3390 
f 3389/3389/3389 3391/3391/3391 3390/3390/3390 
f 3390/3390/3390 3391/3391/3391 3391/3391/3391 
f 3391/3391/3391 3392/3392/3392 3391/3391/3391 
f 3391/3391/3391 3392/3392/3392 3392/3392/3392 
f 3392/3392/3392 3393/3393/3393 3392/3392/3392 
f 3392/3392/3392 3393/3393/3393 3394/3394/3394 
f 3393/3393/3393 3395/3395/3395 3394/3394/3394 
f 3394/3394/3394 3395/3395/3395 3395/3395/3395 
f 3395/3395/3395 3396/3396/3396 3395/3395/3395 
f 3395/3395/3395 3396/3396/3396 3396/3396/3396 
f 3396/3396/3396 3397/3397/3397 3396/3396/3396 
f 3396/3396/3396 3397/3397/3397 3398/3398/3398 
f 3397/3397/3397 3399/3399/3399 3398/3398/3398 
f 3398/3398/3398 3399/3399/3399 3399/3399/3399 
f 3399/3399/3399 3400/3400/3400 3399/3399/3399 
f 3399/3399/3399 3400/3400/3400 3400/3400/3400 
f 3400/3400/3400 3401/3401/3401 3400/3400/3400 
f 3400/3400/3400 3401/3401/3401 3402/3402/3402 
f 3401/3401/3401 3403/3403/3403 3402/3402/3402 
f 3402/3402/3402 3403/3403/3403 3403/3403/3403 
f 3403/3403/3403 3404/3404/3404 3403/3403/3403 
f 3403/3403/3403 3404/3404/3404 3404/3404/3404 
f 3404/3404/3404 3405/3405/3405 3404/3404/3404 
f 3404/3404/3404 3405/3405/3405 3406/3406/3406 
f 3405/3405/3405 3407/3407/3407 3406/3406/3406 
f 3406/3406/3406 3407/3407/3407 3407/3407/3407 
f 3407/3407/3407 3408/3408/3408 3407/3407/3407 
f 3407/3407/3407 3408/3408/3408 3408/3408/3408 
f 3408/3408/3408 3409/3409/3409 3408/3408/3408 
f 3408/3408/3408 3409/3409/3409 3410/3410/3410 
f 3409/3409/3409 3411/3411/3411 3410/3410/3410 
f 3410/3410/3410 3411/3411/3411 3411/3411/3411 
f 3411/3411/3411 3412/3412/3412 3411/3411/3411 
f 3411/3411/3411 3412/3412/3412 3412/3412/3412 
f 3412/3412/3412 3413/3413/3413 3412/3412/3412 
f 3412/3412/3412 3413/3413/3413 3414/3414/3414 
f 3413/3413/3413 3415/3415/3415 3414/3414/3414 
f 3414/3414/3414 3415/3415/3415 3415/3415/3415 
f 3415/3415/3415 3416/3416/3416 3415/3415/3415 
f 3415/3415/3415 3416/3416/3416 3416/3416/3416 
f 3416/3416/3416 3417/3417/3417 3416/3416/3416 
f 3416/3416/3416 3417/3417/3417 3418/3418/3418 
f 3417/3417/3417 3419/3419/3419 3418/3418/3418 
f 3418/3418/3418 3419/3419/3419 3419/3419/3419 
f 3419/3419/3419 3420/3420/3420 3419/3419/3419 
f 3419/3419/3419 3420/3420/3420 3420/3420/3420 
f 3420/3420/3420 3421/3421/3421 3420/3420/3420 
f 3420/3420/3420 3421/3421/3421 3422/3422/3422 
f 3421/3421/3421 3423/3423/3423 3422/3422/3422 
f 3422/3422/3422 3423/3423/3423 3423/3423/3423 
f 3423/3423/3423 3424/3424/3424 3423/3423/3423 
f 3423/3423/3423 3424/3424/3424 3424/3424/3424 
f 3424/3424/3424 3425/3425/3425 3424/3424/3424 
f 3424/3424/3424 3425/3425/3425 3426/3426/3426 
f 3425/3425/3425 3427/3427/3427 3426/3426/3426 
f 3426/3426/3426 3427/3427/3427 3427/3427/3427 
f 3427/3427/3427 3428/3428/3428 3427/3427/3427 
f 3427/3427/3427 3428/3428/3428 3428/3428/3428 
f 3428/3428/3428 3429/3429/3429 3428/3428/3428 
f 3428/3428/3428 3429/3429/3429 3430/3430/3430 
f 3429/3429/3429 3431/3431/3431 3430/3430/3430 
f 3430/3430/3430 3431/3431/3431 3432/3432/3432 
f 3431/3431/3431 3433/3433/3433 3432/3432/3432 
f 3432/3432/3432 3433/3433/3433 3433/3433/3433 
f 3433/3433/3433 3434/3434/3434 3433/3433/3433 
f 3433/3433/3433 3434/3434/3434 3434/3434/3434 
f 3434/3434/3434 3435/3435/3435 3434/3434/3434 
f 3434/3434/3434 3435/3435/3435 3436/3436/3436 
f 3435/3435/3435 3437/3437/3437 3436/3436/3436 
f 3436/3436/3436 3437/3437/3437 3437/3437/3437 
f 3437/3437/3437 3438/3438/3438 3437/3437/3437 
f 3437/3437/3437 3438/3438/3438 3438/3438/3438 
f 3438/3438/3438 3439/3439/3439 3438/3438/3438 
f 3438/3438/3438 3439/3439/3439 3440/3440/3440 
f 3439/3439/3439 3441/3441/3441 3440/3440/3440 
f 3440/3440/3440 3441/3441/3441 3441/3441/3441 
f 3441/3441/3441 3442/3442/3442 3441/3441/3441 
f 3441/3441/3441 3442/3442/3442 3442/3442/3442 
f 3442/3442/3442 3443/3443/3443 3442/3442/3442 
f 3442/3442/3442 3443/3443/3443 3444/3444/3444 
f 3443/3443/3443 3445/3445/3445 3444/3444/3444 
f 3444/3444/3444 3445/3445/3445 3445/3445/3445 
f 3445/3445/3445 3446/3446/3446 3445/3445/3445 
f 3445/3445/3445 3446/3446/3446 3446/3446/3446 
f 3446/3446/3446 3447/3447/3447 3446/3446/3446 
f 3446/3446/3446 3447/3447/3447 3448/3448/3448 
f 3447/3447/3447 3449/3449/3449 3448/3448/3448 
f 3448/3448/3448 3449/3449/3449 3449/3449/3449 
f 3449/3449/3449 3450/3450/3450 3449/3449/3449 
f 3449/3449/3449 3450/3450/3450 3450/3450/3450 
f 3450/3450/3450 3451/3451/3451 3450/3450/3450 
f 3450/3450/3450 3451/3451/3451 3452/3452/3452 
f 3451/3451/3451 3453/3453/3453 3452/3452/3452 
f 3452/3452/3452 3453/3453/3453 3453/3453/3453 
f 3453/3453/3453 3454/3454/3454 3453/3453/3453 
f 3453/3453/3453 3454/3454/3454 3454/3454/3454 
f 3454/3454/3454 3455/3455/3455 3454/3454/3454 
f 3454/3454/3454 3455/3455/3455 3456/3456/3456 
f 3455/3455/3455 3457/3457/3457 3456/3456/3456 
f 3456/3456/3456 3457/3457/3457 3457/3457/3457 
f 3457/3457/3457 3458/3458/3458 3457/3457/3457 
f 3457/3457/3457 3458/3458/3458 3458/3458/3458 
f 3458/3458/3458 3459/3459/3459 3458/3458/3458 
f 3458/3458/3458 3459/3459/3459 3460/3460/3460 
f 3459/3459/3459 3461/3461/3461 3460/3460/3460 
f 3460/3460/3460 3461/3461/3461 3462/3462/3462 
f 3461/3461/3461 3463/3463/3463 3462/3462/3462 
f 3462/3462/3462 3463/3463/3463 3463/3463/3463 
f 3463/3463/3463 3464/3464/3464 3463/3463/3463 
f 3463/3463/3463 3464/3464/3464 3464/3464/3464 
f 3464/3464/3464 3465/3465/3465 3464/3464/3464 
f 3464/3464/3464 3465/3465/3465 3466/3466/3466 
f 3465/3465/3465 3467/3467/3467 3466/3466/3466 
f 3466/3466/3466 3467/3467/3467 3468/3468/3468 
f 3467/3467/3467 3469/3469/3469 3468/3468/3468 

