mtllib model_2.mtl
o model_2
v -27.833642959594727 -1.0127184391021729 -834.1958618164062 
v -33.14689636230469 26.2535457611084 -829.1135864257812 
v -33.14689636230469 -1.0127182006835938 -832.8097534179688 
v -40.539249420166016 26.2535457611084 -831.1926879882812 
v -38.691158294677734 -1.0127184391021729 -834.1958618164062 
v -45.852500915527344 26.2535457611084 -836.5059814453125 
v -42.84935760498047 -1.0127191543579102 -838.3540649414062 
v -47.93159866333008 26.253543853759766 -843.8983154296875 
v -44.23542404174805 -1.012719988822937 -843.8983154296875 
v -45.852500915527344 26.253541946411133 -851.0596313476562 
v -42.84935760498047 -1.0127208232879639 -849.2115478515625 
v -40.539249420166016 26.253541946411133 -856.6039428710938 
v -38.691158294677734 -1.0127215385437012 -853.3697509765625 
v -33.14689636230469 26.253541946411133 -858.4520263671875 
v -33.14689636230469 -1.0127217769622803 -854.7557983398438 
v -25.98555564880371 26.253541946411133 -856.6039428710938 
v -27.833642959594727 -1.0127215385437012 -853.3697509765625 
v -20.44129180908203 26.253541946411133 -851.0596313476562 
v -23.675445556640625 -1.0127208232879639 -849.2115478515625 
v -27.833642959594727 -1.012719988822937 -843.8983154296875 
v -22.289379119873047 -1.012719988822937 -843.8983154296875 
v -27.833642959594727 -1.0127184391021729 -834.1958618164062 
v -23.675445556640625 -1.0127191543579102 -838.3540649414062 
v -44.23542404174805 -1.012719988822937 -843.8983154296875 
v -38.691158294677734 -1.012719988822937 -843.8983154296875 
v -42.84935760498047 -1.0127191543579102 -838.3540649414062 
v -38.691158294677734 -1.0127184391021729 -834.1958618164062 
v -33.14689636230469 -1.012719988822937 -843.8983154296875 
v -33.14689636230469 -1.0127182006835938 -832.8097534179688 
v -25.98555564880371 26.2535457611084 -831.1926879882812 
v -23.675445556640625 -1.0127191543579102 -838.3540649414062 
v -20.44129180908203 26.2535457611084 -836.5059814453125 
v -22.289379119873047 -1.012719988822937 -843.8983154296875 
v -18.593202590942383 26.253543853759766 -843.8983154296875 
v -23.675445556640625 -1.0127208232879639 -849.2115478515625 
v -20.44129180908203 26.253541946411133 -851.0596313476562 
v -851.9010009765625 81.79423522949219 -431.64849853515625 
v -636.3501586914062 81.79423522949219 -431.64849853515625 
v -636.3501586914062 86.13219451904297 -431.64849853515625 
v -636.3501586914062 81.79421997070312 -517.0081787109375 
v -636.3501586914062 86.1321792602539 -517.0081787109375 
v -851.9010009765625 86.1321792602539 -517.0081787109375 
v -851.5260620117188 86.50509643554688 -516.6356811523438 
v -636.7251586914062 86.50509643554688 -516.6356811523438 
v -636.7251586914062 86.50511169433594 -432.0210266113281 
v -851.9010009765625 86.13219451904297 -431.64849853515625 
v -851.9010009765625 81.79421997070312 -517.0081787109375 
v -851.9010009765625 81.79423522949219 -431.64849853515625 
v -851.9010009765625 81.79421997070312 -517.0081787109375 
v -636.3501586914062 81.79423522949219 -431.64849853515625 
v -636.3501586914062 81.79421997070312 -517.0081787109375 
v -650.0198364257812 -0.05929276719689369 -438.2027893066406 
v -650.0198364257812 -0.05929204821586609 -433.7742004394531 
v -650.0198364257812 1.7943460941314697 -438.2027893066406 
v -650.0198364257812 1.794346809387207 -433.7742004394531 
v -650.0198364257812 80.97435760498047 -438.2027893066406 
v -650.0198364257812 80.97435760498047 -433.77423095703125 
v -650.0198364257812 82.33442687988281 -438.20281982421875 
v -650.0198364257812 82.33442687988281 -433.77423095703125 
v -645.2703247070312 80.97435760498047 -433.77423095703125 
v -645.2703247070312 82.33442687988281 -433.77423095703125 
v -645.2703247070312 -0.05929204821586609 -433.7742004394531 
v -645.2703247070312 1.794346809387207 -433.7742004394531 
v -645.2703247070312 -0.05929276719689369 -438.2027893066406 
v -645.2703247070312 1.7943460941314697 -438.2027893066406 
v -650.0198364257812 -0.05929276719689369 -438.2027893066406 
v -650.0198364257812 1.7943460941314697 -438.2027893066406 
v -650.0198364257812 80.97435760498047 -438.2027893066406 
v -645.2703247070312 80.97435760498047 -438.2027893066406 
v -645.2703247070312 82.33442687988281 -438.20281982421875 
v -650.0198364257812 82.33442687988281 -438.20281982421875 
v -650.0198364257812 -0.05930435657501221 -509.3363037109375 
v -645.2703247070312 -0.05930435657501221 -509.3363037109375 
v -650.0198364257812 1.2705944776535034 -509.3363037109375 
v -645.2703247070312 1.2705944776535034 -509.3363037109375 
v -650.0198364257812 81.10047912597656 -509.3363037109375 
v -645.2703247070312 81.10047912597656 -509.3363037109375 
v -650.0198364257812 82.33441162109375 -509.3363037109375 
v -645.2703247070312 82.33441162109375 -509.3363037109375 
v -645.2703247070312 81.10047912597656 -513.764892578125 
v -645.2703247070312 82.33441162109375 -513.764892578125 
v -650.0198364257812 82.33441162109375 -513.764892578125 
v -650.0198364257812 81.10047912597656 -513.764892578125 
v -650.0198364257812 81.10047912597656 -509.3363037109375 
v -650.0198364257812 1.2705944776535034 -509.3363037109375 
v -650.0198364257812 1.2705937623977661 -513.764892578125 
v -650.0198364257812 -0.05930435657501221 -509.3363037109375 
v -650.0198364257812 -0.05930507928133011 -513.764892578125 
v -645.2703247070312 -0.05930507928133011 -513.764892578125 
v -645.2703247070312 1.2705937623977661 -513.764892578125 
v -650.0198364257812 82.33441162109375 -509.3363037109375 
v -851.5260620117188 86.50511169433594 -432.0210266113281 
v -838.2313232421875 -0.05929276719689369 -438.2027893066406 
v -838.2313232421875 1.7943460941314697 -438.2027893066406 
v -842.9808349609375 -0.05929276719689369 -438.2027893066406 
v -842.9808349609375 1.7943460941314697 -438.2027893066406 
v -842.9808349609375 1.794346809387207 -433.7742004394531 
v -842.9808349609375 -0.05929204821586609 -433.7742004394531 
v -838.2313232421875 1.794346809387207 -433.7742004394531 
v -838.2313232421875 -0.05929204821586609 -433.7742004394531 
v -838.2313232421875 80.72756958007812 -438.2027893066406 
v -842.9808349609375 80.72756958007812 -438.2027893066406 
v -838.2313232421875 82.33442687988281 -438.20281982421875 
v -842.9808349609375 82.33442687988281 -438.20281982421875 
v -842.9808349609375 82.33442687988281 -433.77423095703125 
v -842.9808349609375 80.72756958007812 -433.77423095703125 
v -838.2313232421875 82.33442687988281 -433.77423095703125 
v -838.2313232421875 80.72756958007812 -433.77423095703125 
v -838.2313232421875 82.33442687988281 -438.20281982421875 
v -838.2313232421875 80.72756958007812 -438.2027893066406 
v -838.2313232421875 1.7943460941314697 -438.2027893066406 
v -838.2313232421875 -0.05929276719689369 -438.2027893066406 
v -838.2313232421875 -0.05930435657501221 -509.3363037109375 
v -838.2313232421875 1.2705944776535034 -509.3363037109375 
v -842.9808349609375 -0.05930435657501221 -509.3363037109375 
v -842.9808349609375 1.2705944776535034 -509.3363037109375 
v -842.9808349609375 -0.05930507928133011 -513.764892578125 
v -838.2313232421875 80.74127197265625 -509.3363037109375 
v -842.9808349609375 80.74127197265625 -509.3363037109375 
v -838.2313232421875 82.33441162109375 -509.3363037109375 
v -842.9808349609375 82.33441162109375 -509.3363037109375 
v -842.9808349609375 80.74127197265625 -513.764892578125 
v -842.9808349609375 82.33441162109375 -513.764892578125 
v -838.2313232421875 82.33441162109375 -513.764892578125 
v -838.2313232421875 80.74127197265625 -513.764892578125 
v -838.2313232421875 80.74127197265625 -509.3363037109375 
v -838.2313232421875 1.2705944776535034 -509.3363037109375 
v -838.2313232421875 1.2705937623977661 -513.764892578125 
v -838.2313232421875 -0.05930435657501221 -509.3363037109375 
v -838.2313232421875 -0.05930507928133011 -513.764892578125 
v -842.9808349609375 1.2705937623977661 -513.764892578125 
v -838.2313232421875 82.33441162109375 -509.3363037109375 
v -836.9288330078125 81.4432373046875 -510.0396728515625 
v -836.9288330078125 81.44325256347656 -438.1533203125 
v -785.4471435546875 81.4432373046875 -510.0396728515625 
v -785.4471435546875 81.44325256347656 -438.1533203125 
v -785.4471435546875 63.156375885009766 -510.0396728515625 
v -785.4471435546875 63.15638732910156 -438.1533203125 
v -836.9288330078125 63.156375885009766 -510.0396728515625 
v -836.9288330078125 63.15638732910156 -438.1533203125 
v -836.4683227539062 80.97708892822266 -510.50335693359375 
v -785.9141845703125 80.97708892822266 -510.50335693359375 
v -836.4683227539062 63.61978530883789 -510.50335693359375 
v -785.9141845703125 63.61978530883789 -510.50335693359375 
v -836.9288330078125 81.4432373046875 -510.0396728515625 
v -836.9288330078125 63.156375885009766 -510.0396728515625 
v -836.9288330078125 81.44325256347656 -438.1533203125 
v -836.9288330078125 63.15638732910156 -438.1533203125 
v -785.4471435546875 81.44325256347656 -438.1533203125 
v -836.9288330078125 81.44325256347656 -438.1533203125 
v -785.4471435546875 63.15638732910156 -438.1533203125 
v -836.9288330078125 63.15638732910156 -438.1533203125 
v -785.4471435546875 61.519371032714844 -438.1533203125 
v -785.4471435546875 6.379087924957275 -438.1532897949219 
v -785.4471435546875 61.51935958862305 -510.0396728515625 
v -785.4471435546875 6.37907600402832 -510.0396423339844 
v -838.0537109375 37.0518798828125 -435.9911193847656 
v -838.0537109375 83.66706848144531 -435.9911193847656 
v -838.0537109375 37.0518798828125 -437.986572265625 
v -838.0537109375 83.66706848144531 -437.986572265625 
v -838.0537109375 37.0518798828125 -437.986572265625 
v -838.0537109375 83.66706848144531 -437.986572265625 
v -650.8223876953125 37.0518798828125 -437.986572265625 
v -650.8223876953125 83.66706848144531 -437.986572265625 
v -650.8223876953125 37.0518798828125 -435.9911193847656 
v -650.8223876953125 83.66706848144531 -435.9911193847656 
v -838.0537109375 37.0518798828125 -435.9911193847656 
v -838.0537109375 83.66706848144531 -435.9911193847656 
v -650.8223876953125 37.0518798828125 -437.986572265625 
v -650.8223876953125 83.66706848144531 -437.986572265625 
v -650.8223876953125 37.0518798828125 -435.9911193847656 
v -650.8223876953125 83.66706848144531 -435.9911193847656 
v -815.6217041015625 73.2992935180664 -510.45648193359375 
v -815.6217041015625 73.2992935180664 -513.4210205078125 
v -815.6217041015625 70.34608459472656 -510.45648193359375 
v -815.6217041015625 70.34608459472656 -513.4210205078125 
v -806.7542114257812 70.34608459472656 -510.45648193359375 
v -806.7542114257812 70.34608459472656 -513.4210205078125 
v -806.7542114257812 73.2992935180664 -510.45648193359375 
v -806.7542114257812 73.2992935180664 -513.4210205078125 
v -815.6217041015625 70.34608459472656 -510.45648193359375 
v -815.6217041015625 70.34608459472656 -513.4210205078125 
v -806.7542114257812 70.34608459472656 -510.45648193359375 
v -806.7542114257812 70.34608459472656 -513.4210205078125 
v -793.827880859375 30.007490158081055 -509.513427734375 
v -793.827880859375 30.007490158081055 -512.4779663085938 
v -793.827880859375 38.87260055541992 -509.513427734375 
v -793.827880859375 38.87260055541992 -512.4779663085938 
v -815.45068359375 73.1238021850586 -513.59814453125 
v -806.9318237304688 73.1238021850586 -513.59814453125 
v -815.45068359375 70.52157592773438 -513.59814453125 
v -806.9318237304688 70.52157592773438 -513.59814453125 
v -785.4471435546875 6.379087924957275 -438.1532897949219 
v -836.9288330078125 6.379087924957275 -438.1532897949219 
v -785.4471435546875 6.37907600402832 -510.0396423339844 
v -836.9288330078125 6.37907600402832 -510.0396423339844 
v -836.9288330078125 61.519371032714844 -438.1533203125 
v -785.4471435546875 61.519371032714844 -438.1533203125 
v -836.9288330078125 61.51935958862305 -510.0396728515625 
v -785.4471435546875 61.51935958862305 -510.0396728515625 
v -785.9141845703125 61.05595016479492 -510.50335693359375 
v -785.9141845703125 6.845225811004639 -510.50335693359375 
v -836.4683227539062 61.05595016479492 -510.50335693359375 
v -836.4683227539062 6.845225811004639 -510.50335693359375 
v -836.9288330078125 61.519371032714844 -438.1533203125 
v -836.9288330078125 61.51935958862305 -510.0396728515625 
v -836.9288330078125 6.379087924957275 -438.1532897949219 
v -836.9288330078125 6.37907600402832 -510.0396423339844 
v -836.9288330078125 61.519371032714844 -438.1533203125 
v -836.9288330078125 6.379087924957275 -438.1532897949219 
v -785.4471435546875 61.519371032714844 -438.1533203125 
v -785.4471435546875 6.379087924957275 -438.1532897949219 
v -793.827880859375 38.87260055541992 -509.513427734375 
v -793.827880859375 38.87260055541992 -512.4779663085938 
v -796.781494140625 38.87260055541992 -509.513427734375 
v -796.781494140625 38.87260055541992 -512.4779663085938 
v -796.781494140625 30.007490158081055 -509.513427734375 
v -796.781494140625 30.007490158081055 -512.4779663085938 
v -793.827880859375 30.007490158081055 -509.513427734375 
v -793.827880859375 30.007490158081055 -512.4779663085938 
v -796.781494140625 38.87260055541992 -509.513427734375 
v -796.781494140625 38.87260055541992 -512.4779663085938 
v -796.781494140625 30.007490158081055 -509.513427734375 
v -796.781494140625 30.007490158081055 -512.4779663085938 
v -793.9989013671875 38.69710922241211 -512.6551513671875 
v -793.9989013671875 30.1829833984375 -512.6551513671875 
v -796.6038818359375 38.69710922241211 -512.6551513671875 
v -796.6038818359375 30.1829833984375 -512.6551513671875 
v -794.9000854492188 6.636838912963867 -457.0321044921875 
v -788.2034301757812 6.636838912963867 -457.0321044921875 
v -794.9000854492188 0.9470391869544983 -457.0321044921875 
v -788.2034301757812 0.9470391869544983 -457.0321044921875 
v -788.2034301757812 6.636838912963867 -457.0321044921875 
v -788.2034301757812 6.6368408203125 -446.1455993652344 
v -788.2034301757812 0.9470391869544983 -457.0321044921875 
v -788.2034301757812 0.9470409750938416 -446.1455993652344 
v -788.2034301757812 0.9470391869544983 -457.0321044921875 
v -788.2034301757812 0.9470409750938416 -446.1455993652344 
v -794.9000854492188 0.9470391869544983 -457.0321044921875 
v -794.9000854492188 0.9470409750938416 -446.1455993652344 
v -788.2034301757812 6.6368408203125 -446.1455993652344 
v -794.9000854492188 6.6368408203125 -446.1455993652344 
v -788.2034301757812 0.9470409750938416 -446.1455993652344 
v -794.9000854492188 0.9470409750938416 -446.1455993652344 
v -794.9000854492188 6.636838912963867 -457.0321044921875 
v -794.9000854492188 0.9470391869544983 -457.0321044921875 
v -794.9000854492188 6.6368408203125 -446.1455993652344 
v -794.9000854492188 0.9470409750938416 -446.1455993652344 
v -806.7542114257812 73.2992935180664 -513.4210205078125 
v -806.9318237304688 73.1238021850586 -513.59814453125 
v -815.6217041015625 73.2992935180664 -513.4210205078125 
v -815.45068359375 73.1238021850586 -513.59814453125 
v -806.7542114257812 70.34608459472656 -513.4210205078125 
v -806.9318237304688 70.52157592773438 -513.59814453125 
v -806.7542114257812 73.2992935180664 -513.4210205078125 
v -806.9318237304688 73.1238021850586 -513.59814453125 
v -815.6217041015625 70.34608459472656 -513.4210205078125 
v -815.45068359375 70.52157592773438 -513.59814453125 
v -806.7542114257812 70.34608459472656 -513.4210205078125 
v -806.9318237304688 70.52157592773438 -513.59814453125 
v -815.45068359375 70.52157592773438 -513.59814453125 
v -815.6217041015625 70.34608459472656 -513.4210205078125 
v -815.45068359375 73.1238021850586 -513.59814453125 
v -815.6217041015625 73.2992935180664 -513.4210205078125 
v -793.827880859375 30.007490158081055 -512.4779663085938 
v -793.9989013671875 30.1829833984375 -512.6551513671875 
v -793.827880859375 38.87260055541992 -512.4779663085938 
v -793.9989013671875 38.69710922241211 -512.6551513671875 
v -796.781494140625 30.007490158081055 -512.4779663085938 
v -796.6038818359375 30.1829833984375 -512.6551513671875 
v -793.827880859375 30.007490158081055 -512.4779663085938 
v -793.9989013671875 30.1829833984375 -512.6551513671875 
v -796.781494140625 38.87260055541992 -512.4779663085938 
v -796.6038818359375 38.69710922241211 -512.6551513671875 
v -796.781494140625 30.007490158081055 -512.4779663085938 
v -796.6038818359375 30.1829833984375 -512.6551513671875 
v -796.6038818359375 38.69710922241211 -512.6551513671875 
v -796.781494140625 38.87260055541992 -512.4779663085938 
v -793.9989013671875 38.69710922241211 -512.6551513671875 
v -793.827880859375 38.87260055541992 -512.4779663085938 
v -806.7542114257812 73.2992935180664 -510.45648193359375 
v -806.7542114257812 73.2992935180664 -513.4210205078125 
v -815.6217041015625 73.2992935180664 -510.45648193359375 
v -815.6217041015625 73.2992935180664 -513.4210205078125 
v -785.4471435546875 81.4432373046875 -510.0396728515625 
v -785.9141845703125 80.97708892822266 -510.50335693359375 
v -836.9288330078125 81.4432373046875 -510.0396728515625 
v -836.4683227539062 80.97708892822266 -510.50335693359375 
v -785.4471435546875 63.156375885009766 -510.0396728515625 
v -785.9141845703125 63.61978530883789 -510.50335693359375 
v -785.4471435546875 81.4432373046875 -510.0396728515625 
v -785.9141845703125 80.97708892822266 -510.50335693359375 
v -836.9288330078125 63.156375885009766 -510.0396728515625 
v -836.4683227539062 63.61978530883789 -510.50335693359375 
v -785.4471435546875 63.156375885009766 -510.0396728515625 
v -785.9141845703125 63.61978530883789 -510.50335693359375 
v -836.4683227539062 63.61978530883789 -510.50335693359375 
v -836.9288330078125 63.156375885009766 -510.0396728515625 
v -836.4683227539062 80.97708892822266 -510.50335693359375 
v -836.9288330078125 81.4432373046875 -510.0396728515625 
v -836.4683227539062 6.845225811004639 -510.50335693359375 
v -785.9141845703125 6.845225811004639 -510.50335693359375 
v -836.9288330078125 6.37907600402832 -510.0396423339844 
v -785.4471435546875 6.37907600402832 -510.0396423339844 
v -785.9141845703125 6.845225811004639 -510.50335693359375 
v -785.9141845703125 61.05595016479492 -510.50335693359375 
v -785.4471435546875 6.37907600402832 -510.0396423339844 
v -785.4471435546875 61.51935958862305 -510.0396728515625 
v -785.9141845703125 61.05595016479492 -510.50335693359375 
v -836.4683227539062 61.05595016479492 -510.50335693359375 
v -785.4471435546875 61.51935958862305 -510.0396728515625 
v -836.9288330078125 61.51935958862305 -510.0396728515625 
v -836.9288330078125 6.37907600402832 -510.0396423339844 
v -836.9288330078125 61.51935958862305 -510.0396728515625 
v -836.4683227539062 6.845225811004639 -510.50335693359375 
v -836.4683227539062 61.05595016479492 -510.50335693359375 
v -785.4471435546875 81.4432373046875 -510.0396728515625 
v -785.4471435546875 81.44325256347656 -438.1533203125 
v -785.4471435546875 63.156375885009766 -510.0396728515625 
v -785.4471435546875 63.15638732910156 -438.1533203125 
v -794.9000854492188 6.636831283569336 -504.26165771484375 
v -788.2034301757812 6.636831283569336 -504.26165771484375 
v -794.9000854492188 0.9470314979553223 -504.26165771484375 
v -788.2034301757812 0.9470314979553223 -504.26165771484375 
v -788.2034301757812 6.636831283569336 -504.26165771484375 
v -788.2034301757812 6.636833190917969 -493.37774658203125 
v -788.2034301757812 0.9470314979553223 -504.26165771484375 
v -788.2034301757812 0.9470332860946655 -493.37774658203125 
v -788.2034301757812 0.9470314979553223 -504.26165771484375 
v -788.2034301757812 0.9470332860946655 -493.37774658203125 
v -794.9000854492188 0.9470314979553223 -504.26165771484375 
v -794.9000854492188 0.9470332860946655 -493.37774658203125 
v -788.2034301757812 6.636833190917969 -493.37774658203125 
v -794.9000854492188 6.636833190917969 -493.37774658203125 
v -788.2034301757812 0.9470332860946655 -493.37774658203125 
v -794.9000854492188 0.9470332860946655 -493.37774658203125 
v -794.9000854492188 6.636831283569336 -504.26165771484375 
v -794.9000854492188 0.9470314979553223 -504.26165771484375 
v -794.9000854492188 6.636833190917969 -493.37774658203125 
v -794.9000854492188 0.9470332860946655 -493.37774658203125 
v -725.81494140625 88.05986022949219 -486.3988342285156 
v -726.1898803710938 87.96388244628906 -487.9566650390625 
v -725.8280639648438 87.08642578125 -486.4665832519531 
v -726.2227783203125 87.08642578125 -488.0816955566406 
v -688.0094604492188 87.96388244628906 -497.21240234375 
v -686.2991333007812 87.96388244628906 -497.6265869140625 
v -688.0357666015625 87.08641815185547 -497.3374328613281 
v -686.325439453125 87.08641815185547 -497.75164794921875 
v -683.4375610351562 88.43826293945312 -485.8153076171875 
v -683.0428466796875 88.53424072265625 -484.2001647949219 
v -683.4507446289062 87.08642578125 -485.8830261230469 
v -683.0757446289062 87.08642578125 -484.32781982421875 
v -721.2298583984375 88.53424072265625 -474.947021484375 
v -722.9336547851562 88.53424072265625 -474.5328369140625 
v -721.2561645507812 87.08642578125 -475.07208251953125 
v -722.9664916992188 87.08642578125 -474.6578674316406 
v -723.3283081054688 88.43826293945312 -476.1479797363281 
v -722.9336547851562 88.53424072265625 -474.5328369140625 
v -721.6179809570312 88.43826293945312 -476.5621643066406 
v -721.2298583984375 88.53424072265625 -474.947021484375 
v -667.53125 87.11933898925781 -439.5365905761719 
v -768.1067504882812 87.11933898925781 -439.5365905761719 
v -667.53125 86.64221954345703 -439.5365905761719 
v -768.1067504882812 86.64221954345703 -439.5365905761719 
v -768.1067504882812 87.11932373046875 -514.8043212890625 
v -667.53125 87.11932373046875 -514.8043212890625 
v -768.1067504882812 86.64220428466797 -514.8043212890625 
v -667.53125 86.64220428466797 -514.8043212890625 
v -664.334228515625 87.11932373046875 -511.60528564453125 
v -664.334228515625 87.11933898925781 -442.735595703125 
v -664.334228515625 86.64220428466797 -511.60528564453125 
v -664.334228515625 86.6422119140625 -442.735595703125 
v -770.876220703125 86.64221954345703 -441.1360778808594 
v -770.876220703125 87.11933898925781 -441.1360778808594 
v -771.3037719726562 86.6422119140625 -442.735595703125 
v -771.3037719726562 87.11933898925781 -442.735595703125 
v -769.7052612304688 86.64221954345703 -439.9664306640625 
v -769.7052612304688 87.11933898925781 -439.9664306640625 
v -770.876220703125 86.64221954345703 -441.1360778808594 
v -770.876220703125 87.11933898925781 -441.1360778808594 
v -768.1067504882812 86.64221954345703 -439.5365905761719 
v -768.1067504882812 87.11933898925781 -439.5365905761719 
v -769.7052612304688 86.64221954345703 -439.9664306640625 
v -769.7052612304688 87.11933898925781 -439.9664306640625 
v -664.7617797851562 87.11933898925781 -441.1360778808594 
v -664.7617797851562 86.64221954345703 -441.1360778808594 
v -664.334228515625 87.11933898925781 -442.735595703125 
v -664.334228515625 86.6422119140625 -442.735595703125 
v -665.9327392578125 87.11933898925781 -439.9664306640625 
v -665.9327392578125 86.64221954345703 -439.9664306640625 
v -664.7617797851562 87.11933898925781 -441.1360778808594 
v -664.7617797851562 86.64221954345703 -441.1360778808594 
v -667.53125 87.11933898925781 -439.5365905761719 
v -667.53125 86.64221954345703 -439.5365905761719 
v -665.9327392578125 87.11933898925781 -439.9664306640625 
v -665.9327392578125 86.64221954345703 -439.9664306640625 
v -664.7617797851562 86.64220428466797 -513.2047729492188 
v -664.7617797851562 87.11932373046875 -513.2047729492188 
v -664.334228515625 86.64220428466797 -511.60528564453125 
v -664.334228515625 87.11932373046875 -511.60528564453125 
v -665.9327392578125 86.64220428466797 -514.3744506835938 
v -665.9327392578125 87.11932373046875 -514.3744506835938 
v -664.7617797851562 86.64220428466797 -513.2047729492188 
v -664.7617797851562 87.11932373046875 -513.2047729492188 
v -667.53125 86.64220428466797 -514.8043212890625 
v -667.53125 87.11932373046875 -514.8043212890625 
v -665.9327392578125 86.64220428466797 -514.3744506835938 
v -665.9327392578125 87.11932373046875 -514.3744506835938 
v -770.876220703125 87.11932373046875 -513.2047729492188 
v -770.876220703125 86.64220428466797 -513.2047729492188 
v -771.3037719726562 87.11932373046875 -511.60528564453125 
v -771.3037719726562 86.64220428466797 -511.60528564453125 
v -769.7052612304688 87.11932373046875 -514.3744506835938 
v -769.7052612304688 86.64220428466797 -514.3744506835938 
v -770.876220703125 87.11932373046875 -513.2047729492188 
v -770.876220703125 86.64220428466797 -513.2047729492188 
v -768.1067504882812 87.11932373046875 -514.8043212890625 
v -768.1067504882812 86.64220428466797 -514.8043212890625 
v -769.7052612304688 87.11932373046875 -514.3744506835938 
v -769.7052612304688 86.64220428466797 -514.3744506835938 
v -771.3037719726562 87.11933898925781 -442.735595703125 
v -771.3037719726562 87.11932373046875 -511.60528564453125 
v -771.3037719726562 86.6422119140625 -442.735595703125 
v -771.3037719726562 86.64220428466797 -511.60528564453125 
v -771.3037719726562 87.11933898925781 -442.735595703125 
v -770.876220703125 87.11933898925781 -441.1360778808594 
v -770.9617309570312 87.11933898925781 -442.7798767089844 
v -770.5670166015625 87.11933898925781 -441.313232421875 
v -770.876220703125 87.11933898925781 -441.1360778808594 
v -769.7052612304688 87.11933898925781 -439.9664306640625 
v -770.5670166015625 87.11933898925781 -441.313232421875 
v -769.5276489257812 87.11933898925781 -440.2712097167969 
v -769.7052612304688 87.11933898925781 -439.9664306640625 
v -768.1067504882812 87.11933898925781 -439.5365905761719 
v -769.5276489257812 87.11933898925781 -440.2712097167969 
v -768.0606689453125 87.11933898925781 -439.87786865234375 
v -664.7617797851562 87.11933898925781 -441.1360778808594 
v -664.334228515625 87.11933898925781 -442.735595703125 
v -665.0709838867188 87.11933898925781 -441.313232421875 
v -664.67626953125 87.11933898925781 -442.7798767089844 
v -665.9327392578125 87.11933898925781 -439.9664306640625 
v -664.7617797851562 87.11933898925781 -441.1360778808594 
v -666.1103515625 87.11933898925781 -440.2712097167969 
v -665.0709838867188 87.11933898925781 -441.313232421875 
v -666.1103515625 87.11933898925781 -440.2712097167969 
v -667.5773315429688 87.11933898925781 -439.87786865234375 
v -665.9327392578125 87.11933898925781 -439.9664306640625 
v -667.53125 87.11933898925781 -439.5365905761719 
v -768.0606689453125 87.11933898925781 -439.87786865234375 
v -768.1067504882812 87.11933898925781 -439.5365905761719 
v -664.334228515625 87.11932373046875 -511.60528564453125 
v -664.67626953125 87.11932373046875 -511.5610046386719 
v -664.7617797851562 87.11932373046875 -513.2047729492188 
v -665.0709838867188 87.11932373046875 -513.0276489257812 
v -664.7617797851562 87.11932373046875 -513.2047729492188 
v -665.0709838867188 87.11932373046875 -513.0276489257812 
v -665.9327392578125 87.11932373046875 -514.3744506835938 
v -666.1103515625 87.11932373046875 -514.0697021484375 
v -665.9327392578125 87.11932373046875 -514.3744506835938 
v -666.1103515625 87.11932373046875 -514.0697021484375 
v -667.53125 87.11932373046875 -514.8043212890625 
v -667.5773315429688 87.11932373046875 -514.4630126953125 
v -768.1067504882812 87.11932373046875 -514.8043212890625 
v -768.0606689453125 87.11932373046875 -514.4630126953125 
v -769.7052612304688 87.11932373046875 -514.3744506835938 
v -769.5276489257812 87.11932373046875 -514.0697021484375 
v -770.876220703125 87.11932373046875 -513.2047729492188 
v -770.5670166015625 87.11932373046875 -513.0276489257812 
v -771.3037719726562 87.11932373046875 -511.60528564453125 
v -770.9617309570312 87.11932373046875 -511.5610046386719 
v -769.7052612304688 87.11932373046875 -514.3744506835938 
v -769.5276489257812 87.11932373046875 -514.0697021484375 
v -770.876220703125 87.11932373046875 -513.2047729492188 
v -770.5670166015625 87.11932373046875 -513.0276489257812 
v -771.3037719726562 87.11932373046875 -511.60528564453125 
v -770.9617309570312 87.11932373046875 -511.5610046386719 
v -771.3037719726562 87.11933898925781 -442.735595703125 
v -770.9617309570312 87.11933898925781 -442.7798767089844 
v -664.334228515625 87.11933898925781 -442.735595703125 
v -664.67626953125 87.11933898925781 -442.7798767089844 
v -664.334228515625 87.11932373046875 -511.60528564453125 
v -664.67626953125 87.11932373046875 -511.5610046386719 
v -753.759521484375 88.97845458984375 -489.48321533203125 
v -751.7333984375 89.03054809570312 -489.7749938964844 
v -753.7858276367188 89.31024169921875 -487.8029479980469 
v -751.7333984375 89.66670989990234 -487.8029479980469 
v -753.7858276367188 89.43363952636719 -484.73681640625 
v -751.7333984375 89.79010772705078 -484.73681640625 
v -749.6875 89.31024169921875 -487.8029479980469 
v -749.707275390625 88.97845458984375 -489.48321533203125 
v -748.9376220703125 87.51144409179688 -489.98077392578125 
v -751.7333984375 87.95840454101562 -490.83782958984375 
v -754.5291748046875 87.51144409179688 -489.98077392578125 
v -755.16064453125 88.02969360351562 -487.76910400390625 
v -748.3126831054688 88.02969360351562 -487.76910400390625 
v -748.3126831054688 88.15034484863281 -484.70294189453125 
v -749.6875 89.43363952636719 -484.73681640625 
v -751.7333984375 89.50767517089844 -483.0487365722656 
v -753.7858276367188 89.1484603881836 -483.0487365722656 
v -754.5291748046875 87.55257415771484 -482.4678039550781 
v -755.16064453125 88.15034484863281 -484.70294189453125 
v -751.7333984375 88.22986602783203 -481.6341857910156 
v -749.6875 89.1484603881836 -483.0487365722656 
v -748.9376220703125 87.55257415771484 -482.4678039550781 
v -748.9376220703125 87.02883911132812 -482.4443664550781 
v -748.3126831054688 86.86705780029297 -484.6612548828125 
v -748.3126831054688 86.74366760253906 -487.7300109863281 
v -748.9376220703125 86.7299575805664 -489.9521179199219 
v -751.7333984375 86.62026977539062 -490.7961730957031 
v -754.5291748046875 86.7299575805664 -489.9521179199219 
v -755.16064453125 86.74366760253906 -487.7300109863281 
v -755.16064453125 86.86705780029297 -484.6612548828125 
v -754.5291748046875 87.02883911132812 -482.4443664550781 
v -751.7333984375 86.9904556274414 -481.592529296875 
v -726.1898803710938 87.96388244628906 -487.9566650390625 
v -724.4794921875 87.96388244628906 -488.370849609375 
v -725.81494140625 88.05986022949219 -486.3988342285156 
v -724.1045532226562 88.05986022949219 -486.81304931640625 
v -725.81494140625 88.05986022949219 -486.3988342285156 
v -724.1045532226562 88.05986022949219 -486.81304931640625 
v -725.1900024414062 88.15309143066406 -483.83807373046875 
v -723.4862060546875 88.15309143066406 -484.2496643066406 
v -725.1900024414062 88.15309143066406 -483.83807373046875 
v -723.4862060546875 88.15309143066406 -484.2496643066406 
v -724.5715942382812 88.24906158447266 -481.2746887207031 
v -722.8612670898438 88.24906158447266 -481.68890380859375 
v -724.5715942382812 88.24906158447266 -481.2746887207031 
v -722.8612670898438 88.24906158447266 -481.68890380859375 
v -723.9466552734375 88.34229278564453 -478.7113342285156 
v -722.242919921875 88.34229278564453 -479.12554931640625 
v -723.9466552734375 88.34229278564453 -478.7113342285156 
v -722.242919921875 88.34229278564453 -479.12554931640625 
v -723.3283081054688 88.43826293945312 -476.1479797363281 
v -721.6179809570312 88.43826293945312 -476.5621643066406 
v -686.2991333007812 87.96388244628906 -497.6265869140625 
v -686.325439453125 87.08641815185547 -497.75164794921875 
v -685.9176025390625 88.05986022949219 -496.06878662109375 
v -685.9373168945312 87.08642578125 -496.1365051269531 
v -685.9176025390625 88.05986022949219 -496.06878662109375 
v -685.9373168945312 87.08642578125 -496.1365051269531 
v -685.2992553710938 88.15309143066406 -493.5054016113281 
v -685.3189697265625 87.08642578125 -493.5731506347656 
v -685.2992553710938 88.15309143066406 -493.5054016113281 
v -685.3189697265625 87.08642578125 -493.5731506347656 
v -684.6808471679688 88.24906158447266 -490.9420471191406 
v -684.6940307617188 87.08642578125 -491.009765625 
v -684.6808471679688 88.24906158447266 -490.9420471191406 
v -684.6940307617188 87.08642578125 -491.009765625 
v -684.055908203125 88.34229278564453 -488.378662109375 
v -684.07568359375 87.08642578125 -488.4464111328125 
v -684.055908203125 88.34229278564453 -488.378662109375 
v -684.07568359375 87.08642578125 -488.4464111328125 
v -683.4375610351562 88.43826293945312 -485.8153076171875 
v -683.4507446289062 87.08642578125 -485.8830261230469 
v -722.9336547851562 88.53424072265625 -474.5328369140625 
v -722.9664916992188 87.08642578125 -474.6578674316406 
v -723.3283081054688 88.43826293945312 -476.1479797363281 
v -723.3414916992188 87.08642578125 -476.2156982421875 
v -723.3283081054688 88.43826293945312 -476.1479797363281 
v -723.3414916992188 87.08642578125 -476.2156982421875 
v -723.9466552734375 88.34229278564453 -478.7113342285156 
v -723.9664306640625 87.08642578125 -478.7764587402344 
v -723.9466552734375 88.34229278564453 -478.7113342285156 
v -723.9664306640625 87.08642578125 -478.7764587402344 
v -724.5715942382812 88.24906158447266 -481.2746887207031 
v -724.5847778320312 87.08642578125 -481.33984375 
v -724.5715942382812 88.24906158447266 -481.2746887207031 
v -724.5847778320312 87.08642578125 -481.33984375 
v -725.1900024414062 88.15309143066406 -483.83807373046875 
v -725.209716796875 87.08642578125 -483.9031982421875 
v -725.1900024414062 88.15309143066406 -483.83807373046875 
v -725.209716796875 87.08642578125 -483.9031982421875 
v -725.81494140625 88.05986022949219 -486.3988342285156 
v -725.8280639648438 87.08642578125 -486.4665832519531 
v -685.7662963867188 88.34229278564453 -487.9644775390625 
v -684.055908203125 88.34229278564453 -488.378662109375 
v -685.141357421875 88.43826293945312 -485.4010925292969 
v -683.4375610351562 88.43826293945312 -485.8153076171875 
v -687.6674194335938 89.28008270263672 -486.9042053222656 
v -686.19384765625 89.28008270263672 -487.2585144042969 
v -687.3187866210938 89.3321762084961 -485.4766540527344 
v -685.851806640625 89.3321762084961 -485.8335266113281 
v -690.2723999023438 89.28008270263672 -486.27117919921875 
v -688.7988891601562 89.28008270263672 -486.6280822753906 
v -689.9237670898438 89.3321762084961 -484.8462219238281 
v -688.456787109375 89.3321762084961 -485.20050048828125 
v -692.87744140625 89.28008270263672 -485.6407775878906 
v -691.4104614257812 89.28008270263672 -485.99505615234375 
v -692.5287475585938 89.3321762084961 -484.21319580078125 
v -691.0618286132812 89.3321762084961 -484.5700988769531 
v -695.482421875 89.28008270263672 -485.00775146484375 
v -694.0154418945312 89.28008270263672 -485.3646240234375 
v -695.1337890625 89.3321762084961 -483.582763671875 
v -693.6668090820312 89.3321762084961 -483.9396667480469 
v -698.08740234375 89.28008270263672 -484.3773193359375 
v -696.6204833984375 89.28008270263672 -484.7342224121094 
v -697.73876953125 89.3321762084961 -482.9523620605469 
v -696.2717895507812 89.3321762084961 -483.306640625 
v -700.6924438476562 89.28008270263672 -483.74688720703125 
v -699.2254638671875 89.28008270263672 -484.1011962890625 
v -700.34375 89.3321762084961 -482.3193359375 
v -698.8768310546875 89.3321762084961 -482.67620849609375 
v -703.2974243164062 89.28008270263672 -483.1138610839844 
v -701.8304443359375 89.28008270263672 -483.47076416015625 
v -702.9487915039062 89.3321762084961 -481.68890380859375 
v -701.4818115234375 89.3321762084961 -482.0431823730469 
v -705.9024047851562 89.28008270263672 -482.48345947265625 
v -704.4354858398438 89.28008270263672 -482.8377380371094 
v -705.5537719726562 89.3321762084961 -481.0558776855469 
v -704.0868530273438 89.3321762084961 -481.41278076171875 
v -708.5074462890625 89.28008270263672 -481.8504333496094 
v -707.0404663085938 89.28008270263672 -482.2073059082031 
v -708.1588134765625 89.3321762084961 -480.4254455566406 
v -706.6918334960938 89.3321762084961 -480.7797546386719 
v -711.1124267578125 89.28008270263672 -481.2200012207031 
v -709.6455078125 89.28008270263672 -481.576904296875 
v -710.7703857421875 89.33218383789062 -479.7950439453125 
v -709.2968139648438 89.33218383789062 -480.1493225097656 
v -714.4279174804688 88.34229278564453 -481.0194091796875 
v -711.8163452148438 88.34229278564453 -481.64984130859375 
v -713.802978515625 88.43826293945312 -478.4560241699219 
v -711.1979370117188 88.43826293945312 -479.0864562988281 
v -716.3553466796875 89.07442474365234 -479.97479248046875 
v -714.8357543945312 89.07442474365234 -480.3446960449219 
v -715.9935302734375 89.12926483154297 -478.5003356933594 
v -714.4805297851562 89.12926483154297 -478.8676452636719 
v -718.9603271484375 89.07442474365234 -479.3443603515625 
v -717.4407348632812 89.07442474365234 -479.711669921875 
v -718.6051025390625 89.12926483154297 -477.8673095703125 
v -717.0855102539062 89.12926483154297 -478.2372131347656 
v -721.5653686523438 89.07442474365234 -478.71392822265625 
v -720.0457763671875 89.07442474365234 -479.08123779296875 
v -721.2100830078125 89.12926483154297 -477.23687744140625 
v -719.6905517578125 89.12926483154297 -477.60418701171875 
v -686.3846435546875 88.24906158447266 -490.52783203125 
v -684.6808471679688 88.24906158447266 -490.9420471191406 
v -685.7662963867188 88.34229278564453 -487.9644775390625 
v -684.055908203125 88.34229278564453 -488.378662109375 
v -688.2857666015625 89.18685150146484 -489.46759033203125 
v -686.8187866210938 89.18685150146484 -489.8218688964844 
v -687.9371337890625 89.23894500732422 -488.0400085449219 
v -686.4701538085938 89.23894500732422 -488.39691162109375 
v -690.8907470703125 89.18685150146484 -488.8345642089844 
v -689.423828125 89.18685150146484 -489.1914367675781 
v -690.5421142578125 89.23894500732422 -487.40960693359375 
v -689.0751953125 89.23894500732422 -487.7638854980469 
v -693.4957885742188 89.18685150146484 -488.2041320800781 
v -692.02880859375 89.18685150146484 -488.55841064453125 
v -693.1536865234375 89.23894500732422 -486.7765808105469 
v -691.68017578125 89.23894500732422 -487.1334533691406 
v -696.1007690429688 89.18685150146484 -487.57110595703125 
v -694.6338500976562 89.18685150146484 -487.9280090332031 
v -695.7587280273438 89.23895263671875 -486.1461486816406 
v -694.291748046875 89.23894500732422 -486.50042724609375 
v -698.705810546875 89.18685150146484 -486.940673828125 
v -697.2388305664062 89.18685150146484 -487.29498291015625 
v -698.3637084960938 89.23895263671875 -485.51312255859375 
v -696.896728515625 89.23895263671875 -485.8700256347656 
v -701.310791015625 89.18685150146484 -486.3102722167969 
v -699.8438110351562 89.18685150146484 -486.66455078125 
v -700.9686889648438 89.23895263671875 -484.8826904296875 
v -699.5017700195312 89.23895263671875 -485.2395935058594 
v -703.915771484375 89.18685150146484 -485.67724609375 
v -702.4488525390625 89.18685150146484 -486.03411865234375 
v -703.57373046875 89.23895263671875 -484.2522888183594 
v -702.1067504882812 89.23895263671875 -484.6065673828125 
v -706.5208129882812 89.18685150146484 -485.04681396484375 
v -705.0538330078125 89.18685150146484 -485.4010925292969 
v -706.1787109375 89.23895263671875 -483.6192626953125 
v -704.7117309570312 89.23895263671875 -483.97613525390625 
v -709.1257934570312 89.18685150146484 -484.4137878417969 
v -707.6588134765625 89.18685150146484 -484.77069091796875 
v -708.7837524414062 89.23895263671875 -482.98883056640625 
v -707.3167724609375 89.23895263671875 -483.3431091308594 
v -711.7307739257812 89.18685150146484 -483.7833557128906 
v -710.2638549804688 89.18685150146484 -484.1376647949219 
v -711.3887329101562 89.23895263671875 -482.3558044433594 
v -709.9217529296875 89.23895263671875 -482.7126770019531 
v -715.0462646484375 88.24906158447266 -483.582763671875 
v -712.4412231445312 88.24906158447266 -484.21319580078125 
v -714.4279174804688 88.34229278564453 -481.0194091796875 
v -711.8163452148438 88.34229278564453 -481.64984130859375 
v -716.9736938476562 88.97845458984375 -482.53814697265625 
v -715.460693359375 88.97845458984375 -482.90545654296875 
v -716.6184692382812 89.03329467773438 -481.0636901855469 
v -715.098876953125 89.03329467773438 -481.4309997558594 
v -719.5786743164062 88.97845458984375 -481.90771484375 
v -718.065673828125 88.97845458984375 -482.2750549316406 
v -719.2234497070312 89.03329467773438 -480.4306640625 
v -717.703857421875 89.03329467773438 -480.80059814453125 
v -722.1837158203125 88.97845458984375 -481.2746887207031 
v -720.6707153320312 88.97845458984375 -481.6446228027344 
v -721.8284912109375 89.03329467773438 -479.80023193359375 
v -720.3088989257812 89.03329467773438 -480.1675720214844 
v -687.0095825195312 88.15309143066406 -493.0912170410156 
v -685.2992553710938 88.15309143066406 -493.5054016113281 
v -686.3846435546875 88.24906158447266 -490.52783203125 
v -684.6808471679688 88.24906158447266 -490.9420471191406 
v -688.9041137695312 89.09087371826172 -492.0283508300781 
v -687.4371948242188 89.09087371826172 -492.38525390625 
v -688.5620727539062 89.14297485351562 -490.6033935546875 
v -687.0950927734375 89.14297485351562 -490.96026611328125 
v -691.5091552734375 89.09087371826172 -491.3979187011719 
v -690.0421752929688 89.09087371826172 -491.75482177734375 
v -691.1670532226562 89.14297485351562 -489.97296142578125 
v -689.7001342773438 89.14297485351562 -490.3272399902344 
v -694.1207275390625 89.09087371826172 -490.76751708984375 
v -692.6471557617188 89.09087371826172 -491.1217956542969 
v -693.7720947265625 89.14297485351562 -489.3399353027344 
v -692.3051147460938 89.14297485351562 -489.69683837890625 
v -696.7257080078125 89.09087371826172 -490.1344909667969 
v -695.252197265625 89.09087371826172 -490.4913635253906 
v -696.3770751953125 89.14297485351562 -488.7095031738281 
v -694.9100952148438 89.14297485351562 -489.0638122558594 
v -699.3307495117188 89.09087371826172 -489.5040588378906 
v -697.86376953125 89.09087371826172 -489.85833740234375 
v -698.9820556640625 89.14297485351562 -488.07647705078125 
v -697.51513671875 89.14297485351562 -488.4333801269531 
v -701.9357299804688 89.09087371826172 -488.87103271484375 
v -700.46875 89.09087371826172 -489.2279357910156 
v -701.5870971679688 89.14297485351562 -487.4460754394531 
v -700.1201171875 89.14297485351562 -487.8029479980469 
v -704.5407104492188 89.09087371826172 -488.2406005859375 
v -703.0737915039062 89.09087371826172 -488.5975036621094 
v -704.1920776367188 89.14297485351562 -486.8156433105469 
v -702.72509765625 89.14297485351562 -487.169921875 
v -707.145751953125 89.09087371826172 -487.6101989746094 
v -705.6787719726562 89.09087371826172 -487.9644775390625 
v -706.7970581054688 89.14297485351562 -486.1826171875 
v -705.3301391601562 89.14297485351562 -486.5395202636719 
v -709.750732421875 89.09087371826172 -486.9771728515625 
v -708.2837524414062 89.09087371826172 -487.33404541015625 
v -709.402099609375 89.14297485351562 -485.55218505859375 
v -707.9351196289062 89.14297485351562 -485.906494140625 
v -712.355712890625 89.09087371826172 -486.34674072265625 
v -710.8887939453125 89.09087371826172 -486.7010192871094 
v -712.007080078125 89.14297485351562 -484.9191589355469 
v -710.5401000976562 89.14297485351562 -485.27606201171875 
v -715.6646118164062 88.15309143066406 -486.1461486816406 
v -713.0596313476562 88.15309143066406 -486.7765808105469 
v -715.0462646484375 88.24906158447266 -483.582763671875 
v -712.4412231445312 88.24906158447266 -484.21319580078125 
v -717.5986328125 88.88522338867188 -485.1015319824219 
v -716.0790405273438 88.88522338867188 -485.4688415527344 
v -717.23681640625 88.9400634765625 -483.6270751953125 
v -715.7238159179688 88.9400634765625 -483.994384765625 
v -720.20361328125 88.88522338867188 -484.4710998535156 
v -718.6840209960938 88.88522338867188 -484.8384094238281 
v -719.8418579101562 88.9400634765625 -482.9940490722656 
v -718.3287963867188 88.9400634765625 -483.3613586425781 
v -722.8086547851562 88.88522338867188 -483.83807373046875 
v -721.2890625 88.88522338867188 -484.2079772949219 
v -722.4468383789062 88.9400634765625 -482.3636169433594 
v -720.933837890625 88.9400634765625 -482.7309265136719 
v -687.6279296875 88.05986022949219 -495.6545715332031 
v -685.9176025390625 88.05986022949219 -496.06878662109375 
v -687.0095825195312 88.15309143066406 -493.0912170410156 
v -685.2992553710938 88.15309143066406 -493.5054016113281 
v -689.529052734375 88.99764251708984 -494.5917053222656 
v -688.0621337890625 88.99764251708984 -494.9486083984375 
v -689.180419921875 89.04974365234375 -493.166748046875 
v -687.7134399414062 89.04974365234375 -493.52105712890625 
v -692.1340942382812 88.99764251708984 -493.9613037109375 
v -690.6671142578125 88.99764251708984 -494.31817626953125 
v -691.785400390625 89.04974365234375 -492.5337219238281 
v -690.3184814453125 89.04974365234375 -492.890625 
v -694.7390747070312 88.99764251708984 -493.33087158203125 
v -693.2720947265625 88.99764251708984 -493.6851501464844 
v -694.3904418945312 89.04974365234375 -491.9033203125 
v -692.9234619140625 89.04974365234375 -492.26019287109375 
v -697.9163818359375 88.99764251708984 -492.5597839355469 
v -695.8771362304688 88.99764251708984 -493.05474853515625 
v -697.5677490234375 89.04974365234375 -491.13482666015625 
v -695.5284423828125 89.04974365234375 -491.6271667480469 
v -700.5213623046875 88.99764251708984 -491.9293518066406 
v -697.9163818359375 88.99764251708984 -492.5597839355469 
v -700.1727294921875 89.04974365234375 -490.5018005371094 
v -697.5677490234375 89.04974365234375 -491.13482666015625 
v -703.1264038085938 88.99764251708984 -491.29632568359375 
v -700.5213623046875 88.99764251708984 -491.9293518066406 
v -702.7777709960938 89.04974365234375 -489.8713684082031 
v -700.1727294921875 89.04974365234375 -490.5018005371094 
v -705.1590576171875 88.99764251708984 -490.8039855957031 
v -703.1264038085938 88.99764251708984 -491.29632568359375 
v -704.8170166015625 89.04974365234375 -489.37640380859375 
v -702.7777709960938 89.04974365234375 -489.8713684082031 
v -707.7640991210938 88.99764251708984 -490.1735534667969 
v -706.297119140625 88.99764251708984 -490.52783203125 
v -707.4219970703125 89.04974365234375 -488.7460021972656 
v -705.955078125 89.04974365234375 -489.1028747558594 
v -710.3690795898438 88.99764251708984 -489.54052734375 
v -708.9021606445312 88.99764251708984 -489.8974304199219 
v -710.0270385742188 89.04974365234375 -488.1155700683594 
v -708.56005859375 89.04974365234375 -488.4698486328125 
v -712.97412109375 88.99764251708984 -488.91009521484375 
v -711.5071411132812 88.99764251708984 -489.264404296875 
v -712.6320190429688 89.04974365234375 -487.4825439453125 
v -711.1650390625 89.04974365234375 -487.83941650390625 
v -716.28955078125 88.05986022949219 -488.7095031738281 
v -713.6845703125 88.05986022949219 -489.3399353027344 
v -715.6646118164062 88.15309143066406 -486.1461486816406 
v -713.0596313476562 88.15309143066406 -486.7765808105469 
v -718.2169799804688 88.78924560546875 -487.6648864746094 
v -716.7039794921875 88.78924560546875 -488.0321960449219 
v -717.8617553710938 88.8440933227539 -486.1904296875 
v -716.3421630859375 88.8440933227539 -486.5577392578125 
v -720.822021484375 88.78924560546875 -487.0344543457031 
v -719.3089599609375 88.78924560546875 -487.40179443359375 
v -720.4667358398438 88.8440933227539 -485.5574035644531 
v -718.9472045898438 88.8440933227539 -485.9247131347656 
v -723.427001953125 88.78924560546875 -486.40142822265625 
v -721.9140014648438 88.78924560546875 -486.7687683105469 
v -723.07177734375 88.8440933227539 -484.9269714355469 
v -721.5521850585938 88.8440933227539 -485.2942810058594 
v -688.0094604492188 87.96388244628906 -497.21240234375 
v -686.2991333007812 87.96388244628906 -497.6265869140625 
v -687.6279296875 88.05986022949219 -495.6545715332031 
v -685.9176025390625 88.05986022949219 -496.06878662109375 
v -690.614501953125 87.96388244628906 -496.5793762207031 
v -688.0094604492188 87.96388244628906 -497.21240234375 
v -690.2329711914062 88.05986022949219 -495.024169921875 
v -687.6279296875 88.05986022949219 -495.6545715332031 
v -693.219482421875 87.96388244628906 -495.9489440917969 
v -690.614501953125 87.96388244628906 -496.5793762207031 
v -692.8379516601562 88.05986022949219 -494.3911437988281 
v -690.2329711914062 88.05986022949219 -495.024169921875 
v -695.824462890625 87.96388244628906 -495.31591796875 
v -693.219482421875 87.96388244628906 -495.9489440917969 
v -695.4429321289062 88.05986022949219 -493.7607116699219 
v -692.8379516601562 88.05986022949219 -494.3911437988281 
v -698.4295043945312 87.96388244628906 -494.68548583984375 
v -695.824462890625 87.96388244628906 -495.31591796875 
v -698.0479736328125 88.05986022949219 -493.127685546875 
v -695.4429321289062 88.05986022949219 -493.7607116699219 
v -701.0344848632812 87.96388244628906 -494.0550842285156 
v -698.4295043945312 87.96388244628906 -494.68548583984375 
v -700.6595458984375 88.05986022949219 -492.49725341796875 
v -698.0479736328125 88.05986022949219 -493.127685546875 
v -703.6395263671875 87.96388244628906 -493.42205810546875 
v -701.0344848632812 87.96388244628906 -494.0550842285156 
v -703.2645263671875 88.05986022949219 -491.8668212890625 
v -700.6595458984375 88.05986022949219 -492.49725341796875 
v -706.2445068359375 87.96388244628906 -492.7916259765625 
v -703.6395263671875 87.96388244628906 -493.42205810546875 
v -705.8695678710938 88.05986022949219 -491.2337951660156 
v -703.2645263671875 88.05986022949219 -491.8668212890625 
v -708.8494873046875 87.96388244628906 -492.1585998535156 
v -706.2445068359375 87.96388244628906 -492.7916259765625 
v -708.4745483398438 88.05986022949219 -490.6033935546875 
v -705.8695678710938 88.05986022949219 -491.2337951660156 
v -708.4745483398438 88.05986022949219 -490.6033935546875 
v -711.0795288085938 88.05986022949219 -489.9703674316406 
v -708.8494873046875 87.96388244628906 -492.1585998535156 
v -711.4545288085938 87.96388244628906 -491.5281677246094 
v -713.6845703125 88.05986022949219 -489.3399353027344 
v -714.0595092773438 87.96388244628906 -490.89776611328125 
v -716.6644897460938 87.96388244628906 -490.2647399902344 
v -716.28955078125 88.05986022949219 -488.7095031738281 
v -714.0595092773438 87.96388244628906 -490.89776611328125 
v -713.6845703125 88.05986022949219 -489.3399353027344 
v -719.26953125 87.96388244628906 -489.6343078613281 
v -718.89453125 88.05986022949219 -488.07647705078125 
v -716.6644897460938 87.96388244628906 -490.2647399902344 
v -716.28955078125 88.05986022949219 -488.7095031738281 
v -721.87451171875 87.96388244628906 -489.00128173828125 
v -721.4995727539062 88.05986022949219 -487.4460754394531 
v -719.26953125 87.96388244628906 -489.6343078613281 
v -718.89453125 88.05986022949219 -488.07647705078125 
v -724.4794921875 87.96388244628906 -488.370849609375 
v -724.1045532226562 88.05986022949219 -486.81304931640625 
v -721.87451171875 87.96388244628906 -489.00128173828125 
v -721.4995727539062 88.05986022949219 -487.4460754394531 
v -685.141357421875 88.43826293945312 -485.4010925292969 
v -684.7532348632812 88.53424072265625 -483.78857421875 
v -683.4375610351562 88.43826293945312 -485.8153076171875 
v -683.0428466796875 88.53424072265625 -484.2001647949219 
v -687.7529296875 88.43826293945312 -484.77069091796875 
v -687.3582153320312 88.53424072265625 -483.1555480957031 
v -685.141357421875 88.43826293945312 -485.4010925292969 
v -684.7532348632812 88.53424072265625 -483.78857421875 
v -690.35791015625 88.43826293945312 -484.1402587890625 
v -689.9632568359375 88.53424072265625 -482.5251159667969 
v -687.7529296875 88.43826293945312 -484.77069091796875 
v -687.3582153320312 88.53424072265625 -483.1555480957031 
v -692.9629516601562 88.43826293945312 -483.5072326660156 
v -692.5682373046875 88.53424072265625 -481.89208984375 
v -690.35791015625 88.43826293945312 -484.1402587890625 
v -689.9632568359375 88.53424072265625 -482.5251159667969 
v -695.5679321289062 88.43826293945312 -482.8768005371094 
v -695.1732177734375 88.53424072265625 -481.2616882324219 
v -692.9629516601562 88.43826293945312 -483.5072326660156 
v -692.5682373046875 88.53424072265625 -481.89208984375 
v -698.1729125976562 88.43826293945312 -482.2437744140625 
v -697.7782592773438 88.53424072265625 -480.628662109375 
v -695.5679321289062 88.43826293945312 -482.8768005371094 
v -695.1732177734375 88.53424072265625 -481.2616882324219 
v -700.7779541015625 88.43826293945312 -481.6133728027344 
v -700.3832397460938 88.53424072265625 -479.99822998046875 
v -698.1729125976562 88.43826293945312 -482.2437744140625 
v -697.7782592773438 88.53424072265625 -480.628662109375 
v -703.3829345703125 88.43826293945312 -480.9829406738281 
v -702.9882202148438 88.53424072265625 -479.3677978515625 
v -700.7779541015625 88.43826293945312 -481.6133728027344 
v -700.3832397460938 88.53424072265625 -479.99822998046875 
v -705.9879760742188 88.43826293945312 -480.34991455078125 
v -705.59326171875 88.53424072265625 -478.7347717285156 
v -703.3829345703125 88.43826293945312 -480.9829406738281 
v -702.9882202148438 88.53424072265625 -479.3677978515625 
v -708.5929565429688 88.43826293945312 -479.719482421875 
v -708.1982421875 88.53424072265625 -478.1043701171875 
v -705.9879760742188 88.43826293945312 -480.34991455078125 
v -705.59326171875 88.53424072265625 -478.7347717285156 
v -711.1979370117188 88.43826293945312 -479.0864562988281 
v -710.809814453125 88.53424072265625 -477.4713439941406 
v -708.5929565429688 88.43826293945312 -479.719482421875 
v -708.1982421875 88.53424072265625 -478.1043701171875 
v -713.802978515625 88.43826293945312 -478.4560241699219 
v -713.4148559570312 88.53424072265625 -476.8409118652344 
v -711.1979370117188 88.43826293945312 -479.0864562988281 
v -710.809814453125 88.53424072265625 -477.4713439941406 
v -716.407958984375 88.43826293945312 -477.82562255859375 
v -716.0198364257812 88.53424072265625 -476.2104797363281 
v -713.802978515625 88.43826293945312 -478.4560241699219 
v -713.4148559570312 88.53424072265625 -476.8409118652344 
v -719.012939453125 88.43826293945312 -477.1925964355469 
v -718.6248168945312 88.53424072265625 -475.57745361328125 
v -716.407958984375 88.43826293945312 -477.82562255859375 
v -716.0198364257812 88.53424072265625 -476.2104797363281 
v -721.6179809570312 88.43826293945312 -476.5621643066406 
v -721.2298583984375 88.53424072265625 -474.947021484375 
v -719.012939453125 88.43826293945312 -477.1925964355469 
v -718.6248168945312 88.53424072265625 -475.57745361328125 
v -683.0428466796875 88.53424072265625 -484.2001647949219 
v -684.7532348632812 88.53424072265625 -483.78857421875 
v -683.0757446289062 87.08642578125 -484.32781982421875 
v -684.7861328125 87.08642578125 -483.9136047363281 
v -684.7532348632812 88.53424072265625 -483.78857421875 
v -687.3582153320312 88.53424072265625 -483.1555480957031 
v -684.7861328125 87.08642578125 -483.9136047363281 
v -687.39111328125 87.08642578125 -483.28057861328125 
v -687.3582153320312 88.53424072265625 -483.1555480957031 
v -689.9632568359375 88.53424072265625 -482.5251159667969 
v -687.39111328125 87.08642578125 -483.28057861328125 
v -689.9961547851562 87.08642578125 -482.6501770019531 
v -689.9632568359375 88.53424072265625 -482.5251159667969 
v -692.5682373046875 88.53424072265625 -481.89208984375 
v -689.9961547851562 87.08642578125 -482.6501770019531 
v -692.6011352539062 87.08642578125 -482.01715087890625 
v -692.5682373046875 88.53424072265625 -481.89208984375 
v -695.1732177734375 88.53424072265625 -481.2616882324219 
v -692.6011352539062 87.08642578125 -482.01715087890625 
v -695.2061157226562 87.08642578125 -481.38671875 
v -695.1732177734375 88.53424072265625 -481.2616882324219 
v -697.7782592773438 88.53424072265625 -480.628662109375 
v -695.2061157226562 87.08642578125 -481.38671875 
v -697.8111572265625 87.08642578125 -480.75628662109375 
v -697.7782592773438 88.53424072265625 -480.628662109375 
v -700.3832397460938 88.53424072265625 -479.99822998046875 
v -697.8111572265625 87.08642578125 -480.75628662109375 
v -700.4161376953125 87.08642578125 -480.1232604980469 
v -700.3832397460938 88.53424072265625 -479.99822998046875 
v -702.9882202148438 88.53424072265625 -479.3677978515625 
v -700.4161376953125 87.08642578125 -480.1232604980469 
v -703.0211181640625 87.08642578125 -479.49285888671875 
v -702.9882202148438 88.53424072265625 -479.3677978515625 
v -705.59326171875 88.53424072265625 -478.7347717285156 
v -703.0211181640625 87.08642578125 -479.49285888671875 
v -705.6261596679688 87.08642578125 -478.8598327636719 
v -705.59326171875 88.53424072265625 -478.7347717285156 
v -708.1982421875 88.53424072265625 -478.1043701171875 
v -705.6261596679688 87.08642578125 -478.8598327636719 
v -708.2311401367188 87.08642578125 -478.2294006347656 
v -708.1982421875 88.53424072265625 -478.1043701171875 
v -710.809814453125 88.53424072265625 -477.4713439941406 
v -708.2311401367188 87.08642578125 -478.2294006347656 
v -710.8361206054688 87.08642578125 -477.5989685058594 
v -710.809814453125 88.53424072265625 -477.4713439941406 
v -713.4148559570312 88.53424072265625 -476.8409118652344 
v -710.8361206054688 87.08642578125 -477.5989685058594 
v -713.441162109375 87.08642578125 -476.9659423828125 
v -713.4148559570312 88.53424072265625 -476.8409118652344 
v -716.0198364257812 88.53424072265625 -476.2104797363281 
v -713.441162109375 87.08642578125 -476.9659423828125 
v -716.046142578125 87.08642578125 -476.3355407714844 
v -716.0198364257812 88.53424072265625 -476.2104797363281 
v -718.6248168945312 88.53424072265625 -475.57745361328125 
v -716.046142578125 87.08642578125 -476.3355407714844 
v -718.6511840820312 87.08642578125 -475.7025146484375 
v -718.6248168945312 88.53424072265625 -475.57745361328125 
v -721.2298583984375 88.53424072265625 -474.947021484375 
v -718.6511840820312 87.08642578125 -475.7025146484375 
v -721.2561645507812 87.08642578125 -475.07208251953125 
v -726.1898803710938 87.96388244628906 -487.9566650390625 
v -724.4794921875 87.96388244628906 -488.370849609375 
v -726.2227783203125 87.08642578125 -488.0816955566406 
v -724.5123901367188 87.08642578125 -488.49591064453125 
v -724.4794921875 87.96388244628906 -488.370849609375 
v -721.87451171875 87.96388244628906 -489.00128173828125 
v -724.5123901367188 87.08642578125 -488.49591064453125 
v -721.9074096679688 87.08642578125 -489.1263122558594 
v -721.87451171875 87.96388244628906 -489.00128173828125 
v -719.26953125 87.96388244628906 -489.6343078613281 
v -721.9074096679688 87.08642578125 -489.1263122558594 
v -719.3024291992188 87.08642578125 -489.75933837890625 
v -719.26953125 87.96388244628906 -489.6343078613281 
v -716.6644897460938 87.96388244628906 -490.2647399902344 
v -719.3024291992188 87.08642578125 -489.75933837890625 
v -716.6973876953125 87.08642578125 -490.3897705078125 
v -716.6644897460938 87.96388244628906 -490.2647399902344 
v -714.0595092773438 87.96388244628906 -490.89776611328125 
v -716.6973876953125 87.08642578125 -490.3897705078125 
v -714.0924072265625 87.08642578125 -491.0227966308594 
v -714.0595092773438 87.96388244628906 -490.89776611328125 
v -711.4545288085938 87.96388244628906 -491.5281677246094 
v -714.0924072265625 87.08642578125 -491.0227966308594 
v -711.4874267578125 87.08642578125 -491.6532287597656 
v -711.4545288085938 87.96388244628906 -491.5281677246094 
v -708.8494873046875 87.96388244628906 -492.1585998535156 
v -711.4874267578125 87.08642578125 -491.6532287597656 
v -708.8823852539062 87.08642578125 -492.28363037109375 
v -708.8494873046875 87.96388244628906 -492.1585998535156 
v -706.2445068359375 87.96388244628906 -492.7916259765625 
v -708.8823852539062 87.08642578125 -492.28363037109375 
v -706.2774047851562 87.08642578125 -492.9166564941406 
v -706.2445068359375 87.96388244628906 -492.7916259765625 
v -703.6395263671875 87.96388244628906 -493.42205810546875 
v -706.2774047851562 87.08642578125 -492.9166564941406 
v -703.67236328125 87.08642578125 -493.5470886230469 
v -703.6395263671875 87.96388244628906 -493.42205810546875 
v -701.0344848632812 87.96388244628906 -494.0550842285156 
v -703.67236328125 87.08642578125 -493.5470886230469 
v -701.060791015625 87.08642578125 -494.18011474609375 
v -701.0344848632812 87.96388244628906 -494.0550842285156 
v -698.4295043945312 87.96388244628906 -494.68548583984375 
v -701.060791015625 87.08642578125 -494.18011474609375 
v -698.455810546875 87.08642578125 -494.810546875 
v -698.4295043945312 87.96388244628906 -494.68548583984375 
v -695.824462890625 87.96388244628906 -495.31591796875 
v -698.455810546875 87.08642578125 -494.810546875 
v -695.850830078125 87.08642578125 -495.44097900390625 
v -695.824462890625 87.96388244628906 -495.31591796875 
v -693.219482421875 87.96388244628906 -495.9489440917969 
v -695.850830078125 87.08642578125 -495.44097900390625 
v -693.2457885742188 87.08642578125 -496.0740051269531 
v -693.219482421875 87.96388244628906 -495.9489440917969 
v -690.614501953125 87.96388244628906 -496.5793762207031 
v -693.2457885742188 87.08642578125 -496.0740051269531 
v -690.6408081054688 87.08642578125 -496.70440673828125 
v -690.614501953125 87.96388244628906 -496.5793762207031 
v -688.0094604492188 87.96388244628906 -497.21240234375 
v -690.6408081054688 87.08642578125 -496.70440673828125 
v -688.0357666015625 87.08641815185547 -497.3374328613281 
v -688.3712768554688 88.34229278564453 -487.33404541015625 
v -687.6674194335938 89.28008270263672 -486.9042053222656 
v -685.7662963867188 88.34229278564453 -487.9644775390625 
v -686.19384765625 89.28008270263672 -487.2585144042969 
v -687.7529296875 88.43826293945312 -484.77069091796875 
v -687.3187866210938 89.3321762084961 -485.4766540527344 
v -688.3712768554688 88.34229278564453 -487.33404541015625 
v -687.6674194335938 89.28008270263672 -486.9042053222656 
v -685.141357421875 88.43826293945312 -485.4010925292969 
v -685.851806640625 89.3321762084961 -485.8335266113281 
v -687.7529296875 88.43826293945312 -484.77069091796875 
v -687.3187866210938 89.3321762084961 -485.4766540527344 
v -685.7662963867188 88.34229278564453 -487.9644775390625 
v -686.19384765625 89.28008270263672 -487.2585144042969 
v -685.141357421875 88.43826293945312 -485.4010925292969 
v -685.851806640625 89.3321762084961 -485.8335266113281 
v -690.976318359375 88.34229278564453 -486.70361328125 
v -690.2723999023438 89.28008270263672 -486.27117919921875 
v -688.3712768554688 88.34229278564453 -487.33404541015625 
v -688.7988891601562 89.28008270263672 -486.6280822753906 
v -690.35791015625 88.43826293945312 -484.1402587890625 
v -689.9237670898438 89.3321762084961 -484.8462219238281 
v -690.976318359375 88.34229278564453 -486.70361328125 
v -690.2723999023438 89.28008270263672 -486.27117919921875 
v -687.7529296875 88.43826293945312 -484.77069091796875 
v -688.456787109375 89.3321762084961 -485.20050048828125 
v -690.35791015625 88.43826293945312 -484.1402587890625 
v -689.9237670898438 89.3321762084961 -484.8462219238281 
v -688.3712768554688 88.34229278564453 -487.33404541015625 
v -688.7988891601562 89.28008270263672 -486.6280822753906 
v -687.7529296875 88.43826293945312 -484.77069091796875 
v -688.456787109375 89.3321762084961 -485.20050048828125 
v -693.581298828125 88.34229278564453 -486.0705871582031 
v -692.87744140625 89.28008270263672 -485.6407775878906 
v -690.976318359375 88.34229278564453 -486.70361328125 
v -691.4104614257812 89.28008270263672 -485.99505615234375 
v -692.9629516601562 88.43826293945312 -483.5072326660156 
v -692.5287475585938 89.3321762084961 -484.21319580078125 
v -693.581298828125 88.34229278564453 -486.0705871582031 
v -692.87744140625 89.28008270263672 -485.6407775878906 
v -690.35791015625 88.43826293945312 -484.1402587890625 
v -691.0618286132812 89.3321762084961 -484.5700988769531 
v -692.9629516601562 88.43826293945312 -483.5072326660156 
v -692.5287475585938 89.3321762084961 -484.21319580078125 
v -690.976318359375 88.34229278564453 -486.70361328125 
v -691.4104614257812 89.28008270263672 -485.99505615234375 
v -690.35791015625 88.43826293945312 -484.1402587890625 
v -691.0618286132812 89.3321762084961 -484.5700988769531 
v -696.186279296875 88.34229278564453 -485.440185546875 
v -695.482421875 89.28008270263672 -485.00775146484375 
v -693.581298828125 88.34229278564453 -486.0705871582031 
v -694.0154418945312 89.28008270263672 -485.3646240234375 
v -695.5679321289062 88.43826293945312 -482.8768005371094 
v -695.1337890625 89.3321762084961 -483.582763671875 
v -696.186279296875 88.34229278564453 -485.440185546875 
v -695.482421875 89.28008270263672 -485.00775146484375 
v -692.9629516601562 88.43826293945312 -483.5072326660156 
v -693.6668090820312 89.3321762084961 -483.9396667480469 
v -695.5679321289062 88.43826293945312 -482.8768005371094 
v -695.1337890625 89.3321762084961 -483.582763671875 
v -693.581298828125 88.34229278564453 -486.0705871582031 
v -694.0154418945312 89.28008270263672 -485.3646240234375 
v -692.9629516601562 88.43826293945312 -483.5072326660156 
v -693.6668090820312 89.3321762084961 -483.9396667480469 
v -698.7913208007812 88.34229278564453 -484.8071594238281 
v -698.08740234375 89.28008270263672 -484.3773193359375 
v -696.186279296875 88.34229278564453 -485.440185546875 
v -696.6204833984375 89.28008270263672 -484.7342224121094 
v -698.1729125976562 88.43826293945312 -482.2437744140625 
v -697.73876953125 89.3321762084961 -482.9523620605469 
v -698.7913208007812 88.34229278564453 -484.8071594238281 
v -698.08740234375 89.28008270263672 -484.3773193359375 
v -695.5679321289062 88.43826293945312 -482.8768005371094 
v -696.2717895507812 89.3321762084961 -483.306640625 
v -698.1729125976562 88.43826293945312 -482.2437744140625 
v -697.73876953125 89.3321762084961 -482.9523620605469 
v -696.186279296875 88.34229278564453 -485.440185546875 
v -696.6204833984375 89.28008270263672 -484.7342224121094 
v -695.5679321289062 88.43826293945312 -482.8768005371094 
v -696.2717895507812 89.3321762084961 -483.306640625 
v -701.3963012695312 88.34229278564453 -484.1767272949219 
v -700.6924438476562 89.28008270263672 -483.74688720703125 
v -698.7913208007812 88.34229278564453 -484.8071594238281 
v -699.2254638671875 89.28008270263672 -484.1011962890625 
v -700.7779541015625 88.43826293945312 -481.6133728027344 
v -700.34375 89.3321762084961 -482.3193359375 
v -701.3963012695312 88.34229278564453 -484.1767272949219 
v -700.6924438476562 89.28008270263672 -483.74688720703125 
v -698.1729125976562 88.43826293945312 -482.2437744140625 
v -698.8768310546875 89.3321762084961 -482.67620849609375 
v -700.7779541015625 88.43826293945312 -481.6133728027344 
v -700.34375 89.3321762084961 -482.3193359375 
v -698.7913208007812 88.34229278564453 -484.8071594238281 
v -699.2254638671875 89.28008270263672 -484.1011962890625 
v -698.1729125976562 88.43826293945312 -482.2437744140625 
v -698.8768310546875 89.3321762084961 -482.67620849609375 
v -704.0012817382812 88.34229278564453 -483.543701171875 
v -703.2974243164062 89.28008270263672 -483.1138610839844 
v -701.3963012695312 88.34229278564453 -484.1767272949219 
v -701.8304443359375 89.28008270263672 -483.47076416015625 
v -703.3829345703125 88.43826293945312 -480.9829406738281 
v -702.9487915039062 89.3321762084961 -481.68890380859375 
v -704.0012817382812 88.34229278564453 -483.543701171875 
v -703.2974243164062 89.28008270263672 -483.1138610839844 
v -700.7779541015625 88.43826293945312 -481.6133728027344 
v -701.4818115234375 89.3321762084961 -482.0431823730469 
v -703.3829345703125 88.43826293945312 -480.9829406738281 
v -702.9487915039062 89.3321762084961 -481.68890380859375 
v -701.3963012695312 88.34229278564453 -484.1767272949219 
v -701.8304443359375 89.28008270263672 -483.47076416015625 
v -700.7779541015625 88.43826293945312 -481.6133728027344 
v -701.4818115234375 89.3321762084961 -482.0431823730469 
v -706.6063232421875 88.34229278564453 -482.91326904296875 
v -705.9024047851562 89.28008270263672 -482.48345947265625 
v -704.0012817382812 88.34229278564453 -483.543701171875 
v -704.4354858398438 89.28008270263672 -482.8377380371094 
v -705.9879760742188 88.43826293945312 -480.34991455078125 
v -705.5537719726562 89.3321762084961 -481.0558776855469 
v -706.6063232421875 88.34229278564453 -482.91326904296875 
v -705.9024047851562 89.28008270263672 -482.48345947265625 
v -703.3829345703125 88.43826293945312 -480.9829406738281 
v -704.0868530273438 89.3321762084961 -481.41278076171875 
v -705.9879760742188 88.43826293945312 -480.34991455078125 
v -705.5537719726562 89.3321762084961 -481.0558776855469 
v -704.0012817382812 88.34229278564453 -483.543701171875 
v -704.4354858398438 89.28008270263672 -482.8377380371094 
v -703.3829345703125 88.43826293945312 -480.9829406738281 
v -704.0868530273438 89.3321762084961 -481.41278076171875 
v -707.0404663085938 89.28008270263672 -482.2073059082031 
v -706.6063232421875 88.34229278564453 -482.91326904296875 
v -708.5074462890625 89.28008270263672 -481.8504333496094 
v -709.2113037109375 88.34229278564453 -482.2828674316406 
v -709.6455078125 89.28008270263672 -481.576904296875 
v -711.1124267578125 89.28008270263672 -481.2200012207031 
v -711.8163452148438 88.34229278564453 -481.64984130859375 
v -708.5929565429688 88.43826293945312 -479.719482421875 
v -708.1588134765625 89.3321762084961 -480.4254455566406 
v -709.2113037109375 88.34229278564453 -482.2828674316406 
v -708.5074462890625 89.28008270263672 -481.8504333496094 
v -705.9879760742188 88.43826293945312 -480.34991455078125 
v -706.6918334960938 89.3321762084961 -480.7797546386719 
v -708.5929565429688 88.43826293945312 -479.719482421875 
v -708.1588134765625 89.3321762084961 -480.4254455566406 
v -706.6063232421875 88.34229278564453 -482.91326904296875 
v -707.0404663085938 89.28008270263672 -482.2073059082031 
v -705.9879760742188 88.43826293945312 -480.34991455078125 
v -706.6918334960938 89.3321762084961 -480.7797546386719 
v -711.1979370117188 88.43826293945312 -479.0864562988281 
v -710.7703857421875 89.33218383789062 -479.7950439453125 
v -711.8163452148438 88.34229278564453 -481.64984130859375 
v -711.1124267578125 89.28008270263672 -481.2200012207031 
v -708.5929565429688 88.43826293945312 -479.719482421875 
v -709.2968139648438 89.33218383789062 -480.1493225097656 
v -711.1979370117188 88.43826293945312 -479.0864562988281 
v -710.7703857421875 89.33218383789062 -479.7950439453125 
v -709.2113037109375 88.34229278564453 -482.2828674316406 
v -709.6455078125 89.28008270263672 -481.576904296875 
v -708.5929565429688 88.43826293945312 -479.719482421875 
v -709.2968139648438 89.33218383789062 -480.1493225097656 
v -688.9896240234375 88.24906158447266 -489.8974304199219 
v -688.2857666015625 89.18685150146484 -489.46759033203125 
v -686.3846435546875 88.24906158447266 -490.52783203125 
v -686.8187866210938 89.18685150146484 -489.8218688964844 
v -688.3712768554688 88.34229278564453 -487.33404541015625 
v -687.9371337890625 89.23894500732422 -488.0400085449219 
v -688.9896240234375 88.24906158447266 -489.8974304199219 
v -688.2857666015625 89.18685150146484 -489.46759033203125 
v -685.7662963867188 88.34229278564453 -487.9644775390625 
v -686.4701538085938 89.23894500732422 -488.39691162109375 
v -688.3712768554688 88.34229278564453 -487.33404541015625 
v -687.9371337890625 89.23894500732422 -488.0400085449219 
v -686.3846435546875 88.24906158447266 -490.52783203125 
v -686.8187866210938 89.18685150146484 -489.8218688964844 
v -685.7662963867188 88.34229278564453 -487.9644775390625 
v -686.4701538085938 89.23894500732422 -488.39691162109375 
v -691.5946655273438 88.24906158447266 -489.264404296875 
v -690.8907470703125 89.18685150146484 -488.8345642089844 
v -688.9896240234375 88.24906158447266 -489.8974304199219 
v -689.423828125 89.18685150146484 -489.1914367675781 
v -690.976318359375 88.34229278564453 -486.70361328125 
v -690.5421142578125 89.23894500732422 -487.40960693359375 
v -691.5946655273438 88.24906158447266 -489.264404296875 
v -690.8907470703125 89.18685150146484 -488.8345642089844 
v -688.3712768554688 88.34229278564453 -487.33404541015625 
v -689.0751953125 89.23894500732422 -487.7638854980469 
v -690.976318359375 88.34229278564453 -486.70361328125 
v -690.5421142578125 89.23894500732422 -487.40960693359375 
v -688.9896240234375 88.24906158447266 -489.8974304199219 
v -689.423828125 89.18685150146484 -489.1914367675781 
v -688.3712768554688 88.34229278564453 -487.33404541015625 
v -689.0751953125 89.23894500732422 -487.7638854980469 
v -694.2062377929688 88.24906158447266 -488.63397216796875 
v -693.4957885742188 89.18685150146484 -488.2041320800781 
v -691.5946655273438 88.24906158447266 -489.264404296875 
v -692.02880859375 89.18685150146484 -488.55841064453125 
v -693.581298828125 88.34229278564453 -486.0705871582031 
v -693.1536865234375 89.23894500732422 -486.7765808105469 
v -694.2062377929688 88.24906158447266 -488.63397216796875 
v -693.4957885742188 89.18685150146484 -488.2041320800781 
v -690.976318359375 88.34229278564453 -486.70361328125 
v -691.68017578125 89.23894500732422 -487.1334533691406 
v -693.581298828125 88.34229278564453 -486.0705871582031 
v -693.1536865234375 89.23894500732422 -486.7765808105469 
v -691.5946655273438 88.24906158447266 -489.264404296875 
v -692.02880859375 89.18685150146484 -488.55841064453125 
v -690.976318359375 88.34229278564453 -486.70361328125 
v -691.68017578125 89.23894500732422 -487.1334533691406 
v -696.8112182617188 88.24906158447266 -488.0035400390625 
v -696.1007690429688 89.18685150146484 -487.57110595703125 
v -694.2062377929688 88.24906158447266 -488.63397216796875 
v -694.6338500976562 89.18685150146484 -487.9280090332031 
v -696.186279296875 88.34229278564453 -485.440185546875 
v -695.7587280273438 89.23895263671875 -486.1461486816406 
v -696.8112182617188 88.24906158447266 -488.0035400390625 
v -696.1007690429688 89.18685150146484 -487.57110595703125 
v -693.581298828125 88.34229278564453 -486.0705871582031 
v -694.291748046875 89.23894500732422 -486.50042724609375 
v -696.186279296875 88.34229278564453 -485.440185546875 
v -695.7587280273438 89.23895263671875 -486.1461486816406 
v -694.2062377929688 88.24906158447266 -488.63397216796875 
v -694.6338500976562 89.18685150146484 -487.9280090332031 
v -693.581298828125 88.34229278564453 -486.0705871582031 
v -694.291748046875 89.23894500732422 -486.50042724609375 
v -699.416259765625 88.24906158447266 -487.3705139160156 
v -698.705810546875 89.18685150146484 -486.940673828125 
v -696.8112182617188 88.24906158447266 -488.0035400390625 
v -697.2388305664062 89.18685150146484 -487.29498291015625 
v -698.7913208007812 88.34229278564453 -484.8071594238281 
v -698.3637084960938 89.23895263671875 -485.51312255859375 
v -699.416259765625 88.24906158447266 -487.3705139160156 
v -698.705810546875 89.18685150146484 -486.940673828125 
v -696.186279296875 88.34229278564453 -485.440185546875 
v -696.896728515625 89.23895263671875 -485.8700256347656 
v -698.7913208007812 88.34229278564453 -484.8071594238281 
v -698.3637084960938 89.23895263671875 -485.51312255859375 
v -696.8112182617188 88.24906158447266 -488.0035400390625 
v -697.2388305664062 89.18685150146484 -487.29498291015625 
v -696.186279296875 88.34229278564453 -485.440185546875 
v -696.896728515625 89.23895263671875 -485.8700256347656 
v -702.021240234375 88.24906158447266 -486.7401123046875 
v -701.310791015625 89.18685150146484 -486.3102722167969 
v -699.416259765625 88.24906158447266 -487.3705139160156 
v -699.8438110351562 89.18685150146484 -486.66455078125 
v -701.3963012695312 88.34229278564453 -484.1767272949219 
v -700.9686889648438 89.23895263671875 -484.8826904296875 
v -702.021240234375 88.24906158447266 -486.7401123046875 
v -701.310791015625 89.18685150146484 -486.3102722167969 
v -698.7913208007812 88.34229278564453 -484.8071594238281 
v -699.5017700195312 89.23895263671875 -485.2395935058594 
v -701.3963012695312 88.34229278564453 -484.1767272949219 
v -700.9686889648438 89.23895263671875 -484.8826904296875 
v -699.416259765625 88.24906158447266 -487.3705139160156 
v -699.8438110351562 89.18685150146484 -486.66455078125 
v -698.7913208007812 88.34229278564453 -484.8071594238281 
v -699.5017700195312 89.23895263671875 -485.2395935058594 
v -704.626220703125 88.24906158447266 -486.1070556640625 
v -703.915771484375 89.18685150146484 -485.67724609375 
v -702.021240234375 88.24906158447266 -486.7401123046875 
v -702.4488525390625 89.18685150146484 -486.03411865234375 
v -704.0012817382812 88.34229278564453 -483.543701171875 
v -703.57373046875 89.23895263671875 -484.2522888183594 
v -704.626220703125 88.24906158447266 -486.1070556640625 
v -703.915771484375 89.18685150146484 -485.67724609375 
v -701.3963012695312 88.34229278564453 -484.1767272949219 
v -702.1067504882812 89.23895263671875 -484.6065673828125 
v -704.0012817382812 88.34229278564453 -483.543701171875 
v -703.57373046875 89.23895263671875 -484.2522888183594 
v -702.021240234375 88.24906158447266 -486.7401123046875 
v -702.4488525390625 89.18685150146484 -486.03411865234375 
v -701.3963012695312 88.34229278564453 -484.1767272949219 
v -702.1067504882812 89.23895263671875 -484.6065673828125 
v -707.2312622070312 88.24906158447266 -485.4766540527344 
v -706.5208129882812 89.18685150146484 -485.04681396484375 
v -704.626220703125 88.24906158447266 -486.1070556640625 
v -705.0538330078125 89.18685150146484 -485.4010925292969 
v -706.6063232421875 88.34229278564453 -482.91326904296875 
v -706.1787109375 89.23895263671875 -483.6192626953125 
v -707.2312622070312 88.24906158447266 -485.4766540527344 
v -706.5208129882812 89.18685150146484 -485.04681396484375 
v -704.0012817382812 88.34229278564453 -483.543701171875 
v -704.7117309570312 89.23895263671875 -483.97613525390625 
v -706.6063232421875 88.34229278564453 -482.91326904296875 
v -706.1787109375 89.23895263671875 -483.6192626953125 
v -704.626220703125 88.24906158447266 -486.1070556640625 
v -705.0538330078125 89.18685150146484 -485.4010925292969 
v -704.0012817382812 88.34229278564453 -483.543701171875 
v -704.7117309570312 89.23895263671875 -483.97613525390625 
v -709.8362426757812 88.24906158447266 -484.8462219238281 
v -709.1257934570312 89.18685150146484 -484.4137878417969 
v -707.2312622070312 88.24906158447266 -485.4766540527344 
v -707.6588134765625 89.18685150146484 -484.77069091796875 
v -709.2113037109375 88.34229278564453 -482.2828674316406 
v -708.7837524414062 89.23895263671875 -482.98883056640625 
v -709.8362426757812 88.24906158447266 -484.8462219238281 
v -709.1257934570312 89.18685150146484 -484.4137878417969 
v -706.6063232421875 88.34229278564453 -482.91326904296875 
v -707.3167724609375 89.23895263671875 -483.3431091308594 
v -709.2113037109375 88.34229278564453 -482.2828674316406 
v -708.7837524414062 89.23895263671875 -482.98883056640625 
v -707.2312622070312 88.24906158447266 -485.4766540527344 
v -707.6588134765625 89.18685150146484 -484.77069091796875 
v -706.6063232421875 88.34229278564453 -482.91326904296875 
v -707.3167724609375 89.23895263671875 -483.3431091308594 
v -712.4412231445312 88.24906158447266 -484.21319580078125 
v -711.7307739257812 89.18685150146484 -483.7833557128906 
v -709.8362426757812 88.24906158447266 -484.8462219238281 
v -710.2638549804688 89.18685150146484 -484.1376647949219 
v -711.8163452148438 88.34229278564453 -481.64984130859375 
v -711.3887329101562 89.23895263671875 -482.3558044433594 
v -712.4412231445312 88.24906158447266 -484.21319580078125 
v -711.7307739257812 89.18685150146484 -483.7833557128906 
v -709.2113037109375 88.34229278564453 -482.2828674316406 
v -709.9217529296875 89.23895263671875 -482.7126770019531 
v -711.8163452148438 88.34229278564453 -481.64984130859375 
v -711.3887329101562 89.23895263671875 -482.3558044433594 
v -709.8362426757812 88.24906158447266 -484.8462219238281 
v -710.2638549804688 89.18685150146484 -484.1376647949219 
v -709.2113037109375 88.34229278564453 -482.2828674316406 
v -709.9217529296875 89.23895263671875 -482.7126770019531 
v -689.6145629882812 88.15309143066406 -492.4607849121094 
v -688.9041137695312 89.09087371826172 -492.0283508300781 
v -687.0095825195312 88.15309143066406 -493.0912170410156 
v -687.4371948242188 89.09087371826172 -492.38525390625 
v -688.9896240234375 88.24906158447266 -489.8974304199219 
v -688.5620727539062 89.14297485351562 -490.6033935546875 
v -689.6145629882812 88.15309143066406 -492.4607849121094 
v -688.9041137695312 89.09087371826172 -492.0283508300781 
v -686.3846435546875 88.24906158447266 -490.52783203125 
v -687.0950927734375 89.14297485351562 -490.96026611328125 
v -688.9896240234375 88.24906158447266 -489.8974304199219 
v -688.5620727539062 89.14297485351562 -490.6033935546875 
v -687.0095825195312 88.15309143066406 -493.0912170410156 
v -687.4371948242188 89.09087371826172 -492.38525390625 
v -686.3846435546875 88.24906158447266 -490.52783203125 
v -687.0950927734375 89.14297485351562 -490.96026611328125 
v -692.2196044921875 88.15309143066406 -491.8277587890625 
v -691.5091552734375 89.09087371826172 -491.3979187011719 
v -689.6145629882812 88.15309143066406 -492.4607849121094 
v -690.0421752929688 89.09087371826172 -491.75482177734375 
v -691.5946655273438 88.24906158447266 -489.264404296875 
v -691.1670532226562 89.14297485351562 -489.97296142578125 
v -692.2196044921875 88.15309143066406 -491.8277587890625 
v -691.5091552734375 89.09087371826172 -491.3979187011719 
v -688.9896240234375 88.24906158447266 -489.8974304199219 
v -689.7001342773438 89.14297485351562 -490.3272399902344 
v -691.5946655273438 88.24906158447266 -489.264404296875 
v -691.1670532226562 89.14297485351562 -489.97296142578125 
v -689.6145629882812 88.15309143066406 -492.4607849121094 
v -690.0421752929688 89.09087371826172 -491.75482177734375 
v -688.9896240234375 88.24906158447266 -489.8974304199219 
v -689.7001342773438 89.14297485351562 -490.3272399902344 
v -694.8245849609375 88.15309143066406 -491.19732666015625 
v -694.1207275390625 89.09087371826172 -490.76751708984375 
v -692.2196044921875 88.15309143066406 -491.8277587890625 
v -692.6471557617188 89.09087371826172 -491.1217956542969 
v -694.2062377929688 88.24906158447266 -488.63397216796875 
v -693.7720947265625 89.14297485351562 -489.3399353027344 
v -694.8245849609375 88.15309143066406 -491.19732666015625 
v -694.1207275390625 89.09087371826172 -490.76751708984375 
v -691.5946655273438 88.24906158447266 -489.264404296875 
v -692.3051147460938 89.14297485351562 -489.69683837890625 
v -694.2062377929688 88.24906158447266 -488.63397216796875 
v -693.7720947265625 89.14297485351562 -489.3399353027344 
v -692.2196044921875 88.15309143066406 -491.8277587890625 
v -692.6471557617188 89.09087371826172 -491.1217956542969 
v -691.5946655273438 88.24906158447266 -489.264404296875 
v -692.3051147460938 89.14297485351562 -489.69683837890625 
v -697.4295654296875 88.15309143066406 -490.5669250488281 
v -696.7257080078125 89.09087371826172 -490.1344909667969 
v -694.8245849609375 88.15309143066406 -491.19732666015625 
v -695.252197265625 89.09087371826172 -490.4913635253906 
v -696.8112182617188 88.24906158447266 -488.0035400390625 
v -696.3770751953125 89.14297485351562 -488.7095031738281 
v -697.4295654296875 88.15309143066406 -490.5669250488281 
v -696.7257080078125 89.09087371826172 -490.1344909667969 
v -694.2062377929688 88.24906158447266 -488.63397216796875 
v -694.9100952148438 89.14297485351562 -489.0638122558594 
v -696.8112182617188 88.24906158447266 -488.0035400390625 
v -696.3770751953125 89.14297485351562 -488.7095031738281 
v -694.8245849609375 88.15309143066406 -491.19732666015625 
v -695.252197265625 89.09087371826172 -490.4913635253906 
v -694.2062377929688 88.24906158447266 -488.63397216796875 
v -694.9100952148438 89.14297485351562 -489.0638122558594 
v -700.0346069335938 88.15309143066406 -489.93389892578125 
v -699.3307495117188 89.09087371826172 -489.5040588378906 
v -697.4295654296875 88.15309143066406 -490.5669250488281 
v -697.86376953125 89.09087371826172 -489.85833740234375 
v -699.416259765625 88.24906158447266 -487.3705139160156 
v -698.9820556640625 89.14297485351562 -488.07647705078125 
v -700.0346069335938 88.15309143066406 -489.93389892578125 
v -699.3307495117188 89.09087371826172 -489.5040588378906 
v -696.8112182617188 88.24906158447266 -488.0035400390625 
v -697.51513671875 89.14297485351562 -488.4333801269531 
v -699.416259765625 88.24906158447266 -487.3705139160156 
v -698.9820556640625 89.14297485351562 -488.07647705078125 
v -697.4295654296875 88.15309143066406 -490.5669250488281 
v -697.86376953125 89.09087371826172 -489.85833740234375 
v -696.8112182617188 88.24906158447266 -488.0035400390625 
v -697.51513671875 89.14297485351562 -488.4333801269531 
v -702.6395874023438 88.15309143066406 -489.303466796875 
v -701.9357299804688 89.09087371826172 -488.87103271484375 
v -700.0346069335938 88.15309143066406 -489.93389892578125 
v -700.46875 89.09087371826172 -489.2279357910156 
v -702.021240234375 88.24906158447266 -486.7401123046875 
v -701.5870971679688 89.14297485351562 -487.4460754394531 
v -702.6395874023438 88.15309143066406 -489.303466796875 
v -701.9357299804688 89.09087371826172 -488.87103271484375 
v -699.416259765625 88.24906158447266 -487.3705139160156 
v -700.1201171875 89.14297485351562 -487.8029479980469 
v -702.021240234375 88.24906158447266 -486.7401123046875 
v -701.5870971679688 89.14297485351562 -487.4460754394531 
v -700.0346069335938 88.15309143066406 -489.93389892578125 
v -700.46875 89.09087371826172 -489.2279357910156 
v -699.416259765625 88.24906158447266 -487.3705139160156 
v -700.1201171875 89.14297485351562 -487.8029479980469 
v -705.24462890625 88.15309143066406 -488.6704406738281 
v -704.5407104492188 89.09087371826172 -488.2406005859375 
v -702.6395874023438 88.15309143066406 -489.303466796875 
v -703.0737915039062 89.09087371826172 -488.5975036621094 
v -704.626220703125 88.24906158447266 -486.1070556640625 
v -704.1920776367188 89.14297485351562 -486.8156433105469 
v -705.24462890625 88.15309143066406 -488.6704406738281 
v -704.5407104492188 89.09087371826172 -488.2406005859375 
v -702.021240234375 88.24906158447266 -486.7401123046875 
v -702.72509765625 89.14297485351562 -487.169921875 
v -704.626220703125 88.24906158447266 -486.1070556640625 
v -704.1920776367188 89.14297485351562 -486.8156433105469 
v -702.6395874023438 88.15309143066406 -489.303466796875 
v -703.0737915039062 89.09087371826172 -488.5975036621094 
v -702.021240234375 88.24906158447266 -486.7401123046875 
v -702.72509765625 89.14297485351562 -487.169921875 
v -707.849609375 88.15309143066406 -488.0400085449219 
v -707.145751953125 89.09087371826172 -487.6101989746094 
v -705.24462890625 88.15309143066406 -488.6704406738281 
v -705.6787719726562 89.09087371826172 -487.9644775390625 
v -707.2312622070312 88.24906158447266 -485.4766540527344 
v -706.7970581054688 89.14297485351562 -486.1826171875 
v -707.849609375 88.15309143066406 -488.0400085449219 
v -707.145751953125 89.09087371826172 -487.6101989746094 
v -704.626220703125 88.24906158447266 -486.1070556640625 
v -705.3301391601562 89.14297485351562 -486.5395202636719 
v -707.2312622070312 88.24906158447266 -485.4766540527344 
v -706.7970581054688 89.14297485351562 -486.1826171875 
v -705.24462890625 88.15309143066406 -488.6704406738281 
v -705.6787719726562 89.09087371826172 -487.9644775390625 
v -704.626220703125 88.24906158447266 -486.1070556640625 
v -705.3301391601562 89.14297485351562 -486.5395202636719 
v -710.45458984375 88.15309143066406 -487.406982421875 
v -709.750732421875 89.09087371826172 -486.9771728515625 
v -707.849609375 88.15309143066406 -488.0400085449219 
v -708.2837524414062 89.09087371826172 -487.33404541015625 
v -709.8362426757812 88.24906158447266 -484.8462219238281 
v -709.402099609375 89.14297485351562 -485.55218505859375 
v -710.45458984375 88.15309143066406 -487.406982421875 
v -709.750732421875 89.09087371826172 -486.9771728515625 
v -707.2312622070312 88.24906158447266 -485.4766540527344 
v -707.9351196289062 89.14297485351562 -485.906494140625 
v -709.8362426757812 88.24906158447266 -484.8462219238281 
v -709.402099609375 89.14297485351562 -485.55218505859375 
v -707.849609375 88.15309143066406 -488.0400085449219 
v -708.2837524414062 89.09087371826172 -487.33404541015625 
v -707.2312622070312 88.24906158447266 -485.4766540527344 
v -707.9351196289062 89.14297485351562 -485.906494140625 
v -713.0596313476562 88.15309143066406 -486.7765808105469 
v -712.355712890625 89.09087371826172 -486.34674072265625 
v -710.45458984375 88.15309143066406 -487.406982421875 
v -710.8887939453125 89.09087371826172 -486.7010192871094 
v -712.4412231445312 88.24906158447266 -484.21319580078125 
v -712.007080078125 89.14297485351562 -484.9191589355469 
v -713.0596313476562 88.15309143066406 -486.7765808105469 
v -712.355712890625 89.09087371826172 -486.34674072265625 
v -709.8362426757812 88.24906158447266 -484.8462219238281 
v -710.5401000976562 89.14297485351562 -485.27606201171875 
v -712.4412231445312 88.24906158447266 -484.21319580078125 
v -712.007080078125 89.14297485351562 -484.9191589355469 
v -710.45458984375 88.15309143066406 -487.406982421875 
v -710.8887939453125 89.09087371826172 -486.7010192871094 
v -709.8362426757812 88.24906158447266 -484.8462219238281 
v -710.5401000976562 89.14297485351562 -485.27606201171875 
v -690.2329711914062 88.05986022949219 -495.024169921875 
v -689.529052734375 88.99764251708984 -494.5917053222656 
v -687.6279296875 88.05986022949219 -495.6545715332031 
v -688.0621337890625 88.99764251708984 -494.9486083984375 
v -689.6145629882812 88.15309143066406 -492.4607849121094 
v -689.180419921875 89.04974365234375 -493.166748046875 
v -690.2329711914062 88.05986022949219 -495.024169921875 
v -689.529052734375 88.99764251708984 -494.5917053222656 
v -687.0095825195312 88.15309143066406 -493.0912170410156 
v -687.7134399414062 89.04974365234375 -493.52105712890625 
v -689.6145629882812 88.15309143066406 -492.4607849121094 
v -689.180419921875 89.04974365234375 -493.166748046875 
v -687.6279296875 88.05986022949219 -495.6545715332031 
v -688.0621337890625 88.99764251708984 -494.9486083984375 
v -687.0095825195312 88.15309143066406 -493.0912170410156 
v -687.7134399414062 89.04974365234375 -493.52105712890625 
v -692.8379516601562 88.05986022949219 -494.3911437988281 
v -692.1340942382812 88.99764251708984 -493.9613037109375 
v -690.2329711914062 88.05986022949219 -495.024169921875 
v -690.6671142578125 88.99764251708984 -494.31817626953125 
v -692.2196044921875 88.15309143066406 -491.8277587890625 
v -691.785400390625 89.04974365234375 -492.5337219238281 
v -692.8379516601562 88.05986022949219 -494.3911437988281 
v -692.1340942382812 88.99764251708984 -493.9613037109375 
v -689.6145629882812 88.15309143066406 -492.4607849121094 
v -690.3184814453125 89.04974365234375 -492.890625 
v -692.2196044921875 88.15309143066406 -491.8277587890625 
v -691.785400390625 89.04974365234375 -492.5337219238281 
v -690.2329711914062 88.05986022949219 -495.024169921875 
v -690.6671142578125 88.99764251708984 -494.31817626953125 
v -689.6145629882812 88.15309143066406 -492.4607849121094 
v -690.3184814453125 89.04974365234375 -492.890625 
v -695.4429321289062 88.05986022949219 -493.7607116699219 
v -694.7390747070312 88.99764251708984 -493.33087158203125 
v -692.8379516601562 88.05986022949219 -494.3911437988281 
v -693.2720947265625 88.99764251708984 -493.6851501464844 
v -694.8245849609375 88.15309143066406 -491.19732666015625 
v -694.3904418945312 89.04974365234375 -491.9033203125 
v -695.4429321289062 88.05986022949219 -493.7607116699219 
v -694.7390747070312 88.99764251708984 -493.33087158203125 
v -692.2196044921875 88.15309143066406 -491.8277587890625 
v -692.9234619140625 89.04974365234375 -492.26019287109375 
v -694.8245849609375 88.15309143066406 -491.19732666015625 
v -694.3904418945312 89.04974365234375 -491.9033203125 
v -692.8379516601562 88.05986022949219 -494.3911437988281 
v -693.2720947265625 88.99764251708984 -493.6851501464844 
v -692.2196044921875 88.15309143066406 -491.8277587890625 
v -692.9234619140625 89.04974365234375 -492.26019287109375 
v -698.0479736328125 88.05986022949219 -493.127685546875 
v -697.9163818359375 88.99764251708984 -492.5597839355469 
v -695.4429321289062 88.05986022949219 -493.7607116699219 
v -695.8771362304688 88.99764251708984 -493.05474853515625 
v -694.8245849609375 88.15309143066406 -491.19732666015625 
v -695.5284423828125 89.04974365234375 -491.6271667480469 
v -697.4295654296875 88.15309143066406 -490.5669250488281 
v -697.5677490234375 89.04974365234375 -491.13482666015625 
v -695.4429321289062 88.05986022949219 -493.7607116699219 
v -695.8771362304688 88.99764251708984 -493.05474853515625 
v -694.8245849609375 88.15309143066406 -491.19732666015625 
v -695.5284423828125 89.04974365234375 -491.6271667480469 
v -700.6595458984375 88.05986022949219 -492.49725341796875 
v -700.5213623046875 88.99764251708984 -491.9293518066406 
v -698.0479736328125 88.05986022949219 -493.127685546875 
v -697.9163818359375 88.99764251708984 -492.5597839355469 
v -697.4295654296875 88.15309143066406 -490.5669250488281 
v -697.5677490234375 89.04974365234375 -491.13482666015625 
v -700.0346069335938 88.15309143066406 -489.93389892578125 
v -700.1727294921875 89.04974365234375 -490.5018005371094 
v -703.2645263671875 88.05986022949219 -491.8668212890625 
v -703.1264038085938 88.99764251708984 -491.29632568359375 
v -700.6595458984375 88.05986022949219 -492.49725341796875 
v -700.5213623046875 88.99764251708984 -491.9293518066406 
v -700.0346069335938 88.15309143066406 -489.93389892578125 
v -700.1727294921875 89.04974365234375 -490.5018005371094 
v -702.6395874023438 88.15309143066406 -489.303466796875 
v -702.7777709960938 89.04974365234375 -489.8713684082031 
v -705.8695678710938 88.05986022949219 -491.2337951660156 
v -705.1590576171875 88.99764251708984 -490.8039855957031 
v -703.2645263671875 88.05986022949219 -491.8668212890625 
v -703.1264038085938 88.99764251708984 -491.29632568359375 
v -705.24462890625 88.15309143066406 -488.6704406738281 
v -704.8170166015625 89.04974365234375 -489.37640380859375 
v -705.8695678710938 88.05986022949219 -491.2337951660156 
v -705.1590576171875 88.99764251708984 -490.8039855957031 
v -702.6395874023438 88.15309143066406 -489.303466796875 
v -702.7777709960938 89.04974365234375 -489.8713684082031 
v -705.24462890625 88.15309143066406 -488.6704406738281 
v -704.8170166015625 89.04974365234375 -489.37640380859375 
v -708.4745483398438 88.05986022949219 -490.6033935546875 
v -707.7640991210938 88.99764251708984 -490.1735534667969 
v -705.8695678710938 88.05986022949219 -491.2337951660156 
v -706.297119140625 88.99764251708984 -490.52783203125 
v -707.849609375 88.15309143066406 -488.0400085449219 
v -707.4219970703125 89.04974365234375 -488.7460021972656 
v -708.4745483398438 88.05986022949219 -490.6033935546875 
v -707.7640991210938 88.99764251708984 -490.1735534667969 
v -705.24462890625 88.15309143066406 -488.6704406738281 
v -705.955078125 89.04974365234375 -489.1028747558594 
v -707.849609375 88.15309143066406 -488.0400085449219 
v -707.4219970703125 89.04974365234375 -488.7460021972656 
v -705.8695678710938 88.05986022949219 -491.2337951660156 
v -706.297119140625 88.99764251708984 -490.52783203125 
v -705.24462890625 88.15309143066406 -488.6704406738281 
v -705.955078125 89.04974365234375 -489.1028747558594 
v -711.0795288085938 88.05986022949219 -489.9703674316406 
v -710.3690795898438 88.99764251708984 -489.54052734375 
v -708.4745483398438 88.05986022949219 -490.6033935546875 
v -708.9021606445312 88.99764251708984 -489.8974304199219 
v -710.45458984375 88.15309143066406 -487.406982421875 
v -710.0270385742188 89.04974365234375 -488.1155700683594 
v -711.0795288085938 88.05986022949219 -489.9703674316406 
v -710.3690795898438 88.99764251708984 -489.54052734375 
v -707.849609375 88.15309143066406 -488.0400085449219 
v -708.56005859375 89.04974365234375 -488.4698486328125 
v -710.45458984375 88.15309143066406 -487.406982421875 
v -710.0270385742188 89.04974365234375 -488.1155700683594 
v -708.4745483398438 88.05986022949219 -490.6033935546875 
v -708.9021606445312 88.99764251708984 -489.8974304199219 
v -707.849609375 88.15309143066406 -488.0400085449219 
v -708.56005859375 89.04974365234375 -488.4698486328125 
v -713.6845703125 88.05986022949219 -489.3399353027344 
v -712.97412109375 88.99764251708984 -488.91009521484375 
v -711.0795288085938 88.05986022949219 -489.9703674316406 
v -711.5071411132812 88.99764251708984 -489.264404296875 
v -713.0596313476562 88.15309143066406 -486.7765808105469 
v -712.6320190429688 89.04974365234375 -487.4825439453125 
v -713.6845703125 88.05986022949219 -489.3399353027344 
v -712.97412109375 88.99764251708984 -488.91009521484375 
v -710.45458984375 88.15309143066406 -487.406982421875 
v -711.1650390625 89.04974365234375 -487.83941650390625 
v -713.0596313476562 88.15309143066406 -486.7765808105469 
v -712.6320190429688 89.04974365234375 -487.4825439453125 
v -711.0795288085938 88.05986022949219 -489.9703674316406 
v -711.5071411132812 88.99764251708984 -489.264404296875 
v -710.45458984375 88.15309143066406 -487.406982421875 
v -711.1650390625 89.04974365234375 -487.83941650390625 
v -717.0328979492188 88.34229278564453 -480.3863830566406 
v -716.3553466796875 89.07442474365234 -479.97479248046875 
v -714.4279174804688 88.34229278564453 -481.0194091796875 
v -714.8357543945312 89.07442474365234 -480.3446960449219 
v -716.407958984375 88.43826293945312 -477.82562255859375 
v -715.9935302734375 89.12926483154297 -478.5003356933594 
v -717.0328979492188 88.34229278564453 -480.3863830566406 
v -716.3553466796875 89.07442474365234 -479.97479248046875 
v -713.802978515625 88.43826293945312 -478.4560241699219 
v -714.4805297851562 89.12926483154297 -478.8676452636719 
v -716.407958984375 88.43826293945312 -477.82562255859375 
v -715.9935302734375 89.12926483154297 -478.5003356933594 
v -714.4279174804688 88.34229278564453 -481.0194091796875 
v -714.8357543945312 89.07442474365234 -480.3446960449219 
v -713.802978515625 88.43826293945312 -478.4560241699219 
v -714.4805297851562 89.12926483154297 -478.8676452636719 
v -719.6378784179688 88.34229278564453 -479.7559509277344 
v -718.9603271484375 89.07442474365234 -479.3443603515625 
v -717.0328979492188 88.34229278564453 -480.3863830566406 
v -717.4407348632812 89.07442474365234 -479.711669921875 
v -719.012939453125 88.43826293945312 -477.1925964355469 
v -718.6051025390625 89.12926483154297 -477.8673095703125 
v -719.6378784179688 88.34229278564453 -479.7559509277344 
v -718.9603271484375 89.07442474365234 -479.3443603515625 
v -716.407958984375 88.43826293945312 -477.82562255859375 
v -717.0855102539062 89.12926483154297 -478.2372131347656 
v -719.012939453125 88.43826293945312 -477.1925964355469 
v -718.6051025390625 89.12926483154297 -477.8673095703125 
v -717.0328979492188 88.34229278564453 -480.3863830566406 
v -717.4407348632812 89.07442474365234 -479.711669921875 
v -716.407958984375 88.43826293945312 -477.82562255859375 
v -717.0855102539062 89.12926483154297 -478.2372131347656 
v -722.242919921875 88.34229278564453 -479.12554931640625 
v -721.5653686523438 89.07442474365234 -478.71392822265625 
v -719.6378784179688 88.34229278564453 -479.7559509277344 
v -720.0457763671875 89.07442474365234 -479.08123779296875 
v -721.6179809570312 88.43826293945312 -476.5621643066406 
v -721.2100830078125 89.12926483154297 -477.23687744140625 
v -722.242919921875 88.34229278564453 -479.12554931640625 
v -721.5653686523438 89.07442474365234 -478.71392822265625 
v -719.012939453125 88.43826293945312 -477.1925964355469 
v -719.6905517578125 89.12926483154297 -477.60418701171875 
v -721.6179809570312 88.43826293945312 -476.5621643066406 
v -721.2100830078125 89.12926483154297 -477.23687744140625 
v -719.6378784179688 88.34229278564453 -479.7559509277344 
v -720.0457763671875 89.07442474365234 -479.08123779296875 
v -719.012939453125 88.43826293945312 -477.1925964355469 
v -719.6905517578125 89.12926483154297 -477.60418701171875 
v -717.6512451171875 88.24906158447266 -482.9497375488281 
v -716.9736938476562 88.97845458984375 -482.53814697265625 
v -715.0462646484375 88.24906158447266 -483.582763671875 
v -715.460693359375 88.97845458984375 -482.90545654296875 
v -717.0328979492188 88.34229278564453 -480.3863830566406 
v -716.6184692382812 89.03329467773438 -481.0636901855469 
v -717.6512451171875 88.24906158447266 -482.9497375488281 
v -716.9736938476562 88.97845458984375 -482.53814697265625 
v -714.4279174804688 88.34229278564453 -481.0194091796875 
v -715.098876953125 89.03329467773438 -481.4309997558594 
v -717.0328979492188 88.34229278564453 -480.3863830566406 
v -716.6184692382812 89.03329467773438 -481.0636901855469 
v -715.0462646484375 88.24906158447266 -483.582763671875 
v -715.460693359375 88.97845458984375 -482.90545654296875 
v -714.4279174804688 88.34229278564453 -481.0194091796875 
v -715.098876953125 89.03329467773438 -481.4309997558594 
v -720.2562866210938 88.24906158447266 -482.3193359375 
v -719.5786743164062 88.97845458984375 -481.90771484375 
v -717.6512451171875 88.24906158447266 -482.9497375488281 
v -718.065673828125 88.97845458984375 -482.2750549316406 
v -719.6378784179688 88.34229278564453 -479.7559509277344 
v -719.2234497070312 89.03329467773438 -480.4306640625 
v -720.2562866210938 88.24906158447266 -482.3193359375 
v -719.5786743164062 88.97845458984375 -481.90771484375 
v -717.0328979492188 88.34229278564453 -480.3863830566406 
v -717.703857421875 89.03329467773438 -480.80059814453125 
v -719.6378784179688 88.34229278564453 -479.7559509277344 
v -719.2234497070312 89.03329467773438 -480.4306640625 
v -717.6512451171875 88.24906158447266 -482.9497375488281 
v -718.065673828125 88.97845458984375 -482.2750549316406 
v -717.0328979492188 88.34229278564453 -480.3863830566406 
v -717.703857421875 89.03329467773438 -480.80059814453125 
v -722.8612670898438 88.24906158447266 -481.68890380859375 
v -722.1837158203125 88.97845458984375 -481.2746887207031 
v -720.2562866210938 88.24906158447266 -482.3193359375 
v -720.6707153320312 88.97845458984375 -481.6446228027344 
v -722.242919921875 88.34229278564453 -479.12554931640625 
v -721.8284912109375 89.03329467773438 -479.80023193359375 
v -722.8612670898438 88.24906158447266 -481.68890380859375 
v -722.1837158203125 88.97845458984375 -481.2746887207031 
v -719.6378784179688 88.34229278564453 -479.7559509277344 
v -720.3088989257812 89.03329467773438 -480.1675720214844 
v -722.242919921875 88.34229278564453 -479.12554931640625 
v -721.8284912109375 89.03329467773438 -479.80023193359375 
v -720.2562866210938 88.24906158447266 -482.3193359375 
v -720.6707153320312 88.97845458984375 -481.6446228027344 
v -719.6378784179688 88.34229278564453 -479.7559509277344 
v -720.3088989257812 89.03329467773438 -480.1675720214844 
v -718.2695922851562 88.15309143066406 -485.51312255859375 
v -717.5986328125 88.88522338867188 -485.1015319824219 
v -715.6646118164062 88.15309143066406 -486.1461486816406 
v -716.0790405273438 88.88522338867188 -485.4688415527344 
v -717.6512451171875 88.24906158447266 -482.9497375488281 
v -717.23681640625 88.9400634765625 -483.6270751953125 
v -718.2695922851562 88.15309143066406 -485.51312255859375 
v -717.5986328125 88.88522338867188 -485.1015319824219 
v -715.0462646484375 88.24906158447266 -483.582763671875 
v -715.7238159179688 88.9400634765625 -483.994384765625 
v -717.6512451171875 88.24906158447266 -482.9497375488281 
v -717.23681640625 88.9400634765625 -483.6270751953125 
v -715.6646118164062 88.15309143066406 -486.1461486816406 
v -716.0790405273438 88.88522338867188 -485.4688415527344 
v -715.0462646484375 88.24906158447266 -483.582763671875 
v -715.7238159179688 88.9400634765625 -483.994384765625 
v -720.8812255859375 88.15309143066406 -484.8826904296875 
v -720.20361328125 88.88522338867188 -484.4710998535156 
v -718.2695922851562 88.15309143066406 -485.51312255859375 
v -718.6840209960938 88.88522338867188 -484.8384094238281 
v -720.2562866210938 88.24906158447266 -482.3193359375 
v -719.8418579101562 88.9400634765625 -482.9940490722656 
v -720.8812255859375 88.15309143066406 -484.8826904296875 
v -720.20361328125 88.88522338867188 -484.4710998535156 
v -717.6512451171875 88.24906158447266 -482.9497375488281 
v -718.3287963867188 88.9400634765625 -483.3613586425781 
v -720.2562866210938 88.24906158447266 -482.3193359375 
v -719.8418579101562 88.9400634765625 -482.9940490722656 
v -718.2695922851562 88.15309143066406 -485.51312255859375 
v -718.6840209960938 88.88522338867188 -484.8384094238281 
v -717.6512451171875 88.24906158447266 -482.9497375488281 
v -718.3287963867188 88.9400634765625 -483.3613586425781 
v -723.4862060546875 88.15309143066406 -484.2496643066406 
v -722.8086547851562 88.88522338867188 -483.83807373046875 
v -720.8812255859375 88.15309143066406 -484.8826904296875 
v -721.2890625 88.88522338867188 -484.2079772949219 
v -722.8612670898438 88.24906158447266 -481.68890380859375 
v -722.4468383789062 88.9400634765625 -482.3636169433594 
v -723.4862060546875 88.15309143066406 -484.2496643066406 
v -722.8086547851562 88.88522338867188 -483.83807373046875 
v -720.2562866210938 88.24906158447266 -482.3193359375 
v -720.933837890625 88.9400634765625 -482.7309265136719 
v -722.8612670898438 88.24906158447266 -481.68890380859375 
v -722.4468383789062 88.9400634765625 -482.3636169433594 
v -720.8812255859375 88.15309143066406 -484.8826904296875 
v -721.2890625 88.88522338867188 -484.2079772949219 
v -720.2562866210938 88.24906158447266 -482.3193359375 
v -720.933837890625 88.9400634765625 -482.7309265136719 
v -718.89453125 88.05986022949219 -488.07647705078125 
v -718.2169799804688 88.78924560546875 -487.6648864746094 
v -716.28955078125 88.05986022949219 -488.7095031738281 
v -716.7039794921875 88.78924560546875 -488.0321960449219 
v -718.2695922851562 88.15309143066406 -485.51312255859375 
v -717.8617553710938 88.8440933227539 -486.1904296875 
v -718.89453125 88.05986022949219 -488.07647705078125 
v -718.2169799804688 88.78924560546875 -487.6648864746094 
v -715.6646118164062 88.15309143066406 -486.1461486816406 
v -716.3421630859375 88.8440933227539 -486.5577392578125 
v -718.2695922851562 88.15309143066406 -485.51312255859375 
v -717.8617553710938 88.8440933227539 -486.1904296875 
v -716.28955078125 88.05986022949219 -488.7095031738281 
v -716.7039794921875 88.78924560546875 -488.0321960449219 
v -715.6646118164062 88.15309143066406 -486.1461486816406 
v -716.3421630859375 88.8440933227539 -486.5577392578125 
v -721.4995727539062 88.05986022949219 -487.4460754394531 
v -720.822021484375 88.78924560546875 -487.0344543457031 
v -718.89453125 88.05986022949219 -488.07647705078125 
v -719.3089599609375 88.78924560546875 -487.40179443359375 
v -720.8812255859375 88.15309143066406 -484.8826904296875 
v -720.4667358398438 88.8440933227539 -485.5574035644531 
v -721.4995727539062 88.05986022949219 -487.4460754394531 
v -720.822021484375 88.78924560546875 -487.0344543457031 
v -718.2695922851562 88.15309143066406 -485.51312255859375 
v -718.9472045898438 88.8440933227539 -485.9247131347656 
v -720.8812255859375 88.15309143066406 -484.8826904296875 
v -720.4667358398438 88.8440933227539 -485.5574035644531 
v -718.89453125 88.05986022949219 -488.07647705078125 
v -719.3089599609375 88.78924560546875 -487.40179443359375 
v -718.2695922851562 88.15309143066406 -485.51312255859375 
v -718.9472045898438 88.8440933227539 -485.9247131347656 
v -724.1045532226562 88.05986022949219 -486.81304931640625 
v -723.427001953125 88.78924560546875 -486.40142822265625 
v -721.4995727539062 88.05986022949219 -487.4460754394531 
v -721.9140014648438 88.78924560546875 -486.7687683105469 
v -723.4862060546875 88.15309143066406 -484.2496643066406 
v -723.07177734375 88.8440933227539 -484.9269714355469 
v -724.1045532226562 88.05986022949219 -486.81304931640625 
v -723.427001953125 88.78924560546875 -486.40142822265625 
v -720.8812255859375 88.15309143066406 -484.8826904296875 
v -721.5521850585938 88.8440933227539 -485.2942810058594 
v -723.4862060546875 88.15309143066406 -484.2496643066406 
v -723.07177734375 88.8440933227539 -484.9269714355469 
v -721.4995727539062 88.05986022949219 -487.4460754394531 
v -721.9140014648438 88.78924560546875 -486.7687683105469 
v -720.8812255859375 88.15309143066406 -484.8826904296875 
v -721.5521850585938 88.8440933227539 -485.2942810058594 
v -829.4624633789062 88.61101531982422 -469.5467529296875 
v -829.4624633789062 88.61102294921875 -443.31390380859375 
v -813.6219482421875 88.61101531982422 -469.645751953125 
v -813.6219482421875 88.61102294921875 -443.31390380859375 
v -770.9617309570312 87.11933898925781 -442.7798767089844 
v -770.5670166015625 87.11933898925781 -441.313232421875 
v -770.9617309570312 87.11932373046875 -511.5610046386719 
v -770.5670166015625 87.11932373046875 -513.0276489257812 
v -769.5276489257812 87.11933898925781 -440.2712097167969 
v -769.5276489257812 87.11932373046875 -514.0697021484375 
v -768.0606689453125 87.11933898925781 -439.87786865234375 
v -768.0606689453125 87.11932373046875 -514.4630126953125 
v -667.5773315429688 87.11933898925781 -439.87786865234375 
v -667.5773315429688 87.11932373046875 -514.4630126953125 
v -666.1103515625 87.11933898925781 -440.2712097167969 
v -666.1103515625 87.11932373046875 -514.0697021484375 
v -665.0709838867188 87.11933898925781 -441.313232421875 
v -665.0709838867188 87.11932373046875 -513.0276489257812 
v -664.67626953125 87.11933898925781 -442.7798767089844 
v -664.67626953125 87.11932373046875 -511.5610046386719 
v -516.7666625976562 126.02356719970703 113.49534606933594 
v -516.3209228515625 126.17024230957031 114.0882568359375 
v -516.7666625976562 138.36248779296875 113.49534606933594 
v -516.3209228515625 138.7841796875 114.0882568359375 
v -523.4287109375 138.36248779296875 111.71001434326172 
v -523.3211669921875 138.7841796875 112.20958709716797 
v -515.3741455078125 139.90255737304688 114.33406066894531 
v -515.3741455078125 126.53692626953125 114.33406066894531 
v -515.0021362304688 126.70193481445312 114.43698120117188 
v -515.0021362304688 140.3609161376953 114.43698120117188 
v -515.0322875976562 126.70193481445312 112.09539794921875 
v -515.0322875976562 140.3609161376953 112.09539794921875 
v -536.230224609375 138.36248779296875 109.46516418457031 
v -536.1226806640625 138.78416442871094 109.96473693847656 
v -551.3028564453125 138.36248779296875 108.81251525878906 
v -551.1953125 138.78416442871094 109.31208801269531 
v -566.3873901367188 138.36248779296875 109.85325622558594 
v -566.2462158203125 138.78416442871094 110.3523941040039 
v -579.1268920898438 138.36248779296875 112.42679595947266 
v -579.0193481445312 138.7841796875 112.9263687133789 
v -585.7407836914062 138.36248779296875 114.38298034667969 
v -585.9689331054688 138.7841796875 114.98455810546875 
v -585.7407836914062 126.02356719970703 114.38298034667969 
v -585.9689331054688 126.17024230957031 114.98455810546875 
v -585.7407836914062 113.64798736572266 114.38298034667969 
v -585.9689331054688 113.46464538574219 114.98455810546875 
v -586.8753662109375 126.53692626953125 115.25421905517578 
v -586.8753662109375 112.96961975097656 115.25421905517578 
v -586.8753662109375 139.90255737304688 115.25421905517578 
v -579.0193481445312 139.90255737304688 112.9263687133789 
v -566.2462158203125 139.90255737304688 110.3523941040039 
v -551.1953125 139.90255737304688 109.31208801269531 
v -536.1226806640625 139.90255737304688 109.96472930908203 
v -523.3211669921875 139.90255737304688 112.20958709716797 
v -523.3211669921875 140.3609161376953 112.20958709716797 
v -523.351318359375 140.3609161376953 109.86800384521484 
v -536.15283203125 140.3609161376953 107.62315368652344 
v -536.1226806640625 140.3609161376953 109.96472930908203 
v -551.1953125 140.3609161376953 109.31208801269531 
v -566.2462158203125 140.3609161376953 110.3523941040039 
v -579.0193481445312 140.3609161376953 112.9263687133789 
v -587.24462890625 140.3609161376953 115.36666870117188 
v -587.24462890625 126.70193481445312 115.3666763305664 
v -587.24462890625 112.73127746582031 115.3666763305664 
v -587.2747802734375 126.70193481445312 113.02509307861328 
v -587.2747802734375 112.54793548583984 113.02509307861328 
v -587.2747802734375 140.3609161376953 113.02509307861328 
v -579.0494995117188 140.3609161376953 110.58479309082031 
v -566.2763061523438 140.3609161376953 108.01081848144531 
v -551.2254638671875 140.3609161376953 106.97051239013672 
v -515.0322875976562 99.36564636230469 112.09540557861328 
v -523.351318359375 99.36564636230469 109.86801147460938 
v -515.0021362304688 99.36564636230469 114.43698120117188 
v -523.3211669921875 99.36564636230469 112.20958709716797 
v -536.1226806640625 99.36564636230469 109.96473693847656 
v -536.15283203125 99.36564636230469 107.62316131591797 
v -551.1953125 99.36564636230469 109.31209564208984 
v -551.2254638671875 99.36564636230469 106.97051239013672 
v -566.2462158203125 99.36564636230469 110.3523941040039 
v -566.2763061523438 99.36564636230469 108.01081848144531 
v -579.0193481445312 99.36564636230469 112.9263687133789 
v -579.0494995117188 99.34730529785156 110.58479309082031 
v -587.2747802734375 98.6506118774414 113.02510070800781 
v -587.24462890625 98.77894592285156 115.3666763305664 
v -587.2747802734375 112.54793548583984 113.02509307861328 
v -587.24462890625 112.73127746582031 115.3666763305664 
v -586.8753662109375 99.2373046875 115.25421905517578 
v -586.8753662109375 112.96961975097656 115.25421905517578 
v -579.0193481445312 99.8239974975586 112.9263687133789 
v -566.2462158203125 99.84233093261719 110.3523941040039 
v -551.1953125 99.84233093261719 109.31209564208984 
v -536.1226806640625 99.84233093261719 109.96473693847656 
v -523.3211669921875 99.84233093261719 112.20958709716797 
v -515.3741455078125 99.84233093261719 114.33406066894531 
v -515.3741455078125 113.18962860107422 114.33406066894531 
v -515.0021362304688 113.02462005615234 114.43698120117188 
v -515.3741455078125 126.53692626953125 114.33406066894531 
v -515.0021362304688 126.70193481445312 114.43698120117188 
v -515.0322875976562 113.02462005615234 112.09540557861328 
v -515.0322875976562 126.70193481445312 112.09539794921875 
v -516.3209228515625 126.17024230957031 114.0882568359375 
v -516.3209228515625 113.55631256103516 114.0882568359375 
v -516.7666625976562 126.02356719970703 113.49534606933594 
v -516.7666625976562 113.70298767089844 113.49534606933594 
v -516.3209228515625 100.9607162475586 114.0882568359375 
v -516.7666625976562 101.36406707763672 113.49535369873047 
v -523.3211669921875 100.9607162475586 112.20958709716797 
v -523.4287109375 101.36406707763672 111.71001434326172 
v -536.1226806640625 100.9607162475586 109.96473693847656 
v -536.230224609375 101.36406707763672 109.46516418457031 
v -551.1953125 100.9607162475586 109.31209564208984 
v -566.2462158203125 100.9607162475586 110.3523941040039 
v -579.0193481445312 100.9423828125 112.9263687133789 
v -551.3028564453125 101.36406707763672 108.8125228881836 
v -566.3873901367188 101.36406707763672 109.85325622558594 
v -579.1268920898438 101.36406707763672 112.42680358886719 
v -585.9689331054688 100.3923568725586 114.98455810546875 
v -585.7407836914062 100.83238220214844 114.38298034667969 
v -585.9689331054688 113.46464538574219 114.98455810546875 
v -585.7407836914062 113.64798736572266 114.38298034667969 
v -586.7376708984375 139.75588989257812 112.86288452148438 
v -579.0494995117188 139.75588989257812 110.58479309082031 
v -586.7376708984375 126.50025939941406 112.86288452148438 
v -579.0494995117188 126.50025939941406 110.58479309082031 
v -586.7376708984375 112.87794494628906 112.86288452148438 
v -579.0494995117188 113.2262954711914 110.58479309082031 
v -586.7376708984375 99.2556381225586 112.8628921508789 
v -587.2747802734375 98.6506118774414 113.02510070800781 
v -579.0494995117188 99.34730529785156 110.58479309082031 
v -579.0494995117188 99.95233917236328 110.58479309082031 
v -566.2763061523438 99.36564636230469 108.01081848144531 
v -566.2763061523438 99.97067260742188 108.01081848144531 
v -551.2254638671875 99.36564636230469 106.97051239013672 
v -551.2254638671875 99.97067260742188 106.97051239013672 
v -536.15283203125 99.36564636230469 107.62316131591797 
v -536.15283203125 99.97067260742188 107.62316131591797 
v -523.351318359375 99.36564636230469 109.86801147460938 
v -523.351318359375 99.97067260742188 109.86801147460938 
v -515.0322875976562 99.36564636230469 112.09540557861328 
v -515.5733642578125 99.97067260742188 111.94706726074219 
v -515.0322875976562 113.02462005615234 112.09540557861328 
v -515.5733642578125 113.2262954711914 111.94706726074219 
v -587.2747802734375 112.54793548583984 113.02509307861328 
v -515.0322875976562 126.70193481445312 112.09539794921875 
v -515.5733642578125 126.50025939941406 111.94706726074219 
v -523.351318359375 113.2262954711914 109.86801147460938 
v -515.0322875976562 140.3609161376953 112.09539794921875 
v -515.5733642578125 139.75588989257812 111.94706726074219 
v -523.351318359375 126.50025939941406 109.86801147460938 
v -536.15283203125 113.2262954711914 107.62315368652344 
v -536.4225463867188 100.2640151977539 107.61160278320312 
v -551.2254638671875 100.2640151977539 106.97051239013672 
v -566.0406494140625 100.2640151977539 107.99275970458984 
v -566.0406494140625 112.95128631591797 107.99275970458984 
v -566.2763061523438 113.2262954711914 108.01081848144531 
v -566.2763061523438 126.50025939941406 108.01081848144531 
v -566.2763061523438 139.75588989257812 108.01081848144531 
v -579.0494995117188 140.3609161376953 110.58479309082031 
v -587.2747802734375 140.3609161376953 113.02509307861328 
v -587.2747802734375 126.70193481445312 113.02509307861328 
v -523.351318359375 140.3609161376953 109.86800384521484 
v -566.2763061523438 140.3609161376953 108.01081848144531 
v -551.2254638671875 139.75588989257812 106.97051239013672 
v -551.2254638671875 126.50025939941406 106.97051239013672 
v -551.2254638671875 140.3609161376953 106.97051239013672 
v -536.15283203125 139.75588989257812 107.62315368652344 
v -536.15283203125 140.3609161376953 107.62315368652344 
v -523.351318359375 139.75588989257812 109.86800384521484 
v -536.15283203125 126.50025939941406 107.62315368652344 
v -551.2254638671875 113.2262954711914 106.97051239013672 
v -551.2254638671875 112.95128631591797 106.97051239013672 
v -551.2167358398438 112.95128631591797 107.64669036865234 
v -566.0319213867188 112.95128631591797 108.66893768310547 
v -566.0319213867188 100.2640151977539 108.66893768310547 
v -551.2167358398438 100.2640151977539 107.64669036865234 
v -565.8298950195312 100.4840316772461 108.65631866455078 
v -565.8298950195312 112.73127746582031 108.65631866455078 
v -551.2167358398438 112.73127746582031 107.64669036865234 
v -536.6161499023438 112.73127746582031 108.28036499023438 
v -536.4138793945312 112.95128631591797 108.28778076171875 
v -536.4225463867188 112.95128631591797 107.61160278320312 
v -551.2167358398438 100.4840316772461 107.64669036865234 
v -536.4138793945312 100.2640151977539 108.28778076171875 
v -536.6161499023438 100.4840316772461 108.28036499023438 
v -559.0391235351562 87.4300765991211 107.35160827636719 
v -556.5762329101562 87.4300765991211 104.94538116455078 
v -559.0391235351562 91.15192413330078 107.35160064697266 
v -556.5762329101562 91.15192413330078 104.94538116455078 
v -559.0391235351562 91.5002670288086 107.35160064697266 
v -556.5762329101562 91.5002670288086 104.94538116455078 
v -556.156982421875 91.15192413330078 103.48220825195312 
v -556.156982421875 91.5002670288086 103.48220825195312 
v -557.3602294921875 91.0052490234375 96.40165710449219 
v -557.3602294921875 91.33526611328125 96.40165710449219 
v -556.9558715820312 91.33526611328125 96.39645385742188 
v -556.9558715820312 91.0052490234375 96.39645385742188 
v -557.3602294921875 87.59508514404297 96.40165710449219 
v -556.9558715820312 87.59508514404297 96.39645385742188 
v -551.3403930664062 91.15192413330078 100.65995788574219 
v -551.3403930664062 87.4300765991211 100.65995788574219 
v -545.802734375 87.59508514404297 96.25292205810547 
v -545.802734375 91.0052490234375 96.25292205810547 
v -545.3984375 91.0052490234375 96.24771881103516 
v -545.3984375 91.33526611328125 96.24771881103516 
v -545.802734375 91.33526611328125 96.25292205810547 
v -551.3403930664062 91.5002670288086 100.65995788574219 
v -556.156982421875 87.4300765991211 103.48220825195312 
v -545.3984375 87.59508514404297 96.24771881103516 
v -524.8616333007812 89.2818374633789 123.44329833984375 
v -524.8302612304688 89.3185043334961 123.2625503540039 
v -523.1473388671875 89.3001708984375 123.0981216430664 
v -551.2750244140625 91.53694152832031 105.73629760742188 
v -551.2722778320312 91.5002670288086 105.95167541503906 
v -576.517822265625 89.2818374633789 123.99785614013672 
v -576.5874633789062 89.3185043334961 123.82341766357422 
v -578.7412109375 89.2818374633789 124.06654357910156 
v -578.2381591796875 89.3001708984375 123.8722152709961 
v -559.0391235351562 91.5002670288086 107.35160064697266 
v -558.9363403320312 91.48194122314453 107.4830322265625 
v -556.5762329101562 91.5002670288086 104.94538116455078 
v -556.4402465820312 91.5002670288086 105.03881072998047 
v -556.156982421875 91.5002670288086 103.48220825195312 
v -555.9883422851562 91.5002670288086 103.49256134033203 
v -557.3602294921875 91.33526611328125 96.40165710449219 
v -557.1557006835938 91.33526611328125 96.5793685913086 
v -556.9558715820312 91.33526611328125 96.39645385742188 
v -557.0209350585938 91.33526611328125 96.57763671875 
v -551.3403930664062 91.5002670288086 100.65995788574219 
v -551.3374633789062 91.5002670288086 100.88785552978516 
v -551.2937622070312 91.5002670288086 104.28126525878906 
v -546.1295166015625 91.5002670288086 104.90612030029297 
v -543.5713500976562 91.48194122314453 107.2853012084961 
v -522.6737670898438 89.2818374633789 123.23480224609375 
v -546.6210327148438 91.5002670288086 103.37200927734375 
v -545.9622802734375 91.5002670288086 104.80879211425781 
v -546.4190673828125 91.5002670288086 103.35688781738281 
v -545.5982666015625 91.33526611328125 96.43063354492188 
v -545.3984375 91.33526611328125 96.24771881103516 
v -543.438232421875 91.5002670288086 107.15083312988281 
v -545.802734375 91.33526611328125 96.25292205810547 
v -545.7667236328125 91.33526611328125 96.43280029296875 
v -545.3984375 91.33526611328125 96.24771881103516 
v -545.3984375 91.33526611328125 96.24771881103516 
v -546.4190673828125 91.5002670288086 103.35688781738281 
v -546.4190673828125 91.15192413330078 103.35688781738281 
v -545.9622802734375 91.15192413330078 104.80879211425781 
v -545.9622802734375 91.5002670288086 104.80879211425781 
v -543.438232421875 91.15192413330078 107.15083312988281 
v -543.438232421875 91.5002670288086 107.15083312988281 
v -522.6737670898438 89.2818374633789 123.23480224609375 
v -522.6737670898438 89.08015441894531 123.23480224609375 
v -543.438232421875 87.4300765991211 107.15083312988281 
v -545.9622802734375 87.4300765991211 104.80879211425781 
v -546.4190673828125 87.4300765991211 103.35688781738281 
v -545.3984375 91.0052490234375 96.24771881103516 
v -545.3984375 87.59508514404297 96.24771881103516 
v -522.6737670898438 87.17340087890625 123.23480224609375 
v -524.8616333007812 87.17340087890625 123.44329833984375 
v -524.8616333007812 89.08015441894531 123.44329833984375 
v -551.2722778320312 87.4300765991211 105.95167541503906 
v -551.2722778320312 91.15192413330078 105.95167541503906 
v -524.8616333007812 89.2818374633789 123.44329833984375 
v -551.2722778320312 91.5002670288086 105.95167541503906 
v -576.517822265625 89.08015441894531 123.99785614013672 
v -576.517822265625 89.2818374633789 123.99785614013672 
v -578.7412109375 89.08015441894531 124.06654357910156 
v -578.7412109375 89.2818374633789 124.06654357910156 
v -578.7412109375 87.17340087890625 124.06654357910156 
v -576.517822265625 87.17340087890625 123.99785614013672 
v -553.5341186523438 123.32844543457031 103.0301513671875 
v -553.2244262695312 123.32844543457031 103.52462005615234 
v -553.2308349609375 123.32844543457031 103.0262451171875 
v -549.4168701171875 123.32844543457031 103.47561645507812 
v -553.5277099609375 123.32844543457031 103.52851867675781 
v -553.5341186523438 122.10005187988281 103.0301513671875 
v -553.5277099609375 122.10005187988281 103.52851867675781 
v -553.5342407226562 116.58145904541016 103.02263641357422 
v -553.52783203125 116.58145904541016 103.52100372314453 
v -553.5345458984375 90.71189880371094 102.99759674072266 
v -553.5281372070312 90.71189880371094 103.49596405029297 
v -553.2312622070312 90.71189880371094 102.99369049072266 
v -553.23095703125 116.58145904541016 103.01873779296875 
v -553.2308349609375 122.10005187988281 103.0262451171875 
v -549.4237060546875 90.71189880371094 102.94469451904297 
v -549.4234008789062 116.58145904541016 102.96973419189453 
v -548.7835083007812 90.71189880371094 102.93645477294922 
v -548.783203125 116.58145904541016 102.96149444580078 
v -548.777099609375 90.71189880371094 103.43482208251953 
v -548.7767944335938 116.58145904541016 103.4598617553711 
v -548.7830810546875 122.10005187988281 102.96900939941406 
v -548.7766723632812 122.10005187988281 103.46737670898438 
v -548.7830810546875 123.32844543457031 102.96900939941406 
v -548.7766723632812 123.32844543457031 103.46737670898438 
v -549.4232788085938 123.32844543457031 102.97724914550781 
v -549.4232788085938 122.10005187988281 102.97724914550781 
v -553.5405883789062 123.32844543457031 105.1442642211914 
v -553.5405883789062 122.10005187988281 105.1442642211914 
v -553.5277099609375 122.10005187988281 103.52851867675781 
v -553.52783203125 116.58145904541016 103.52100372314453 
v -553.5277099609375 123.32844543457031 103.52851867675781 
v -553.2036743164062 123.32844543457031 105.13993072509766 
v -553.2244262695312 123.32844543457031 103.52462005615234 
v -549.3961181640625 123.32844543457031 105.09092712402344 
v -549.4168701171875 123.32844543457031 103.47561645507812 
v -548.7559204101562 123.32844543457031 105.08269500732422 
v -548.7766723632812 123.32844543457031 103.46737670898438 
v -548.7559204101562 122.10005187988281 105.08269500732422 
v -548.7766723632812 122.10005187988281 103.46737670898438 
v -548.7559814453125 116.58145904541016 105.07518005371094 
v -548.7767944335938 116.58145904541016 103.4598617553711 
v -548.7562866210938 90.71189880371094 105.05014038085938 
v -548.777099609375 90.71189880371094 103.43482208251953 
v -549.3965454101562 90.71189880371094 105.0583724975586 
v -549.3961791992188 116.58145904541016 105.08341979980469 
v -549.3961181640625 122.10005187988281 105.09092712402344 
v -553.2036743164062 122.10005187988281 105.13993072509766 
v -553.5407104492188 116.58145904541016 105.13675689697266 
v -553.5281372070312 90.71189880371094 103.49596405029297 
v -553.541015625 90.71189880371094 105.11170959472656 
v -553.2037353515625 116.58145904541016 105.13241577148438 
v -553.2041015625 90.71189880371094 105.10737609863281 
v -553.1783447265625 116.58145904541016 107.10836029052734 
v -553.1782836914062 122.10005187988281 107.11336517333984 
v -549.3707275390625 122.10005187988281 107.06436920166016 
v -549.3707885742188 116.58145904541016 107.05935668945312 
v -737.5986938476562 126.02356719970703 114.06134796142578 
v -737.1529541015625 126.17024230957031 114.65425109863281 
v -737.5986938476562 138.36248779296875 114.06134796142578 
v -737.1529541015625 138.7841796875 114.65425109863281 
v -744.2607421875 138.36248779296875 112.27601623535156 
v -744.1531982421875 138.7841796875 112.77558898925781 
v -736.2061767578125 139.90255737304688 114.90006256103516 
v -736.2061767578125 126.53692626953125 114.90006256103516 
v -735.8341064453125 126.70193481445312 115.00298309326172 
v -735.8341064453125 140.3609161376953 115.00297546386719 
v -735.8642578125 126.70193481445312 112.6613998413086 
v -735.8642578125 140.3609161376953 112.6613998413086 
v -757.0621948242188 138.36248779296875 110.03115844726562 
v -756.9546508789062 138.78416442871094 110.53073120117188 
v -772.1348266601562 138.36248779296875 109.3785171508789 
v -772.02734375 138.78416442871094 109.87808990478516 
v -787.2194213867188 138.36248779296875 110.41925811767578 
v -787.0781860351562 138.78416442871094 110.91839599609375 
v -799.9588623046875 138.36248779296875 112.9927978515625 
v -799.8513793945312 138.7841796875 113.49237060546875 
v -806.57275390625 138.36248779296875 114.94898223876953 
v -806.8009643554688 138.7841796875 115.5505599975586 
v -806.57275390625 126.02356719970703 114.94898223876953 
v -806.8009643554688 126.17024230957031 115.5505599975586 
v -806.57275390625 113.64798736572266 114.94898223876953 
v -806.8009643554688 113.46464538574219 115.5505599975586 
v -807.7073974609375 126.53692626953125 115.8202133178711 
v -807.7073974609375 112.96961975097656 115.82022094726562 
v -807.7073974609375 139.90255737304688 115.8202133178711 
v -799.8513793945312 139.90255737304688 113.49237060546875 
v -787.0781860351562 139.90255737304688 110.91839599609375 
v -772.02734375 139.90255737304688 109.87808990478516 
v -756.9546508789062 139.90255737304688 110.53073120117188 
v -744.1531982421875 139.90255737304688 112.77558898925781 
v -744.1531982421875 140.3609161376953 112.77558898925781 
v -744.183349609375 140.3609161376953 110.43400573730469 
v -756.9848022460938 140.3609161376953 108.18915557861328 
v -756.9546508789062 140.3609161376953 110.53073120117188 
v -772.02734375 140.3609161376953 109.87808990478516 
v -787.0781860351562 140.3609161376953 110.91839599609375 
v -799.8513793945312 140.3609161376953 113.49237060546875 
v -808.07666015625 140.3609161376953 115.93267059326172 
v -808.07666015625 126.70193481445312 115.93267059326172 
v -808.07666015625 112.73127746582031 115.93267822265625 
v -808.1067504882812 126.70193481445312 113.59109497070312 
v -808.1067504882812 112.54793548583984 113.59109497070312 
v -808.1067504882812 140.3609161376953 113.59109497070312 
v -799.8814697265625 140.3609161376953 111.15078735351562 
v -787.1083374023438 140.3609161376953 108.57681274414062 
v -772.0574340820312 140.3609161376953 107.53651428222656 
v -735.8642578125 99.36564636230469 112.6613998413086 
v -744.183349609375 99.36564636230469 110.43401336669922 
v -735.8341064453125 99.36564636230469 115.00298309326172 
v -744.1531982421875 99.36564636230469 112.77558898925781 
v -756.9546508789062 99.36564636230469 110.5307388305664 
v -756.9848022460938 99.36564636230469 108.18915557861328 
v -772.02734375 99.36564636230469 109.87808990478516 
v -772.0574340820312 99.36564636230469 107.53651428222656 
v -787.0781860351562 99.36564636230469 110.91839599609375 
v -787.1083374023438 99.36564636230469 108.57682037353516 
v -799.8513793945312 99.36564636230469 113.49237060546875 
v -799.8814697265625 99.34730529785156 111.15079498291016 
v -808.1067504882812 98.6506118774414 113.59109497070312 
v -808.07666015625 98.77894592285156 115.93267822265625 
v -808.1067504882812 112.54793548583984 113.59109497070312 
v -808.07666015625 112.73127746582031 115.93267822265625 
v -807.7073974609375 99.2373046875 115.82022094726562 
v -807.7073974609375 112.96961975097656 115.82022094726562 
v -799.8513793945312 99.8239974975586 113.49237060546875 
v -787.0781860351562 99.84233093261719 110.91839599609375 
v -772.02734375 99.84233093261719 109.87808990478516 
v -756.9546508789062 99.84233093261719 110.5307388305664 
v -744.1531982421875 99.84233093261719 112.77558898925781 
v -736.2061767578125 99.84233093261719 114.90006256103516 
v -736.2061767578125 113.18962860107422 114.90006256103516 
v -735.8341064453125 113.02462005615234 115.00298309326172 
v -736.2061767578125 126.53692626953125 114.90006256103516 
v -735.8341064453125 126.70193481445312 115.00298309326172 
v -735.8642578125 113.02462005615234 112.6613998413086 
v -735.8642578125 126.70193481445312 112.6613998413086 
v -737.1529541015625 126.17024230957031 114.65425109863281 
v -737.1529541015625 113.55631256103516 114.65425872802734 
v -737.5986938476562 126.02356719970703 114.06134796142578 
v -737.5986938476562 113.70298767089844 114.06134796142578 
v -737.1529541015625 100.9607162475586 114.65425872802734 
v -737.5986938476562 101.36406707763672 114.06134796142578 
v -744.1531982421875 100.9607162475586 112.77558898925781 
v -744.2607421875 101.36406707763672 112.27601623535156 
v -756.9546508789062 100.9607162475586 110.5307388305664 
v -757.0621948242188 101.36406707763672 110.03116607666016 
v -772.02734375 100.9607162475586 109.87808990478516 
v -787.0781860351562 100.9607162475586 110.91839599609375 
v -799.8513793945312 100.9423828125 113.49237060546875 
v -772.1348266601562 101.36406707763672 109.3785171508789 
v -787.2194213867188 101.36406707763672 110.41925811767578 
v -799.9588623046875 101.36406707763672 112.9927978515625 
v -806.8009643554688 100.3923568725586 115.5505599975586 
v -806.57275390625 100.83238220214844 114.94898223876953 
v -806.8009643554688 113.46464538574219 115.5505599975586 
v -806.57275390625 113.64798736572266 114.94898223876953 
v -807.5696411132812 139.75588989257812 113.42888641357422 
v -799.8814697265625 139.75588989257812 111.15078735351562 
v -807.5696411132812 126.50025939941406 113.42888641357422 
v -799.8814697265625 126.50025939941406 111.15079498291016 
v -807.5696411132812 112.87794494628906 113.42888641357422 
v -799.8814697265625 113.2262954711914 111.15079498291016 
v -807.5696411132812 99.2556381225586 113.42888641357422 
v -808.1067504882812 98.6506118774414 113.59109497070312 
v -799.8814697265625 99.34730529785156 111.15079498291016 
v -799.8814697265625 99.95233917236328 111.15079498291016 
v -787.1083374023438 99.36564636230469 108.57682037353516 
v -787.1083374023438 99.97067260742188 108.57682037353516 
v -772.0574340820312 99.36564636230469 107.53651428222656 
v -772.0574340820312 99.97067260742188 107.53651428222656 
v -756.9848022460938 99.36564636230469 108.18915557861328 
v -756.9848022460938 99.97067260742188 108.18915557861328 
v -744.183349609375 99.36564636230469 110.43401336669922 
v -744.183349609375 99.97067260742188 110.43401336669922 
v -735.8642578125 99.36564636230469 112.6613998413086 
v -736.4053955078125 99.97067260742188 112.51306915283203 
v -735.8642578125 113.02462005615234 112.6613998413086 
v -736.4053955078125 113.2262954711914 112.51306915283203 
v -808.1067504882812 112.54793548583984 113.59109497070312 
v -735.8642578125 126.70193481445312 112.6613998413086 
v -736.4053955078125 126.50025939941406 112.51306915283203 
v -744.183349609375 113.2262954711914 110.43400573730469 
v -735.8642578125 140.3609161376953 112.6613998413086 
v -736.4053955078125 139.75588989257812 112.51306915283203 
v -744.183349609375 126.50025939941406 110.43400573730469 
v -756.9848022460938 113.2262954711914 108.18915557861328 
v -757.2545776367188 100.2640151977539 108.17759704589844 
v -772.0574340820312 100.2640151977539 107.53651428222656 
v -786.8726196289062 100.2640151977539 108.55875396728516 
v -786.8726196289062 112.95128631591797 108.55875396728516 
v -787.1083374023438 113.2262954711914 108.57682037353516 
v -787.1083374023438 126.50025939941406 108.57682037353516 
v -787.1083374023438 139.75588989257812 108.57681274414062 
v -799.8814697265625 140.3609161376953 111.15078735351562 
v -808.1067504882812 140.3609161376953 113.59109497070312 
v -808.1067504882812 126.70193481445312 113.59109497070312 
v -744.183349609375 140.3609161376953 110.43400573730469 
v -787.1083374023438 140.3609161376953 108.57681274414062 
v -772.0574340820312 139.75588989257812 107.53651428222656 
v -772.0574340820312 126.50025939941406 107.53651428222656 
v -772.0574340820312 140.3609161376953 107.53651428222656 
v -756.9848022460938 139.75588989257812 108.18915557861328 
v -756.9848022460938 140.3609161376953 108.18915557861328 
v -744.183349609375 139.75588989257812 110.43400573730469 
v -756.9848022460938 126.50025939941406 108.18915557861328 
v -772.0574340820312 113.2262954711914 107.53651428222656 
v -772.0574340820312 112.95128631591797 107.53651428222656 
v -772.0487670898438 112.95128631591797 108.21269226074219 
v -786.8639526367188 112.95128631591797 109.23493194580078 
v -786.8639526367188 100.2640151977539 109.23493194580078 
v -772.0487670898438 100.2640151977539 108.21269226074219 
v -786.6619262695312 100.4840316772461 109.2223129272461 
v -786.6619262695312 112.73127746582031 109.2223129272461 
v -772.0487670898438 112.73127746582031 108.21269226074219 
v -757.4481811523438 112.73127746582031 108.84635925292969 
v -757.245849609375 112.95128631591797 108.85377502441406 
v -757.2545776367188 112.95128631591797 108.17759704589844 
v -772.0487670898438 100.4840316772461 108.21269226074219 
v -757.245849609375 100.2640151977539 108.85377502441406 
v -757.4481811523438 100.4840316772461 108.84635925292969 
v -779.8711547851562 87.4300765991211 107.9176025390625 
v -777.4082641601562 87.4300765991211 105.51138305664062 
v -779.8711547851562 91.15192413330078 107.9176025390625 
v -777.4082641601562 91.15192413330078 105.51138305664062 
v -779.8711547851562 91.5002670288086 107.9176025390625 
v -777.4082641601562 91.5002670288086 105.51138305664062 
v -776.9889526367188 91.15192413330078 104.04820251464844 
v -776.9889526367188 91.5002670288086 104.04820251464844 
v -778.1921997070312 91.0052490234375 96.96765899658203 
v -778.1921997070312 91.33526611328125 96.96765899658203 
v -777.787841796875 91.33526611328125 96.96245574951172 
v -777.787841796875 91.0052490234375 96.96245574951172 
v -778.1921997070312 87.59508514404297 96.96765899658203 
v -777.787841796875 87.59508514404297 96.96245574951172 
v -772.17236328125 91.15192413330078 101.2259521484375 
v -772.17236328125 87.4300765991211 101.2259521484375 
v -766.634765625 87.59508514404297 96.81892395019531 
v -766.634765625 91.0052490234375 96.81892395019531 
v -766.2304077148438 91.0052490234375 96.813720703125 
v -766.2304077148438 91.33526611328125 96.813720703125 
v -766.634765625 91.33526611328125 96.81892395019531 
v -772.17236328125 91.5002670288086 101.2259521484375 
v -776.9889526367188 87.4300765991211 104.04820251464844 
v -766.2304077148438 87.59508514404297 96.813720703125 
v -745.6936645507812 89.2818374633789 124.0093002319336 
v -745.6622924804688 89.3185043334961 123.82855224609375 
v -743.9793701171875 89.3001708984375 123.66412353515625 
v -772.1070556640625 91.53694152832031 106.30229949951172 
v -772.104248046875 91.5002670288086 106.51766967773438 
v -797.349853515625 89.2818374633789 124.56385803222656 
v -797.4194946289062 89.3185043334961 124.38941955566406 
v -799.5731811523438 89.2818374633789 124.6325454711914 
v -799.0701904296875 89.3001708984375 124.43821716308594 
v -779.8711547851562 91.5002670288086 107.9176025390625 
v -779.7683715820312 91.48194122314453 108.04903411865234 
v -777.4082641601562 91.5002670288086 105.51138305664062 
v -777.272216796875 91.5002670288086 105.60481262207031 
v -776.9889526367188 91.5002670288086 104.04820251464844 
v -776.8203125 91.5002670288086 104.05855560302734 
v -778.1921997070312 91.33526611328125 96.96765899658203 
v -777.9877319335938 91.33526611328125 97.14537048339844 
v -777.787841796875 91.33526611328125 96.96245574951172 
v -777.8529052734375 91.33526611328125 97.14363098144531 
v -772.17236328125 91.5002670288086 101.2259521484375 
v -772.16943359375 91.5002670288086 101.45384979248047 
v -772.1257934570312 91.5002670288086 104.8472671508789 
v -766.9614868164062 91.5002670288086 105.47212219238281 
v -764.4033203125 91.48194122314453 107.85130310058594 
v -743.5057983398438 89.2818374633789 123.80079650878906 
v -767.4530639648438 91.5002670288086 103.9380111694336 
v -766.7942504882812 91.5002670288086 105.37478637695312 
v -767.2510375976562 91.5002670288086 103.92288970947266 
v -766.4302368164062 91.33526611328125 96.99663543701172 
v -766.2304077148438 91.33526611328125 96.813720703125 
v -764.270263671875 91.5002670288086 107.71683502197266 
v -766.634765625 91.33526611328125 96.81892395019531 
v -766.5987548828125 91.33526611328125 96.9988021850586 
v -766.2304077148438 91.33526611328125 96.813720703125 
v -766.2304077148438 91.33526611328125 96.813720703125 
v -767.2510375976562 91.5002670288086 103.92288970947266 
v -767.2510375976562 91.15192413330078 103.92288970947266 
v -766.7942504882812 91.15192413330078 105.37478637695312 
v -766.7942504882812 91.5002670288086 105.37478637695312 
v -764.270263671875 91.15192413330078 107.71683502197266 
v -764.270263671875 91.5002670288086 107.71683502197266 
v -743.5057983398438 89.2818374633789 123.80079650878906 
v -743.5057983398438 89.08015441894531 123.80079650878906 
v -764.270263671875 87.4300765991211 107.71683502197266 
v -766.7942504882812 87.4300765991211 105.37478637695312 
v -767.2510375976562 87.4300765991211 103.92288970947266 
v -766.2304077148438 91.0052490234375 96.813720703125 
v -766.2304077148438 87.59508514404297 96.813720703125 
v -743.5057983398438 87.17340087890625 123.80079650878906 
v -745.6936645507812 87.17340087890625 124.0093002319336 
v -745.6936645507812 89.08015441894531 124.0093002319336 
v -772.104248046875 87.4300765991211 106.51766967773438 
v -772.104248046875 91.15192413330078 106.51766967773438 
v -745.6936645507812 89.2818374633789 124.0093002319336 
v -772.104248046875 91.5002670288086 106.51766967773438 
v -797.349853515625 89.08015441894531 124.56385803222656 
v -797.349853515625 89.2818374633789 124.56385803222656 
v -799.5731811523438 89.08015441894531 124.6325454711914 
v -799.5731811523438 89.2818374633789 124.6325454711914 
v -799.5731811523438 87.17340087890625 124.6325454711914 
v -797.349853515625 87.17340087890625 124.56385803222656 
v -774.3660888671875 123.32844543457031 103.59615325927734 
v -774.0564575195312 123.32844543457031 104.09061431884766 
v -774.0628662109375 123.32844543457031 103.59224700927734 
v -770.2489013671875 123.32844543457031 104.04161834716797 
v -774.3596801757812 123.32844543457031 104.09452056884766 
v -774.3660888671875 122.10005187988281 103.59615325927734 
v -774.3596801757812 122.10005187988281 104.09452056884766 
v -774.3662109375 116.58145904541016 103.58863830566406 
v -774.3598022460938 116.58145904541016 104.08700561523438 
v -774.3665161132812 90.71189880371094 103.5635986328125 
v -774.360107421875 90.71189880371094 104.06196594238281 
v -774.0632934570312 90.71189880371094 103.5596923828125 
v -774.06298828125 116.58145904541016 103.5847396850586 
v -774.0628662109375 122.10005187988281 103.59224700927734 
v -770.2557373046875 90.71189880371094 103.51069641113281 
v -770.25537109375 116.58145904541016 103.53573608398438 
v -769.6155395507812 90.71189880371094 103.50245666503906 
v -769.6151733398438 116.58145904541016 103.52749633789062 
v -769.609130859375 90.71189880371094 104.00082397460938 
v -769.6087646484375 116.58145904541016 104.02586364746094 
v -769.6151123046875 122.10005187988281 103.5350112915039 
v -769.6087036132812 122.10005187988281 104.03337860107422 
v -769.6151123046875 123.32844543457031 103.5350112915039 
v -769.6087036132812 123.32844543457031 104.03337860107422 
v -770.2553100585938 123.32844543457031 103.54325103759766 
v -770.2553100585938 122.10005187988281 103.54325103759766 
v -774.3726196289062 123.32844543457031 105.71026611328125 
v -774.3726196289062 122.10005187988281 105.71026611328125 
v -774.3596801757812 122.10005187988281 104.09452056884766 
v -774.3598022460938 116.58145904541016 104.08700561523438 
v -774.3596801757812 123.32844543457031 104.09452056884766 
v -774.03564453125 123.32844543457031 105.7059326171875 
v -774.0564575195312 123.32844543457031 104.09061431884766 
v -770.2280883789062 123.32844543457031 105.65692901611328 
v -770.2489013671875 123.32844543457031 104.04161834716797 
v -769.587890625 123.32844543457031 105.64868927001953 
v -769.6087036132812 123.32844543457031 104.03337860107422 
v -769.587890625 122.10005187988281 105.64868927001953 
v -769.6087036132812 122.10005187988281 104.03337860107422 
v -769.5880126953125 116.58145904541016 105.64118194580078 
v -769.6087646484375 116.58145904541016 104.02586364746094 
v -769.5883178710938 90.71189880371094 105.61613464355469 
v -769.609130859375 90.71189880371094 104.00082397460938 
v -770.228515625 90.71189880371094 105.62437438964844 
v -770.2282104492188 116.58145904541016 105.6494140625 
v -770.2280883789062 122.10005187988281 105.65692901611328 
v -774.03564453125 122.10005187988281 105.7059326171875 
v -774.3726806640625 116.58145904541016 105.70275115966797 
v -774.360107421875 90.71189880371094 104.06196594238281 
v -774.373046875 90.71189880371094 105.6777114868164 
v -774.0357666015625 116.58145904541016 105.69841766357422 
v -774.0360717773438 90.71189880371094 105.67337799072266 
v -774.0103149414062 116.58145904541016 107.67436218261719 
v -774.01025390625 122.10005187988281 107.67936706542969 
v -770.2026977539062 122.10005187988281 107.63037109375 
v -770.2027587890625 116.58145904541016 107.62535858154297 
v -533.1182861328125 126.02356719970703 54.79084777832031 
v -533.5640258789062 126.17024230957031 54.197940826416016 
v -533.1182861328125 138.36248779296875 54.79084396362305 
v -533.5640258789062 138.78416442871094 54.197940826416016 
v -526.456298828125 138.36248779296875 56.57617950439453 
v -526.5637817382812 138.78416442871094 56.07660675048828 
v -534.5108642578125 139.90255737304688 53.95213317871094 
v -534.5108642578125 126.53692626953125 53.95213317871094 
v -534.8828735351562 126.70193481445312 53.84921646118164 
v -534.8828735351562 140.3609161376953 53.849212646484375 
v -534.8527221679688 126.70193481445312 56.190792083740234 
v -534.8527221679688 140.3609161376953 56.190792083740234 
v -513.65478515625 138.36248779296875 58.8210334777832 
v -513.7623291015625 138.78416442871094 58.32146072387695 
v -498.5821533203125 138.36248779296875 59.47367858886719 
v -498.6896667480469 138.78416442871094 58.97410583496094 
v -483.4975891113281 138.36248779296875 58.43294143676758 
v -483.6388244628906 138.78416442871094 57.93380355834961 
v -470.75811767578125 138.36248779296875 55.85940170288086 
v -470.8656311035156 138.78416442871094 55.35982894897461 
v -464.14422607421875 138.36248779296875 53.903221130371094 
v -463.91607666015625 138.78416442871094 53.30164337158203 
v -464.14422607421875 126.02356719970703 53.903221130371094 
v -463.91607666015625 126.17024230957031 53.30164337158203 
v -464.14422607421875 113.64798736572266 53.903221130371094 
v -463.91607666015625 113.46464538574219 53.30164337158203 
v -463.0096130371094 126.53692626953125 53.031986236572266 
v -463.0096130371094 112.96961975097656 53.031986236572266 
v -463.0096130371094 139.90255737304688 53.031986236572266 
v -470.8656311035156 139.90255737304688 55.35982894897461 
v -483.6388244628906 139.90255737304688 57.93380355834961 
v -498.6896667480469 139.90255737304688 58.97410583496094 
v -513.7623291015625 139.90255737304688 58.32146072387695 
v -526.5637817382812 139.90255737304688 56.07660675048828 
v -526.5637817382812 140.3609161376953 56.07660675048828 
v -526.53369140625 140.3609161376953 58.41818618774414 
v -513.732177734375 140.3609161376953 60.66304016113281 
v -513.7623291015625 140.3609161376953 58.32146072387695 
v -498.6896667480469 140.3609161376953 58.97410583496094 
v -483.6388244628906 140.3609161376953 57.93380355834961 
v -470.8656311035156 140.3609161376953 55.35982894897461 
v -462.6403503417969 140.3609161376953 52.91952896118164 
v -462.6403503417969 126.70193481445312 52.91952896118164 
v -462.6403503417969 112.73127746582031 52.91952896118164 
v -462.6102294921875 126.70193481445312 55.2611083984375 
v -462.6102294921875 112.54793548583984 55.2611083984375 
v -462.6102294921875 140.3609161376953 55.261104583740234 
v -470.83551025390625 140.3609161376953 57.70140838623047 
v -483.6086730957031 140.3609161376953 60.27538299560547 
v -498.6595458984375 140.3609161376953 61.3156852722168 
v -534.8527221679688 99.36564636230469 56.1907958984375 
v -526.53369140625 99.36564636230469 58.418190002441406 
v -534.8828735351562 99.36564636230469 53.84921646118164 
v -526.5637817382812 99.36564636230469 56.07661056518555 
v -513.7623291015625 99.36564636230469 58.32146453857422 
v -513.732177734375 99.36564636230469 60.66304397583008 
v -498.6896667480469 99.36564636230469 58.9741096496582 
v -498.6595458984375 99.36564636230469 61.31568908691406 
v -483.6388244628906 99.36564636230469 57.93380355834961 
v -483.6086730957031 99.36564636230469 60.27538299560547 
v -470.8656311035156 99.36564636230469 55.359832763671875 
v -470.83551025390625 99.34730529785156 57.701412200927734 
v -462.6102294921875 98.6506118774414 55.2611083984375 
v -462.6403503417969 98.77894592285156 52.91952896118164 
v -462.6102294921875 112.54793548583984 55.2611083984375 
v -462.6403503417969 112.73127746582031 52.91952896118164 
v -463.0096130371094 99.2373046875 53.031986236572266 
v -463.0096130371094 112.96961975097656 53.031986236572266 
v -470.8656311035156 99.8239974975586 55.359832763671875 
v -483.6388244628906 99.84233093261719 57.93380355834961 
v -498.6896667480469 99.84233093261719 58.9741096496582 
v -513.7623291015625 99.84233093261719 58.32146453857422 
v -526.5637817382812 99.84233093261719 56.07661056518555 
v -534.5108642578125 99.84233093261719 53.95213317871094 
v -534.5108642578125 113.18962860107422 53.95213317871094 
v -534.8828735351562 113.02462005615234 53.84921646118164 
v -534.5108642578125 126.53692626953125 53.95213317871094 
v -534.8828735351562 126.70193481445312 53.84921646118164 
v -534.8527221679688 113.02462005615234 56.1907958984375 
v -534.8527221679688 126.70193481445312 56.190792083740234 
v -533.5640258789062 126.17024230957031 54.197940826416016 
v -533.5640258789062 113.55631256103516 54.197940826416016 
v -533.1182861328125 126.02356719970703 54.79084777832031 
v -533.1182861328125 113.70298767089844 54.79084777832031 
v -533.5640258789062 100.9607162475586 54.197940826416016 
v -533.1182861328125 101.36406707763672 54.79084777832031 
v -526.5637817382812 100.9607162475586 56.07661056518555 
v -526.456298828125 101.36406707763672 56.5761833190918 
v -513.7623291015625 100.9607162475586 58.32146453857422 
v -513.65478515625 101.36406707763672 58.8210334777832 
v -498.6896667480469 100.9607162475586 58.9741096496582 
v -483.6388244628906 100.9607162475586 57.93380355834961 
v -470.8656311035156 100.9423828125 55.359832763671875 
v -498.5821533203125 101.36406707763672 59.47367858886719 
v -483.4975891113281 101.36406707763672 58.43294143676758 
v -470.75811767578125 101.36406707763672 55.859405517578125 
v -463.91607666015625 100.3923568725586 53.30164337158203 
v -464.14422607421875 100.83238220214844 53.903221130371094 
v -463.91607666015625 113.46464538574219 53.30164337158203 
v -464.14422607421875 113.64798736572266 53.903221130371094 
v -463.1473388671875 139.75588989257812 55.42331314086914 
v -470.83551025390625 139.75588989257812 57.70140838623047 
v -463.1473388671875 126.50025939941406 55.423316955566406 
v -470.83551025390625 126.50025939941406 57.70140838623047 
v -463.1473388671875 112.87794494628906 55.423316955566406 
v -470.83551025390625 113.2262954711914 57.701412200927734 
v -463.1473388671875 99.2556381225586 55.423316955566406 
v -462.6102294921875 98.6506118774414 55.2611083984375 
v -470.83551025390625 99.34730529785156 57.701412200927734 
v -470.83551025390625 99.95233917236328 57.701412200927734 
v -483.6086730957031 99.36564636230469 60.27538299560547 
v -483.6086730957031 99.97067260742188 60.27538299560547 
v -498.6595458984375 99.36564636230469 61.31568908691406 
v -498.6595458984375 99.97067260742188 61.31568908691406 
v -513.732177734375 99.36564636230469 60.66304397583008 
v -513.732177734375 99.97067260742188 60.66304397583008 
v -526.53369140625 99.36564636230469 58.418190002441406 
v -526.53369140625 99.97067260742188 58.418190002441406 
v -534.8527221679688 99.36564636230469 56.1907958984375 
v -534.3115844726562 99.97067260742188 56.33912658691406 
v -534.8527221679688 113.02462005615234 56.1907958984375 
v -534.3115844726562 113.2262954711914 56.33912658691406 
v -462.6102294921875 112.54793548583984 55.2611083984375 
v -534.8527221679688 126.70193481445312 56.190792083740234 
v -534.3115844726562 126.50025939941406 56.33912658691406 
v -526.53369140625 113.2262954711914 58.418190002441406 
v -534.8527221679688 140.3609161376953 56.190792083740234 
v -534.3115844726562 139.75588989257812 56.33912658691406 
v -526.53369140625 126.50025939941406 58.41818618774414 
v -513.732177734375 113.2262954711914 60.66304016113281 
v -513.4624633789062 100.26402282714844 60.674598693847656 
v -498.6595458984375 100.26402282714844 61.31568908691406 
v -483.8443603515625 100.26402282714844 60.2934455871582 
v -483.8443603515625 112.95128631591797 60.2934455871582 
v -483.6086730957031 113.2262954711914 60.27538299560547 
v -483.6086730957031 126.50025939941406 60.27538299560547 
v -483.6086730957031 139.75588989257812 60.27538299560547 
v -470.83551025390625 140.3609161376953 57.70140838623047 
v -462.6102294921875 140.3609161376953 55.261104583740234 
v -462.6102294921875 126.70193481445312 55.2611083984375 
v -526.53369140625 140.3609161376953 58.41818618774414 
v -483.6086730957031 140.3609161376953 60.27538299560547 
v -498.6595458984375 139.75588989257812 61.3156852722168 
v -498.6595458984375 126.50025939941406 61.3156852722168 
v -498.6595458984375 140.3609161376953 61.3156852722168 
v -513.732177734375 139.75588989257812 60.66304016113281 
v -513.732177734375 140.3609161376953 60.66304016113281 
v -526.53369140625 139.75588989257812 58.41818618774414 
v -513.732177734375 126.50025939941406 60.66304016113281 
v -498.6595458984375 113.2262954711914 61.3156852722168 
v -498.6595458984375 112.95128631591797 61.3156852722168 
v -498.6682434082031 112.95128631591797 60.63950729370117 
v -483.8530578613281 112.95128631591797 59.61726760864258 
v -483.8530578613281 100.26402282714844 59.61726760864258 
v -498.6682434082031 100.26402282714844 60.63951110839844 
v -484.0550842285156 100.4840316772461 59.629886627197266 
v -484.0550842285156 112.73127746582031 59.629886627197266 
v -498.6682434082031 112.73127746582031 60.63950729370117 
v -513.2688598632812 112.73127746582031 60.005836486816406 
v -513.4711303710938 112.95128631591797 59.99842071533203 
v -513.4624633789062 112.95128631591797 60.674598693847656 
v -498.6682434082031 100.4840316772461 60.63951110839844 
v -513.4711303710938 100.26402282714844 59.99842071533203 
v -513.2688598632812 100.4840316772461 60.005836486816406 
v -490.8458557128906 87.4300765991211 60.934600830078125 
v -493.3087463378906 87.4300765991211 63.340824127197266 
v -490.8458557128906 91.15192413330078 60.934600830078125 
v -493.3087463378906 91.15192413330078 63.340824127197266 
v -490.8458557128906 91.5002670288086 60.934600830078125 
v -493.3087463378906 91.5002670288086 63.340824127197266 
v -493.72802734375 91.15192413330078 64.80400085449219 
v -493.72802734375 91.50027465820312 64.80400085449219 
v -492.5247802734375 91.0052490234375 71.8845443725586 
v -492.5247802734375 91.33526611328125 71.8845443725586 
v -492.92913818359375 91.33526611328125 71.8897476196289 
v -492.92913818359375 91.0052490234375 71.8897476196289 
v -492.5247802734375 87.59508514404297 71.8845443725586 
v -492.92913818359375 87.59508514404297 71.8897476196289 
v -498.54461669921875 91.15192413330078 67.6262435913086 
v -498.54461669921875 87.4300765991211 67.6262435913086 
v -504.0822448730469 87.59508514404297 72.03327941894531 
v -504.0822448730469 91.0052490234375 72.03327941894531 
v -504.4866027832031 91.0052490234375 72.03848266601562 
v -504.4866027832031 91.33526611328125 72.03848266601562 
v -504.0822448730469 91.33526611328125 72.03327941894531 
v -498.54461669921875 91.50027465820312 67.6262435913086 
v -493.72802734375 87.4300765991211 64.80400085449219 
v -504.4866027832031 87.59508514404297 72.03848266601562 
v -525.0233154296875 89.28182983398438 44.842899322509766 
v -525.0546875 89.31849670410156 45.02364730834961 
v -526.7376098632812 89.3001708984375 45.18807601928711 
v -498.6099548339844 91.53694152832031 62.549903869628906 
v -498.61273193359375 91.5002670288086 62.334529876708984 
v -473.3671875 89.28182983398438 44.28834915161133 
v -473.2975158691406 89.31849670410156 44.46278762817383 
v -471.143798828125 89.28182983398438 44.21965789794922 
v -471.6468200683594 89.3001708984375 44.41399002075195 
v -490.8458557128906 91.5002670288086 60.934600830078125 
v -490.94866943359375 91.48194122314453 60.80316925048828 
v -493.3087463378906 91.5002670288086 63.340824127197266 
v -493.44476318359375 91.5002670288086 63.24739074707031 
v -493.72802734375 91.50027465820312 64.80400085449219 
v -493.89666748046875 91.50027465820312 64.79364776611328 
v -492.5247802734375 91.33526611328125 71.8845443725586 
v -492.7292785644531 91.33526611328125 71.70683288574219 
v -492.92913818359375 91.33526611328125 71.8897476196289 
v -492.86407470703125 91.33526611328125 71.70857238769531 
v -498.54461669921875 91.50027465820312 67.6262435913086 
v -498.5475769042969 91.50027465820312 67.39834594726562 
v -498.59124755859375 91.50027465820312 64.00493621826172 
v -503.7554931640625 91.5002670288086 63.38008117675781 
v -506.31365966796875 91.48194122314453 61.00090026855469 
v -527.211181640625 89.28182983398438 45.05139923095703 
v -503.2639465332031 91.50027465820312 64.91419219970703 
v -503.9227600097656 91.5002670288086 63.477413177490234 
v -503.4659423828125 91.50027465820312 64.92931365966797 
v -504.2867431640625 91.33526611328125 71.8555679321289 
v -504.4866027832031 91.33526611328125 72.03848266601562 
v -506.4467468261719 91.5002670288086 61.1353645324707 
v -504.0822448730469 91.33526611328125 72.03327941894531 
v -504.1182556152344 91.33526611328125 71.85340118408203 
v -504.4866027832031 91.33526611328125 72.03848266601562 
v -504.4866027832031 91.33526611328125 72.03848266601562 
v -503.4659423828125 91.50027465820312 64.92931365966797 
v -503.4659423828125 91.15192413330078 64.92931365966797 
v -503.9227600097656 91.15192413330078 63.477413177490234 
v -503.9227600097656 91.5002670288086 63.477413177490234 
v -506.4467468261719 91.15192413330078 61.1353645324707 
v -506.4467468261719 91.5002670288086 61.1353645324707 
v -527.211181640625 89.28182983398438 45.05139923095703 
v -527.211181640625 89.08015441894531 45.05139923095703 
v -506.4467468261719 87.4300765991211 61.1353645324707 
v -503.9227600097656 87.4300765991211 63.477413177490234 
v -503.4659423828125 87.4300765991211 64.92931365966797 
v -504.4866027832031 91.0052490234375 72.03848266601562 
v -504.4866027832031 87.59508514404297 72.03848266601562 
v -527.211181640625 87.17340087890625 45.05139923095703 
v -525.0233154296875 87.17340087890625 44.842899322509766 
v -525.0233154296875 89.08015441894531 44.842899322509766 
v -498.61273193359375 87.4300765991211 62.334529876708984 
v -498.61273193359375 91.15192413330078 62.334529876708984 
v -525.0233154296875 89.28182983398438 44.842899322509766 
v -498.61273193359375 91.5002670288086 62.334529876708984 
v -473.3671875 89.08015441894531 44.28834915161133 
v -473.3671875 89.28182983398438 44.28834915161133 
v -471.143798828125 89.08015441894531 44.21965789794922 
v -471.143798828125 89.28182983398438 44.21965789794922 
v -471.143798828125 87.17340087890625 44.21965789794922 
v -473.3671875 87.17340087890625 44.28834915161133 
v -496.35089111328125 123.32844543457031 65.25605010986328 
v -496.6605529785156 123.32844543457031 64.76158142089844 
v -496.6541442871094 123.32844543457031 65.25994873046875 
v -500.4681091308594 123.32844543457031 64.81058502197266 
v -496.3572998046875 123.32844543457031 64.75768280029297 
v -496.35089111328125 122.10005187988281 65.25605010986328 
v -496.3572998046875 122.10005187988281 64.75768280029297 
v -496.3507995605469 116.58145904541016 65.26355743408203 
v -496.3572082519531 116.58145904541016 64.76519012451172 
v -496.3504638671875 90.71189880371094 65.28860473632812 
v -496.35687255859375 90.71189880371094 64.79023742675781 
v -496.6537170410156 90.71189880371094 65.29251098632812 
v -496.654052734375 116.58145904541016 65.26746368408203 
v -496.6541442871094 122.10005187988281 65.25994873046875 
v -500.4612731933594 90.71189880371094 65.34150695800781 
v -500.46160888671875 116.58145904541016 65.31645965576172 
v -501.10150146484375 90.71189880371094 65.34974670410156 
v -501.101806640625 116.58145904541016 65.32469940185547 
v -501.10791015625 90.71189880371094 64.85137939453125 
v -501.10821533203125 116.58145904541016 64.82633209228516 
v -501.1018981933594 122.10005187988281 65.31719207763672 
v -501.1083068847656 122.10005187988281 64.81881713867188 
v -501.1018981933594 123.32844543457031 65.31719207763672 
v -501.1083068847656 123.32844543457031 64.81881713867188 
v -500.4617004394531 123.32844543457031 65.30895233154297 
v -500.4617004394531 122.10005187988281 65.30895233154297 
v -496.3443908691406 123.32844543457031 63.14193344116211 
v -496.3443908691406 122.10005187988281 63.14193344116211 
v -496.3572998046875 122.10005187988281 64.75768280029297 
v -496.3572082519531 116.58145904541016 64.76519012451172 
v -496.3572998046875 123.32844543457031 64.75768280029297 
v -496.68133544921875 123.32844543457031 63.14626693725586 
v -496.6605529785156 123.32844543457031 64.76158142089844 
v -500.4888916015625 123.32844543457031 63.19526672363281 
v -500.4681091308594 123.32844543457031 64.81058502197266 
v -501.1291198730469 123.32844543457031 63.20350646972656 
v -501.1083068847656 123.32844543457031 64.81881713867188 
v -501.1291198730469 122.10005187988281 63.20350646972656 
v -501.1083068847656 122.10005187988281 64.81881713867188 
v -501.1289978027344 116.58145904541016 63.211021423339844 
v -501.10821533203125 116.58145904541016 64.82633209228516 
v -501.1286926269531 90.71189880371094 63.23606491088867 
v -501.10791015625 90.71189880371094 64.85137939453125 
v -500.48846435546875 90.71189880371094 63.22782516479492 
v -500.4888000488281 116.58145904541016 63.202781677246094 
v -500.4888916015625 122.10005187988281 63.19526672363281 
v -496.68133544921875 122.10005187988281 63.14626693725586 
v -496.34429931640625 116.58145904541016 63.149444580078125 
v -496.35687255859375 90.71189880371094 64.79023742675781 
v -496.3439636230469 90.71189880371094 63.17449188232422 
v -496.6812438964844 116.58145904541016 63.15378189086914 
v -496.680908203125 90.71189880371094 63.17882537841797 
v -496.7066650390625 116.58145904541016 61.17784118652344 
v -496.70672607421875 122.10005187988281 61.17283248901367 
v -500.5142822265625 122.10005187988281 61.221832275390625 
v -500.51422119140625 116.58145904541016 61.22684097290039 
v -751.5103149414062 126.02356719970703 -458.0773620605469 
v -751.9560546875 126.17024230957031 -458.6702575683594 
v -751.5103149414062 138.36248779296875 -458.0773620605469 
v -751.9560546875 138.78416442871094 -458.6702575683594 
v -744.8482666015625 138.36248779296875 -456.2920227050781 
v -744.955810546875 138.78416442871094 -456.7915954589844 
v -752.90283203125 139.90255737304688 -458.91607666015625 
v -752.90283203125 126.53692626953125 -458.91607666015625 
v -753.2748413085938 126.70193481445312 -459.01898193359375 
v -753.2748413085938 140.3609161376953 -459.01898193359375 
v -753.2447509765625 126.70193481445312 -456.6773986816406 
v -753.2447509765625 140.3609161376953 -456.6773986816406 
v -732.0468139648438 138.36248779296875 -454.04718017578125 
v -732.154296875 138.78416442871094 -454.5467529296875 
v -716.97412109375 138.36248779296875 -453.39453125 
v -717.0816650390625 138.78416442871094 -453.89410400390625 
v -701.8895874023438 138.36248779296875 -454.4352722167969 
v -702.0308227539062 138.78416442871094 -454.93438720703125 
v -689.1500854492188 138.36248779296875 -457.0087890625 
v -689.2576293945312 138.78416442871094 -457.50836181640625 
v -682.5362548828125 138.36248779296875 -458.9649658203125 
v -682.3080444335938 138.78416442871094 -459.5665588378906 
v -682.5362548828125 126.02356719970703 -458.9649658203125 
v -682.3080444335938 126.17024230957031 -459.5665588378906 
v -682.5362548828125 113.64798736572266 -458.9649658203125 
v -682.3080444335938 113.46464538574219 -459.5665588378906 
v -681.401611328125 126.53692626953125 -459.8362121582031 
v -681.401611328125 112.96961975097656 -459.8362121582031 
v -681.401611328125 139.90255737304688 -459.8362121582031 
v -689.2576293945312 139.90255737304688 -457.50836181640625 
v -702.0308227539062 139.90255737304688 -454.93438720703125 
v -717.0816650390625 139.90255737304688 -453.89410400390625 
v -732.154296875 139.90255737304688 -454.5467529296875 
v -744.955810546875 139.90255737304688 -456.7915954589844 
v -744.955810546875 140.3609161376953 -456.7915954589844 
v -744.9256591796875 140.3609161376953 -454.45001220703125 
v -732.1242065429688 140.3609161376953 -452.2051696777344 
v -732.154296875 140.3609161376953 -454.5467529296875 
v -717.0816650390625 140.3609161376953 -453.89410400390625 
v -702.0308227539062 140.3609161376953 -454.93438720703125 
v -689.2576293945312 140.3609161376953 -457.50836181640625 
v -681.0323486328125 140.3609161376953 -459.94866943359375 
v -681.0323486328125 126.70193481445312 -459.94866943359375 
v -681.0323486328125 112.73127746582031 -459.94866943359375 
v -681.002197265625 126.70193481445312 -457.6070861816406 
v -681.002197265625 112.54793548583984 -457.6070861816406 
v -681.002197265625 140.3609161376953 -457.6070861816406 
v -689.2274780273438 140.3609161376953 -455.1667785644531 
v -702.0006713867188 140.3609161376953 -452.5928039550781 
v -717.051513671875 140.3609161376953 -451.5525207519531 
v -753.2447509765625 99.36564636230469 -456.6773986816406 
v -744.9256591796875 99.36564636230469 -454.45001220703125 
v -753.2748413085938 99.36564636230469 -459.01898193359375 
v -744.955810546875 99.36564636230469 -456.7915954589844 
v -732.154296875 99.36564636230469 -454.5467224121094 
v -732.1242065429688 99.36564636230469 -452.2051696777344 
v -717.0816650390625 99.36564636230469 -453.89410400390625 
v -717.051513671875 99.36564636230469 -451.5525207519531 
v -702.0308227539062 99.36564636230469 -454.93438720703125 
v -702.0006713867188 99.36564636230469 -452.5928039550781 
v -689.2576293945312 99.36564636230469 -457.50836181640625 
v -689.2274780273438 99.34730529785156 -455.1667785644531 
v -681.002197265625 98.6506118774414 -457.6070861816406 
v -681.0323486328125 98.77894592285156 -459.94866943359375 
v -681.002197265625 112.54793548583984 -457.6070861816406 
v -681.0323486328125 112.73127746582031 -459.94866943359375 
v -681.401611328125 99.2373046875 -459.8362121582031 
v -681.401611328125 112.96961975097656 -459.8362121582031 
v -689.2576293945312 99.8239974975586 -457.50836181640625 
v -702.0308227539062 99.84233093261719 -454.93438720703125 
v -717.0816650390625 99.84233093261719 -453.89410400390625 
v -732.154296875 99.84233093261719 -454.5467224121094 
v -744.955810546875 99.84233093261719 -456.7915954589844 
v -752.90283203125 99.84233093261719 -458.91607666015625 
v -752.90283203125 113.18962860107422 -458.91607666015625 
v -753.2748413085938 113.02462005615234 -459.01898193359375 
v -752.90283203125 126.53692626953125 -458.91607666015625 
v -753.2748413085938 126.70193481445312 -459.01898193359375 
v -753.2447509765625 113.02462005615234 -456.6773986816406 
v -753.2447509765625 126.70193481445312 -456.6773986816406 
v -751.9560546875 126.17024230957031 -458.6702575683594 
v -751.9560546875 113.55631256103516 -458.6702575683594 
v -751.5103149414062 126.02356719970703 -458.0773620605469 
v -751.5103149414062 113.70298767089844 -458.0773620605469 
v -751.9560546875 100.9607162475586 -458.6702575683594 
v -751.5103149414062 101.36406707763672 -458.0773620605469 
v -744.955810546875 100.9607162475586 -456.7915954589844 
v -744.8482666015625 101.36406707763672 -456.2920227050781 
v -732.154296875 100.9607162475586 -454.5467224121094 
v -732.0468139648438 101.36406707763672 -454.0471496582031 
v -717.0816650390625 100.9607162475586 -453.89410400390625 
v -702.0308227539062 100.9607162475586 -454.93438720703125 
v -689.2576293945312 100.9423828125 -457.50836181640625 
v -716.97412109375 101.36406707763672 -453.39453125 
v -701.8895874023438 101.36406707763672 -454.43524169921875 
v -689.1500854492188 101.36406707763672 -457.0087890625 
v -682.3080444335938 100.3923568725586 -459.5665588378906 
v -682.5362548828125 100.83238220214844 -458.9649658203125 
v -682.3080444335938 113.46464538574219 -459.5665588378906 
v -682.5362548828125 113.64798736572266 -458.9649658203125 
v -681.5393676757812 139.75588989257812 -457.44488525390625 
v -689.2274780273438 139.75588989257812 -455.1667785644531 
v -681.5393676757812 126.50025939941406 -457.44488525390625 
v -689.2274780273438 126.50025939941406 -455.1667785644531 
v -681.5393676757812 112.87794494628906 -457.44488525390625 
v -689.2274780273438 113.2262954711914 -455.1667785644531 
v -681.5393676757812 99.2556381225586 -457.44488525390625 
v -681.002197265625 98.6506118774414 -457.6070861816406 
v -689.2274780273438 99.34730529785156 -455.1667785644531 
v -689.2274780273438 99.95233917236328 -455.1667785644531 
v -702.0006713867188 99.36564636230469 -452.5928039550781 
v -702.0006713867188 99.97067260742188 -452.5928039550781 
v -717.051513671875 99.36564636230469 -451.5525207519531 
v -717.051513671875 99.97067260742188 -451.5525207519531 
v -732.1242065429688 99.36564636230469 -452.2051696777344 
v -732.1242065429688 99.97067260742188 -452.2051696777344 
v -744.9256591796875 99.36564636230469 -454.45001220703125 
v -744.9256591796875 99.97067260742188 -454.45001220703125 
v -753.2447509765625 99.36564636230469 -456.6773986816406 
v -752.70361328125 99.97067260742188 -456.5290832519531 
v -753.2447509765625 113.02462005615234 -456.6773986816406 
v -752.70361328125 113.2262954711914 -456.5290832519531 
v -681.002197265625 112.54793548583984 -457.6070861816406 
v -753.2447509765625 126.70193481445312 -456.6773986816406 
v -752.70361328125 126.50025939941406 -456.5290832519531 
v -744.9256591796875 113.2262954711914 -454.45001220703125 
v -753.2447509765625 140.3609161376953 -456.6773986816406 
v -752.70361328125 139.75588989257812 -456.5290832519531 
v -744.9256591796875 126.50025939941406 -454.45001220703125 
v -732.1242065429688 113.2262954711914 -452.2051696777344 
v -731.8544311523438 100.26402282714844 -452.193603515625 
v -717.051513671875 100.26402282714844 -451.5525207519531 
v -702.236328125 100.26402282714844 -452.57476806640625 
v -702.236328125 112.95128631591797 -452.57476806640625 
v -702.0006713867188 113.2262954711914 -452.5928039550781 
v -702.0006713867188 126.50025939941406 -452.5928039550781 
v -702.0006713867188 139.75588989257812 -452.5928039550781 
v -689.2274780273438 140.3609161376953 -455.1667785644531 
v -681.002197265625 140.3609161376953 -457.6070861816406 
v -681.002197265625 126.70193481445312 -457.6070861816406 
v -744.9256591796875 140.3609161376953 -454.45001220703125 
v -702.0006713867188 140.3609161376953 -452.5928039550781 
v -717.051513671875 139.75588989257812 -451.5525207519531 
v -717.051513671875 126.50025939941406 -451.5525207519531 
v -717.051513671875 140.3609161376953 -451.5525207519531 
v -732.1242065429688 139.75588989257812 -452.2051696777344 
v -732.1242065429688 140.3609161376953 -452.2051696777344 
v -744.9256591796875 139.75588989257812 -454.45001220703125 
v -732.1242065429688 126.50025939941406 -452.2051696777344 
v -717.051513671875 113.2262954711914 -451.5525207519531 
v -717.051513671875 112.95128631591797 -451.5525207519531 
v -717.0602416992188 112.95128631591797 -452.22869873046875 
v -702.2450561523438 112.95128631591797 -453.2509460449219 
v -702.2450561523438 100.26402282714844 -453.2509460449219 
v -717.0602416992188 100.26402282714844 -452.22869873046875 
v -702.4470825195312 100.4840316772461 -453.2383117675781 
v -702.4470825195312 112.73127746582031 -453.2383117675781 
v -717.0602416992188 112.73127746582031 -452.22869873046875 
v -731.6608276367188 112.73127746582031 -452.86236572265625 
v -731.8631591796875 112.95128631591797 -452.8697814941406 
v -731.8544311523438 112.95128631591797 -452.193603515625 
v -717.0602416992188 100.4840316772461 -452.22869873046875 
v -731.8631591796875 100.26402282714844 -452.8697814941406 
v -731.6608276367188 100.4840316772461 -452.86236572265625 
v -709.2378540039062 87.4300765991211 -451.93359375 
v -711.7007446289062 87.4300765991211 -449.5273742675781 
v -709.2378540039062 91.15192413330078 -451.93359375 
v -711.7007446289062 91.15192413330078 -449.5273742675781 
v -709.2378540039062 91.5002670288086 -451.93359375 
v -711.7007446289062 91.5002670288086 -449.5273742675781 
v -712.1200561523438 91.15192413330078 -448.064208984375 
v -712.1200561523438 91.50027465820312 -448.064208984375 
v -710.9168090820312 91.0052490234375 -440.983642578125 
v -710.9168090820312 91.33526611328125 -440.983642578125 
v -711.3211059570312 91.33526611328125 -440.97845458984375 
v -711.3211059570312 91.0052490234375 -440.97845458984375 
v -710.9168090820312 87.59508514404297 -440.983642578125 
v -711.3211059570312 87.59508514404297 -440.97845458984375 
v -716.9366455078125 91.15192413330078 -445.241943359375 
v -716.9366455078125 87.4300765991211 -445.241943359375 
v -722.4742431640625 87.59508514404297 -440.8349304199219 
v -722.4742431640625 91.0052490234375 -440.8349304199219 
v -722.8786010742188 91.0052490234375 -440.8297119140625 
v -722.8786010742188 91.33526611328125 -440.8297119140625 
v -722.4742431640625 91.33526611328125 -440.8349304199219 
v -716.9366455078125 91.50027465820312 -445.241943359375 
v -712.1200561523438 87.4300765991211 -448.064208984375 
v -722.8786010742188 87.59508514404297 -440.8297119140625 
v -743.4153442382812 89.28182983398438 -468.0252990722656 
v -743.4467163085938 89.31849670410156 -467.84454345703125 
v -745.129638671875 89.3001708984375 -467.68011474609375 
v -717.001953125 91.53694152832031 -450.31829833984375 
v -717.0047607421875 91.5002670288086 -450.5336608886719 
v -691.7591552734375 89.28182983398438 -468.5798645019531 
v -691.6895141601562 89.31849670410156 -468.4054260253906 
v -689.5358276367188 89.28182983398438 -468.6485290527344 
v -690.038818359375 89.3001708984375 -468.4542236328125 
v -709.2378540039062 91.5002670288086 -451.93359375 
v -709.3406372070312 91.48194122314453 -452.0650329589844 
v -711.7007446289062 91.5002670288086 -449.5273742675781 
v -711.8367919921875 91.5002670288086 -449.6208190917969 
v -712.1200561523438 91.50027465820312 -448.064208984375 
v -712.2886962890625 91.50027465820312 -448.0745544433594 
v -710.9168090820312 91.33526611328125 -440.983642578125 
v -711.1212768554688 91.33526611328125 -441.161376953125 
v -711.3211059570312 91.33526611328125 -440.97845458984375 
v -711.2560424804688 91.33526611328125 -441.1596374511719 
v -716.9366455078125 91.50027465820312 -445.241943359375 
v -716.9395751953125 91.50027465820312 -445.4698486328125 
v -716.9832153320312 91.50027465820312 -448.8632507324219 
v -722.1475219726562 91.5002670288086 -449.4881286621094 
v -724.7056884765625 91.48194122314453 -451.8673095703125 
v -745.6032104492188 89.28182983398438 -467.8168029785156 
v -721.6559448242188 91.50027465820312 -447.9540100097656 
v -722.3147583007812 91.5002670288086 -449.3907775878906 
v -721.8579711914062 91.50027465820312 -447.9388732910156 
v -722.6787109375 91.33526611328125 -441.01263427734375 
v -722.8786010742188 91.33526611328125 -440.8297119140625 
v -724.8387451171875 91.5002670288086 -451.7328186035156 
v -722.4742431640625 91.33526611328125 -440.8349304199219 
v -722.51025390625 91.33526611328125 -441.0148010253906 
v -722.8786010742188 91.33526611328125 -440.8297119140625 
v -722.8786010742188 91.33526611328125 -440.8297119140625 
v -721.8579711914062 91.50027465820312 -447.9388732910156 
v -721.8579711914062 91.15192413330078 -447.9388732910156 
v -722.3147583007812 91.15192413330078 -449.3907775878906 
v -722.3147583007812 91.5002670288086 -449.3907775878906 
v -724.8387451171875 91.15192413330078 -451.7328186035156 
v -724.8387451171875 91.5002670288086 -451.7328186035156 
v -745.6032104492188 89.28182983398438 -467.8168029785156 
v -745.6032104492188 89.08015441894531 -467.8168029785156 
v -724.8387451171875 87.4300765991211 -451.7328186035156 
v -722.3147583007812 87.4300765991211 -449.3907775878906 
v -721.8579711914062 87.4300765991211 -447.9388732910156 
v -722.8786010742188 91.0052490234375 -440.8297119140625 
v -722.8786010742188 87.59508514404297 -440.8297119140625 
v -745.6032104492188 87.17340087890625 -467.8168029785156 
v -743.4153442382812 87.17340087890625 -468.0252990722656 
v -743.4153442382812 89.08015441894531 -468.0252990722656 
v -717.0047607421875 87.4300765991211 -450.5336608886719 
v -717.0047607421875 91.15192413330078 -450.5336608886719 
v -743.4153442382812 89.28182983398438 -468.0252990722656 
v -717.0047607421875 91.5002670288086 -450.5336608886719 
v -691.7591552734375 89.08015441894531 -468.5798645019531 
v -691.7591552734375 89.28182983398438 -468.5798645019531 
v -689.5358276367188 89.08015441894531 -468.6485290527344 
v -689.5358276367188 89.28182983398438 -468.6485290527344 
v -689.5358276367188 87.17340087890625 -468.6485290527344 
v -691.7591552734375 87.17340087890625 -468.5798645019531 
v -714.7428588867188 123.32844543457031 -447.6121520996094 
v -715.0525512695312 123.32844543457031 -448.10662841796875 
v -715.046142578125 123.32844543457031 -447.6082458496094 
v -718.860107421875 123.32844543457031 -448.0576171875 
v -714.749267578125 123.32844543457031 -448.11053466796875 
v -714.7428588867188 122.10005187988281 -447.6121520996094 
v -714.749267578125 122.10005187988281 -448.11053466796875 
v -714.7427978515625 116.58145904541016 -447.6046447753906 
v -714.7492065429688 116.58145904541016 -448.1029968261719 
v -714.7424926757812 90.71189880371094 -447.57958984375 
v -714.7489013671875 90.71189880371094 -448.0779724121094 
v -715.0457153320312 90.71189880371094 -447.57568359375 
v -715.0460205078125 116.58145904541016 -447.6007385253906 
v -715.046142578125 122.10005187988281 -447.6082458496094 
v -718.853271484375 90.71189880371094 -447.5267028808594 
v -718.8535766601562 116.58145904541016 -447.5517272949219 
v -719.4934692382812 90.71189880371094 -447.5184631347656 
v -719.4938354492188 116.58145904541016 -447.5434875488281 
v -719.4998779296875 90.71189880371094 -448.0168151855469 
v -719.500244140625 116.58145904541016 -448.0418701171875 
v -719.493896484375 122.10005187988281 -447.551025390625 
v -719.5003051757812 122.10005187988281 -448.04937744140625 
v -719.493896484375 123.32844543457031 -447.551025390625 
v -719.5003051757812 123.32844543457031 -448.04937744140625 
v -718.8536987304688 123.32844543457031 -447.55926513671875 
v -718.8536987304688 122.10005187988281 -447.55926513671875 
v -714.7363891601562 123.32844543457031 -449.72625732421875 
v -714.7363891601562 122.10005187988281 -449.72625732421875 
v -714.749267578125 122.10005187988281 -448.11053466796875 
v -714.7492065429688 116.58145904541016 -448.1029968261719 
v -714.749267578125 123.32844543457031 -448.11053466796875 
v -715.0733642578125 123.32844543457031 -449.721923828125 
v -715.0525512695312 123.32844543457031 -448.10662841796875 
v -718.8809204101562 123.32844543457031 -449.6729431152344 
v -718.860107421875 123.32844543457031 -448.0576171875 
v -719.5211181640625 123.32844543457031 -449.6647033691406 
v -719.5003051757812 123.32844543457031 -448.04937744140625 
v -719.5211181640625 122.10005187988281 -449.6647033691406 
v -719.5003051757812 122.10005187988281 -448.04937744140625 
v -719.52099609375 116.58145904541016 -449.65716552734375 
v -719.500244140625 116.58145904541016 -448.0418701171875 
v -719.5206909179688 90.71189880371094 -449.63214111328125 
v -719.4998779296875 90.71189880371094 -448.0168151855469 
v -718.8804931640625 90.71189880371094 -449.640380859375 
v -718.8807983398438 116.58145904541016 -449.6654052734375 
v -718.8809204101562 122.10005187988281 -449.6729431152344 
v -715.0733642578125 122.10005187988281 -449.721923828125 
v -714.7362670898438 116.58145904541016 -449.71875 
v -714.7489013671875 90.71189880371094 -448.0779724121094 
v -714.7359619140625 90.71189880371094 -449.6936950683594 
v -715.0732421875 116.58145904541016 -449.71441650390625 
v -715.0729370117188 90.71189880371094 -449.6893615722656 
v -715.0986938476562 116.58145904541016 -451.69036865234375 
v -715.0987548828125 122.10005187988281 -451.69537353515625 
v -718.9063110351562 122.10005187988281 -451.6463623046875 
v -718.90625 116.58145904541016 -451.641357421875 
v -753.7803344726562 126.02356719970703 587.0096435546875 
v -754.22607421875 126.17024230957031 586.416748046875 
v -753.7803344726562 138.36248779296875 587.0096435546875 
v -754.22607421875 138.78416442871094 586.416748046875 
v -747.1182861328125 138.36248779296875 588.7949829101562 
v -747.225830078125 138.78416442871094 588.29541015625 
v -755.1728515625 139.90255737304688 586.1709594726562 
v -755.1728515625 126.53692626953125 586.1709594726562 
v -755.5448608398438 126.70193481445312 586.0679931640625 
v -755.5448608398438 140.3609161376953 586.0679931640625 
v -755.5147094726562 126.70193481445312 588.4096069335938 
v -755.5147094726562 140.3609161376953 588.4096069335938 
v -734.3167724609375 138.36248779296875 591.0398559570312 
v -734.42431640625 138.78416442871094 590.540283203125 
v -719.244140625 138.36248779296875 591.6925048828125 
v -719.3516845703125 138.78416442871094 591.1929321289062 
v -704.1596069335938 138.36248779296875 590.6517333984375 
v -704.3008422851562 138.78416442871094 590.152587890625 
v -691.4201049804688 138.36248779296875 588.0781860351562 
v -691.5276489257812 138.78416442871094 587.57861328125 
v -684.8062133789062 138.36248779296875 586.1220092773438 
v -684.5780639648438 138.78416442871094 585.5204467773438 
v -684.8062133789062 126.02356719970703 586.1220092773438 
v -684.5780639648438 126.17024230957031 585.5204467773438 
v -684.8062133789062 113.64798736572266 586.1220092773438 
v -684.5780639648438 113.46464538574219 585.5204467773438 
v -683.671630859375 126.53692626953125 585.2507934570312 
v -683.671630859375 112.96961975097656 585.2507934570312 
v -683.671630859375 139.90255737304688 585.2507934570312 
v -691.5276489257812 139.90255737304688 587.57861328125 
v -704.3008422851562 139.90255737304688 590.152587890625 
v -719.3516845703125 139.90255737304688 591.1929321289062 
v -734.42431640625 139.90255737304688 590.540283203125 
v -747.225830078125 139.90255737304688 588.29541015625 
v -747.225830078125 140.3609161376953 588.29541015625 
v -747.1956787109375 140.3609161376953 590.636962890625 
v -734.3941650390625 140.3609161376953 592.8818359375 
v -734.42431640625 140.3609161376953 590.540283203125 
v -719.3516845703125 140.3609161376953 591.1929321289062 
v -704.3008422851562 140.3609161376953 590.152587890625 
v -691.5276489257812 140.3609161376953 587.57861328125 
v -683.3023681640625 140.3609161376953 585.1383056640625 
v -683.3023681640625 126.70193481445312 585.1383056640625 
v -683.3023681640625 112.73127746582031 585.1383056640625 
v -683.272216796875 126.70193481445312 587.4799194335938 
v -683.272216796875 112.54793548583984 587.4799194335938 
v -683.272216796875 140.3609161376953 587.4799194335938 
v -691.4974975585938 140.3609161376953 589.9202270507812 
v -704.2706909179688 140.3609161376953 592.4942016601562 
v -719.321533203125 140.3609161376953 593.5344848632812 
v -755.5147094726562 99.36564636230469 588.4096069335938 
v -747.1956787109375 99.36564636230469 590.636962890625 
v -755.5448608398438 99.36564636230469 586.0679931640625 
v -747.225830078125 99.36564636230469 588.29541015625 
v -734.42431640625 99.36564636230469 590.540283203125 
v -734.3941650390625 99.36564636230469 592.8818359375 
v -719.3516845703125 99.36564636230469 591.1929321289062 
v -719.321533203125 99.36564636230469 593.5344848632812 
v -704.3008422851562 99.36564636230469 590.152587890625 
v -704.2706909179688 99.36564636230469 592.4942016601562 
v -691.5276489257812 99.36564636230469 587.57861328125 
v -691.4974975585938 99.34730529785156 589.9202270507812 
v -683.272216796875 98.6506118774414 587.4799194335938 
v -683.3023681640625 98.77894592285156 585.1383056640625 
v -683.272216796875 112.54793548583984 587.4799194335938 
v -683.3023681640625 112.73127746582031 585.1383056640625 
v -683.671630859375 99.2373046875 585.2507934570312 
v -683.671630859375 112.96961975097656 585.2507934570312 
v -691.5276489257812 99.8239974975586 587.57861328125 
v -704.3008422851562 99.84233093261719 590.152587890625 
v -719.3516845703125 99.84233093261719 591.1929321289062 
v -734.42431640625 99.84233093261719 590.540283203125 
v -747.225830078125 99.84233093261719 588.29541015625 
v -755.1728515625 99.84233093261719 586.1709594726562 
v -755.1728515625 113.18962860107422 586.1709594726562 
v -755.5448608398438 113.02462005615234 586.0679931640625 
v -755.1728515625 126.53692626953125 586.1709594726562 
v -755.5448608398438 126.70193481445312 586.0679931640625 
v -755.5147094726562 113.02462005615234 588.4096069335938 
v -755.5147094726562 126.70193481445312 588.4096069335938 
v -754.22607421875 126.17024230957031 586.416748046875 
v -754.22607421875 113.55631256103516 586.416748046875 
v -753.7803344726562 126.02356719970703 587.0096435546875 
v -753.7803344726562 113.70298767089844 587.0096435546875 
v -754.22607421875 100.9607162475586 586.416748046875 
v -753.7803344726562 101.36406707763672 587.0096435546875 
v -747.225830078125 100.9607162475586 588.29541015625 
v -747.1182861328125 101.36406707763672 588.7949829101562 
v -734.42431640625 100.9607162475586 590.540283203125 
v -734.3167724609375 101.36406707763672 591.0398559570312 
v -719.3516845703125 100.9607162475586 591.1929321289062 
v -704.3008422851562 100.9607162475586 590.152587890625 
v -691.5276489257812 100.9423828125 587.57861328125 
v -719.244140625 101.36406707763672 591.6925048828125 
v -704.1596069335938 101.36406707763672 590.6517333984375 
v -691.4201049804688 101.36406707763672 588.0781860351562 
v -684.5780639648438 100.3923568725586 585.5204467773438 
v -684.8062133789062 100.83238220214844 586.1220092773438 
v -684.5780639648438 113.46464538574219 585.5204467773438 
v -684.8062133789062 113.64798736572266 586.1220092773438 
v -683.809326171875 139.75588989257812 587.64208984375 
v -691.4974975585938 139.75588989257812 589.9202270507812 
v -683.809326171875 126.50025939941406 587.64208984375 
v -691.4974975585938 126.50025939941406 589.9202270507812 
v -683.809326171875 112.87794494628906 587.64208984375 
v -691.4974975585938 113.2262954711914 589.9202270507812 
v -683.809326171875 99.2556381225586 587.64208984375 
v -683.272216796875 98.6506118774414 587.4799194335938 
v -691.4974975585938 99.34730529785156 589.9202270507812 
v -691.4974975585938 99.95233917236328 589.9202270507812 
v -704.2706909179688 99.36564636230469 592.4942016601562 
v -704.2706909179688 99.97067260742188 592.4942016601562 
v -719.321533203125 99.36564636230469 593.5344848632812 
v -719.321533203125 99.97067260742188 593.5344848632812 
v -734.3941650390625 99.36564636230469 592.8818359375 
v -734.3941650390625 99.97067260742188 592.8818359375 
v -747.1956787109375 99.36564636230469 590.636962890625 
v -747.1956787109375 99.97067260742188 590.636962890625 
v -755.5147094726562 99.36564636230469 588.4096069335938 
v -754.9736328125 99.97067260742188 588.5579223632812 
v -755.5147094726562 113.02462005615234 588.4096069335938 
v -754.9736328125 113.2262954711914 588.5579223632812 
v -683.272216796875 112.54793548583984 587.4799194335938 
v -755.5147094726562 126.70193481445312 588.4096069335938 
v -754.9736328125 126.50025939941406 588.5579223632812 
v -747.1956787109375 113.2262954711914 590.636962890625 
v -755.5147094726562 140.3609161376953 588.4096069335938 
v -754.9736328125 139.75588989257812 588.5579223632812 
v -747.1956787109375 126.50025939941406 590.636962890625 
v -734.3941650390625 113.2262954711914 592.8818359375 
v -734.1244506835938 100.26402282714844 592.8933715820312 
v -719.321533203125 100.26402282714844 593.5344848632812 
v -704.50634765625 100.26402282714844 592.5122680664062 
v -704.50634765625 112.95128631591797 592.5122680664062 
v -704.2706909179688 113.2262954711914 592.4942016601562 
v -704.2706909179688 126.50025939941406 592.4942016601562 
v -704.2706909179688 139.75588989257812 592.4942016601562 
v -691.4974975585938 140.3609161376953 589.9202270507812 
v -683.272216796875 140.3609161376953 587.4799194335938 
v -683.272216796875 126.70193481445312 587.4799194335938 
v -747.1956787109375 140.3609161376953 590.636962890625 
v -704.2706909179688 140.3609161376953 592.4942016601562 
v -719.321533203125 139.75588989257812 593.5344848632812 
v -719.321533203125 126.50025939941406 593.5344848632812 
v -719.321533203125 140.3609161376953 593.5344848632812 
v -734.3941650390625 139.75588989257812 592.8818359375 
v -734.3941650390625 140.3609161376953 592.8818359375 
v -747.1956787109375 139.75588989257812 590.636962890625 
v -734.3941650390625 126.50025939941406 592.8818359375 
v -719.321533203125 113.2262954711914 593.5344848632812 
v -719.321533203125 112.95128631591797 593.5344848632812 
v -719.3302612304688 112.95128631591797 592.8583374023438 
v -704.5150756835938 112.95128631591797 591.8360595703125 
v -704.5150756835938 100.26402282714844 591.8360595703125 
v -719.3302612304688 100.26402282714844 592.8583374023438 
v -704.7171020507812 100.4840316772461 591.8486938476562 
v -704.7171020507812 112.73127746582031 591.8486938476562 
v -719.3302612304688 112.73127746582031 592.8583374023438 
v -733.9308471679688 112.73127746582031 592.224609375 
v -734.1331176757812 112.95128631591797 592.2172241210938 
v -734.1244506835938 112.95128631591797 592.8933715820312 
v -719.3302612304688 100.4840316772461 592.8583374023438 
v -734.1331176757812 100.26402282714844 592.2172241210938 
v -733.9308471679688 100.4840316772461 592.224609375 
v -711.5078735351562 87.4300765991211 593.1533813476562 
v -713.9707641601562 87.4300765991211 595.5596313476562 
v -711.5078735351562 91.15192413330078 593.1533813476562 
v -713.9707641601562 91.15192413330078 595.5596313476562 
v -711.5078735351562 91.5002670288086 593.1533813476562 
v -713.9707641601562 91.5002670288086 595.5596313476562 
v -714.3900146484375 91.15192413330078 597.0228271484375 
v -714.3900146484375 91.50027465820312 597.0228271484375 
v -713.186767578125 91.0052490234375 604.1033325195312 
v -713.186767578125 91.33526611328125 604.1033325195312 
v -713.5911254882812 91.33526611328125 604.1085205078125 
v -713.5911254882812 91.0052490234375 604.1085205078125 
v -713.186767578125 87.59508514404297 604.1033325195312 
v -713.5911254882812 87.59508514404297 604.1085205078125 
v -719.2066040039062 91.15192413330078 599.8450317382812 
v -719.2066040039062 87.4300765991211 599.8450317382812 
v -724.7442626953125 87.59508514404297 604.2520751953125 
v -724.7442626953125 91.0052490234375 604.2520751953125 
v -725.1485595703125 91.0052490234375 604.2572631835938 
v -725.1485595703125 91.33526611328125 604.2572631835938 
v -724.7442626953125 91.33526611328125 604.2520751953125 
v -719.2066040039062 91.50027465820312 599.8450317382812 
v -714.3900146484375 87.4300765991211 597.0228271484375 
v -725.1485595703125 87.59508514404297 604.2572631835938 
v -745.6853637695312 89.28182983398438 577.0617065429688 
v -745.7167358398438 89.31849670410156 577.242431640625 
v -747.399658203125 89.3001708984375 577.4068603515625 
v -719.27197265625 91.53694152832031 594.7686767578125 
v -719.2747192382812 91.5002670288086 594.5533447265625 
v -694.0291748046875 89.28182983398438 576.5071411132812 
v -693.9595336914062 89.31849670410156 576.6815795898438 
v -691.8057861328125 89.28182983398438 576.4384765625 
v -692.308837890625 89.3001708984375 576.6328125 
v -711.5078735351562 91.5002670288086 593.1533813476562 
v -711.6106567382812 91.48194122314453 593.02197265625 
v -713.9707641601562 91.5002670288086 595.5596313476562 
v -714.1067504882812 91.5002670288086 595.4661865234375 
v -714.3900146484375 91.50027465820312 597.0228271484375 
v -714.5586547851562 91.50027465820312 597.012451171875 
v -713.186767578125 91.33526611328125 604.1033325195312 
v -713.3912963867188 91.33526611328125 603.9256591796875 
v -713.5911254882812 91.33526611328125 604.1085205078125 
v -713.5260620117188 91.33526611328125 603.9273681640625 
v -719.2066040039062 91.50027465820312 599.8450317382812 
v -719.2095947265625 91.50027465820312 599.6171264648438 
v -719.2532348632812 91.50027465820312 596.2237548828125 
v -724.41748046875 91.5002670288086 595.598876953125 
v -726.9756469726562 91.48194122314453 593.2197265625 
v -747.8732299804688 89.28182983398438 577.2702026367188 
v -723.9259643554688 91.50027465820312 597.1329956054688 
v -724.584716796875 91.5002670288086 595.6962280273438 
v -724.1279296875 91.50027465820312 597.1481323242188 
v -724.94873046875 91.33526611328125 604.0743408203125 
v -725.1485595703125 91.33526611328125 604.2572631835938 
v -727.1087646484375 91.5002670288086 593.3541870117188 
v -724.7442626953125 91.33526611328125 604.2520751953125 
v -724.7802734375 91.33526611328125 604.0722045898438 
v -725.1485595703125 91.33526611328125 604.2572631835938 
v -725.1485595703125 91.33526611328125 604.2572631835938 
v -724.1279296875 91.50027465820312 597.1481323242188 
v -724.1279296875 91.15192413330078 597.1481323242188 
v -724.584716796875 91.15192413330078 595.6962280273438 
v -724.584716796875 91.5002670288086 595.6962280273438 
v -727.1087646484375 91.15192413330078 593.3541870117188 
v -727.1087646484375 91.5002670288086 593.3541870117188 
v -747.8732299804688 89.28182983398438 577.2702026367188 
v -747.8732299804688 89.08015441894531 577.2702026367188 
v -727.1087646484375 87.4300765991211 593.3541870117188 
v -724.584716796875 87.4300765991211 595.6962280273438 
v -724.1279296875 87.4300765991211 597.1481323242188 
v -725.1485595703125 91.0052490234375 604.2572631835938 
v -725.1485595703125 87.59508514404297 604.2572631835938 
v -747.8732299804688 87.17340087890625 577.2702026367188 
v -745.6853637695312 87.17340087890625 577.0617065429688 
v -745.6853637695312 89.08015441894531 577.0617065429688 
v -719.2747192382812 87.4300765991211 594.5533447265625 
v -719.2747192382812 91.15192413330078 594.5533447265625 
v -745.6853637695312 89.28182983398438 577.0617065429688 
v -719.2747192382812 91.5002670288086 594.5533447265625 
v -694.0291748046875 89.08015441894531 576.5071411132812 
v -694.0291748046875 89.28182983398438 576.5071411132812 
v -691.8057861328125 89.08015441894531 576.4384765625 
v -691.8057861328125 89.28182983398438 576.4384765625 
v -691.8057861328125 87.17340087890625 576.4384765625 
v -694.0291748046875 87.17340087890625 576.5071411132812 
v -717.0128784179688 123.32844543457031 597.474853515625 
v -717.3225708007812 123.32844543457031 596.9804077148438 
v -717.316162109375 123.32844543457031 597.478759765625 
v -721.130126953125 123.32844543457031 597.0293579101562 
v -717.019287109375 123.32844543457031 596.9765014648438 
v -717.0128784179688 122.10005187988281 597.474853515625 
v -717.019287109375 122.10005187988281 596.9765014648438 
v -717.0127563476562 116.58145904541016 597.4823608398438 
v -717.0192260742188 116.58145904541016 596.9840087890625 
v -717.012451171875 90.71189880371094 597.5073852539062 
v -717.0188598632812 90.71189880371094 597.009033203125 
v -717.3157348632812 90.71189880371094 597.5112915039062 
v -717.3160400390625 116.58145904541016 597.4862670898438 
v -717.316162109375 122.10005187988281 597.478759765625 
v -721.123291015625 90.71189880371094 597.560302734375 
v -721.1235961914062 116.58145904541016 597.5352783203125 
v -721.7634887695312 90.71189880371094 597.5685424804688 
v -721.7637939453125 116.58145904541016 597.5435180664062 
v -721.7698974609375 90.71189880371094 597.0701904296875 
v -721.7702026367188 116.58145904541016 597.0451049804688 
v -721.763916015625 122.10005187988281 597.5360107421875 
v -721.7703247070312 122.10005187988281 597.03759765625 
v -721.763916015625 123.32844543457031 597.5360107421875 
v -721.7703247070312 123.32844543457031 597.03759765625 
v -721.1237182617188 123.32844543457031 597.5277709960938 
v -721.1237182617188 122.10005187988281 597.5277709960938 
v -717.0064086914062 123.32844543457031 595.3607177734375 
v -717.0064086914062 122.10005187988281 595.3607177734375 
v -717.019287109375 122.10005187988281 596.9765014648438 
v -717.0192260742188 116.58145904541016 596.9840087890625 
v -717.019287109375 123.32844543457031 596.9765014648438 
v -717.3433227539062 123.32844543457031 595.3650512695312 
v -717.3225708007812 123.32844543457031 596.9804077148438 
v -721.15087890625 123.32844543457031 595.4140625 
v -721.130126953125 123.32844543457031 597.0293579101562 
v -721.7910766601562 123.32844543457031 595.4223022460938 
v -721.7703247070312 123.32844543457031 597.03759765625 
v -721.7910766601562 122.10005187988281 595.4223022460938 
v -721.7703247070312 122.10005187988281 597.03759765625 
v -721.791015625 116.58145904541016 595.4298095703125 
v -721.7702026367188 116.58145904541016 597.0451049804688 
v -721.7907104492188 90.71189880371094 595.4548950195312 
v -721.7698974609375 90.71189880371094 597.0701904296875 
v -721.1504516601562 90.71189880371094 595.4466552734375 
v -721.1508178710938 116.58145904541016 595.4215698242188 
v -721.15087890625 122.10005187988281 595.4140625 
v -717.3433227539062 122.10005187988281 595.3650512695312 
v -717.0062866210938 116.58145904541016 595.3682250976562 
v -717.0188598632812 90.71189880371094 597.009033203125 
v -717.0059814453125 90.71189880371094 595.393310546875 
v -717.34326171875 116.58145904541016 595.37255859375 
v -717.3428955078125 90.71189880371094 595.3976440429688 
v -717.36865234375 116.58145904541016 593.3966674804688 
v -717.3687133789062 122.10005187988281 593.3916015625 
v -721.17626953125 122.10005187988281 593.4406127929688 
v -721.1762084960938 116.58145904541016 593.4456176757812 
v -518.0366821289062 126.02356719970703 641.4473876953125 
v -517.5909423828125 126.17024230957031 642.040283203125 
v -518.0366821289062 138.36248779296875 641.4473876953125 
v -517.5909423828125 138.7841796875 642.040283203125 
v -524.69873046875 138.36248779296875 639.6620483398438 
v -524.5911865234375 138.7841796875 640.16162109375 
v -516.6441650390625 139.90255737304688 642.2860717773438 
v -516.6441650390625 126.53692626953125 642.2860717773438 
v -516.2721557617188 126.70193481445312 642.3889770507812 
v -516.2721557617188 140.3609161376953 642.3889770507812 
v -516.30224609375 126.70193481445312 640.0474243164062 
v -516.30224609375 140.3609161376953 640.0474243164062 
v -537.5001831054688 138.36248779296875 637.4171752929688 
v -537.3927001953125 138.78416442871094 637.916748046875 
v -552.5728759765625 138.36248779296875 636.7645263671875 
v -552.46533203125 138.78416442871094 637.2640991210938 
v -567.6574096679688 138.36248779296875 637.8052368164062 
v -567.5161743164062 138.78416442871094 638.3043823242188 
v -580.3969116210938 138.36248779296875 640.3787841796875 
v -580.2893676757812 138.7841796875 640.8783569335938 
v -587.0107421875 138.36248779296875 642.3349609375 
v -587.2389526367188 138.7841796875 642.9365234375 
v -587.0107421875 126.02356719970703 642.3349609375 
v -587.2389526367188 126.17024230957031 642.9365234375 
v -587.0107421875 113.64798736572266 642.3349609375 
v -587.2389526367188 113.46464538574219 642.9365234375 
v -588.1453857421875 126.53692626953125 643.2061767578125 
v -588.1453857421875 112.96961975097656 643.2061767578125 
v -588.1453857421875 139.90255737304688 643.2061767578125 
v -580.2893676757812 139.90255737304688 640.8783569335938 
v -567.5161743164062 139.90255737304688 638.3043823242188 
v -552.46533203125 139.90255737304688 637.2640991210938 
v -537.3927001953125 139.90255737304688 637.916748046875 
v -524.5911865234375 139.90255737304688 640.16162109375 
v -524.5911865234375 140.3609161376953 640.16162109375 
v -524.621337890625 140.3609161376953 637.8200073242188 
v -537.4227905273438 140.3609161376953 635.5751342773438 
v -537.3927001953125 140.3609161376953 637.916748046875 
v -552.46533203125 140.3609161376953 637.2640991210938 
v -567.5161743164062 140.3609161376953 638.3043823242188 
v -580.2893676757812 140.3609161376953 640.8783569335938 
v -588.5146484375 140.3609161376953 643.3186645507812 
v -588.5146484375 126.70193481445312 643.3186645507812 
v -588.5146484375 112.73127746582031 643.3186645507812 
v -588.5447998046875 126.70193481445312 640.97705078125 
v -588.5447998046875 112.54793548583984 640.97705078125 
v -588.5447998046875 140.3609161376953 640.97705078125 
v -580.3195190429688 140.3609161376953 638.5368041992188 
v -567.5463256835938 140.3609161376953 635.9628295898438 
v -552.4954833984375 140.3609161376953 634.9224853515625 
v -516.30224609375 99.36564636230469 640.0474243164062 
v -524.621337890625 99.36564636230469 637.8200073242188 
v -516.2721557617188 99.36564636230469 642.3889770507812 
v -524.5911865234375 99.36564636230469 640.16162109375 
v -537.3927001953125 99.36564636230469 637.916748046875 
v -537.4227905273438 99.36564636230469 635.5751953125 
v -552.46533203125 99.36564636230469 637.2640991210938 
v -552.4954833984375 99.36564636230469 634.9224853515625 
v -567.5161743164062 99.36564636230469 638.3043823242188 
v -567.5463256835938 99.36564636230469 635.9628295898438 
v -580.2893676757812 99.36564636230469 640.8783569335938 
v -580.3195190429688 99.34730529785156 638.5368041992188 
v -588.5447998046875 98.6506118774414 640.97705078125 
v -588.5146484375 98.77894592285156 643.3186645507812 
v -588.5447998046875 112.54793548583984 640.97705078125 
v -588.5146484375 112.73127746582031 643.3186645507812 
v -588.1453857421875 99.2373046875 643.2061767578125 
v -588.1453857421875 112.96961975097656 643.2061767578125 
v -580.2893676757812 99.8239974975586 640.8783569335938 
v -567.5161743164062 99.84233093261719 638.3043823242188 
v -552.46533203125 99.84233093261719 637.2640991210938 
v -537.3927001953125 99.84233093261719 637.916748046875 
v -524.5911865234375 99.84233093261719 640.16162109375 
v -516.6441650390625 99.84233093261719 642.2860717773438 
v -516.6441650390625 113.18962860107422 642.2860717773438 
v -516.2721557617188 113.02462005615234 642.3889770507812 
v -516.6441650390625 126.53692626953125 642.2860717773438 
v -516.2721557617188 126.70193481445312 642.3889770507812 
v -516.30224609375 113.02462005615234 640.0474243164062 
v -516.30224609375 126.70193481445312 640.0474243164062 
v -517.5909423828125 126.17024230957031 642.040283203125 
v -517.5909423828125 113.55631256103516 642.040283203125 
v -518.0366821289062 126.02356719970703 641.4473876953125 
v -518.0366821289062 113.70298767089844 641.4473876953125 
v -517.5909423828125 100.9607162475586 642.040283203125 
v -518.0366821289062 101.36406707763672 641.4473876953125 
v -524.5911865234375 100.9607162475586 640.16162109375 
v -524.69873046875 101.36406707763672 639.6620483398438 
v -537.3927001953125 100.9607162475586 637.916748046875 
v -537.5001831054688 101.36406707763672 637.4171752929688 
v -552.46533203125 100.9607162475586 637.2640991210938 
v -567.5161743164062 100.9607162475586 638.3043823242188 
v -580.2893676757812 100.9423828125 640.8783569335938 
v -552.5728759765625 101.36406707763672 636.7645263671875 
v -567.6574096679688 101.36406707763672 637.8052368164062 
v -580.3969116210938 101.36406707763672 640.3787841796875 
v -587.2389526367188 100.3923568725586 642.9365234375 
v -587.0107421875 100.83238220214844 642.3349609375 
v -587.2389526367188 113.46464538574219 642.9365234375 
v -587.0107421875 113.64798736572266 642.3349609375 
v -588.0076293945312 139.75588989257812 640.8148803710938 
v -580.3195190429688 139.75588989257812 638.5368041992188 
v -588.0076293945312 126.50025939941406 640.8148803710938 
v -580.3195190429688 126.50025939941406 638.5368041992188 
v -588.0076293945312 112.87794494628906 640.8148803710938 
v -580.3195190429688 113.2262954711914 638.5368041992188 
v -588.0076293945312 99.2556381225586 640.8148803710938 
v -588.5447998046875 98.6506118774414 640.97705078125 
v -580.3195190429688 99.34730529785156 638.5368041992188 
v -580.3195190429688 99.95233917236328 638.5368041992188 
v -567.5463256835938 99.36564636230469 635.9628295898438 
v -567.5463256835938 99.97067260742188 635.9628295898438 
v -552.4954833984375 99.36564636230469 634.9224853515625 
v -552.4954833984375 99.97067260742188 634.9224853515625 
v -537.4227905273438 99.36564636230469 635.5751953125 
v -537.4227905273438 99.97067260742188 635.5751953125 
v -524.621337890625 99.36564636230469 637.8200073242188 
v -524.621337890625 99.97067260742188 637.8200073242188 
v -516.30224609375 99.36564636230469 640.0474243164062 
v -516.8433837890625 99.97067260742188 639.8991088867188 
v -516.30224609375 113.02462005615234 640.0474243164062 
v -516.8433837890625 113.2262954711914 639.8991088867188 
v -588.5447998046875 112.54793548583984 640.97705078125 
v -516.30224609375 126.70193481445312 640.0474243164062 
v -516.8433837890625 126.50025939941406 639.8991088867188 
v -524.621337890625 113.2262954711914 637.8200073242188 
v -516.30224609375 140.3609161376953 640.0474243164062 
v -516.8433837890625 139.75588989257812 639.8991088867188 
v -524.621337890625 126.50025939941406 637.8200073242188 
v -537.4227905273438 113.2262954711914 635.5751342773438 
v -537.6925659179688 100.2640151977539 635.5635986328125 
v -552.4954833984375 100.2640151977539 634.9224853515625 
v -567.3106689453125 100.2640151977539 635.9447631835938 
v -567.3106689453125 112.95128631591797 635.9447631835938 
v -567.5463256835938 113.2262954711914 635.9628295898438 
v -567.5463256835938 126.50025939941406 635.9628295898438 
v -567.5463256835938 139.75588989257812 635.9628295898438 
v -580.3195190429688 140.3609161376953 638.5368041992188 
v -588.5447998046875 140.3609161376953 640.97705078125 
v -588.5447998046875 126.70193481445312 640.97705078125 
v -524.621337890625 140.3609161376953 637.8200073242188 
v -567.5463256835938 140.3609161376953 635.9628295898438 
v -552.4954833984375 139.75588989257812 634.9224853515625 
v -552.4954833984375 126.50025939941406 634.9224853515625 
v -552.4954833984375 140.3609161376953 634.9224853515625 
v -537.4227905273438 139.75588989257812 635.5751342773438 
v -537.4227905273438 140.3609161376953 635.5751342773438 
v -524.621337890625 139.75588989257812 637.8200073242188 
v -537.4227905273438 126.50025939941406 635.5751342773438 
v -552.4954833984375 113.2262954711914 634.9224853515625 
v -552.4954833984375 112.95128631591797 634.9224853515625 
v -552.4867553710938 112.95128631591797 635.5986938476562 
v -567.3019409179688 112.95128631591797 636.6209106445312 
v -567.3019409179688 100.2640151977539 636.6209106445312 
v -552.4867553710938 100.2640151977539 635.5986938476562 
v -567.0999145507812 100.4840316772461 636.6083374023438 
v -567.0999145507812 112.73127746582031 636.6083374023438 
v -552.4867553710938 112.73127746582031 635.5986938476562 
v -537.8861694335938 112.73127746582031 636.2323608398438 
v -537.683837890625 112.95128631591797 636.2398071289062 
v -537.6925659179688 112.95128631591797 635.5635986328125 
v -552.4867553710938 100.4840316772461 635.5986938476562 
v -537.683837890625 100.2640151977539 636.2398071289062 
v -537.8861694335938 100.4840316772461 636.2323608398438 
v -560.3091430664062 87.4300765991211 635.3035888671875 
v -557.8462524414062 87.4300765991211 632.8973999023438 
v -560.3091430664062 91.15192413330078 635.3035888671875 
v -557.8462524414062 91.15192413330078 632.8973999023438 
v -560.3091430664062 91.5002670288086 635.3035888671875 
v -557.8462524414062 91.5002670288086 632.8973999023438 
v -557.4269409179688 91.15192413330078 631.4342041015625 
v -557.4269409179688 91.5002670288086 631.4342041015625 
v -558.6301879882812 91.0052490234375 624.3536376953125 
v -558.6301879882812 91.33526611328125 624.3536376953125 
v -558.225830078125 91.33526611328125 624.3484497070312 
v -558.225830078125 91.0052490234375 624.3484497070312 
v -558.6301879882812 87.59508514404297 624.3536376953125 
v -558.225830078125 87.59508514404297 624.3484497070312 
v -552.6103515625 91.15192413330078 628.6119384765625 
v -552.6103515625 87.4300765991211 628.6119384765625 
v -547.07275390625 87.59508514404297 624.2049560546875 
v -547.07275390625 91.0052490234375 624.2049560546875 
v -546.6683959960938 91.0052490234375 624.19970703125 
v -546.6683959960938 91.33526611328125 624.19970703125 
v -547.07275390625 91.33526611328125 624.2049560546875 
v -552.6103515625 91.5002670288086 628.6119384765625 
v -557.4269409179688 87.4300765991211 631.4342041015625 
v -546.6683959960938 87.59508514404297 624.19970703125 
v -526.1316528320312 89.2818374633789 651.3953247070312 
v -526.1002807617188 89.3185043334961 651.2145385742188 
v -524.4173583984375 89.3001708984375 651.0501098632812 
v -552.5450439453125 91.53694152832031 633.6882934570312 
v -552.5422973632812 91.5002670288086 633.9036865234375 
v -577.787841796875 89.2818374633789 651.9498291015625 
v -577.8574829101562 89.3185043334961 651.775390625 
v -580.0111694335938 89.2818374633789 652.0185546875 
v -579.5081787109375 89.3001708984375 651.82421875 
v -560.3091430664062 91.5002670288086 635.3035888671875 
v -560.2063598632812 91.48194122314453 635.43505859375 
v -557.8462524414062 91.5002670288086 632.8973999023438 
v -557.710205078125 91.5002670288086 632.9907836914062 
v -557.4269409179688 91.5002670288086 631.4342041015625 
v -557.25830078125 91.5002670288086 631.444580078125 
v -558.6301879882812 91.33526611328125 624.3536376953125 
v -558.4257202148438 91.33526611328125 624.5313720703125 
v -558.225830078125 91.33526611328125 624.3484497070312 
v -558.2909545898438 91.33526611328125 624.5296020507812 
v -552.6103515625 91.5002670288086 628.6119384765625 
v -552.607421875 91.5002670288086 628.83984375 
v -552.5637817382812 91.5002670288086 632.2332763671875 
v -547.3994750976562 91.5002670288086 632.858154296875 
v -544.84130859375 91.48194122314453 635.2373046875 
v -523.9437866210938 89.2818374633789 651.1868286132812 
v -547.8910522460938 91.5002670288086 631.3240356445312 
v -547.2322387695312 91.5002670288086 632.7608032226562 
v -547.6890258789062 91.5002670288086 631.3088989257812 
v -546.8682250976562 91.33526611328125 624.3826293945312 
v -546.6683959960938 91.33526611328125 624.19970703125 
v -544.708251953125 91.5002670288086 635.1028442382812 
v -547.07275390625 91.33526611328125 624.2049560546875 
v -547.0367431640625 91.33526611328125 624.3848266601562 
v -546.6683959960938 91.33526611328125 624.19970703125 
v -546.6683959960938 91.33526611328125 624.19970703125 
v -547.6890258789062 91.5002670288086 631.3088989257812 
v -547.6890258789062 91.15192413330078 631.3088989257812 
v -547.2322387695312 91.15192413330078 632.7608032226562 
v -547.2322387695312 91.5002670288086 632.7608032226562 
v -544.708251953125 91.15192413330078 635.1028442382812 
v -544.708251953125 91.5002670288086 635.1028442382812 
v -523.9437866210938 89.2818374633789 651.1868286132812 
v -523.9437866210938 89.08015441894531 651.1868286132812 
v -544.708251953125 87.4300765991211 635.1028442382812 
v -547.2322387695312 87.4300765991211 632.7608032226562 
v -547.6890258789062 87.4300765991211 631.3088989257812 
v -546.6683959960938 91.0052490234375 624.19970703125 
v -546.6683959960938 87.59508514404297 624.19970703125 
v -523.9437866210938 87.17340087890625 651.1868286132812 
v -526.1316528320312 87.17340087890625 651.3953247070312 
v -526.1316528320312 89.08015441894531 651.3953247070312 
v -552.5422973632812 87.4300765991211 633.9036865234375 
v -552.5422973632812 91.15192413330078 633.9036865234375 
v -526.1316528320312 89.2818374633789 651.3953247070312 
v -552.5422973632812 91.5002670288086 633.9036865234375 
v -577.787841796875 89.08015441894531 651.9498291015625 
v -577.787841796875 89.2818374633789 651.9498291015625 
v -580.0111694335938 89.08015441894531 652.0185546875 
v -580.0111694335938 89.2818374633789 652.0185546875 
v -580.0111694335938 87.17340087890625 652.0185546875 
v -577.787841796875 87.17340087890625 651.9498291015625 
v -554.8041381835938 123.32844543457031 630.982177734375 
v -554.4944458007812 123.32844543457031 631.4766235351562 
v -554.5008544921875 123.32844543457031 630.978271484375 
v -550.6868896484375 123.32844543457031 631.4276123046875 
v -554.7977294921875 123.32844543457031 631.4805297851562 
v -554.8041381835938 122.10005187988281 630.982177734375 
v -554.7977294921875 122.10005187988281 631.4805297851562 
v -554.80419921875 116.58145904541016 630.974609375 
v -554.7977905273438 116.58145904541016 631.4730224609375 
v -554.8045043945312 90.71189880371094 630.9495849609375 
v -554.798095703125 90.71189880371094 631.4479370117188 
v -554.5012817382812 90.71189880371094 630.9456787109375 
v -554.5009765625 116.58145904541016 630.9707641601562 
v -554.5008544921875 122.10005187988281 630.978271484375 
v -550.6937255859375 90.71189880371094 630.8966674804688 
v -550.6934204101562 116.58145904541016 630.9217529296875 
v -550.0535278320312 90.71189880371094 630.888427734375 
v -550.0531616210938 116.58145904541016 630.9135131835938 
v -550.047119140625 90.71189880371094 631.3868408203125 
v -550.0467529296875 116.58145904541016 631.411865234375 
v -550.0531005859375 122.10005187988281 630.9210205078125 
v -550.0466918945312 122.10005187988281 631.4193725585938 
v -550.0531005859375 123.32844543457031 630.9210205078125 
v -550.0466918945312 123.32844543457031 631.4193725585938 
v -550.6932983398438 123.32844543457031 630.9292602539062 
v -550.6932983398438 122.10005187988281 630.9292602539062 
v -554.8106079101562 123.32844543457031 633.0962524414062 
v -554.8106079101562 122.10005187988281 633.0962524414062 
v -554.7977294921875 122.10005187988281 631.4805297851562 
v -554.7977905273438 116.58145904541016 631.4730224609375 
v -554.7977294921875 123.32844543457031 631.4805297851562 
v -554.4736328125 123.32844543457031 633.0919189453125 
v -554.4944458007812 123.32844543457031 631.4766235351562 
v -550.6660766601562 123.32844543457031 633.0429077148438 
v -550.6868896484375 123.32844543457031 631.4276123046875 
v -550.02587890625 123.32844543457031 633.03466796875 
v -550.0466918945312 123.32844543457031 631.4193725585938 
v -550.02587890625 122.10005187988281 633.03466796875 
v -550.0466918945312 122.10005187988281 631.4193725585938 
v -550.0260009765625 116.58145904541016 633.0271606445312 
v -550.0467529296875 116.58145904541016 631.411865234375 
v -550.0263061523438 90.71189880371094 633.0021362304688 
v -550.047119140625 90.71189880371094 631.3868408203125 
v -550.66650390625 90.71189880371094 633.0103759765625 
v -550.6661987304688 116.58145904541016 633.035400390625 
v -550.6660766601562 122.10005187988281 633.0429077148438 
v -554.4736328125 122.10005187988281 633.0919189453125 
v -554.8107299804688 116.58145904541016 633.0887451171875 
v -554.798095703125 90.71189880371094 631.4479370117188 
v -554.81103515625 90.71189880371094 633.063720703125 
v -554.4737548828125 116.58145904541016 633.0844116210938 
v -554.4740600585938 90.71189880371094 633.0593872070312 
v -554.4483032226562 116.58145904541016 635.0603637695312 
v -554.4482421875 122.10005187988281 635.0653686523438 
v -550.6406860351562 122.10005187988281 635.016357421875 
v -550.6407470703125 116.58145904541016 635.0113525390625 
v -397.58935546875 -1.0126984119415283 68.00386047363281 
v -402.902587890625 26.25356674194336 73.08609771728516 
v -402.902587890625 -1.0126981735229492 69.38992309570312 
v -410.2949523925781 26.25356674194336 71.00699615478516 
v -408.4468688964844 -1.0126984119415283 68.00386047363281 
v -415.60821533203125 26.253564834594727 65.69374084472656 
v -412.6050720214844 -1.0126991271972656 63.84566116333008 
v -417.6872863769531 26.253564834594727 58.3013916015625 
v -413.9911193847656 -1.0126999616622925 58.301395416259766 
v -415.60821533203125 26.253562927246094 51.14004898071289 
v -412.6050720214844 -1.0127009153366089 52.98814392089844 
v -410.2949523925781 26.25356101989746 45.595787048339844 
v -408.4468688964844 -1.0127015113830566 48.8299446105957 
v -402.902587890625 26.25356101989746 43.74769973754883 
v -402.902587890625 -1.0127017498016357 47.443878173828125 
v -395.7412414550781 26.25356101989746 45.595787048339844 
v -397.58935546875 -1.0127015113830566 48.8299446105957 
v -390.1969909667969 26.253562927246094 51.14004898071289 
v -393.43115234375 -1.0127009153366089 52.98814392089844 
v -397.58935546875 -1.0126999616622925 58.301395416259766 
v -392.0450744628906 -1.0126999616622925 58.301395416259766 
v -397.58935546875 -1.0126984119415283 68.00386047363281 
v -393.43115234375 -1.0126991271972656 63.84566116333008 
v -413.9911193847656 -1.0126999616622925 58.301395416259766 
v -408.4468688964844 -1.0126999616622925 58.301395416259766 
v -412.6050720214844 -1.0126991271972656 63.84566116333008 
v -408.4468688964844 -1.0126984119415283 68.00386047363281 
v -402.902587890625 -1.0126999616622925 58.301395416259766 
v -402.902587890625 -1.0126981735229492 69.38992309570312 
v -395.7412414550781 26.25356674194336 71.00699615478516 
v -393.43115234375 -1.0126991271972656 63.84566116333008 
v -390.1969909667969 26.253564834594727 65.69374084472656 
v -392.0450744628906 -1.0126999616622925 58.301395416259766 
v -388.3489074707031 26.253564834594727 58.3013916015625 
v -393.43115234375 -1.0127009153366089 52.98814392089844 
v -390.1969909667969 26.253562927246094 51.14004898071289 
v -398.8653564453125 -1.0127184391021729 612.26513671875 
v -404.1785888671875 26.2535457611084 617.347412109375 
v -404.1785888671875 -1.0127182006835938 613.6512451171875 
v -411.5709533691406 26.2535457611084 615.268310546875 
v -409.7228698730469 -1.0127184391021729 612.26513671875 
v -416.88421630859375 26.2535457611084 609.9550170898438 
v -413.8810729980469 -1.0127191543579102 608.10693359375 
v -418.9632873535156 26.253543853759766 602.5626831054688 
v -415.2671203613281 -1.012719988822937 602.5626831054688 
v -416.88421630859375 26.253541946411133 595.4013671875 
v -413.8810729980469 -1.0127208232879639 597.2494506835938 
v -411.5709533691406 26.253541946411133 589.8571166992188 
v -409.7228698730469 -1.0127215385437012 593.0912475585938 
v -404.1785888671875 26.253541946411133 588.0089721679688 
v -404.1785888671875 -1.0127217769622803 591.7052001953125 
v -397.0172424316406 26.253541946411133 589.8571166992188 
v -398.8653564453125 -1.0127215385437012 593.0912475585938 
v -391.4729919433594 26.253541946411133 595.4013671875 
v -394.7071533203125 -1.0127208232879639 597.2494506835938 
v -398.8653564453125 -1.012719988822937 602.5626831054688 
v -393.3210754394531 -1.012719988822937 602.5626831054688 
v -398.8653564453125 -1.0127184391021729 612.26513671875 
v -394.7071533203125 -1.0127191543579102 608.10693359375 
v -415.2671203613281 -1.012719988822937 602.5626831054688 
v -409.7228698730469 -1.012719988822937 602.5626831054688 
v -413.8810729980469 -1.0127191543579102 608.10693359375 
v -409.7228698730469 -1.0127184391021729 612.26513671875 
v -404.1785888671875 -1.012719988822937 602.5626831054688 
v -404.1785888671875 -1.0127182006835938 613.6512451171875 
v -397.0172424316406 26.2535457611084 615.268310546875 
v -394.7071533203125 -1.0127191543579102 608.10693359375 
v -391.4729919433594 26.2535457611084 609.9550170898438 
v -393.3210754394531 -1.012719988822937 602.5626831054688 
v -389.6249084472656 26.253543853759766 602.5626831054688 
v -394.7071533203125 -1.0127208232879639 597.2494506835938 
v -391.4729919433594 26.253541946411133 595.4013671875 
v -27.833642959594727 -1.0127184391021729 288.8881530761719 
v -33.14689636230469 26.2535457611084 293.97039794921875 
v -33.14689636230469 -1.0127182006835938 290.27423095703125 
v -40.539249420166016 26.2535457611084 291.89129638671875 
v -38.691158294677734 -1.0127184391021729 288.8881530761719 
v -45.852500915527344 26.2535457611084 286.5780334472656 
v -42.84935760498047 -1.0127191543579102 284.7299499511719 
v -47.93159866333008 26.253543853759766 279.1856994628906 
v -44.23542404174805 -1.012719988822937 279.1856994628906 
v -45.852500915527344 26.253541946411133 272.02435302734375 
v -42.84935760498047 -1.0127208232879639 273.8724365234375 
v -40.539249420166016 26.253541946411133 266.4800720214844 
v -38.691158294677734 -1.0127215385437012 269.7142333984375 
v -33.14689636230469 26.253541946411133 264.6319885253906 
v -33.14689636230469 -1.0127217769622803 268.32818603515625 
v -25.98555564880371 26.253541946411133 266.4800720214844 
v -27.833642959594727 -1.0127215385437012 269.7142333984375 
v -20.44129180908203 26.253541946411133 272.02435302734375 
v -23.675445556640625 -1.0127208232879639 273.8724365234375 
v -27.833642959594727 -1.012719988822937 279.1856994628906 
v -22.289379119873047 -1.012719988822937 279.1856994628906 
v -27.833642959594727 -1.0127184391021729 288.8881530761719 
v -23.675445556640625 -1.0127191543579102 284.7299499511719 
v -44.23542404174805 -1.012719988822937 279.1856994628906 
v -38.691158294677734 -1.012719988822937 279.1856994628906 
v -42.84935760498047 -1.0127191543579102 284.7299499511719 
v -38.691158294677734 -1.0127184391021729 288.8881530761719 
v -33.14689636230469 -1.012719988822937 279.1856994628906 
v -33.14689636230469 -1.0127182006835938 290.27423095703125 
v -25.98555564880371 26.2535457611084 291.89129638671875 
v -23.675445556640625 -1.0127191543579102 284.7299499511719 
v -20.44129180908203 26.2535457611084 286.5780334472656 
v -22.289379119873047 -1.012719988822937 279.1856994628906 
v -18.593202590942383 26.253543853759766 279.1856994628906 
v -23.675445556640625 -1.0127208232879639 273.8724365234375 
v -20.44129180908203 26.253541946411133 272.02435302734375 
vn 0.0035220119170844555 -0.007032340858131647 0.006175889167934656 
vn 0.000018871120119001716 -0.0013287216424942017 0.009911313652992249 
vn -0.000018896265828516334 -0.007032340858131647 0.007109558675438166 
vn -0.004955665674060583 -0.0013287218753248453 0.008583465591073036 
vn -0.003554791212081909 -0.007032340858131647 0.006157080642879009 
vn -0.008592884987592697 -0.0013287224574014544 0.004939313977956772 
vn -0.006147609557956457 -0.007032341323792934 0.003571144538000226 
vn -0.00991125963628292 -0.0013287232723087072 -0.00003774195283767767 
vn -0.007109482306987047 -0.007032341789454222 -0.00003779125108849257 
vn -0.008592884987592697 -0.00132872408721596 -0.0049393135122954845 
vn -0.006147609557956457 -0.007032342720776796 -0.0035711422096937895 
vn -0.004955665674060583 -0.0013287246692925692 -0.008583464659750462 
vn -0.003554791212081909 -0.007032343186438084 -0.006157078314572573 
vn 0.000018871120119001716 -0.0013287249021232128 -0.009911313652992249 
vn -0.000018896265828516334 -0.007032343186438084 -0.007109556347131729 
vn 0.004988315515220165 -0.0013287246692925692 -0.008564531803131104 
vn 0.003587470157071948 -0.007032343186438084 -0.006138094700872898 
vn 0.008574013598263264 -0.00132872408721596 -0.004971999675035477 
vn 0.006166505161672831 -0.007032342720776796 -0.0035384127404540777 
vn -2.068231052255163e-15 -0.009999999776482582 1.629209989140179e-9 
vn 0.007109582424163818 -0.007032341789454222 1.145716188588608e-9 
vn 0.0035220119170844555 -0.007032340858131647 0.006175889167934656 
vn 0.006166505161672831 -0.007032341323792934 0.0035384150687605143 
vn -0.007109482306987047 -0.007032341789454222 -0.00003779125108849257 
vn 2.068231052255163e-15 -0.009999999776482582 1.629209989140179e-9 
vn -0.006147609557956457 -0.007032341323792934 0.003571144538000226 
vn -0.003554791212081909 -0.007032340858131647 0.006157080642879009 
vn 2.068231052255163e-15 -0.009999999776482582 1.629209989140179e-9 
vn -0.000018896265828516334 -0.007032340858131647 0.007109558675438166 
vn 0.004922944121062756 -0.0013287218753248453 0.00860227458178997 
vn 0.006166505161672831 -0.007032341323792934 0.0035384150687605143 
vn 0.008574013598263264 -0.0013287224574014544 0.004972000140696764 
vn 0.007109582424163818 -0.007032341789454222 1.145716188588608e-9 
vn 0.009911331348121166 -0.0013287232723087072 2.16476919723263e-10 
vn 0.006166505161672831 -0.007032342720776796 -0.0035384127404540777 
vn 0.008574013598263264 -0.00132872408721596 -0.004971999675035477 
vn -0.005779946222901344 -0.00576059240847826 0.005779947154223919 
vn 0.005779946222901344 -0.00576059240847826 0.005779947154223919 
vn 0.006488003768026829 0.00393254728987813 0.006514666602015495 
vn 0.005779946222901344 -0.005760594271123409 -0.00577994529157877 
vn 0.006488003768026829 0.003932544961571693 -0.006514667998999357 
vn -0.006488003768026829 0.003932544961571693 -0.006514667998999357 
vn -0.0029722119215875864 0.009060511365532875 -0.0030121582094579935 
vn 0.002998901065438986 0.009060511365532875 -0.0029855873435735703 
vn 0.002998901065438986 0.00906051229685545 0.0029855845496058464 
vn -0.006488003768026829 0.00393254728987813 0.006514666602015495 
vn -0.005779946222901344 -0.005760594271123409 -0.00577994529157877 
vn -0.005779946222901344 -0.00576059240847826 0.005779947154223919 
vn -0.005779946222901344 -0.005760594271123409 -0.00577994529157877 
vn 0.005779946222901344 -0.00576059240847826 0.005779947154223919 
vn 0.005779946222901344 -0.005760594271123409 -0.00577994529157877 
vn -0.007071050815284252 0.000021845789888175204 -0.007071050815284252 
vn -0.007071050815284252 0.000021848094547749497 0.007071050815284252 
vn -0.007071050815284252 0.000021845789888175204 -0.007071050815284252 
vn -0.007071050815284252 0.000021848094547749497 0.007071050815284252 
vn -0.007071050815284252 0.000021845789888175204 -0.007071050815284252 
vn -0.007071050815284252 0.000021848094547749497 0.007071050815284252 
vn -0.007071050815284252 0.000021845789888175204 -0.007071050815284252 
vn -0.007071050815284252 0.000021848094547749497 0.007071050815284252 
vn 0.007071050815284252 0.000021848094547749497 0.007071050815284252 
vn 0.007071050815284252 0.000021848094547749497 0.007071050815284252 
vn 0.007071050815284252 0.000021848094547749497 0.007071050815284252 
vn 0.007071050815284252 0.000021848094547749497 0.007071050815284252 
vn 0.007071050815284252 0.000021845789888175204 -0.007071050815284252 
vn 0.007071050815284252 0.000021845789888175204 -0.007071050815284252 
vn -0.007071050815284252 0.000021845789888175204 -0.007071050815284252 
vn -0.007071050815284252 0.000021845789888175204 -0.007071050815284252 
vn -0.007071050815284252 0.000021845789888175204 -0.007071050815284252 
vn 0.007071050815284252 0.000021845789888175204 -0.007071050815284252 
vn 0.007071050815284252 0.000021845789888175204 -0.007071050815284252 
vn -0.007071050815284252 0.000021845789888175204 -0.007071050815284252 
vn -0.005779946222901344 -0.00576059240847826 0.005779947154223919 
vn 0.005779946222901344 -0.00576059240847826 0.005779947154223919 
vn -0.005918771494179964 -0.005471405573189259 0.005918772425502539 
vn 0.002098805969581008 0.000021848534743185155 0.009777246043086052 
vn -0.009777246043086052 0.000021847283278475516 0.002098805969581008 
vn 0.005918771494179964 -0.005471405573189259 0.005918772425502539 
vn -0.005759913939982653 0.005760594271123409 0.005799909122288227 
vn 0.005786608438938856 0.005760594271123409 0.005773275624960661 
vn 0.009777246043086052 0.000021846599338459782 -0.002098805969581008 
vn 0.005786608438938856 0.00576059240847826 -0.00577327748760581 
vn -0.005759913939982653 0.00576059240847826 -0.005799910984933376 
vn -0.002098805969581008 0.000021845347873750143 -0.009777246043086052 
vn -0.009777246043086052 0.000021847283278475516 0.002098805969581008 
vn -0.005918771494179964 -0.005471405573189259 0.005918772425502539 
vn -0.005918771494179964 -0.005471407435834408 -0.0059187705628573895 
vn -0.005779946222901344 -0.00576059240847826 0.005779947154223919 
vn -0.005779946222901344 -0.005760594271123409 -0.00577994529157877 
vn 0.005779946222901344 -0.005760594271123409 -0.00577994529157877 
vn 0.005918771494179964 -0.005471407435834408 -0.0059187705628573895 
vn -0.005759913939982653 0.005760594271123409 0.005799909122288227 
vn -0.0029722119215875864 0.00906051229685545 0.0030121554154902697 
vn 0.007071050815284252 0.000021845789888175204 -0.007071050815284252 
vn 0.007071050815284252 0.000021845789888175204 -0.007071050815284252 
vn -0.007071050815284252 0.000021845789888175204 -0.007071050815284252 
vn -0.007071050815284252 0.000021845789888175204 -0.007071050815284252 
vn -0.007071050815284252 0.000021848094547749497 0.007071050815284252 
vn -0.007071050815284252 0.000021848094547749497 0.007071050815284252 
vn 0.007071050815284252 0.000021848094547749497 0.007071050815284252 
vn 0.007071050815284252 0.000021848094547749497 0.007071050815284252 
vn 0.007071050815284252 0.000021845789888175204 -0.007071050815284252 
vn -0.007071050815284252 0.000021845789888175204 -0.007071050815284252 
vn 0.007071050815284252 0.000021845789888175204 -0.007071050815284252 
vn -0.007071050815284252 0.000021845789888175204 -0.007071050815284252 
vn -0.007071050815284252 0.000021848094547749497 0.007071050815284252 
vn -0.007071050815284252 0.000021848094547749497 0.007071050815284252 
vn 0.007071050815284252 0.000021848094547749497 0.007071050815284252 
vn 0.007071050815284252 0.000021848094547749497 0.007071050815284252 
vn 0.007071050815284252 0.000021845789888175204 -0.007071050815284252 
vn 0.007071050815284252 0.000021845789888175204 -0.007071050815284252 
vn 0.007071050815284252 0.000021845789888175204 -0.007071050815284252 
vn 0.007071050815284252 0.000021845789888175204 -0.007071050815284252 
vn 0.005779946222901344 -0.00576059240847826 0.005779947154223919 
vn 0.005918771494179964 -0.005471405573189259 0.005918772425502539 
vn -0.005779946222901344 -0.00576059240847826 0.005779947154223919 
vn -0.002098805969581008 0.000021848534743185155 0.009777246043086052 
vn -0.005779946222901344 -0.005760594271123409 -0.00577994529157877 
vn 0.009777246043086052 0.000021847283278475516 0.002098805969581008 
vn -0.005918771494179964 -0.005471405573189259 0.005918772425502539 
vn 0.005786608438938856 0.005760594271123409 0.005773275624960661 
vn -0.005759913939982653 0.005760594271123409 0.005799909122288227 
vn -0.009777246043086052 0.000021846599338459782 -0.002098805969581008 
vn -0.005759913939982653 0.00576059240847826 -0.005799910984933376 
vn 0.005786608438938856 0.00576059240847826 -0.00577327748760581 
vn 0.002098805969581008 0.000021845347873750143 -0.009777246043086052 
vn 0.009777246043086052 0.000021847283278475516 0.002098805969581008 
vn 0.005918771494179964 -0.005471405573189259 0.005918772425502539 
vn 0.005918771494179964 -0.005471407435834408 -0.0059187705628573895 
vn 0.005779946222901344 -0.00576059240847826 0.005779947154223919 
vn 0.005779946222901344 -0.005760594271123409 -0.00577994529157877 
vn -0.005918771494179964 -0.005471407435834408 -0.0059187705628573895 
vn 0.005786608438938856 0.005760594271123409 0.005773275624960661 
vn 0 0.009999999776482582 -1.629209989140179e-9 
vn 0 0.009999999776482582 -1.629209989140179e-9 
vn 0 0.009999999776482582 -1.629209989140179e-9 
vn 0 0.009999999776482582 -1.629209989140179e-9 
vn -2.068231052255163e-15 -0.009999999776482582 1.629209989140179e-9 
vn -2.068231052255163e-15 -0.009999999776482582 1.629209989140179e-9 
vn -2.068231052255163e-15 -0.009999999776482582 1.629209989140179e-9 
vn -2.068231052255163e-15 -0.009999999776482582 1.629209989140179e-9 
vn -1.0341130909078582e-15 0.000021845313312951475 -0.009999976493418217 
vn -1.0341130909078582e-15 0.000021845313312951475 -0.009999976493418217 
vn -1.0341130909078582e-15 0.000021845313312951475 -0.009999976493418217 
vn -1.0341130909078582e-15 0.000021845313312951475 -0.009999976493418217 
vn -0.009999976493418217 0.00002184694130846765 -3.557257353264953e-12 
vn -0.009999976493418217 0.00002184694130846765 -3.557257353264953e-12 
vn -0.009999976493418217 0.00002184694130846765 -3.557257353264953e-12 
vn -0.009999976493418217 0.00002184694130846765 -3.557257353264953e-12 
vn 3.097898490739357e-15 0.000021848571122973226 0.009999976493418217 
vn 3.097898490739357e-15 0.000021848571122973226 0.009999976493418217 
vn 3.097898490739357e-15 0.000021848571122973226 0.009999976493418217 
vn 3.097898490739357e-15 0.000021848571122973226 0.009999976493418217 
vn 0.009999976493418217 0.00002184694130846765 -3.5593255773291865e-12 
vn 0.009999976493418217 0.00002184694130846765 -3.5593255773291865e-12 
vn 0.009999976493418217 0.00002184694130846765 -3.5593255773291865e-12 
vn 0.009999976493418217 0.00002184694130846765 -3.5593255773291865e-12 
vn -0.009999976493418217 0.00002184694130846765 -3.557257353264953e-12 
vn -0.009999976493418217 0.00002184694130846765 -3.557257353264953e-12 
vn -0.009999976493418217 0.00002184694130846765 -3.557257353264953e-12 
vn -0.009999976493418217 0.00002184694130846765 -3.557257353264953e-12 
vn -1.0341130909078582e-15 0.000021845313312951475 -0.009999976493418217 
vn -1.0341130909078582e-15 0.000021845313312951475 -0.009999976493418217 
vn -1.0341130909078582e-15 0.000021845313312951475 -0.009999976493418217 
vn -1.0341130909078582e-15 0.000021845313312951475 -0.009999976493418217 
vn 3.097898490739357e-15 0.000021848571122973226 0.009999976493418217 
vn 3.097898490739357e-15 0.000021848571122973226 0.009999976493418217 
vn 3.097898490739357e-15 0.000021848571122973226 0.009999976493418217 
vn 3.097898490739357e-15 0.000021848571122973226 0.009999976493418217 
vn 0.009999976493418217 0.00002184694130846765 -3.5593255773291865e-12 
vn 0.009999976493418217 0.00002184694130846765 -3.5593255773291865e-12 
vn 0.009999976493418217 0.00002184694130846765 -3.5593255773291865e-12 
vn 0.009999976493418217 0.00002184694130846765 -3.5593255773291865e-12 
vn -0.009999976493418217 0.00002184694130846765 -3.557257353264953e-12 
vn -0.009999976493418217 0.00002184694130846765 -3.557257353264953e-12 
vn -0.009999976493418217 0.00002184694130846765 -3.557257353264953e-12 
vn -0.009999976493418217 0.00002184694130846765 -3.557257353264953e-12 
vn 0.009999976493418217 0.00002184694130846765 -3.5593255773291865e-12 
vn 0.009999976493418217 0.00002184694130846765 -3.5593255773291865e-12 
vn 0.009999976493418217 0.00002184694130846765 -3.5593255773291865e-12 
vn 0.009999976493418217 0.00002184694130846765 -3.5593255773291865e-12 
vn -2.068231052255163e-15 -0.009999999776482582 1.629209989140179e-9 
vn -2.068231052255163e-15 -0.009999999776482582 1.629209989140179e-9 
vn -2.068231052255163e-15 -0.009999999776482582 1.629209989140179e-9 
vn -2.068231052255163e-15 -0.009999999776482582 1.629209989140179e-9 
vn 0.009999976493418217 -0.00002184694130846765 3.5593255773291865e-12 
vn 0.009999976493418217 -0.00002184694130846765 3.5593255773291865e-12 
vn 0.009999976493418217 -0.00002184694130846765 3.5593255773291865e-12 
vn 0.009999976493418217 -0.00002184694130846765 3.5593255773291865e-12 
vn -1.0341130909078582e-15 0.000021845313312951475 -0.009999976493418217 
vn -1.0341130909078582e-15 0.000021845313312951475 -0.009999976493418217 
vn -1.0341130909078582e-15 0.000021845313312951475 -0.009999976493418217 
vn -1.0341130909078582e-15 0.000021845313312951475 -0.009999976493418217 
vn -2.068231052255163e-15 -0.009999999776482582 1.629209989140179e-9 
vn -2.068231052255163e-15 -0.009999999776482582 1.629209989140179e-9 
vn -2.068231052255163e-15 -0.009999999776482582 1.629209989140179e-9 
vn -2.068231052255163e-15 -0.009999999776482582 1.629209989140179e-9 
vn 0 0.009999999776482582 -1.629209989140179e-9 
vn 0 0.009999999776482582 -1.629209989140179e-9 
vn 0 0.009999999776482582 -1.629209989140179e-9 
vn 0 0.009999999776482582 -1.629209989140179e-9 
vn -1.0341130909078582e-15 0.000021845313312951475 -0.009999976493418217 
vn -1.0341130909078582e-15 0.000021845313312951475 -0.009999976493418217 
vn -1.0341130909078582e-15 0.000021845313312951475 -0.009999976493418217 
vn -1.0341130909078582e-15 0.000021845313312951475 -0.009999976493418217 
vn -0.009999976493418217 0.00002184694130846765 -3.557257353264953e-12 
vn -0.009999976493418217 0.00002184694130846765 -3.557257353264953e-12 
vn -0.009999976493418217 0.00002184694130846765 -3.557257353264953e-12 
vn -0.009999976493418217 0.00002184694130846765 -3.557257353264953e-12 
vn 3.097898490739357e-15 0.000021848571122973226 0.009999976493418217 
vn 3.097898490739357e-15 0.000021848571122973226 0.009999976493418217 
vn 3.097898490739357e-15 0.000021848571122973226 0.009999976493418217 
vn 3.097898490739357e-15 0.000021848571122973226 0.009999976493418217 
vn 0 0.009999999776482582 -1.629209989140179e-9 
vn 0 0.009999999776482582 -1.629209989140179e-9 
vn 0 0.009999999776482582 -1.629209989140179e-9 
vn 0 0.009999999776482582 -1.629209989140179e-9 
vn -2.068231052255163e-15 -0.009999999776482582 1.629209989140179e-9 
vn -2.068231052255163e-15 -0.009999999776482582 1.629209989140179e-9 
vn -2.068231052255163e-15 -0.009999999776482582 1.629209989140179e-9 
vn -2.068231052255163e-15 -0.009999999776482582 1.629209989140179e-9 
vn -0.009999976493418217 0.00002184694130846765 -3.557257353264953e-12 
vn -0.009999976493418217 0.00002184694130846765 -3.557257353264953e-12 
vn -0.009999976493418217 0.00002184694130846765 -3.557257353264953e-12 
vn -0.009999976493418217 0.00002184694130846765 -3.557257353264953e-12 
vn -1.0341130909078582e-15 0.000021845313312951475 -0.009999976493418217 
vn -1.0341130909078582e-15 0.000021845313312951475 -0.009999976493418217 
vn -1.0341130909078582e-15 0.000021845313312951475 -0.009999976493418217 
vn -1.0341130909078582e-15 0.000021845313312951475 -0.009999976493418217 
vn -1.0341130909078582e-15 0.000021845313312951475 -0.009999976493418217 
vn -1.0341130909078582e-15 0.000021845313312951475 -0.009999976493418217 
vn -1.0341130909078582e-15 0.000021845313312951475 -0.009999976493418217 
vn -1.0341130909078582e-15 0.000021845313312951475 -0.009999976493418217 
vn 0.009999976493418217 0.00002184694130846765 -3.5593255773291865e-12 
vn 0.009999976493418217 0.00002184694130846765 -3.5593255773291865e-12 
vn 0.009999976493418217 0.00002184694130846765 -3.5593255773291865e-12 
vn 0.009999976493418217 0.00002184694130846765 -3.5593255773291865e-12 
vn -2.068231052255163e-15 -0.009999999776482582 1.629209989140179e-9 
vn -2.068231052255163e-15 -0.009999999776482582 1.629209989140179e-9 
vn -2.068231052255163e-15 -0.009999999776482582 1.629209989140179e-9 
vn -2.068231052255163e-15 -0.009999999776482582 1.629209989140179e-9 
vn 3.097898490739357e-15 0.000021848571122973226 0.009999976493418217 
vn 3.097898490739357e-15 0.000021848571122973226 0.009999976493418217 
vn 3.097898490739357e-15 0.000021848571122973226 0.009999976493418217 
vn 3.097898490739357e-15 0.000021848571122973226 0.009999976493418217 
vn -0.009999976493418217 0.00002184694130846765 -3.557257353264953e-12 
vn -0.009999976493418217 0.00002184694130846765 -3.557257353264953e-12 
vn -0.009999976493418217 0.00002184694130846765 -3.557257353264953e-12 
vn -0.009999976493418217 0.00002184694130846765 -3.557257353264953e-12 
vn 0.000037692476325901225 0.007063338067382574 -0.007078688591718674 
vn 0.000037692476325901225 0.007063338067382574 -0.007078688591718674 
vn 0.000037692476325901225 0.007063338067382574 -0.007078688591718674 
vn 0.000037692476325901225 0.007063338067382574 -0.007078688591718674 
vn 0.007071050815284252 0.000021845789888175204 -0.007071050815284252 
vn 0.007071050815284252 0.000021845789888175204 -0.007071050815284252 
vn 0.007071050815284252 0.000021845789888175204 -0.007071050815284252 
vn 0.007071050815284252 0.000021845789888175204 -0.007071050815284252 
vn 0.00001887830330815632 -0.007063340395689011 -0.007078761700540781 
vn 0.00001887830330815632 -0.007063340395689011 -0.007078761700540781 
vn 0.00001887830330815632 -0.007063340395689011 -0.007078761700540781 
vn 0.00001887830330815632 -0.007063340395689011 -0.007078761700540781 
vn -0.007071050815284252 0.000021845789888175204 -0.007071050815284252 
vn -0.007071050815284252 0.000021845789888175204 -0.007071050815284252 
vn -0.007071050815284252 0.000021845789888175204 -0.007071050815284252 
vn -0.007071050815284252 0.000021845789888175204 -0.007071050815284252 
vn 0.007071050815284252 -0.000021848094547749497 -0.007071050815284252 
vn 0.007071050815284252 -0.000021848094547749497 -0.007071050815284252 
vn 0.007071050815284252 -0.000021848094547749497 -0.007071050815284252 
vn 0.007071050815284252 -0.000021848094547749497 -0.007071050815284252 
vn 0.00001887830330815632 -0.007063340395689011 -0.007078761700540781 
vn 0.00001887830330815632 -0.007063340395689011 -0.007078761700540781 
vn 0.00001887830330815632 -0.007063340395689011 -0.007078761700540781 
vn 0.00001887830330815632 -0.007063340395689011 -0.007078761700540781 
vn -0.007071050815284252 0.000021845789888175204 -0.007071050815284252 
vn -0.007071050815284252 0.000021845789888175204 -0.007071050815284252 
vn -0.007071050815284252 0.000021845789888175204 -0.007071050815284252 
vn -0.007071050815284252 0.000021845789888175204 -0.007071050815284252 
vn 0.000037692476325901225 0.007063338067382574 -0.007078688591718674 
vn 0.000037692476325901225 0.007063338067382574 -0.007078688591718674 
vn 0.000037692476325901225 0.007063338067382574 -0.007078688591718674 
vn 0.000037692476325901225 0.007063338067382574 -0.007078688591718674 
vn 0 0.009999999776482582 -1.629209989140179e-9 
vn 0 0.009999999776482582 -1.629209989140179e-9 
vn 0 0.009999999776482582 -1.629209989140179e-9 
vn 0 0.009999999776482582 -1.629209989140179e-9 
vn 0.000037692476325901225 0.007063338067382574 -0.007078688591718674 
vn 0.000037692476325901225 0.007063338067382574 -0.007078688591718674 
vn 0.000037692476325901225 0.007063338067382574 -0.007078688591718674 
vn 0.000037692476325901225 0.007063338067382574 -0.007078688591718674 
vn 0.007071050815284252 0.000021845789888175204 -0.007071050815284252 
vn 0.007071050815284252 0.000021845789888175204 -0.007071050815284252 
vn 0.007071050815284252 0.000021845789888175204 -0.007071050815284252 
vn 0.007071050815284252 0.000021845789888175204 -0.007071050815284252 
vn 0.00001887830330815632 -0.007063340395689011 -0.007078761700540781 
vn 0.00001887830330815632 -0.007063340395689011 -0.007078761700540781 
vn 0.00001887830330815632 -0.007063340395689011 -0.007078761700540781 
vn 0.00001887830330815632 -0.007063340395689011 -0.007078761700540781 
vn -0.007071050815284252 0.000021845789888175204 -0.007071050815284252 
vn -0.007071050815284252 0.000021845789888175204 -0.007071050815284252 
vn -0.007071050815284252 0.000021845789888175204 -0.007071050815284252 
vn -0.007071050815284252 0.000021845789888175204 -0.007071050815284252 
vn 0.00001887830330815632 -0.007063340395689011 -0.007078761700540781 
vn 0.00001887830330815632 -0.007063340395689011 -0.007078761700540781 
vn 0.00001887830330815632 -0.007063340395689011 -0.007078761700540781 
vn 0.00001887830330815632 -0.007063340395689011 -0.007078761700540781 
vn 0.007071050815284252 -0.000021848094547749497 -0.007071050815284252 
vn 0.007071050815284252 0.000021845789888175204 -0.007071050815284252 
vn 0.007071050815284252 -0.000021848094547749497 -0.007071050815284252 
vn 0.007071050815284252 -0.000021848094547749497 -0.007071050815284252 
vn 0.000037692476325901225 0.007063338067382574 -0.007078688591718674 
vn -0.000037692476325901225 0.007063338067382574 -0.007078688591718674 
vn 0.000037692476325901225 0.007063338067382574 -0.007078688591718674 
vn 0.000037692476325901225 0.007063338067382574 -0.007078688591718674 
vn -0.007071050815284252 0.000021845789888175204 -0.007071050815284252 
vn -0.007071050815284252 0.000021845789888175204 -0.007071050815284252 
vn -0.007071050815284252 -0.000021848094547749497 -0.007071050815284252 
vn -0.007071050815284252 0.000021845789888175204 -0.007071050815284252 
vn 0.009999976493418217 0.00002184694130846765 -3.5593255773291865e-12 
vn 0.009999976493418217 0.00002184694130846765 -3.5593255773291865e-12 
vn 0.009999976493418217 0.00002184694130846765 -3.5593255773291865e-12 
vn 0.009999976493418217 0.00002184694130846765 -3.5593255773291865e-12 
vn -1.0341130909078582e-15 0.000021845313312951475 -0.009999976493418217 
vn -1.0341130909078582e-15 0.000021845313312951475 -0.009999976493418217 
vn -1.0341130909078582e-15 0.000021845313312951475 -0.009999976493418217 
vn -1.0341130909078582e-15 0.000021845313312951475 -0.009999976493418217 
vn 0.009999976493418217 0.00002184694130846765 -3.5593255773291865e-12 
vn 0.009999976493418217 0.00002184694130846765 -3.5593255773291865e-12 
vn 0.009999976493418217 0.00002184694130846765 -3.5593255773291865e-12 
vn 0.009999976493418217 0.00002184694130846765 -3.5593255773291865e-12 
vn -2.068231052255163e-15 -0.009999999776482582 1.629209989140179e-9 
vn -2.068231052255163e-15 -0.009999999776482582 1.629209989140179e-9 
vn -2.068231052255163e-15 -0.009999999776482582 1.629209989140179e-9 
vn -2.068231052255163e-15 -0.009999999776482582 1.629209989140179e-9 
vn 3.097898490739357e-15 0.000021848571122973226 0.009999976493418217 
vn 3.097898490739357e-15 0.000021848571122973226 0.009999976493418217 
vn 3.097898490739357e-15 0.000021848571122973226 0.009999976493418217 
vn 3.097898490739357e-15 0.000021848571122973226 0.009999976493418217 
vn -0.009999976493418217 0.00002184694130846765 -3.557257353264953e-12 
vn -0.009999976493418217 0.00002184694130846765 -3.557257353264953e-12 
vn -0.009999976493418217 0.00002184694130846765 -3.557257353264953e-12 
vn -0.009999976493418217 0.00002184694130846765 -3.557257353264953e-12 
vn -0.009727191179990768 0.000021847319658263586 0.002319758990779519 
vn -0.009727191179990768 0.000021847319658263586 0.002319758990779519 
vn -0.009727191179990768 0.000021847319658263586 0.002319758990779519 
vn -0.009727191179990768 0.000021847319658263586 0.002319758990779519 
vn -0.0023168243933469057 0.001458523329347372 -0.009617953561246395 
vn -0.0023168243933469057 0.001458523329347372 -0.009617953561246395 
vn -0.0023168243933469057 0.001458523329347372 -0.009617953561246395 
vn -0.0023168243933469057 0.001458523329347372 -0.009617953561246395 
vn 0.009727191179990768 -0.000021847319658263586 -0.002319758990779519 
vn 0.009727191179990768 -0.000021847319658263586 -0.002319758990779519 
vn 0.009727191179990768 -0.000021847319658263586 -0.002319758990779519 
vn 0.009727191179990768 -0.000021847319658263586 -0.002319758990779519 
vn 0.002337021054700017 -0.0008945264271460474 0.00968184694647789 
vn 0.002337021054700017 -0.0008945264271460474 0.00968184694647789 
vn 0.002337021054700017 -0.0008945264271460474 0.00968184694647789 
vn 0.002337021054700017 -0.0008945264271460474 0.00968184694647789 
vn -0.0001263285957975313 0.009983872063457966 -0.0005534833762794733 
vn -0.0001263285957975313 0.009983872063457966 -0.0005534833762794733 
vn -0.0001263285957975313 0.009983872063457966 -0.0005534833762794733 
vn -0.0001263285957975313 0.009983872063457966 -0.0005534833762794733 
vn 3.097898490739357e-15 0.000021848571122973226 0.009999976493418217 
vn 3.097898490739357e-15 0.000021848571122973226 0.009999976493418217 
vn 3.097898490739357e-15 0.000021848571122973226 0.009999976493418217 
vn 3.097898490739357e-15 0.000021848571122973226 0.009999976493418217 
vn -1.0341130909078582e-15 0.000021845313312951475 -0.009999976493418217 
vn -1.0341130909078582e-15 0.000021845313312951475 -0.009999976493418217 
vn -1.0341130909078582e-15 0.000021845313312951475 -0.009999976493418217 
vn -1.0341130909078582e-15 0.000021845313312951475 -0.009999976493418217 
vn 0.009999976493418217 0.00002184694130846765 -3.5593255773291865e-12 
vn 0.009999976493418217 0.00002184694130846765 -3.5593255773291865e-12 
vn 0.009999976493418217 0.00002184694130846765 -3.5593255773291865e-12 
vn 0.009999976493418217 0.00002184694130846765 -3.5593255773291865e-12 
vn -0.009652689099311829 0.00002184736695198808 0.002612491138279438 
vn -0.009652689099311829 0.00002184736695198808 0.002612491138279438 
vn -0.009652689099311829 0.00002184736695198808 0.002612491138279438 
vn -0.009652689099311829 0.00002184736695198808 0.002612491138279438 
vn -0.007071050815284252 0.000021848094547749497 0.007071050815284252 
vn -0.007071050815284252 0.000021848094547749497 0.007071050815284252 
vn -0.007071050815284252 0.000021848094547749497 0.007071050815284252 
vn -0.007071050815284252 0.000021848094547749497 0.007071050815284252 
vn -0.002612491138279438 0.000021848514734301716 0.009652689099311829 
vn -0.002612491138279438 0.000021848514734301716 0.009652689099311829 
vn -0.002612491138279438 0.000021848514734301716 0.009652689099311829 
vn -0.002612491138279438 0.000021848514734301716 0.009652689099311829 
vn 0.009652689099311829 0.00002184736695198808 0.002612491138279438 
vn 0.009652689099311829 0.00002184736695198808 0.002612491138279438 
vn 0.009652689099311829 0.00002184736695198808 0.002612491138279438 
vn 0.009652689099311829 0.00002184736695198808 0.002612491138279438 
vn 0.007071050815284252 0.000021848094547749497 0.007071050815284252 
vn 0.007071050815284252 0.000021848094547749497 0.007071050815284252 
vn 0.007071050815284252 0.000021848094547749497 0.007071050815284252 
vn 0.007071050815284252 0.000021848094547749497 0.007071050815284252 
vn 0.002612491138279438 0.000021848514734301716 0.009652689099311829 
vn 0.002612491138279438 0.000021848514734301716 0.009652689099311829 
vn 0.002612491138279438 0.000021848514734301716 0.009652689099311829 
vn 0.002612491138279438 0.000021848514734301716 0.009652689099311829 
vn 0.009652689099311829 0.00002184651566494722 -0.002612491138279438 
vn 0.009652689099311829 0.00002184651566494722 -0.002612491138279438 
vn 0.009652689099311829 0.00002184651566494722 -0.002612491138279438 
vn 0.009652689099311829 0.00002184651566494722 -0.002612491138279438 
vn 0.007071050815284252 0.000021845789888175204 -0.007071050815284252 
vn 0.007071050815284252 0.000021845789888175204 -0.007071050815284252 
vn 0.007071050815284252 0.000021845789888175204 -0.007071050815284252 
vn 0.007071050815284252 0.000021845789888175204 -0.007071050815284252 
vn 0.002612491138279438 0.000021845369701622985 -0.009652689099311829 
vn 0.002612491138279438 0.000021845369701622985 -0.009652689099311829 
vn 0.002612491138279438 0.000021845369701622985 -0.009652689099311829 
vn 0.002612491138279438 0.000021845369701622985 -0.009652689099311829 
vn -0.009652689099311829 0.00002184651566494722 -0.002612491138279438 
vn -0.009652689099311829 0.00002184651566494722 -0.002612491138279438 
vn -0.009652689099311829 0.00002184651566494722 -0.002612491138279438 
vn -0.009652689099311829 0.00002184651566494722 -0.002612491138279438 
vn -0.007071050815284252 0.000021845789888175204 -0.007071050815284252 
vn -0.007071050815284252 0.000021845789888175204 -0.007071050815284252 
vn -0.007071050815284252 0.000021845789888175204 -0.007071050815284252 
vn -0.007071050815284252 0.000021845789888175204 -0.007071050815284252 
vn -0.002612491138279438 0.000021845369701622985 -0.009652689099311829 
vn -0.002612491138279438 0.000021845369701622985 -0.009652689099311829 
vn -0.002612491138279438 0.000021845369701622985 -0.009652689099311829 
vn -0.002612491138279438 0.000021845369701622985 -0.009652689099311829 
vn -0.009999976493418217 0.00002184694130846765 -3.557257353264953e-12 
vn -0.009999976493418217 0.00002184694130846765 -3.557257353264953e-12 
vn -0.009999976493418217 0.00002184694130846765 -3.557257353264953e-12 
vn -0.009999976493418217 0.00002184694130846765 -3.557257353264953e-12 
vn 0 0.009999999776482582 -1.629209989140179e-9 
vn 0 0.009999999776482582 -1.629209989140179e-9 
vn 0 0.009999999776482582 -1.629209989140179e-9 
vn 0 0.009999999776482582 -1.629209989140179e-9 
vn 0 0.009999999776482582 -1.629209989140179e-9 
vn 0 0.009999999776482582 -1.629209989140179e-9 
vn 0 0.009999999776482582 -1.629209989140179e-9 
vn 0 0.009999999776482582 -1.629209989140179e-9 
vn 0 0.009999999776482582 -1.629209989140179e-9 
vn 0 0.009999999776482582 -1.629209989140179e-9 
vn 0 0.009999999776482582 -1.629209989140179e-9 
vn 0 0.009999999776482582 -1.629209989140179e-9 
vn 0 0.009999999776482582 -1.629209989140179e-9 
vn 0 0.009999999776482582 -1.629209989140179e-9 
vn 0 0.009999999776482582 -1.629209989140179e-9 
vn 0 0.009999999776482582 -1.629209989140179e-9 
vn 0 0.009999999776482582 -1.629209989140179e-9 
vn 0 0.009999999776482582 -1.629209989140179e-9 
vn 0 0.009999999776482582 -1.629209989140179e-9 
vn 0 0.009999999776482582 -1.629209989140179e-9 
vn 0 0.009999999776482582 -1.629209989140179e-9 
vn 0 0.009999999776482582 -1.629209989140179e-9 
vn 0 0.009999999776482582 -1.629209989140179e-9 
vn 0 0.009999999776482582 -1.629209989140179e-9 
vn 0 0.009999999776482582 -1.629209989140179e-9 
vn 0 0.009999999776482582 -1.629209989140179e-9 
vn 0 0.009999999776482582 -1.629209989140179e-9 
vn 0 0.009999999776482582 -1.629209989140179e-9 
vn 0 0.009999999776482582 -1.629209989140179e-9 
vn 0 0.009999999776482582 -1.629209989140179e-9 
vn 0 0.009999999776482582 -1.629209989140179e-9 
vn 0 0.009999999776482582 -1.629209989140179e-9 
vn 0 0.009999999776482582 -1.629209989140179e-9 
vn 0 0.009999999776482582 -1.629209989140179e-9 
vn 0 0.009999999776482582 -1.629209989140179e-9 
vn 0 0.009999999776482582 -1.629209989140179e-9 
vn 0 0.009999999776482582 -1.629209989140179e-9 
vn 0 0.009999999776482582 -1.629209989140179e-9 
vn 0 0.009999999776482582 -1.629209989140179e-9 
vn 0 0.009999999776482582 -1.629209989140179e-9 
vn 0 0.009999999776482582 -1.629209989140179e-9 
vn 0 0.009999999776482582 -1.629209989140179e-9 
vn 0 0.009999999776482582 -1.629209989140179e-9 
vn 0 0.009999999776482582 -1.629209989140179e-9 
vn 0 0.009999999776482582 -1.629209989140179e-9 
vn 0 0.009999999776482582 -1.629209989140179e-9 
vn 0 0.009999999776482582 -1.629209989140179e-9 
vn 0 0.009999999776482582 -1.629209989140179e-9 
vn 0 0.009999999776482582 -1.629209989140179e-9 
vn 0 0.009999999776482582 -1.629209989140179e-9 
vn 0 0.009999999776482582 -1.629209989140179e-9 
vn 0 0.009999999776482582 -1.629209989140179e-9 
vn 0 0.009999999776482582 -1.629209989140179e-9 
vn 0 0.009999999776482582 -1.629209989140179e-9 
vn 0 0.009999999776482582 -1.629209989140179e-9 
vn 0 0.009999999776482582 -1.629209989140179e-9 
vn 0 0.009999999776482582 -1.629209989140179e-9 
vn 0 0.009999999776482582 -1.629209989140179e-9 
vn -0.004181931260973215 0.007682243827730417 -0.004847120493650436 
vn -6.049097439519611e-16 0.00811066571623087 -0.005849538370966911 
vn -0.0044894893653690815 0.008805659599602222 -0.0015181729104369879 
vn 0.0000185994322237093 0.009889853186905384 -0.0014800195349380374 
vn -0.004614030942320824 0.008826283738017082 0.0008985809981822968 
vn 1.8938533058462064e-16 0.00998129602521658 0.0006113317795097828 
vn 0.004477272741496563 0.008805659599602222 -0.0015538310399278998 
vn 0.004181931260973215 0.007682243827730417 -0.004847120493650436 
vn 0.006890252698212862 0.0026549515314400196 -0.006743563339114189 
vn -9.881410129703415e-16 0.0029485442209988832 -0.009555421769618988 
vn -0.006863817572593689 0.0026549515314400196 -0.006770468316972256 
vn -0.009161707945168018 0.003730755764991045 -0.0014644345501437783 
vn 0.009155680425465107 0.003730755764991045 -0.0015016570687294006 
vn 0.009139200672507286 0.0038520502857863903 0.0012793474597856402 
vn 0.004614030942320824 0.008826283738017082 0.0008985809981822968 
vn -0.00001884365156001877 0.00870002992451191 0.0049304296262562275 
vn -0.004459694027900696 0.0076822456903755665 0.004592845682054758 
vn -0.006908952724188566 0.0028230431489646435 0.006655584089457989 
vn -0.009139200672507286 0.0038520502857863903 0.0012793474597856402 
vn 0.000018853817891795188 0.0036088228225708008 0.009326094761490822 
vn 0.004459694027900696 0.0076822456903755665 0.004592845682054758 
vn 0.006935068406164646 0.0028230431489646435 0.006628367584198713 
vn 0.00712220836430788 0.00024029455380514264 0.007015440613031387 
vn 0.009907539002597332 0.00006554062565555796 0.0013551313895732164 
vn 0.009907539002597332 -0.00006554062565555796 -0.0013551313895732164 
vn 0.00712220836430788 -0.00024029455380514264 -0.007015440613031387 
vn -1.0335602960306564e-15 -0.00032764734351076186 -0.009994630701839924 
vn -0.00712220836430788 -0.00024029455380514264 -0.007015440613031387 
vn -0.009907539002597332 -0.00006554062565555796 -0.0013551313895732164 
vn -0.009907539002597332 0.00006554062565555796 0.0013551313895732164 
vn -0.00712220836430788 0.00024029455380514264 0.007015440613031387 
vn 3.0957692616681966e-15 0.0003713145270012319 0.009993103332817554 
vn -0.0001463016524212435 0.00998129602521658 -0.0005935708177275956 
vn -0.0001463016524212435 0.00998129602521658 -0.0005935708177275956 
vn -0.0001463016524212435 0.00998129602521658 -0.0005935708177275956 
vn -0.0001463016524212435 0.00998129602521658 -0.0005935708177275956 
vn -0.00010799530718941242 0.00999389123171568 -0.00033237700699828565 
vn -0.00010799530718941242 0.00999389123171568 -0.00033237700699828565 
vn -0.00010799530718941242 0.00999389123171568 -0.00033237700699828565 
vn -0.00010799530718941242 0.00999389123171568 -0.00033237700699828565 
vn -0.00010799530718941242 0.00999389123171568 -0.00033237700699828565 
vn -0.00010799530718941242 0.00999389123171568 -0.00033237700699828565 
vn -0.00010799530718941242 0.00999389123171568 -0.00033237700699828565 
vn -0.00010799530718941242 0.00999389123171568 -0.00033237700699828565 
vn -0.00010799530718941242 0.00999389123171568 -0.00033237700699828565 
vn -0.00010799530718941242 0.00999389123171568 -0.00033237700699828565 
vn -0.00010799530718941242 0.00999389123171568 -0.00033237700699828565 
vn -0.00010799530718941242 0.00999389123171568 -0.00033237700699828565 
vn -0.00010799530718941242 0.00999389123171568 -0.00033237700699828565 
vn -0.00010799530718941242 0.00999389123171568 -0.00033237700699828565 
vn -0.00010799530718941242 0.00999389123171568 -0.00033237700699828565 
vn -0.00010799530718941242 0.00999389123171568 -0.00033237700699828565 
vn 0.009727191179990768 -0.000021847319658263586 -0.002319758990779519 
vn 0.009727191179990768 -0.000021847319658263586 -0.002319758990779519 
vn 0.009727191179990768 -0.000021847319658263586 -0.002319758990779519 
vn 0.009727191179990768 -0.000021847319658263586 -0.002319758990779519 
vn 0.009727191179990768 -0.000021847319658263586 -0.002319758990779519 
vn 0.009727191179990768 -0.000021847319658263586 -0.002319758990779519 
vn 0.009727191179990768 -0.000021847319658263586 -0.002319758990779519 
vn 0.009727191179990768 -0.000021847319658263586 -0.002319758990779519 
vn 0.009727191179990768 0.00002184656295867171 -0.002319758990779519 
vn 0.009727191179990768 0.00002184656295867171 -0.002319758990779519 
vn 0.009727191179990768 0.00002184656295867171 -0.002319758990779519 
vn 0.009727191179990768 0.00002184656295867171 -0.002319758990779519 
vn 0.009727191179990768 0.00002184656295867171 -0.002319758990779519 
vn 0.009727191179990768 0.00002184656295867171 -0.002319758990779519 
vn 0.009727191179990768 0.00002184656295867171 -0.002319758990779519 
vn 0.009727191179990768 0.00002184656295867171 -0.002319758990779519 
vn 0.009727191179990768 -0.000021847319658263586 -0.002319758990779519 
vn 0.009727191179990768 -0.000021847319658263586 -0.002319758990779519 
vn 0.009727191179990768 -0.000021847319658263586 -0.002319758990779519 
vn 0.009727191179990768 -0.000021847319658263586 -0.002319758990779519 
vn -0.009727191179990768 0.000021847319658263586 0.002319758990779519 
vn -0.009727191179990768 0.000021847319658263586 0.002319758990779519 
vn -0.009727191179990768 0.000021847319658263586 0.002319758990779519 
vn -0.009727191179990768 0.000021847319658263586 0.002319758990779519 
vn -0.009727191179990768 -0.00002184656295867171 0.002319758990779519 
vn -0.009727191179990768 -0.00002184656295867171 0.002319758990779519 
vn -0.009727191179990768 -0.00002184656295867171 0.002319758990779519 
vn -0.009727191179990768 -0.00002184656295867171 0.002319758990779519 
vn -0.009727191179990768 0.000021847319658263586 0.002319758990779519 
vn -0.009727191179990768 0.000021847319658263586 0.002319758990779519 
vn -0.009727191179990768 0.000021847319658263586 0.002319758990779519 
vn -0.009727191179990768 0.000021847319658263586 0.002319758990779519 
vn -0.009727191179990768 0.000021847319658263586 0.002319758990779519 
vn -0.009727191179990768 0.000021847319658263586 0.002319758990779519 
vn -0.009727191179990768 0.000021847319658263586 0.002319758990779519 
vn -0.009727191179990768 0.000021847319658263586 0.002319758990779519 
vn -0.009727191179990768 0.000021847319658263586 0.002319758990779519 
vn -0.009727191179990768 0.000021847319658263586 0.002319758990779519 
vn -0.009727191179990768 0.000021847319658263586 0.002319758990779519 
vn -0.009727191179990768 0.000021847319658263586 0.002319758990779519 
vn -0.00010799530718941242 0.00999389123171568 -0.00033237700699828565 
vn -0.00010799530718941242 0.00999389123171568 -0.00033237700699828565 
vn -0.00010799530718941242 0.00999389123171568 -0.00033237700699828565 
vn -0.00010799530718941242 0.00999389123171568 -0.00033237700699828565 
vn -0.00010799530718941242 0.00999389123171568 -0.00033237700699828565 
vn -0.00010799530718941242 0.00999389123171568 -0.00033237700699828565 
vn -0.00010799530718941242 0.00999389123171568 -0.00033237700699828565 
vn -0.00010799530718941242 0.00999389123171568 -0.00033237700699828565 
vn -0.00010799530718941242 0.00999389123171568 -0.00033237700699828565 
vn -0.00010799530718941242 0.00999389123171568 -0.00033237700699828565 
vn -0.00010799530718941242 0.00999389123171568 -0.00033237700699828565 
vn -0.00010799530718941242 0.00999389123171568 -0.00033237700699828565 
vn -0.00010799530718941242 0.00999389123171568 -0.00033237700699828565 
vn -0.00010799530718941242 0.00999389123171568 -0.00033237700699828565 
vn -0.00010799530718941242 0.00999389123171568 -0.00033237700699828565 
vn -0.00010799530718941242 0.00999389123171568 -0.00033237700699828565 
vn -0.00010799530718941242 0.00999389123171568 -0.00033237700699828565 
vn -0.00010799530718941242 0.00999389123171568 -0.00033237700699828565 
vn -0.00010799530718941242 0.00999389123171568 -0.00033237700699828565 
vn -0.00010799530718941242 0.00999389123171568 -0.00033237700699828565 
vn -0.00010799530718941242 0.00999389123171568 -0.00033237700699828565 
vn -0.00010799530718941242 0.00999389123171568 -0.00033237700699828565 
vn -0.00010799530718941242 0.00999389123171568 -0.00033237700699828565 
vn -0.00010799530718941242 0.00999389123171568 -0.00033237700699828565 
vn -0.00010799530718941242 0.00999389123171568 -0.00033237700699828565 
vn -0.00010799530718941242 0.00999389123171568 -0.00033237700699828565 
vn -0.00010799530718941242 0.00999389123171568 -0.00033237700699828565 
vn -0.00010799530718941242 0.00999389123171568 -0.00033237700699828565 
vn -0.00010799530718941242 0.00999389123171568 -0.00033237700699828565 
vn -0.00010799530718941242 0.00999389123171568 -0.00033237700699828565 
vn -0.00010799530718941242 0.00999389123171568 -0.00033237700699828565 
vn -0.00010799530718941242 0.00999389123171568 -0.00033237700699828565 
vn -0.00010799530718941242 0.00999389123171568 -0.00033237700699828565 
vn -0.00010799530718941242 0.00999389123171568 -0.00033237700699828565 
vn -0.00010799530718941242 0.00999389123171568 -0.00033237700699828565 
vn -0.00010799530718941242 0.00999389123171568 -0.00033237700699828565 
vn -0.00010799530718941242 0.00999389123171568 -0.00033237700699828565 
vn -0.00010799530718941242 0.00999389123171568 -0.00033237700699828565 
vn -0.00010799530718941242 0.00999389123171568 -0.00033237700699828565 
vn -0.00010799530718941242 0.00999389123171568 -0.00033237700699828565 
vn -0.00010799530718941242 0.00999389123171568 -0.00033237700699828565 
vn -0.00010799530718941242 0.00999389123171568 -0.00033237700699828565 
vn -0.00010799530718941242 0.00999389123171568 -0.00033237700699828565 
vn -0.00010799530718941242 0.00999389123171568 -0.00033237700699828565 
vn -0.00010799530718941242 0.00999389123171568 -0.00033237700699828565 
vn -0.00010799530718941242 0.00999389123171568 -0.00033237700699828565 
vn -0.00010799530718941242 0.00999389123171568 -0.00033237700699828565 
vn -0.00010799530718941242 0.00999389123171568 -0.00033237700699828565 
vn -0.00010799530718941242 0.00999389123171568 -0.00033237700699828565 
vn -0.00010799530718941242 0.00999389123171568 -0.00033237700699828565 
vn -0.00010799530718941242 0.00999389123171568 -0.00033237700699828565 
vn -0.00010799530718941242 0.00999389123171568 -0.00033237700699828565 
vn -0.00010799530718941242 0.00999389123171568 -0.00033237700699828565 
vn -0.00010799530718941242 0.00999389123171568 -0.00033237700699828565 
vn -0.00010799530718941242 0.00999389123171568 -0.00033237700699828565 
vn -0.00010799530718941242 0.00999389123171568 -0.00033237700699828565 
vn -0.00010799530718941242 0.00999389123171568 -0.00033237700699828565 
vn -0.00010799530718941242 0.00999389123171568 -0.00033237700699828565 
vn -0.00010799530718941242 0.00999389123171568 -0.00033237700699828565 
vn -0.00010799530718941242 0.00999389123171568 -0.00033237700699828565 
vn -0.00010799530718941242 0.00999389123171568 -0.00033237700699828565 
vn -0.00010799530718941242 0.00999389123171568 -0.00033237700699828565 
vn -0.00010799530718941242 0.00999389123171568 -0.00033237700699828565 
vn -0.00010799530718941242 0.00999389123171568 -0.00033237700699828565 
vn -0.00010799530718941242 0.00999389123171568 -0.00033237700699828565 
vn -0.00010799530718941242 0.00999389123171568 -0.00033237700699828565 
vn -0.00010799530718941242 0.00999389123171568 -0.00033237700699828565 
vn -0.00010799530718941242 0.00999389123171568 -0.00033237700699828565 
vn -0.00010799530718941242 0.00999389123171568 -0.00033237700699828565 
vn -0.00010799530718941242 0.00999389123171568 -0.00033237700699828565 
vn -0.00010799530718941242 0.00999389123171568 -0.00033237700699828565 
vn -0.00010799530718941242 0.00999389123171568 -0.00033237700699828565 
vn -0.00010799530718941242 0.00999389123171568 -0.00033237700699828565 
vn -0.00010799530718941242 0.00999389123171568 -0.00033237700699828565 
vn -0.00010799530718941242 0.00999389123171568 -0.00033237700699828565 
vn -0.00010799530718941242 0.00999389123171568 -0.00033237700699828565 
vn -0.00010799530718941242 0.00999389123171568 -0.00033237700699828565 
vn -0.00010799530718941242 0.00999389123171568 -0.00033237700699828565 
vn -0.00010799530718941242 0.00999389123171568 -0.00033237700699828565 
vn -0.00010799530718941242 0.00999389123171568 -0.00033237700699828565 
vn -0.00010799530718941242 0.00999389123171568 -0.00033237700699828565 
vn -0.00010799530718941242 0.00999389123171568 -0.00033237700699828565 
vn -0.00010799530718941242 0.00999389123171568 -0.00033237700699828565 
vn -0.00010799530718941242 0.00999389123171568 -0.00033237700699828565 
vn -0.00010799530718941242 0.00999389123171568 -0.00033237700699828565 
vn -0.00010799530718941242 0.00999389123171568 -0.00033237700699828565 
vn -0.00010799530718941242 0.00999389123171568 -0.00033237700699828565 
vn -0.00010799530718941242 0.00999389123171568 -0.00033237700699828565 
vn -0.00010799530718941242 0.00999389123171568 -0.00033237700699828565 
vn -0.00010799530718941242 0.00999389123171568 -0.00033237700699828565 
vn -0.00010799530718941242 0.00999389123171568 -0.00033237700699828565 
vn -0.00010799530718941242 0.00999389123171568 -0.00033237700699828565 
vn -0.00010799530718941242 0.00999389123171568 -0.00033237700699828565 
vn -0.00010799530718941242 0.00999389123171568 -0.00033237700699828565 
vn -0.00010799530718941242 0.00999389123171568 -0.00033237700699828565 
vn -0.00010799530718941242 0.00999389123171568 -0.00033237700699828565 
vn -0.00010799530718941242 0.00999389123171568 -0.00033237700699828565 
vn -0.00010799530718941242 0.00999389123171568 -0.00033237700699828565 
vn -0.00010799530718941242 0.00999389123171568 -0.00033237700699828565 
vn -0.00010799530718941242 0.00999389123171568 -0.00033237700699828565 
vn -0.00010799530718941242 0.00999389123171568 -0.00033237700699828565 
vn -0.00010799530718941242 0.00999389123171568 -0.00033237700699828565 
vn -0.00010799530718941242 0.00999389123171568 -0.00033237700699828565 
vn -0.00010799530718941242 0.00999389123171568 -0.00033237700699828565 
vn -0.00010799530718941242 0.00999389123171568 -0.00033237700699828565 
vn -0.00010799530718941242 0.00999389123171568 -0.00033237700699828565 
vn -0.00010799530718941242 0.00999389123171568 -0.00033237700699828565 
vn -0.00010799530718941242 0.00999389123171568 -0.00033237700699828565 
vn -0.00010799530718941242 0.00999389123171568 -0.00033237700699828565 
vn -0.00010799530718941242 0.00999389123171568 -0.00033237700699828565 
vn -0.00010799530718941242 0.00999389123171568 -0.00033237700699828565 
vn -0.00010799530718941242 0.00999389123171568 -0.00033237700699828565 
vn -0.00010799530718941242 0.00999389123171568 -0.00033237700699828565 
vn -0.00010799530718941242 0.00999389123171568 -0.00033237700699828565 
vn -0.00010799530718941242 0.00999389123171568 -0.00033237700699828565 
vn -0.00010799530718941242 0.00999389123171568 -0.00033237700699828565 
vn -0.00010799530718941242 0.00999389123171568 -0.00033237700699828565 
vn -0.00010799530718941242 0.00999389123171568 -0.00033237700699828565 
vn -0.00010799530718941242 0.00999389123171568 -0.00033237700699828565 
vn -0.00010799530718941242 0.00999389123171568 -0.00033237700699828565 
vn -0.00010799530718941242 0.00999389123171568 -0.00033237700699828565 
vn -0.00010799530718941242 0.00999389123171568 -0.00033237700699828565 
vn -0.00010799530718941242 0.00999389123171568 -0.00033237700699828565 
vn -0.00010799530718941242 0.00999389123171568 -0.00033237700699828565 
vn -0.00010799530718941242 0.00999389123171568 -0.00033237700699828565 
vn -0.00010799530718941242 0.00999389123171568 -0.00033237700699828565 
vn -0.00010799530718941242 0.00999389123171568 -0.00033237700699828565 
vn -0.00010799530718941242 0.00999389123171568 -0.00033237700699828565 
vn -0.00010799530718941242 0.00999389123171568 -0.00033237700699828565 
vn -0.00010799530718941242 0.00999389123171568 -0.00033237700699828565 
vn -0.00010799530718941242 0.00999389123171568 -0.00033237700699828565 
vn -0.00010799530718941242 0.00999389123171568 -0.00033237700699828565 
vn -0.00010799530718941242 0.00999389123171568 -0.00033237700699828565 
vn -0.00010799530718941242 0.00999389123171568 -0.00033237700699828565 
vn -0.00010799530718941242 0.00999389123171568 -0.00033237700699828565 
vn -0.00010799530718941242 0.00999389123171568 -0.00033237700699828565 
vn -0.00010799530718941242 0.00999389123171568 -0.00033237700699828565 
vn -0.00010799530718941242 0.00999389123171568 -0.00033237700699828565 
vn -0.00010799530718941242 0.00999389123171568 -0.00033237700699828565 
vn -0.00010799530718941242 0.00999389123171568 -0.00033237700699828565 
vn -0.00010799530718941242 0.00999389123171568 -0.00033237700699828565 
vn -0.00010799530718941242 0.00999389123171568 -0.00033237700699828565 
vn -0.00010799530718941242 0.00999389123171568 -0.00033237700699828565 
vn -0.00010799530718941242 0.00999389123171568 -0.00033237700699828565 
vn -0.00010799530718941242 0.00999389123171568 -0.00033237700699828565 
vn -0.00010799530718941242 0.00999389123171568 -0.00033237700699828565 
vn -0.00010799530718941242 0.00999389123171568 -0.00033237700699828565 
vn -0.00010799530718941242 0.00999389123171568 -0.00033237700699828565 
vn -0.00010799530718941242 0.00999389123171568 -0.00033237700699828565 
vn -0.00010799530718941242 0.00999389123171568 -0.00033237700699828565 
vn -0.00010799530718941242 0.00999389123171568 -0.00033237700699828565 
vn -0.00010799530718941242 0.00999389123171568 -0.00033237700699828565 
vn -0.00010799530718941242 0.00999389123171568 -0.00033237700699828565 
vn -0.00010799530718941242 0.00999389123171568 -0.00033237700699828565 
vn -0.00010799530718941242 0.00999389123171568 -0.00033237700699828565 
vn -0.00010799530718941242 0.00999389123171568 -0.00033237700699828565 
vn -0.00010799530718941242 0.00999389123171568 -0.00033237700699828565 
vn -0.00010799530718941242 0.00999389123171568 -0.00033237700699828565 
vn -0.00010799530718941242 0.00999389123171568 -0.00033237700699828565 
vn -0.00010799530718941242 0.00999389123171568 -0.00033237700699828565 
vn -0.00010799530718941242 0.00999389123171568 -0.00033237700699828565 
vn -0.00010799530718941242 0.00999389123171568 -0.00033237700699828565 
vn -0.00010799530718941242 0.00999389123171568 -0.00033237700699828565 
vn -0.00010799530718941242 0.00999389123171568 -0.00033237700699828565 
vn -0.00010799530718941242 0.00999389123171568 -0.00033237700699828565 
vn -0.00010799530718941242 0.00999389123171568 -0.00033237700699828565 
vn -0.00010799530718941242 0.00999389123171568 -0.00033237700699828565 
vn -0.00010799530718941242 0.00999389123171568 -0.00033237700699828565 
vn -0.00010799530718941242 0.00999389123171568 -0.00033237700699828565 
vn -0.00010799530718941242 0.00999389123171568 -0.00033237700699828565 
vn -0.00010799530718941242 0.00999389123171568 -0.00033237700699828565 
vn -0.00010799530718941242 0.00999389123171568 -0.00033237700699828565 
vn -0.00010799530718941242 0.00999389123171568 -0.00033237700699828565 
vn -0.00010799530718941242 0.00999389123171568 -0.00033237700699828565 
vn -0.00010799530718941242 0.00999389123171568 -0.00033237700699828565 
vn -0.00010799530718941242 0.00999389123171568 -0.00033237700699828565 
vn -0.00010799530718941242 0.00999389123171568 -0.00033237700699828565 
vn -0.00010799530718941242 0.00999389123171568 -0.00033237700699828565 
vn -0.00010799530718941242 0.00999389123171568 -0.00033237700699828565 
vn -0.00010799530718941242 0.00999389123171568 -0.00033237700699828565 
vn -0.00010799530718941242 0.00999389123171568 -0.00033237700699828565 
vn -0.00010799530718941242 0.00999389123171568 -0.00033237700699828565 
vn -0.00010799530718941242 0.00999389123171568 -0.00033237700699828565 
vn -0.00010799530718941242 0.00999389123171568 -0.00033237700699828565 
vn -0.00010799530718941242 0.00999389123171568 -0.00033237700699828565 
vn -0.00010799530718941242 0.00999389123171568 -0.00033237700699828565 
vn -0.00010799530718941242 0.00999389123171568 -0.00033237700699828565 
vn -0.00010799530718941242 0.00999389123171568 -0.00033237700699828565 
vn -0.00010799530718941242 0.00999389123171568 -0.00033237700699828565 
vn -0.00010799530718941242 0.00999389123171568 -0.00033237700699828565 
vn -0.00010799530718941242 0.00999389123171568 -0.00033237700699828565 
vn -0.00010799530718941242 0.00999389123171568 -0.00033237700699828565 
vn -0.00010799530718941242 0.00999389123171568 -0.00033237700699828565 
vn -0.00010799530718941242 0.00999389123171568 -0.00033237700699828565 
vn -0.00010799530718941242 0.00999389123171568 -0.00033237700699828565 
vn -0.00010799530718941242 0.00999389123171568 -0.00033237700699828565 
vn -0.00010799530718941242 0.00999389123171568 -0.00033237700699828565 
vn -0.00010799530718941242 0.00999389123171568 -0.00033237700699828565 
vn -0.00010799530718941242 0.00999389123171568 -0.00033237700699828565 
vn -0.00010799530718941242 0.00999389123171568 -0.00033237700699828565 
vn -0.00010799530718941242 0.00999389123171568 -0.00033237700699828565 
vn -0.00010799530718941242 0.00999389123171568 -0.00033237700699828565 
vn -0.00010799530718941242 0.00999389123171568 -0.00033237700699828565 
vn -0.00010799530718941242 0.00999389123171568 -0.00033237700699828565 
vn -0.00010799530718941242 0.00999389123171568 -0.00033237700699828565 
vn -0.00010799530718941242 0.00999389123171568 -0.00033237700699828565 
vn -0.00010799530718941242 0.00999389123171568 -0.00033237700699828565 
vn -0.00010799530718941242 0.00999389123171568 -0.00033237700699828565 
vn -0.00010799530718941242 0.00999389123171568 -0.00033237700699828565 
vn -0.00010799530718941242 0.00999389123171568 -0.00033237700699828565 
vn -0.00010799530718941242 0.00999389123171568 -0.00033237700699828565 
vn -0.00010799530718941242 0.00999389123171568 -0.00033237700699828565 
vn -0.00010799530718941242 0.00999389123171568 -0.00033237700699828565 
vn -0.00010799530718941242 0.00999389123171568 -0.00033237700699828565 
vn -0.00010799530718941242 0.00999389123171568 -0.00033237700699828565 
vn -0.00010799530718941242 0.00999389123171568 -0.00033237700699828565 
vn -0.00010799530718941242 0.00999389123171568 -0.00033237700699828565 
vn -0.00010799530718941242 0.00999389123171568 -0.00033237700699828565 
vn -0.00010799530718941242 0.00999389123171568 -0.00033237700699828565 
vn -0.00010799530718941242 0.00999389123171568 -0.00033237700699828565 
vn -0.00010799530718941242 0.00999389123171568 -0.00033237700699828565 
vn -0.00010799530718941242 0.00999389123171568 -0.00033237700699828565 
vn -0.00010799530718941242 0.00999389123171568 -0.00033237700699828565 
vn -0.00010799530718941242 0.00999389123171568 -0.00033237700699828565 
vn -0.00010799530718941242 0.00999389123171568 -0.00033237700699828565 
vn -0.00010799530718941242 0.00999389123171568 -0.00033237700699828565 
vn -0.00010799530718941242 0.00999389123171568 -0.00033237700699828565 
vn -0.00010799530718941242 0.00999389123171568 -0.00033237700699828565 
vn -0.00010799530718941242 0.00999389123171568 -0.00033237700699828565 
vn -0.00010799530718941242 0.00999389123171568 -0.00033237700699828565 
vn -0.00010799530718941242 0.00999389123171568 -0.00033237700699828565 
vn -0.00010799530718941242 0.00999389123171568 -0.00033237700699828565 
vn -0.00010799530718941242 0.00999389123171568 -0.00033237700699828565 
vn -0.00010799530718941242 0.00999389123171568 -0.00033237700699828565 
vn -0.00010799530718941242 0.00999389123171568 -0.00033237700699828565 
vn -0.00010799530718941242 0.00999389123171568 -0.00033237700699828565 
vn -0.00010799530718941242 0.00999389123171568 -0.00033237700699828565 
vn -0.00010799530718941242 0.00999389123171568 -0.00033237700699828565 
vn -0.00010799530718941242 0.00999389123171568 -0.00033237700699828565 
vn -0.00010799530718941242 0.00999389123171568 -0.00033237700699828565 
vn -0.0001463016524212435 0.00998129602521658 -0.0005935708177275956 
vn -0.0001463016524212435 0.00998129602521658 -0.0005935708177275956 
vn -0.0001463016524212435 0.00998129602521658 -0.0005935708177275956 
vn -0.0001463016524212435 0.00998129602521658 -0.0005935708177275956 
vn -0.0001463016524212435 0.00998129602521658 -0.0005935708177275956 
vn -0.0001463016524212435 0.00998129602521658 -0.0005935708177275956 
vn -0.0001463016524212435 0.00998129602521658 -0.0005935708177275956 
vn -0.0001463016524212435 0.00998129602521658 -0.0005935708177275956 
vn -0.0001463016524212435 0.00998129602521658 -0.0005935708177275956 
vn -0.0001463016524212435 0.00998129602521658 -0.0005935708177275956 
vn -0.0001463016524212435 0.00998129602521658 -0.0005935708177275956 
vn -0.0001463016524212435 0.00998129602521658 -0.0005935708177275956 
vn -0.0001463016524212435 0.00998129602521658 -0.0005935708177275956 
vn -0.0001463016524212435 0.00998129602521658 -0.0005935708177275956 
vn -0.0001463016524212435 0.00998129602521658 -0.0005935708177275956 
vn -0.0001463016524212435 0.00998129602521658 -0.0005935708177275956 
vn -0.0001463016524212435 0.00998129602521658 -0.0005935708177275956 
vn -0.0001463016524212435 0.00998129602521658 -0.0005935708177275956 
vn -0.0001463016524212435 0.00998129602521658 -0.0005935708177275956 
vn -0.0001463016524212435 0.00998129602521658 -0.0005935708177275956 
vn -0.0001463016524212435 0.00998129602521658 -0.0005935708177275956 
vn -0.0001463016524212435 0.00998129602521658 -0.0005935708177275956 
vn -0.0001463016524212435 0.00998129602521658 -0.0005935708177275956 
vn -0.0001463016524212435 0.00998129602521658 -0.0005935708177275956 
vn -0.0001463016524212435 0.00998129602521658 -0.0005935708177275956 
vn -0.0001463016524212435 0.00998129602521658 -0.0005935708177275956 
vn -0.0001463016524212435 0.00998129602521658 -0.0005935708177275956 
vn -0.0001463016524212435 0.00998129602521658 -0.0005935708177275956 
vn -0.0001463016524212435 0.00998129602521658 -0.0005935708177275956 
vn -0.0001463016524212435 0.00998129602521658 -0.0005935708177275956 
vn -0.0001463016524212435 0.00998129602521658 -0.0005935708177275956 
vn -0.0001463016524212435 0.00998129602521658 -0.0005935708177275956 
vn -0.0001463016524212435 0.00998129602521658 -0.0005935708177275956 
vn -0.0001463016524212435 0.00998129602521658 -0.0005935708177275956 
vn -0.0001463016524212435 0.00998129602521658 -0.0005935708177275956 
vn -0.0001463016524212435 0.00998129602521658 -0.0005935708177275956 
vn -0.0001463016524212435 0.00998129602521658 -0.0005935708177275956 
vn -0.0001463016524212435 0.00998129602521658 -0.0005935708177275956 
vn -0.0001463016524212435 0.00998129602521658 -0.0005935708177275956 
vn -0.0001463016524212435 0.00998129602521658 -0.0005935708177275956 
vn -0.0001463016524212435 0.00998129602521658 -0.0005935708177275956 
vn -0.0001463016524212435 0.00998129602521658 -0.0005935708177275956 
vn -0.0001463016524212435 0.00998129602521658 -0.0005935708177275956 
vn -0.0001463016524212435 0.00998129602521658 -0.0005935708177275956 
vn -0.0001463016524212435 0.00998129602521658 -0.0005935708177275956 
vn -0.0001463016524212435 0.00998129602521658 -0.0005935708177275956 
vn -0.0001463016524212435 0.00998129602521658 -0.0005935708177275956 
vn -0.0001463016524212435 0.00998129602521658 -0.0005935708177275956 
vn -0.0001463016524212435 0.00998129602521658 -0.0005935708177275956 
vn -0.0001463016524212435 0.00998129602521658 -0.0005935708177275956 
vn -0.0001463016524212435 0.00998129602521658 -0.0005935708177275956 
vn -0.0001463016524212435 0.00998129602521658 -0.0005935708177275956 
vn -0.0001463016524212435 0.00998129602521658 -0.0005935708177275956 
vn -0.0001463016524212435 0.00998129602521658 -0.0005935708177275956 
vn -0.0001463016524212435 0.00998129602521658 -0.0005935708177275956 
vn -0.0001463016524212435 0.00998129602521658 -0.0005935708177275956 
vn -0.0001463016524212435 0.00998129602521658 -0.0005935708177275956 
vn -0.0001463016524212435 0.00998129602521658 -0.0005935708177275956 
vn -0.0001263285957975313 0.009983872063457966 -0.0005534833762794733 
vn -0.0001263285957975313 0.009983872063457966 -0.0005534833762794733 
vn -0.0001263285957975313 0.009983872063457966 -0.0005534833762794733 
vn -0.0001263285957975313 0.009983872063457966 -0.0005534833762794733 
vn -0.0001263285957975313 0.009983872063457966 -0.0005534833762794733 
vn -0.0001263285957975313 0.009983872063457966 -0.0005534833762794733 
vn -0.0001263285957975313 0.009983872063457966 -0.0005534833762794733 
vn -0.0001263285957975313 0.009983872063457966 -0.0005534833762794733 
vn -0.0001263285957975313 0.009983872063457966 -0.0005534833762794733 
vn -0.0001263285957975313 0.009983872063457966 -0.0005534833762794733 
vn -0.0001263285957975313 0.009983872063457966 -0.0005534833762794733 
vn -0.0001263285957975313 0.009983872063457966 -0.0005534833762794733 
vn -0.0001263285957975313 0.009983872063457966 -0.0005534833762794733 
vn -0.0001263285957975313 0.009983872063457966 -0.0005534833762794733 
vn -0.0001263285957975313 0.009983872063457966 -0.0005534833762794733 
vn -0.0001263285957975313 0.009983872063457966 -0.0005534833762794733 
vn -0.0001263285957975313 0.009983872063457966 -0.0005534833762794733 
vn -0.0001263285957975313 0.009983872063457966 -0.0005534833762794733 
vn -0.0001263285957975313 0.009983872063457966 -0.0005534833762794733 
vn -0.0001263285957975313 0.009983872063457966 -0.0005534833762794733 
vn -0.0001263285957975313 0.009983872063457966 -0.0005534833762794733 
vn -0.0001263285957975313 0.009983872063457966 -0.0005534833762794733 
vn -0.0001263285957975313 0.009983872063457966 -0.0005534833762794733 
vn -0.0001263285957975313 0.009983872063457966 -0.0005534833762794733 
vn -0.0001263285957975313 0.009983872063457966 -0.0005534833762794733 
vn -0.0001263285957975313 0.009983872063457966 -0.0005534833762794733 
vn -0.0001263285957975313 0.009983872063457966 -0.0005534833762794733 
vn -0.0001263285957975313 0.009983872063457966 -0.0005534833762794733 
vn -0.0001263285957975313 0.009983872063457966 -0.0005534833762794733 
vn -0.0001263285957975313 0.009983872063457966 -0.0005534833762794733 
vn -0.0001263285957975313 0.009983872063457966 -0.0005534833762794733 
vn -0.0001263285957975313 0.009983872063457966 -0.0005534833762794733 
vn -0.0001263285957975313 0.009983872063457966 -0.0005534833762794733 
vn -0.0001263285957975313 0.009983872063457966 -0.0005534833762794733 
vn -0.0001263285957975313 0.009983872063457966 -0.0005534833762794733 
vn -0.0001263285957975313 0.009983872063457966 -0.0005534833762794733 
vn -0.0001263285957975313 0.009983872063457966 -0.0005534833762794733 
vn -0.0001263285957975313 0.009983872063457966 -0.0005534833762794733 
vn -0.0001263285957975313 0.009983872063457966 -0.0005534833762794733 
vn -0.0001263285957975313 0.009983872063457966 -0.0005534833762794733 
vn -0.0001263285957975313 0.009983872063457966 -0.0005534833762794733 
vn -0.0001263285957975313 0.009983872063457966 -0.0005534833762794733 
vn -0.0001263285957975313 0.009983872063457966 -0.0005534833762794733 
vn -0.0001263285957975313 0.009983872063457966 -0.0005534833762794733 
vn -0.0001263285957975313 0.009983872063457966 -0.0005534833762794733 
vn -0.0001263285957975313 0.009983872063457966 -0.0005534833762794733 
vn -0.0001263285957975313 0.009983872063457966 -0.0005534833762794733 
vn -0.0001263285957975313 0.009983872063457966 -0.0005534833762794733 
vn -0.0001263285957975313 0.009983872063457966 -0.0005534833762794733 
vn -0.0001263285957975313 0.009983872063457966 -0.0005534833762794733 
vn -0.0001263285957975313 0.009983872063457966 -0.0005534833762794733 
vn -0.0001263285957975313 0.009983872063457966 -0.0005534833762794733 
vn -0.0001263285957975313 0.009983872063457966 -0.0005534833762794733 
vn -0.0001263285957975313 0.009983872063457966 -0.0005534833762794733 
vn -0.0001263285957975313 0.009983872063457966 -0.0005534833762794733 
vn -0.0001263285957975313 0.009983872063457966 -0.0005534833762794733 
vn -0.0001263285957975313 0.009983872063457966 -0.0005534833762794733 
vn -0.0001263285957975313 0.009983872063457966 -0.0005534833762794733 
vn -0.0001263285957975313 0.009983872063457966 -0.0005534833762794733 
vn -0.0001263285957975313 0.009983872063457966 -0.0005534833762794733 
vn 0.002337021054700017 -0.0008945264271460474 0.00968184694647789 
vn 0.002337021054700017 -0.0008945264271460474 0.00968184694647789 
vn 0.002337021054700017 -0.0008945264271460474 0.00968184694647789 
vn 0.002337021054700017 -0.0008945264271460474 0.00968184694647789 
vn 0.002337021054700017 -0.0008945264271460474 0.00968184694647789 
vn 0.002337021054700017 -0.0008945264271460474 0.00968184694647789 
vn 0.002337021054700017 -0.0008945264271460474 0.00968184694647789 
vn 0.002337021054700017 -0.0008945264271460474 0.00968184694647789 
vn 0.002337021054700017 -0.0008945264271460474 0.00968184694647789 
vn 0.002337021054700017 -0.0008945264271460474 0.00968184694647789 
vn 0.002337021054700017 -0.0008945264271460474 0.00968184694647789 
vn 0.002337021054700017 -0.0008945264271460474 0.00968184694647789 
vn 0.002337021054700017 -0.0008945264271460474 0.00968184694647789 
vn 0.002337021054700017 -0.0008945264271460474 0.00968184694647789 
vn 0.002337021054700017 -0.0008945264271460474 0.00968184694647789 
vn 0.002337021054700017 -0.0008945264271460474 0.00968184694647789 
vn 0.002337021054700017 -0.0008945264271460474 0.00968184694647789 
vn 0.002337021054700017 -0.0008945264271460474 0.00968184694647789 
vn 0.002337021054700017 -0.0008945264271460474 0.00968184694647789 
vn 0.002337021054700017 -0.0008945264271460474 0.00968184694647789 
vn 0.002337021054700017 -0.0008945264271460474 0.00968184694647789 
vn 0.002337021054700017 -0.0008945264271460474 0.00968184694647789 
vn 0.002337021054700017 -0.0008945264271460474 0.00968184694647789 
vn 0.002337021054700017 -0.0008945264271460474 0.00968184694647789 
vn 0.002337021054700017 -0.0008945264271460474 0.00968184694647789 
vn 0.002337021054700017 -0.0008945264271460474 0.00968184694647789 
vn 0.002337021054700017 -0.0008945264271460474 0.00968184694647789 
vn 0.002337021054700017 -0.0008945264271460474 0.00968184694647789 
vn 0.002337021054700017 -0.0008945264271460474 0.00968184694647789 
vn 0.002337021054700017 -0.0008945264271460474 0.00968184694647789 
vn 0.002337021054700017 -0.0008945264271460474 0.00968184694647789 
vn 0.002337021054700017 -0.0008945264271460474 0.00968184694647789 
vn 0.002337021054700017 -0.0008945264271460474 0.00968184694647789 
vn 0.002337021054700017 -0.0008945264271460474 0.00968184694647789 
vn 0.002337021054700017 -0.0008945264271460474 0.00968184694647789 
vn 0.002337021054700017 -0.0008945264271460474 0.00968184694647789 
vn 0.002337021054700017 -0.0008945264271460474 0.00968184694647789 
vn 0.002337021054700017 -0.0008945264271460474 0.00968184694647789 
vn 0.002337021054700017 -0.0008945264271460474 0.00968184694647789 
vn 0.002337021054700017 -0.0008945264271460474 0.00968184694647789 
vn 0.002337021054700017 -0.0008945264271460474 0.00968184694647789 
vn 0.002337021054700017 -0.0008945264271460474 0.00968184694647789 
vn 0.002337021054700017 -0.0008945264271460474 0.00968184694647789 
vn 0.002337021054700017 -0.0008945264271460474 0.00968184694647789 
vn 0.002337021054700017 -0.0008945264271460474 0.00968184694647789 
vn 0.002337021054700017 -0.0008945264271460474 0.00968184694647789 
vn 0.002337021054700017 -0.0008945264271460474 0.00968184694647789 
vn 0.002337021054700017 -0.0008945264271460474 0.00968184694647789 
vn 0.002337021054700017 -0.0008945264271460474 0.00968184694647789 
vn 0.002337021054700017 -0.0008945264271460474 0.00968184694647789 
vn 0.002337021054700017 -0.0008945264271460474 0.00968184694647789 
vn 0.002337021054700017 -0.0008945264271460474 0.00968184694647789 
vn 0.002337021054700017 -0.0008945264271460474 0.00968184694647789 
vn 0.002337021054700017 -0.0008945264271460474 0.00968184694647789 
vn 0.002337021054700017 -0.0008945264271460474 0.00968184694647789 
vn 0.002337021054700017 -0.0008945264271460474 0.00968184694647789 
vn 0.002337021054700017 -0.0008945264271460474 0.00968184694647789 
vn 0.002337021054700017 -0.0008945264271460474 0.00968184694647789 
vn 0.002337021054700017 -0.0008945264271460474 0.00968184694647789 
vn 0.002337021054700017 -0.0008945264271460474 0.00968184694647789 
vn -0.0023168243933469057 0.001458523329347372 -0.009617953561246395 
vn -0.0023168243933469057 0.001458523329347372 -0.009617953561246395 
vn -0.0023168243933469057 0.001458523329347372 -0.009617953561246395 
vn -0.0023168243933469057 0.001458523329347372 -0.009617953561246395 
vn -0.0023168243933469057 0.001458523329347372 -0.009617953561246395 
vn -0.0023168243933469057 0.001458523329347372 -0.009617953561246395 
vn -0.0023168243933469057 0.001458523329347372 -0.009617953561246395 
vn -0.0023168243933469057 0.001458523329347372 -0.009617953561246395 
vn -0.0023168243933469057 0.001458523329347372 -0.009617953561246395 
vn -0.0023168243933469057 0.001458523329347372 -0.009617953561246395 
vn -0.0023168243933469057 0.001458523329347372 -0.009617953561246395 
vn -0.0023168243933469057 0.001458523329347372 -0.009617953561246395 
vn -0.0023168243933469057 0.001458523329347372 -0.009617953561246395 
vn -0.0023168243933469057 0.001458523329347372 -0.009617953561246395 
vn -0.0023168243933469057 0.001458523329347372 -0.009617953561246395 
vn -0.0023168243933469057 0.001458523329347372 -0.009617953561246395 
vn -0.0023168243933469057 0.001458523329347372 -0.009617953561246395 
vn -0.0023168243933469057 0.001458523329347372 -0.009617953561246395 
vn -0.0023168243933469057 0.001458523329347372 -0.009617953561246395 
vn -0.0023168243933469057 0.001458523329347372 -0.009617953561246395 
vn -0.0023168243933469057 0.001458523329347372 -0.009617953561246395 
vn -0.0023168243933469057 0.001458523329347372 -0.009617953561246395 
vn -0.0023168243933469057 0.001458523329347372 -0.009617953561246395 
vn -0.0023168243933469057 0.001458523329347372 -0.009617953561246395 
vn -0.0023168243933469057 0.001458523329347372 -0.009617953561246395 
vn -0.0023168243933469057 0.001458523329347372 -0.009617953561246395 
vn -0.0023168243933469057 0.001458523329347372 -0.009617953561246395 
vn -0.0023168243933469057 0.001458523329347372 -0.009617953561246395 
vn -0.0023168243933469057 0.001458523329347372 -0.009617953561246395 
vn -0.0023168243933469057 0.001458523329347372 -0.009617953561246395 
vn -0.0023168243933469057 0.001458523329347372 -0.009617953561246395 
vn -0.0023168243933469057 0.001458523329347372 -0.009617953561246395 
vn -0.0023168243933469057 0.001458523329347372 -0.009617953561246395 
vn -0.0023168243933469057 0.001458523329347372 -0.009617953561246395 
vn -0.0023168243933469057 0.001458523329347372 -0.009617953561246395 
vn -0.0023168243933469057 0.001458523329347372 -0.009617953561246395 
vn -0.0023168243933469057 0.001458523329347372 -0.009617953561246395 
vn -0.0023168243933469057 0.001458523329347372 -0.009617953561246395 
vn -0.0023168243933469057 0.001458523329347372 -0.009617953561246395 
vn -0.0023168243933469057 0.001458523329347372 -0.009617953561246395 
vn -0.0023168243933469057 0.001458523329347372 -0.009617953561246395 
vn -0.0023168243933469057 0.001458523329347372 -0.009617953561246395 
vn -0.0023168243933469057 0.001458523329347372 -0.009617953561246395 
vn -0.0023168243933469057 0.001458523329347372 -0.009617953561246395 
vn -0.0023168243933469057 0.001458523329347372 -0.009617953561246395 
vn -0.0023168243933469057 0.001458523329347372 -0.009617953561246395 
vn -0.0023168243933469057 0.001458523329347372 -0.009617953561246395 
vn -0.0023168243933469057 0.001458523329347372 -0.009617953561246395 
vn -0.0023168243933469057 0.001458523329347372 -0.009617953561246395 
vn -0.0023168243933469057 0.001458523329347372 -0.009617953561246395 
vn -0.0023168243933469057 0.001458523329347372 -0.009617953561246395 
vn -0.0023168243933469057 0.001458523329347372 -0.009617953561246395 
vn -0.0023168243933469057 0.001458523329347372 -0.009617953561246395 
vn -0.0023168243933469057 0.001458523329347372 -0.009617953561246395 
vn -0.0023168243933469057 0.001458523329347372 -0.009617953561246395 
vn -0.0023168243933469057 0.001458523329347372 -0.009617953561246395 
vn -0.0023168243933469057 0.001458523329347372 -0.009617953561246395 
vn -0.0023168243933469057 0.001458523329347372 -0.009617953561246395 
vn -0.0023168243933469057 0.001458523329347372 -0.009617953561246395 
vn -0.0023168243933469057 0.001458523329347372 -0.009617953561246395 
vn -0.002035520737990737 0.005287245847284794 -0.008240248076617718 
vn -0.002035520737990737 0.005287245847284794 -0.008240248076617718 
vn -0.002035520737990737 0.005287245847284794 -0.008240248076617718 
vn -0.002035520737990737 0.005287245847284794 -0.008240248076617718 
vn -0.008231851272284985 0.00539805181324482 0.0017600180581212044 
vn -0.008231851272284985 0.00539805181324482 0.0017600180581212044 
vn -0.008231851272284985 0.00539805181324482 0.0017600180581212044 
vn -0.008231851272284985 0.00539805181324482 0.0017600180581212044 
vn 0.001962285954505205 0.005471407901495695 0.008137145079672337 
vn 0.001962285954505205 0.005471407901495695 0.008137145079672337 
vn 0.001962285954505205 0.005471407901495695 0.008137145079672337 
vn 0.001962285954505205 0.005471407901495695 0.008137145079672337 
vn 0.008135121315717697 0.005398051347583532 -0.002163526602089405 
vn 0.008135121315717697 0.005398051347583532 -0.002163526602089405 
vn 0.008135121315717697 0.005398051347583532 -0.002163526602089405 
vn 0.008135121315717697 0.005398051347583532 -0.002163526602089405 
vn -0.002035520737990737 0.005287245847284794 -0.008240248076617718 
vn -0.002035520737990737 0.005287245847284794 -0.008240248076617718 
vn -0.002035520737990737 0.005287245847284794 -0.008240248076617718 
vn -0.002035520737990737 0.005287245847284794 -0.008240248076617718 
vn -0.008231851272284985 0.00539805181324482 0.0017600180581212044 
vn -0.008231851272284985 0.00539805181324482 0.0017600180581212044 
vn -0.008231851272284985 0.00539805181324482 0.0017600180581212044 
vn -0.008231851272284985 0.00539805181324482 0.0017600180581212044 
vn 0.001962285954505205 0.005471407901495695 0.008137145079672337 
vn 0.001962285954505205 0.005471407901495695 0.008137145079672337 
vn 0.001962285954505205 0.005471407901495695 0.008137145079672337 
vn 0.001962285954505205 0.005471407901495695 0.008137145079672337 
vn 0.008135121315717697 0.005398051347583532 -0.002163526602089405 
vn 0.008135121315717697 0.005398051347583532 -0.002163526602089405 
vn 0.008135121315717697 0.005398051347583532 -0.002163526602089405 
vn 0.008135121315717697 0.005398051347583532 -0.002163526602089405 
vn -0.002035520737990737 0.005287245847284794 -0.008240248076617718 
vn -0.002035520737990737 0.005287245847284794 -0.008240248076617718 
vn -0.002035520737990737 0.005287245847284794 -0.008240248076617718 
vn -0.002035520737990737 0.005287245847284794 -0.008240248076617718 
vn -0.008231851272284985 0.00539805181324482 0.0017600180581212044 
vn -0.008231851272284985 0.00539805181324482 0.0017600180581212044 
vn -0.008231851272284985 0.00539805181324482 0.0017600180581212044 
vn -0.008231851272284985 0.00539805181324482 0.0017600180581212044 
vn 0.001962285954505205 0.005471407901495695 0.008137145079672337 
vn 0.001962285954505205 0.005471407901495695 0.008137145079672337 
vn 0.001962285954505205 0.005471407901495695 0.008137145079672337 
vn 0.001962285954505205 0.005471407901495695 0.008137145079672337 
vn 0.008135121315717697 0.005398051347583532 -0.002163526602089405 
vn 0.008135121315717697 0.005398051347583532 -0.002163526602089405 
vn 0.008135121315717697 0.005398051347583532 -0.002163526602089405 
vn 0.008135121315717697 0.005398051347583532 -0.002163526602089405 
vn -0.002035520737990737 0.005287245847284794 -0.008240248076617718 
vn -0.002035520737990737 0.005287245847284794 -0.008240248076617718 
vn -0.002035520737990737 0.005287245847284794 -0.008240248076617718 
vn -0.002035520737990737 0.005287245847284794 -0.008240248076617718 
vn -0.008231851272284985 0.00539805181324482 0.0017600180581212044 
vn -0.008231851272284985 0.00539805181324482 0.0017600180581212044 
vn -0.008231851272284985 0.00539805181324482 0.0017600180581212044 
vn -0.008231851272284985 0.00539805181324482 0.0017600180581212044 
vn 0.001962285954505205 0.005471407901495695 0.008137145079672337 
vn 0.001962285954505205 0.005471407901495695 0.008137145079672337 
vn 0.001962285954505205 0.005471407901495695 0.008137145079672337 
vn 0.001962285954505205 0.005471407901495695 0.008137145079672337 
vn 0.008135121315717697 0.005398051347583532 -0.002163526602089405 
vn 0.008135121315717697 0.005398051347583532 -0.002163526602089405 
vn 0.008135121315717697 0.005398051347583532 -0.002163526602089405 
vn 0.008135121315717697 0.005398051347583532 -0.002163526602089405 
vn -0.002035520737990737 0.005287245847284794 -0.008240248076617718 
vn -0.002035520737990737 0.005287245847284794 -0.008240248076617718 
vn -0.002035520737990737 0.005287245847284794 -0.008240248076617718 
vn -0.002035520737990737 0.005287245847284794 -0.008240248076617718 
vn -0.008231851272284985 0.00539805181324482 0.0017600180581212044 
vn -0.008231851272284985 0.00539805181324482 0.0017600180581212044 
vn -0.008231851272284985 0.00539805181324482 0.0017600180581212044 
vn -0.008231851272284985 0.00539805181324482 0.0017600180581212044 
vn 0.001962285954505205 0.005471407901495695 0.008137145079672337 
vn 0.001962285954505205 0.005471407901495695 0.008137145079672337 
vn 0.001962285954505205 0.005471407901495695 0.008137145079672337 
vn 0.001962285954505205 0.005471407901495695 0.008137145079672337 
vn 0.008135121315717697 0.005398051347583532 -0.002163526602089405 
vn 0.008135121315717697 0.005398051347583532 -0.002163526602089405 
vn 0.008135121315717697 0.005398051347583532 -0.002163526602089405 
vn 0.008135121315717697 0.005398051347583532 -0.002163526602089405 
vn -0.002035520737990737 0.005287245847284794 -0.008240248076617718 
vn -0.002035520737990737 0.005287245847284794 -0.008240248076617718 
vn -0.002035520737990737 0.005287245847284794 -0.008240248076617718 
vn -0.002035520737990737 0.005287245847284794 -0.008240248076617718 
vn -0.008231851272284985 0.00539805181324482 0.0017600180581212044 
vn -0.008231851272284985 0.00539805181324482 0.0017600180581212044 
vn -0.008231851272284985 0.00539805181324482 0.0017600180581212044 
vn -0.008231851272284985 0.00539805181324482 0.0017600180581212044 
vn 0.001962285954505205 0.005471407901495695 0.008137145079672337 
vn 0.001962285954505205 0.005471407901495695 0.008137145079672337 
vn 0.001962285954505205 0.005471407901495695 0.008137145079672337 
vn 0.001962285954505205 0.005471407901495695 0.008137145079672337 
vn 0.008135121315717697 0.005398051347583532 -0.002163526602089405 
vn 0.008135121315717697 0.005398051347583532 -0.002163526602089405 
vn 0.008135121315717697 0.005398051347583532 -0.002163526602089405 
vn 0.008135121315717697 0.005398051347583532 -0.002163526602089405 
vn -0.002035520737990737 0.005287245847284794 -0.008240248076617718 
vn -0.002035520737990737 0.005287245847284794 -0.008240248076617718 
vn -0.002035520737990737 0.005287245847284794 -0.008240248076617718 
vn -0.002035520737990737 0.005287245847284794 -0.008240248076617718 
vn -0.008231851272284985 0.00539805181324482 0.0017600180581212044 
vn -0.008231851272284985 0.00539805181324482 0.0017600180581212044 
vn -0.008231851272284985 0.00539805181324482 0.0017600180581212044 
vn -0.008231851272284985 0.00539805181324482 0.0017600180581212044 
vn 0.001962285954505205 0.005471407901495695 0.008137145079672337 
vn 0.001962285954505205 0.005471407901495695 0.008137145079672337 
vn 0.001962285954505205 0.005471407901495695 0.008137145079672337 
vn 0.001962285954505205 0.005471407901495695 0.008137145079672337 
vn 0.008135121315717697 0.005398051347583532 -0.002163526602089405 
vn 0.008135121315717697 0.005398051347583532 -0.002163526602089405 
vn 0.008135121315717697 0.005398051347583532 -0.002163526602089405 
vn 0.008135121315717697 0.005398051347583532 -0.002163526602089405 
vn -0.002035520737990737 0.005287245847284794 -0.008240248076617718 
vn -0.002035520737990737 0.005287245847284794 -0.008240248076617718 
vn -0.002035520737990737 0.005287245847284794 -0.008240248076617718 
vn -0.002035520737990737 0.005287245847284794 -0.008240248076617718 
vn -0.008231851272284985 0.00539805181324482 0.0017600180581212044 
vn -0.008231851272284985 0.00539805181324482 0.0017600180581212044 
vn -0.008231851272284985 0.00539805181324482 0.0017600180581212044 
vn -0.008231851272284985 0.00539805181324482 0.0017600180581212044 
vn 0.001962285954505205 0.005471407901495695 0.008137145079672337 
vn 0.001962285954505205 0.005471407901495695 0.008137145079672337 
vn 0.001962285954505205 0.005471407901495695 0.008137145079672337 
vn 0.001962285954505205 0.005471407901495695 0.008137145079672337 
vn 0.008135121315717697 0.005398051347583532 -0.002163526602089405 
vn 0.008135121315717697 0.005398051347583532 -0.002163526602089405 
vn 0.008135121315717697 0.005398051347583532 -0.002163526602089405 
vn 0.008135121315717697 0.005398051347583532 -0.002163526602089405 
vn -0.002035520737990737 0.005287245847284794 -0.008240248076617718 
vn -0.002035520737990737 0.005287245847284794 -0.008240248076617718 
vn -0.002035520737990737 0.005287245847284794 -0.008240248076617718 
vn -0.002035520737990737 0.005287245847284794 -0.008240248076617718 
vn -0.002035520737990737 0.005287245847284794 -0.008240248076617718 
vn -0.002035520737990737 0.005287245847284794 -0.008240248076617718 
vn -0.002035520737990737 0.005287245847284794 -0.008240248076617718 
vn -0.008231851272284985 0.00539805181324482 0.0017600180581212044 
vn -0.008231851272284985 0.00539805181324482 0.0017600180581212044 
vn -0.008231851272284985 0.00539805181324482 0.0017600180581212044 
vn -0.008231851272284985 0.00539805181324482 0.0017600180581212044 
vn 0.001962285954505205 0.005471407901495695 0.008137145079672337 
vn 0.001962285954505205 0.005471407901495695 0.008137145079672337 
vn 0.001962285954505205 0.005471407901495695 0.008137145079672337 
vn 0.001962285954505205 0.005471407901495695 0.008137145079672337 
vn 0.008135121315717697 0.005398051347583532 -0.002163526602089405 
vn 0.008135121315717697 0.005398051347583532 -0.002163526602089405 
vn 0.008135121315717697 0.005398051347583532 -0.002163526602089405 
vn 0.008135121315717697 0.005398051347583532 -0.002163526602089405 
vn -0.008231851272284985 0.00539805181324482 0.0017600180581212044 
vn -0.008231851272284985 0.00539805181324482 0.0017600180581212044 
vn -0.008231851272284985 0.00539805181324482 0.0017600180581212044 
vn -0.008231851272284985 0.00539805181324482 0.0017600180581212044 
vn 0.001962285954505205 0.005471407901495695 0.008137145079672337 
vn 0.001962285954505205 0.005471407901495695 0.008137145079672337 
vn 0.001962285954505205 0.005471407901495695 0.008137145079672337 
vn 0.001962285954505205 0.005471407901495695 0.008137145079672337 
vn 0.008135121315717697 0.005398051347583532 -0.002163526602089405 
vn 0.008135121315717697 0.005398051347583532 -0.002163526602089405 
vn 0.008135121315717697 0.005398051347583532 -0.002163526602089405 
vn 0.008135121315717697 0.005398051347583532 -0.002163526602089405 
vn -0.002035520737990737 0.005287245847284794 -0.008240248076617718 
vn -0.002035520737990737 0.005287245847284794 -0.008240248076617718 
vn -0.002035520737990737 0.005287245847284794 -0.008240248076617718 
vn -0.002035520737990737 0.005287245847284794 -0.008240248076617718 
vn -0.008231851272284985 0.00539805181324482 0.0017600180581212044 
vn -0.008231851272284985 0.00539805181324482 0.0017600180581212044 
vn -0.008231851272284985 0.00539805181324482 0.0017600180581212044 
vn -0.008231851272284985 0.00539805181324482 0.0017600180581212044 
vn 0.001962285954505205 0.005471407901495695 0.008137145079672337 
vn 0.001962285954505205 0.005471407901495695 0.008137145079672337 
vn 0.001962285954505205 0.005471407901495695 0.008137145079672337 
vn 0.001962285954505205 0.005471407901495695 0.008137145079672337 
vn 0.008135121315717697 0.005398051347583532 -0.002163526602089405 
vn 0.008135121315717697 0.005398051347583532 -0.002163526602089405 
vn 0.008135121315717697 0.005398051347583532 -0.002163526602089405 
vn 0.008135121315717697 0.005398051347583532 -0.002163526602089405 
vn -0.002035520737990737 0.005287245847284794 -0.008240248076617718 
vn -0.002035520737990737 0.005287245847284794 -0.008240248076617718 
vn -0.002035520737990737 0.005287245847284794 -0.008240248076617718 
vn -0.002035520737990737 0.005287245847284794 -0.008240248076617718 
vn -0.008231851272284985 0.00539805181324482 0.0017600180581212044 
vn -0.008231851272284985 0.00539805181324482 0.0017600180581212044 
vn -0.008231851272284985 0.00539805181324482 0.0017600180581212044 
vn -0.008231851272284985 0.00539805181324482 0.0017600180581212044 
vn 0.001962285954505205 0.005471407901495695 0.008137145079672337 
vn 0.001962285954505205 0.005471407901495695 0.008137145079672337 
vn 0.001962285954505205 0.005471407901495695 0.008137145079672337 
vn 0.001962285954505205 0.005471407901495695 0.008137145079672337 
vn 0.008135121315717697 0.005398051347583532 -0.002163526602089405 
vn 0.008135121315717697 0.005398051347583532 -0.002163526602089405 
vn 0.008135121315717697 0.005398051347583532 -0.002163526602089405 
vn 0.008135121315717697 0.005398051347583532 -0.002163526602089405 
vn -0.002035520737990737 0.005287245847284794 -0.008240248076617718 
vn -0.002035520737990737 0.005287245847284794 -0.008240248076617718 
vn -0.002035520737990737 0.005287245847284794 -0.008240248076617718 
vn -0.002035520737990737 0.005287245847284794 -0.008240248076617718 
vn -0.008231851272284985 0.00539805181324482 0.0017600180581212044 
vn -0.008231851272284985 0.00539805181324482 0.0017600180581212044 
vn -0.008231851272284985 0.00539805181324482 0.0017600180581212044 
vn -0.008231851272284985 0.00539805181324482 0.0017600180581212044 
vn 0.001962285954505205 0.005471407901495695 0.008137145079672337 
vn 0.001962285954505205 0.005471407901495695 0.008137145079672337 
vn 0.001962285954505205 0.005471407901495695 0.008137145079672337 
vn 0.001962285954505205 0.005471407901495695 0.008137145079672337 
vn 0.008135121315717697 0.005398051347583532 -0.002163526602089405 
vn 0.008135121315717697 0.005398051347583532 -0.002163526602089405 
vn 0.008135121315717697 0.005398051347583532 -0.002163526602089405 
vn 0.008135121315717697 0.005398051347583532 -0.002163526602089405 
vn -0.002035520737990737 0.005287245847284794 -0.008240248076617718 
vn -0.002035520737990737 0.005287245847284794 -0.008240248076617718 
vn -0.002035520737990737 0.005287245847284794 -0.008240248076617718 
vn -0.002035520737990737 0.005287245847284794 -0.008240248076617718 
vn -0.008231851272284985 0.00539805181324482 0.0017600180581212044 
vn -0.008231851272284985 0.00539805181324482 0.0017600180581212044 
vn -0.008231851272284985 0.00539805181324482 0.0017600180581212044 
vn -0.008231851272284985 0.00539805181324482 0.0017600180581212044 
vn 0.001962285954505205 0.005471407901495695 0.008137145079672337 
vn 0.001962285954505205 0.005471407901495695 0.008137145079672337 
vn 0.001962285954505205 0.005471407901495695 0.008137145079672337 
vn 0.001962285954505205 0.005471407901495695 0.008137145079672337 
vn 0.008135121315717697 0.005398051347583532 -0.002163526602089405 
vn 0.008135121315717697 0.005398051347583532 -0.002163526602089405 
vn 0.008135121315717697 0.005398051347583532 -0.002163526602089405 
vn 0.008135121315717697 0.005398051347583532 -0.002163526602089405 
vn -0.002035520737990737 0.005287245847284794 -0.008240248076617718 
vn -0.002035520737990737 0.005287245847284794 -0.008240248076617718 
vn -0.002035520737990737 0.005287245847284794 -0.008240248076617718 
vn -0.002035520737990737 0.005287245847284794 -0.008240248076617718 
vn -0.008231851272284985 0.00539805181324482 0.0017600180581212044 
vn -0.008231851272284985 0.00539805181324482 0.0017600180581212044 
vn -0.008231851272284985 0.00539805181324482 0.0017600180581212044 
vn -0.008231851272284985 0.00539805181324482 0.0017600180581212044 
vn 0.001962285954505205 0.005471407901495695 0.008137145079672337 
vn 0.001962285954505205 0.005471407901495695 0.008137145079672337 
vn 0.001962285954505205 0.005471407901495695 0.008137145079672337 
vn 0.001962285954505205 0.005471407901495695 0.008137145079672337 
vn 0.008135121315717697 0.005398051347583532 -0.002163526602089405 
vn 0.008135121315717697 0.005398051347583532 -0.002163526602089405 
vn 0.008135121315717697 0.005398051347583532 -0.002163526602089405 
vn 0.008135121315717697 0.005398051347583532 -0.002163526602089405 
vn -0.002035520737990737 0.005287245847284794 -0.008240248076617718 
vn -0.002035520737990737 0.005287245847284794 -0.008240248076617718 
vn -0.002035520737990737 0.005287245847284794 -0.008240248076617718 
vn -0.002035520737990737 0.005287245847284794 -0.008240248076617718 
vn -0.008231851272284985 0.00539805181324482 0.0017600180581212044 
vn -0.008231851272284985 0.00539805181324482 0.0017600180581212044 
vn -0.008231851272284985 0.00539805181324482 0.0017600180581212044 
vn -0.008231851272284985 0.00539805181324482 0.0017600180581212044 
vn 0.001962285954505205 0.005471407901495695 0.008137145079672337 
vn 0.001962285954505205 0.005471407901495695 0.008137145079672337 
vn 0.001962285954505205 0.005471407901495695 0.008137145079672337 
vn 0.001962285954505205 0.005471407901495695 0.008137145079672337 
vn 0.008135121315717697 0.005398051347583532 -0.002163526602089405 
vn 0.008135121315717697 0.005398051347583532 -0.002163526602089405 
vn 0.008135121315717697 0.005398051347583532 -0.002163526602089405 
vn 0.008135121315717697 0.005398051347583532 -0.002163526602089405 
vn -0.002035520737990737 0.005287245847284794 -0.008240248076617718 
vn -0.002035520737990737 0.005287245847284794 -0.008240248076617718 
vn -0.002035520737990737 0.005287245847284794 -0.008240248076617718 
vn -0.002035520737990737 0.005287245847284794 -0.008240248076617718 
vn -0.008231851272284985 0.00539805181324482 0.0017600180581212044 
vn -0.008231851272284985 0.00539805181324482 0.0017600180581212044 
vn -0.008231851272284985 0.00539805181324482 0.0017600180581212044 
vn -0.008231851272284985 0.00539805181324482 0.0017600180581212044 
vn 0.001962285954505205 0.005471407901495695 0.008137145079672337 
vn 0.001962285954505205 0.005471407901495695 0.008137145079672337 
vn 0.001962285954505205 0.005471407901495695 0.008137145079672337 
vn 0.001962285954505205 0.005471407901495695 0.008137145079672337 
vn 0.008135121315717697 0.005398051347583532 -0.002163526602089405 
vn 0.008135121315717697 0.005398051347583532 -0.002163526602089405 
vn 0.008135121315717697 0.005398051347583532 -0.002163526602089405 
vn 0.008135121315717697 0.005398051347583532 -0.002163526602089405 
vn -0.002035520737990737 0.005287245847284794 -0.008240248076617718 
vn -0.002035520737990737 0.005287245847284794 -0.008240248076617718 
vn -0.002035520737990737 0.005287245847284794 -0.008240248076617718 
vn -0.002035520737990737 0.005287245847284794 -0.008240248076617718 
vn -0.008231851272284985 0.00539805181324482 0.0017600180581212044 
vn -0.008231851272284985 0.00539805181324482 0.0017600180581212044 
vn -0.008231851272284985 0.00539805181324482 0.0017600180581212044 
vn -0.008231851272284985 0.00539805181324482 0.0017600180581212044 
vn 0.001962285954505205 0.005471407901495695 0.008137145079672337 
vn 0.001962285954505205 0.005471407901495695 0.008137145079672337 
vn 0.001962285954505205 0.005471407901495695 0.008137145079672337 
vn 0.001962285954505205 0.005471407901495695 0.008137145079672337 
vn 0.008135121315717697 0.005398051347583532 -0.002163526602089405 
vn 0.008135121315717697 0.005398051347583532 -0.002163526602089405 
vn 0.008135121315717697 0.005398051347583532 -0.002163526602089405 
vn 0.008135121315717697 0.005398051347583532 -0.002163526602089405 
vn -0.002035520737990737 0.005287245847284794 -0.008240248076617718 
vn -0.002035520737990737 0.005287245847284794 -0.008240248076617718 
vn -0.002035520737990737 0.005287245847284794 -0.008240248076617718 
vn -0.002035520737990737 0.005287245847284794 -0.008240248076617718 
vn -0.008231851272284985 0.00539805181324482 0.0017600180581212044 
vn -0.008231851272284985 0.00539805181324482 0.0017600180581212044 
vn -0.008231851272284985 0.00539805181324482 0.0017600180581212044 
vn -0.008231851272284985 0.00539805181324482 0.0017600180581212044 
vn 0.001962285954505205 0.005471407901495695 0.008137145079672337 
vn 0.001962285954505205 0.005471407901495695 0.008137145079672337 
vn 0.001962285954505205 0.005471407901495695 0.008137145079672337 
vn 0.001962285954505205 0.005471407901495695 0.008137145079672337 
vn 0.008135121315717697 0.005398051347583532 -0.002163526602089405 
vn 0.008135121315717697 0.005398051347583532 -0.002163526602089405 
vn 0.008135121315717697 0.005398051347583532 -0.002163526602089405 
vn 0.008135121315717697 0.005398051347583532 -0.002163526602089405 
vn -0.002035520737990737 0.005287245847284794 -0.008240248076617718 
vn -0.002035520737990737 0.005287245847284794 -0.008240248076617718 
vn -0.002035520737990737 0.005287245847284794 -0.008240248076617718 
vn -0.002035520737990737 0.005287245847284794 -0.008240248076617718 
vn -0.008231851272284985 0.00539805181324482 0.0017600180581212044 
vn -0.008231851272284985 0.00539805181324482 0.0017600180581212044 
vn -0.008231851272284985 0.00539805181324482 0.0017600180581212044 
vn -0.008231851272284985 0.00539805181324482 0.0017600180581212044 
vn 0.001962285954505205 0.005471407901495695 0.008137145079672337 
vn 0.001962285954505205 0.005471407901495695 0.008137145079672337 
vn 0.001962285954505205 0.005471407901495695 0.008137145079672337 
vn 0.001962285954505205 0.005471407901495695 0.008137145079672337 
vn 0.008135121315717697 0.005398051347583532 -0.002163526602089405 
vn 0.008135121315717697 0.005398051347583532 -0.002163526602089405 
vn 0.008135121315717697 0.005398051347583532 -0.002163526602089405 
vn 0.008135121315717697 0.005398051347583532 -0.002163526602089405 
vn -0.002035520737990737 0.005287245847284794 -0.008240248076617718 
vn -0.002035520737990737 0.005287245847284794 -0.008240248076617718 
vn -0.002035520737990737 0.005287245847284794 -0.008240248076617718 
vn -0.002035520737990737 0.005287245847284794 -0.008240248076617718 
vn -0.008231851272284985 0.00539805181324482 0.0017600180581212044 
vn -0.008231851272284985 0.00539805181324482 0.0017600180581212044 
vn -0.008231851272284985 0.00539805181324482 0.0017600180581212044 
vn -0.008231851272284985 0.00539805181324482 0.0017600180581212044 
vn 0.001962285954505205 0.005471407901495695 0.008137145079672337 
vn 0.001962285954505205 0.005471407901495695 0.008137145079672337 
vn 0.001962285954505205 0.005471407901495695 0.008137145079672337 
vn 0.001962285954505205 0.005471407901495695 0.008137145079672337 
vn 0.008135121315717697 0.005398051347583532 -0.002163526602089405 
vn 0.008135121315717697 0.005398051347583532 -0.002163526602089405 
vn 0.008135121315717697 0.005398051347583532 -0.002163526602089405 
vn 0.008135121315717697 0.005398051347583532 -0.002163526602089405 
vn -0.002035520737990737 0.005287245847284794 -0.008240248076617718 
vn -0.002035520737990737 0.005287245847284794 -0.008240248076617718 
vn -0.002035520737990737 0.005287245847284794 -0.008240248076617718 
vn -0.002035520737990737 0.005287245847284794 -0.008240248076617718 
vn -0.008231851272284985 0.00539805181324482 0.0017600180581212044 
vn -0.008231851272284985 0.00539805181324482 0.0017600180581212044 
vn -0.008231851272284985 0.00539805181324482 0.0017600180581212044 
vn -0.008231851272284985 0.00539805181324482 0.0017600180581212044 
vn 0.001962285954505205 0.005471407901495695 0.008137145079672337 
vn 0.001962285954505205 0.005471407901495695 0.008137145079672337 
vn 0.001962285954505205 0.005471407901495695 0.008137145079672337 
vn 0.001962285954505205 0.005471407901495695 0.008137145079672337 
vn 0.008135121315717697 0.005398051347583532 -0.002163526602089405 
vn 0.008135121315717697 0.005398051347583532 -0.002163526602089405 
vn 0.008135121315717697 0.005398051347583532 -0.002163526602089405 
vn 0.008135121315717697 0.005398051347583532 -0.002163526602089405 
vn -0.002035520737990737 0.005287245847284794 -0.008240248076617718 
vn -0.002035520737990737 0.005287245847284794 -0.008240248076617718 
vn -0.002035520737990737 0.005287245847284794 -0.008240248076617718 
vn -0.002035520737990737 0.005287245847284794 -0.008240248076617718 
vn -0.008231851272284985 0.00539805181324482 0.0017600180581212044 
vn -0.008231851272284985 0.00539805181324482 0.0017600180581212044 
vn -0.008231851272284985 0.00539805181324482 0.0017600180581212044 
vn -0.008231851272284985 0.00539805181324482 0.0017600180581212044 
vn 0.001962285954505205 0.005471407901495695 0.008137145079672337 
vn 0.001962285954505205 0.005471407901495695 0.008137145079672337 
vn 0.001962285954505205 0.005471407901495695 0.008137145079672337 
vn 0.001962285954505205 0.005471407901495695 0.008137145079672337 
vn 0.008135121315717697 0.005398051347583532 -0.002163526602089405 
vn 0.008135121315717697 0.005398051347583532 -0.002163526602089405 
vn 0.008135121315717697 0.005398051347583532 -0.002163526602089405 
vn 0.008135121315717697 0.005398051347583532 -0.002163526602089405 
vn -0.002035520737990737 0.005287245847284794 -0.008240248076617718 
vn -0.002035520737990737 0.005287245847284794 -0.008240248076617718 
vn -0.002035520737990737 0.005287245847284794 -0.008240248076617718 
vn -0.002035520737990737 0.005287245847284794 -0.008240248076617718 
vn -0.008231851272284985 0.00539805181324482 0.0017600180581212044 
vn -0.008231851272284985 0.00539805181324482 0.0017600180581212044 
vn -0.008231851272284985 0.00539805181324482 0.0017600180581212044 
vn -0.008231851272284985 0.00539805181324482 0.0017600180581212044 
vn 0.001962285954505205 0.005471407901495695 0.008137145079672337 
vn 0.001962285954505205 0.005471407901495695 0.008137145079672337 
vn 0.001962285954505205 0.005471407901495695 0.008137145079672337 
vn 0.001962285954505205 0.005471407901495695 0.008137145079672337 
vn 0.008135121315717697 0.005398051347583532 -0.002163526602089405 
vn 0.008135121315717697 0.005398051347583532 -0.002163526602089405 
vn 0.008135121315717697 0.005398051347583532 -0.002163526602089405 
vn 0.008135121315717697 0.005398051347583532 -0.002163526602089405 
vn -0.002035520737990737 0.005287245847284794 -0.008240248076617718 
vn -0.002035520737990737 0.005287245847284794 -0.008240248076617718 
vn -0.002035520737990737 0.005287245847284794 -0.008240248076617718 
vn -0.002035520737990737 0.005287245847284794 -0.008240248076617718 
vn -0.008231851272284985 0.00539805181324482 0.0017600180581212044 
vn -0.008231851272284985 0.00539805181324482 0.0017600180581212044 
vn -0.008231851272284985 0.00539805181324482 0.0017600180581212044 
vn -0.008231851272284985 0.00539805181324482 0.0017600180581212044 
vn 0.001962285954505205 0.005471407901495695 0.008137145079672337 
vn 0.001962285954505205 0.005471407901495695 0.008137145079672337 
vn 0.001962285954505205 0.005471407901495695 0.008137145079672337 
vn 0.001962285954505205 0.005471407901495695 0.008137145079672337 
vn 0.008135121315717697 0.005398051347583532 -0.002163526602089405 
vn 0.008135121315717697 0.005398051347583532 -0.002163526602089405 
vn 0.008135121315717697 0.005398051347583532 -0.002163526602089405 
vn 0.008135121315717697 0.005398051347583532 -0.002163526602089405 
vn -0.002035520737990737 0.005287245847284794 -0.008240248076617718 
vn -0.002035520737990737 0.005287245847284794 -0.008240248076617718 
vn -0.002035520737990737 0.005287245847284794 -0.008240248076617718 
vn -0.002035520737990737 0.005287245847284794 -0.008240248076617718 
vn -0.008231851272284985 0.00539805181324482 0.0017600180581212044 
vn -0.008231851272284985 0.00539805181324482 0.0017600180581212044 
vn -0.008231851272284985 0.00539805181324482 0.0017600180581212044 
vn -0.008231851272284985 0.00539805181324482 0.0017600180581212044 
vn 0.001962285954505205 0.005471407901495695 0.008137145079672337 
vn 0.001962285954505205 0.005471407901495695 0.008137145079672337 
vn 0.001962285954505205 0.005471407901495695 0.008137145079672337 
vn 0.001962285954505205 0.005471407901495695 0.008137145079672337 
vn 0.008135121315717697 0.005398051347583532 -0.002163526602089405 
vn 0.008135121315717697 0.005398051347583532 -0.002163526602089405 
vn 0.008135121315717697 0.005398051347583532 -0.002163526602089405 
vn 0.008135121315717697 0.005398051347583532 -0.002163526602089405 
vn -0.002035520737990737 0.005287245847284794 -0.008240248076617718 
vn -0.002035520737990737 0.005287245847284794 -0.008240248076617718 
vn -0.002035520737990737 0.005287245847284794 -0.008240248076617718 
vn -0.002035520737990737 0.005287245847284794 -0.008240248076617718 
vn -0.008231851272284985 0.00539805181324482 0.0017600180581212044 
vn -0.008231851272284985 0.00539805181324482 0.0017600180581212044 
vn -0.008231851272284985 0.00539805181324482 0.0017600180581212044 
vn -0.008231851272284985 0.00539805181324482 0.0017600180581212044 
vn 0.001962285954505205 0.005471407901495695 0.008137145079672337 
vn 0.001962285954505205 0.005471407901495695 0.008137145079672337 
vn 0.001962285954505205 0.005471407901495695 0.008137145079672337 
vn 0.001962285954505205 0.005471407901495695 0.008137145079672337 
vn 0.008135121315717697 0.005398051347583532 -0.002163526602089405 
vn 0.008135121315717697 0.005398051347583532 -0.002163526602089405 
vn 0.008135121315717697 0.005398051347583532 -0.002163526602089405 
vn 0.008135121315717697 0.005398051347583532 -0.002163526602089405 
vn -0.002035520737990737 0.005287245847284794 -0.008240248076617718 
vn -0.002035520737990737 0.005287245847284794 -0.008240248076617718 
vn -0.002035520737990737 0.005287245847284794 -0.008240248076617718 
vn -0.002035520737990737 0.005287245847284794 -0.008240248076617718 
vn -0.008231851272284985 0.00539805181324482 0.0017600180581212044 
vn -0.008231851272284985 0.00539805181324482 0.0017600180581212044 
vn -0.008231851272284985 0.00539805181324482 0.0017600180581212044 
vn -0.008231851272284985 0.00539805181324482 0.0017600180581212044 
vn 0.001962285954505205 0.005471407901495695 0.008137145079672337 
vn 0.001962285954505205 0.005471407901495695 0.008137145079672337 
vn 0.001962285954505205 0.005471407901495695 0.008137145079672337 
vn 0.001962285954505205 0.005471407901495695 0.008137145079672337 
vn 0.008135121315717697 0.005398051347583532 -0.002163526602089405 
vn 0.008135121315717697 0.005398051347583532 -0.002163526602089405 
vn 0.008135121315717697 0.005398051347583532 -0.002163526602089405 
vn 0.008135121315717697 0.005398051347583532 -0.002163526602089405 
vn -0.002035520737990737 0.005287245847284794 -0.008240248076617718 
vn -0.002035520737990737 0.005287245847284794 -0.008240248076617718 
vn -0.002035520737990737 0.005287245847284794 -0.008240248076617718 
vn -0.002035520737990737 0.005287245847284794 -0.008240248076617718 
vn -0.008231851272284985 0.00539805181324482 0.0017600180581212044 
vn -0.008231851272284985 0.00539805181324482 0.0017600180581212044 
vn -0.008231851272284985 0.00539805181324482 0.0017600180581212044 
vn -0.008231851272284985 0.00539805181324482 0.0017600180581212044 
vn 0.001962285954505205 0.005471407901495695 0.008137145079672337 
vn 0.001962285954505205 0.005471407901495695 0.008137145079672337 
vn 0.001962285954505205 0.005471407901495695 0.008137145079672337 
vn 0.001962285954505205 0.005471407901495695 0.008137145079672337 
vn 0.008135121315717697 0.005398051347583532 -0.002163526602089405 
vn 0.008135121315717697 0.005398051347583532 -0.002163526602089405 
vn 0.008135121315717697 0.005398051347583532 -0.002163526602089405 
vn 0.008135121315717697 0.005398051347583532 -0.002163526602089405 
vn -0.002035520737990737 0.005287245847284794 -0.008240248076617718 
vn -0.002035520737990737 0.005287245847284794 -0.008240248076617718 
vn -0.002035520737990737 0.005287245847284794 -0.008240248076617718 
vn -0.002035520737990737 0.005287245847284794 -0.008240248076617718 
vn -0.008231851272284985 0.00539805181324482 0.0017600180581212044 
vn -0.008231851272284985 0.00539805181324482 0.0017600180581212044 
vn -0.008231851272284985 0.00539805181324482 0.0017600180581212044 
vn -0.008231851272284985 0.00539805181324482 0.0017600180581212044 
vn 0.001962285954505205 0.005471407901495695 0.008137145079672337 
vn 0.001962285954505205 0.005471407901495695 0.008137145079672337 
vn 0.001962285954505205 0.005471407901495695 0.008137145079672337 
vn 0.001962285954505205 0.005471407901495695 0.008137145079672337 
vn 0.008135121315717697 0.005398051347583532 -0.002163526602089405 
vn 0.008135121315717697 0.005398051347583532 -0.002163526602089405 
vn 0.008135121315717697 0.005398051347583532 -0.002163526602089405 
vn 0.008135121315717697 0.005398051347583532 -0.002163526602089405 
vn -0.002035520737990737 0.005287245847284794 -0.008240248076617718 
vn -0.002035520737990737 0.005287245847284794 -0.008240248076617718 
vn -0.002035520737990737 0.005287245847284794 -0.008240248076617718 
vn -0.002035520737990737 0.005287245847284794 -0.008240248076617718 
vn -0.008231851272284985 0.00539805181324482 0.0017600180581212044 
vn -0.008231851272284985 0.00539805181324482 0.0017600180581212044 
vn -0.008231851272284985 0.00539805181324482 0.0017600180581212044 
vn -0.008231851272284985 0.00539805181324482 0.0017600180581212044 
vn 0.001962285954505205 0.005471407901495695 0.008137145079672337 
vn 0.001962285954505205 0.005471407901495695 0.008137145079672337 
vn 0.001962285954505205 0.005471407901495695 0.008137145079672337 
vn 0.001962285954505205 0.005471407901495695 0.008137145079672337 
vn 0.008135121315717697 0.005398051347583532 -0.002163526602089405 
vn 0.008135121315717697 0.005398051347583532 -0.002163526602089405 
vn 0.008135121315717697 0.005398051347583532 -0.002163526602089405 
vn 0.008135121315717697 0.005398051347583532 -0.002163526602089405 
vn -0.002035520737990737 0.005287245847284794 -0.008240248076617718 
vn -0.002035520737990737 0.005287245847284794 -0.008240248076617718 
vn -0.002035520737990737 0.005287245847284794 -0.008240248076617718 
vn -0.002035520737990737 0.005287245847284794 -0.008240248076617718 
vn -0.008231851272284985 0.00539805181324482 0.0017600180581212044 
vn -0.008231851272284985 0.00539805181324482 0.0017600180581212044 
vn -0.008231851272284985 0.00539805181324482 0.0017600180581212044 
vn -0.008231851272284985 0.00539805181324482 0.0017600180581212044 
vn 0.001962285954505205 0.005471407901495695 0.008137145079672337 
vn 0.001962285954505205 0.005471407901495695 0.008137145079672337 
vn 0.001962285954505205 0.005471407901495695 0.008137145079672337 
vn 0.001962285954505205 0.005471407901495695 0.008137145079672337 
vn 0.008135121315717697 0.005398051347583532 -0.002163526602089405 
vn 0.008135121315717697 0.005398051347583532 -0.002163526602089405 
vn 0.008135121315717697 0.005398051347583532 -0.002163526602089405 
vn 0.008135121315717697 0.005398051347583532 -0.002163526602089405 
vn -0.002035520737990737 0.005287245847284794 -0.008240248076617718 
vn -0.002035520737990737 0.005287245847284794 -0.008240248076617718 
vn -0.002035520737990737 0.005287245847284794 -0.008240248076617718 
vn -0.002035520737990737 0.005287245847284794 -0.008240248076617718 
vn -0.008231851272284985 0.00539805181324482 0.0017600180581212044 
vn -0.008231851272284985 0.00539805181324482 0.0017600180581212044 
vn -0.008231851272284985 0.00539805181324482 0.0017600180581212044 
vn -0.008231851272284985 0.00539805181324482 0.0017600180581212044 
vn 0.001962285954505205 0.005471407901495695 0.008137145079672337 
vn 0.001962285954505205 0.005471407901495695 0.008137145079672337 
vn 0.001962285954505205 0.005471407901495695 0.008137145079672337 
vn 0.001962285954505205 0.005471407901495695 0.008137145079672337 
vn 0.008135121315717697 0.005398051347583532 -0.002163526602089405 
vn 0.008135121315717697 0.005398051347583532 -0.002163526602089405 
vn 0.008135121315717697 0.005398051347583532 -0.002163526602089405 
vn 0.008135121315717697 0.005398051347583532 -0.002163526602089405 
vn -0.002035520737990737 0.005287245847284794 -0.008240248076617718 
vn -0.002035520737990737 0.005287245847284794 -0.008240248076617718 
vn -0.002035520737990737 0.005287245847284794 -0.008240248076617718 
vn -0.002035520737990737 0.005287245847284794 -0.008240248076617718 
vn 0.001962285954505205 0.005471407901495695 0.008137145079672337 
vn 0.001962285954505205 0.005471407901495695 0.008137145079672337 
vn 0.001962285954505205 0.005471407901495695 0.008137145079672337 
vn 0.001962285954505205 0.005471407901495695 0.008137145079672337 
vn 0.008135121315717697 0.005398051347583532 -0.002163526602089405 
vn 0.008135121315717697 0.005398051347583532 -0.002163526602089405 
vn 0.008135121315717697 0.005398051347583532 -0.002163526602089405 
vn 0.008135121315717697 0.005398051347583532 -0.002163526602089405 
vn -0.002035520737990737 0.005287245847284794 -0.008240248076617718 
vn -0.002035520737990737 0.005287245847284794 -0.008240248076617718 
vn -0.002035520737990737 0.005287245847284794 -0.008240248076617718 
vn -0.002035520737990737 0.005287245847284794 -0.008240248076617718 
vn 0.001962285954505205 0.005471407901495695 0.008137145079672337 
vn 0.001962285954505205 0.005471407901495695 0.008137145079672337 
vn 0.001962285954505205 0.005471407901495695 0.008137145079672337 
vn 0.001962285954505205 0.005471407901495695 0.008137145079672337 
vn -0.002035520737990737 0.005287245847284794 -0.008240248076617718 
vn -0.002035520737990737 0.005287245847284794 -0.008240248076617718 
vn -0.002035520737990737 0.005287245847284794 -0.008240248076617718 
vn -0.002035520737990737 0.005287245847284794 -0.008240248076617718 
vn 0.001962285954505205 0.005471407901495695 0.008137145079672337 
vn 0.001962285954505205 0.005471407901495695 0.008137145079672337 
vn 0.001962285954505205 0.005471407901495695 0.008137145079672337 
vn 0.001962285954505205 0.005471407901495695 0.008137145079672337 
vn -0.002035520737990737 0.005287245847284794 -0.008240248076617718 
vn -0.002035520737990737 0.005287245847284794 -0.008240248076617718 
vn -0.002035520737990737 0.005287245847284794 -0.008240248076617718 
vn -0.002035520737990737 0.005287245847284794 -0.008240248076617718 
vn -0.008231851272284985 0.00539805181324482 0.0017600180581212044 
vn -0.008231851272284985 0.00539805181324482 0.0017600180581212044 
vn -0.008231851272284985 0.00539805181324482 0.0017600180581212044 
vn -0.008231851272284985 0.00539805181324482 0.0017600180581212044 
vn 0.001962285954505205 0.005471407901495695 0.008137145079672337 
vn 0.001962285954505205 0.005471407901495695 0.008137145079672337 
vn 0.001962285954505205 0.005471407901495695 0.008137145079672337 
vn 0.001962285954505205 0.005471407901495695 0.008137145079672337 
vn -0.002035520737990737 0.005287245847284794 -0.008240248076617718 
vn -0.002035520737990737 0.005287245847284794 -0.008240248076617718 
vn -0.002035520737990737 0.005287245847284794 -0.008240248076617718 
vn -0.002035520737990737 0.005287245847284794 -0.008240248076617718 
vn -0.008231851272284985 0.00539805181324482 0.0017600180581212044 
vn -0.008231851272284985 0.00539805181324482 0.0017600180581212044 
vn -0.008231851272284985 0.00539805181324482 0.0017600180581212044 
vn -0.008231851272284985 0.00539805181324482 0.0017600180581212044 
vn 0.001962285954505205 0.005471407901495695 0.008137145079672337 
vn 0.001962285954505205 0.005471407901495695 0.008137145079672337 
vn 0.001962285954505205 0.005471407901495695 0.008137145079672337 
vn 0.001962285954505205 0.005471407901495695 0.008137145079672337 
vn 0.008135121315717697 0.005398051347583532 -0.002163526602089405 
vn 0.008135121315717697 0.005398051347583532 -0.002163526602089405 
vn 0.008135121315717697 0.005398051347583532 -0.002163526602089405 
vn 0.008135121315717697 0.005398051347583532 -0.002163526602089405 
vn -0.002035520737990737 0.005287245847284794 -0.008240248076617718 
vn -0.002035520737990737 0.005287245847284794 -0.008240248076617718 
vn -0.002035520737990737 0.005287245847284794 -0.008240248076617718 
vn -0.002035520737990737 0.005287245847284794 -0.008240248076617718 
vn -0.008231851272284985 0.00539805181324482 0.0017600180581212044 
vn -0.008231851272284985 0.00539805181324482 0.0017600180581212044 
vn -0.008231851272284985 0.00539805181324482 0.0017600180581212044 
vn -0.008231851272284985 0.00539805181324482 0.0017600180581212044 
vn 0.001962285954505205 0.005471407901495695 0.008137145079672337 
vn 0.001962285954505205 0.005471407901495695 0.008137145079672337 
vn 0.001962285954505205 0.005471407901495695 0.008137145079672337 
vn 0.001962285954505205 0.005471407901495695 0.008137145079672337 
vn 0.008135121315717697 0.005398051347583532 -0.002163526602089405 
vn 0.008135121315717697 0.005398051347583532 -0.002163526602089405 
vn 0.008135121315717697 0.005398051347583532 -0.002163526602089405 
vn 0.008135121315717697 0.005398051347583532 -0.002163526602089405 
vn -0.002035520737990737 0.005287245847284794 -0.008240248076617718 
vn -0.002035520737990737 0.005287245847284794 -0.008240248076617718 
vn -0.002035520737990737 0.005287245847284794 -0.008240248076617718 
vn -0.002035520737990737 0.005287245847284794 -0.008240248076617718 
vn -0.008231851272284985 0.00539805181324482 0.0017600180581212044 
vn -0.008231851272284985 0.00539805181324482 0.0017600180581212044 
vn -0.008231851272284985 0.00539805181324482 0.0017600180581212044 
vn -0.008231851272284985 0.00539805181324482 0.0017600180581212044 
vn 0.001962285954505205 0.005471407901495695 0.008137145079672337 
vn 0.001962285954505205 0.005471407901495695 0.008137145079672337 
vn 0.001962285954505205 0.005471407901495695 0.008137145079672337 
vn 0.001962285954505205 0.005471407901495695 0.008137145079672337 
vn 0.008135121315717697 0.005398051347583532 -0.002163526602089405 
vn 0.008135121315717697 0.005398051347583532 -0.002163526602089405 
vn 0.008135121315717697 0.005398051347583532 -0.002163526602089405 
vn 0.008135121315717697 0.005398051347583532 -0.002163526602089405 
vn -0.0019032885320484638 0.006077497731894255 -0.007709832396358252 
vn -0.0019032885320484638 0.006077497731894255 -0.007709832396358252 
vn -0.0019032885320484638 0.006077497731894255 -0.007709832396358252 
vn -0.0019032885320484638 0.006077497731894255 -0.007709832396358252 
vn -0.007694346364587545 0.006181069649755955 0.0016097855987027287 
vn -0.007694346364587545 0.006181069649755955 0.0016097855987027287 
vn -0.007694346364587545 0.006181069649755955 0.0016097855987027287 
vn -0.007694346364587545 0.006181069649755955 0.0016097855987027287 
vn 0.001867328304797411 0.006283579394221306 0.007551801856607199 
vn 0.001867328304797411 0.006283579394221306 0.007551801856607199 
vn 0.001867328304797411 0.006283579394221306 0.007551801856607199 
vn 0.001867328304797411 0.006283579394221306 0.007551801856607199 
vn 0.007579085882753134 0.0061810691840946674 -0.002086108084768057 
vn 0.007579085882753134 0.0061810691840946674 -0.002086108084768057 
vn 0.007579085882753134 0.0061810691840946674 -0.002086108084768057 
vn 0.007579085882753134 0.0061810691840946674 -0.002086108084768057 
vn -0.0019032885320484638 0.006077497731894255 -0.007709832396358252 
vn -0.0019032885320484638 0.006077497731894255 -0.007709832396358252 
vn -0.0019032885320484638 0.006077497731894255 -0.007709832396358252 
vn -0.0019032885320484638 0.006077497731894255 -0.007709832396358252 
vn -0.007694346364587545 0.006181069649755955 0.0016097855987027287 
vn -0.007694346364587545 0.006181069649755955 0.0016097855987027287 
vn -0.007694346364587545 0.006181069649755955 0.0016097855987027287 
vn -0.007694346364587545 0.006181069649755955 0.0016097855987027287 
vn 0.001867328304797411 0.006283579394221306 0.007551801856607199 
vn 0.001867328304797411 0.006283579394221306 0.007551801856607199 
vn 0.001867328304797411 0.006283579394221306 0.007551801856607199 
vn 0.001867328304797411 0.006283579394221306 0.007551801856607199 
vn 0.007579085882753134 0.0061810691840946674 -0.002086108084768057 
vn 0.007579085882753134 0.0061810691840946674 -0.002086108084768057 
vn 0.007579085882753134 0.0061810691840946674 -0.002086108084768057 
vn 0.007579085882753134 0.0061810691840946674 -0.002086108084768057 
vn -0.0019032885320484638 0.006077497731894255 -0.007709832396358252 
vn -0.0019032885320484638 0.006077497731894255 -0.007709832396358252 
vn -0.0019032885320484638 0.006077497731894255 -0.007709832396358252 
vn -0.0019032885320484638 0.006077497731894255 -0.007709832396358252 
vn -0.007694346364587545 0.006181069649755955 0.0016097855987027287 
vn -0.007694346364587545 0.006181069649755955 0.0016097855987027287 
vn -0.007694346364587545 0.006181069649755955 0.0016097855987027287 
vn -0.007694346364587545 0.006181069649755955 0.0016097855987027287 
vn 0.001867328304797411 0.006283579394221306 0.007551801856607199 
vn 0.001867328304797411 0.006283579394221306 0.007551801856607199 
vn 0.001867328304797411 0.006283579394221306 0.007551801856607199 
vn 0.001867328304797411 0.006283579394221306 0.007551801856607199 
vn 0.007579085882753134 0.0061810691840946674 -0.002086108084768057 
vn 0.007579085882753134 0.0061810691840946674 -0.002086108084768057 
vn 0.007579085882753134 0.0061810691840946674 -0.002086108084768057 
vn 0.007579085882753134 0.0061810691840946674 -0.002086108084768057 
vn -0.0019032885320484638 0.006077497731894255 -0.007709832396358252 
vn -0.0019032885320484638 0.006077497731894255 -0.007709832396358252 
vn -0.0019032885320484638 0.006077497731894255 -0.007709832396358252 
vn -0.0019032885320484638 0.006077497731894255 -0.007709832396358252 
vn -0.007694346364587545 0.006181069649755955 0.0016097855987027287 
vn -0.007694346364587545 0.006181069649755955 0.0016097855987027287 
vn -0.007694346364587545 0.006181069649755955 0.0016097855987027287 
vn -0.007694346364587545 0.006181069649755955 0.0016097855987027287 
vn 0.001867328304797411 0.006283579394221306 0.007551801856607199 
vn 0.001867328304797411 0.006283579394221306 0.007551801856607199 
vn 0.001867328304797411 0.006283579394221306 0.007551801856607199 
vn 0.001867328304797411 0.006283579394221306 0.007551801856607199 
vn 0.007579085882753134 0.0061810691840946674 -0.002086108084768057 
vn 0.007579085882753134 0.0061810691840946674 -0.002086108084768057 
vn 0.007579085882753134 0.0061810691840946674 -0.002086108084768057 
vn 0.007579085882753134 0.0061810691840946674 -0.002086108084768057 
vn -0.0019032885320484638 0.006077497731894255 -0.007709832396358252 
vn -0.0019032885320484638 0.006077497731894255 -0.007709832396358252 
vn -0.0019032885320484638 0.006077497731894255 -0.007709832396358252 
vn -0.0019032885320484638 0.006077497731894255 -0.007709832396358252 
vn -0.007694346364587545 0.006181069649755955 0.0016097855987027287 
vn -0.007694346364587545 0.006181069649755955 0.0016097855987027287 
vn -0.007694346364587545 0.006181069649755955 0.0016097855987027287 
vn -0.007694346364587545 0.006181069649755955 0.0016097855987027287 
vn 0.001867328304797411 0.006283579394221306 0.007551801856607199 
vn 0.001867328304797411 0.006283579394221306 0.007551801856607199 
vn 0.001867328304797411 0.006283579394221306 0.007551801856607199 
vn 0.001867328304797411 0.006283579394221306 0.007551801856607199 
vn 0.007579085882753134 0.0061810691840946674 -0.002086108084768057 
vn 0.007579085882753134 0.0061810691840946674 -0.002086108084768057 
vn 0.007579085882753134 0.0061810691840946674 -0.002086108084768057 
vn 0.007579085882753134 0.0061810691840946674 -0.002086108084768057 
vn -0.0019032885320484638 0.006077497731894255 -0.007709832396358252 
vn -0.0019032885320484638 0.006077497731894255 -0.007709832396358252 
vn -0.0019032885320484638 0.006077497731894255 -0.007709832396358252 
vn -0.0019032885320484638 0.006077497731894255 -0.007709832396358252 
vn -0.007694346364587545 0.006181069649755955 0.0016097855987027287 
vn -0.007694346364587545 0.006181069649755955 0.0016097855987027287 
vn -0.007694346364587545 0.006181069649755955 0.0016097855987027287 
vn -0.007694346364587545 0.006181069649755955 0.0016097855987027287 
vn 0.001867328304797411 0.006283579394221306 0.007551801856607199 
vn 0.001867328304797411 0.006283579394221306 0.007551801856607199 
vn 0.001867328304797411 0.006283579394221306 0.007551801856607199 
vn 0.001867328304797411 0.006283579394221306 0.007551801856607199 
vn 0.007579085882753134 0.0061810691840946674 -0.002086108084768057 
vn 0.007579085882753134 0.0061810691840946674 -0.002086108084768057 
vn 0.007579085882753134 0.0061810691840946674 -0.002086108084768057 
vn 0.007579085882753134 0.0061810691840946674 -0.002086108084768057 
vn -0.0019032885320484638 0.006077497731894255 -0.007709832396358252 
vn -0.0019032885320484638 0.006077497731894255 -0.007709832396358252 
vn -0.0019032885320484638 0.006077497731894255 -0.007709832396358252 
vn -0.0019032885320484638 0.006077497731894255 -0.007709832396358252 
vn -0.007694346364587545 0.006181069649755955 0.0016097855987027287 
vn -0.007694346364587545 0.006181069649755955 0.0016097855987027287 
vn -0.007694346364587545 0.006181069649755955 0.0016097855987027287 
vn -0.007694346364587545 0.006181069649755955 0.0016097855987027287 
vn 0.001867328304797411 0.006283579394221306 0.007551801856607199 
vn 0.001867328304797411 0.006283579394221306 0.007551801856607199 
vn 0.001867328304797411 0.006283579394221306 0.007551801856607199 
vn 0.001867328304797411 0.006283579394221306 0.007551801856607199 
vn 0.007579085882753134 0.0061810691840946674 -0.002086108084768057 
vn 0.007579085882753134 0.0061810691840946674 -0.002086108084768057 
vn 0.007579085882753134 0.0061810691840946674 -0.002086108084768057 
vn 0.007579085882753134 0.0061810691840946674 -0.002086108084768057 
vn -0.0019032885320484638 0.006077497731894255 -0.007709832396358252 
vn -0.0019032885320484638 0.006077497731894255 -0.007709832396358252 
vn -0.0019032885320484638 0.006077497731894255 -0.007709832396358252 
vn -0.0019032885320484638 0.006077497731894255 -0.007709832396358252 
vn -0.007694346364587545 0.006181069649755955 0.0016097855987027287 
vn -0.007694346364587545 0.006181069649755955 0.0016097855987027287 
vn -0.007694346364587545 0.006181069649755955 0.0016097855987027287 
vn -0.007694346364587545 0.006181069649755955 0.0016097855987027287 
vn 0.001867328304797411 0.006283579394221306 0.007551801856607199 
vn 0.001867328304797411 0.006283579394221306 0.007551801856607199 
vn 0.001867328304797411 0.006283579394221306 0.007551801856607199 
vn 0.001867328304797411 0.006283579394221306 0.007551801856607199 
vn 0.007579085882753134 0.0061810691840946674 -0.002086108084768057 
vn 0.007579085882753134 0.0061810691840946674 -0.002086108084768057 
vn 0.007579085882753134 0.0061810691840946674 -0.002086108084768057 
vn 0.007579085882753134 0.0061810691840946674 -0.002086108084768057 
vn -0.0019032885320484638 0.006077497731894255 -0.007709832396358252 
vn -0.0019032885320484638 0.006077497731894255 -0.007709832396358252 
vn -0.0019032885320484638 0.006077497731894255 -0.007709832396358252 
vn -0.0019032885320484638 0.006077497731894255 -0.007709832396358252 
vn -0.007694346364587545 0.006181069649755955 0.0016097855987027287 
vn -0.007694346364587545 0.006181069649755955 0.0016097855987027287 
vn -0.007694346364587545 0.006181069649755955 0.0016097855987027287 
vn -0.007694346364587545 0.006181069649755955 0.0016097855987027287 
vn 0.001867328304797411 0.006283579394221306 0.007551801856607199 
vn 0.001867328304797411 0.006283579394221306 0.007551801856607199 
vn 0.001867328304797411 0.006283579394221306 0.007551801856607199 
vn 0.001867328304797411 0.006283579394221306 0.007551801856607199 
vn 0.007579085882753134 0.0061810691840946674 -0.002086108084768057 
vn 0.007579085882753134 0.0061810691840946674 -0.002086108084768057 
vn 0.007579085882753134 0.0061810691840946674 -0.002086108084768057 
vn 0.007579085882753134 0.0061810691840946674 -0.002086108084768057 
vn -0.0019032885320484638 0.006077497731894255 -0.007709832396358252 
vn -0.0019032885320484638 0.006077497731894255 -0.007709832396358252 
vn -0.0019032885320484638 0.006077497731894255 -0.007709832396358252 
vn -0.0019032885320484638 0.006077497731894255 -0.007709832396358252 
vn -0.007694346364587545 0.006181069649755955 0.0016097855987027287 
vn -0.007694346364587545 0.006181069649755955 0.0016097855987027287 
vn -0.007694346364587545 0.006181069649755955 0.0016097855987027287 
vn -0.007694346364587545 0.006181069649755955 0.0016097855987027287 
vn 0.001867328304797411 0.006283579394221306 0.007551801856607199 
vn 0.001867328304797411 0.006283579394221306 0.007551801856607199 
vn 0.001867328304797411 0.006283579394221306 0.007551801856607199 
vn 0.001867328304797411 0.006283579394221306 0.007551801856607199 
vn 0.007579085882753134 0.0061810691840946674 -0.002086108084768057 
vn 0.007579085882753134 0.0061810691840946674 -0.002086108084768057 
vn 0.007579085882753134 0.0061810691840946674 -0.002086108084768057 
vn 0.007579085882753134 0.0061810691840946674 -0.002086108084768057 
vn -0.0019032885320484638 0.006077497731894255 -0.007709832396358252 
vn -0.0019032885320484638 0.006077497731894255 -0.007709832396358252 
vn -0.0019032885320484638 0.006077497731894255 -0.007709832396358252 
vn -0.0019032885320484638 0.006077497731894255 -0.007709832396358252 
vn -0.007694346364587545 0.006181069649755955 0.0016097855987027287 
vn -0.007694346364587545 0.006181069649755955 0.0016097855987027287 
vn -0.007694346364587545 0.006181069649755955 0.0016097855987027287 
vn -0.007694346364587545 0.006181069649755955 0.0016097855987027287 
vn 0.001867328304797411 0.006283579394221306 0.007551801856607199 
vn 0.001867328304797411 0.006283579394221306 0.007551801856607199 
vn 0.001867328304797411 0.006283579394221306 0.007551801856607199 
vn 0.001867328304797411 0.006283579394221306 0.007551801856607199 
vn 0.007579085882753134 0.0061810691840946674 -0.002086108084768057 
vn 0.007579085882753134 0.0061810691840946674 -0.002086108084768057 
vn 0.007579085882753134 0.0061810691840946674 -0.002086108084768057 
vn 0.007579085882753134 0.0061810691840946674 -0.002086108084768057 
vn -0.0019032885320484638 0.006077497731894255 -0.007709832396358252 
vn -0.0019032885320484638 0.006077497731894255 -0.007709832396358252 
vn -0.0019032885320484638 0.006077497731894255 -0.007709832396358252 
vn -0.0019032885320484638 0.006077497731894255 -0.007709832396358252 
vn -0.007694346364587545 0.006181069649755955 0.0016097855987027287 
vn -0.007694346364587545 0.006181069649755955 0.0016097855987027287 
vn -0.007694346364587545 0.006181069649755955 0.0016097855987027287 
vn -0.007694346364587545 0.006181069649755955 0.0016097855987027287 
vn 0.001867328304797411 0.006283579394221306 0.007551801856607199 
vn 0.001867328304797411 0.006283579394221306 0.007551801856607199 
vn 0.001867328304797411 0.006283579394221306 0.007551801856607199 
vn 0.001867328304797411 0.006283579394221306 0.007551801856607199 
vn 0.007579085882753134 0.0061810691840946674 -0.002086108084768057 
vn 0.007579085882753134 0.0061810691840946674 -0.002086108084768057 
vn 0.007579085882753134 0.0061810691840946674 -0.002086108084768057 
vn 0.007579085882753134 0.0061810691840946674 -0.002086108084768057 
vn 0 0.009999999776482582 -1.629209989140179e-9 
vn 0 0.009999999776482582 -1.629209989140179e-9 
vn 0 0.009999999776482582 -1.629209989140179e-9 
vn 0 0.009999999776482582 -1.629209989140179e-9 
vn 0 0.009999999776482582 -1.629209989140179e-9 
vn 0 0.009999999776482582 -1.629209989140179e-9 
vn 0 0.009999999776482582 -1.629209989140179e-9 
vn 0 0.009999999776482582 -1.629209989140179e-9 
vn 0 0.009999999776482582 -1.629209989140179e-9 
vn 0 0.009999999776482582 -1.629209989140179e-9 
vn 0 0.009999999776482582 -1.629209989140179e-9 
vn 0 0.009999999776482582 -1.629209989140179e-9 
vn 0 0.009999999776482582 -1.629209989140179e-9 
vn 0 0.009999999776482582 -1.629209989140179e-9 
vn 0 0.009999999776482582 -1.629209989140179e-9 
vn 0 0.009999999776482582 -1.629209989140179e-9 
vn 0 0.009999999776482582 -1.629209989140179e-9 
vn 0 0.009999999776482582 -1.629209989140179e-9 
vn 0 0.009999999776482582 -1.629209989140179e-9 
vn 0 0.009999999776482582 -1.629209989140179e-9 
vn -0.0002494990185368806 0.0009815309895202518 0.00994858704507351 
vn -0.005511407274752855 0.00002184756704082247 0.008344097062945366 
vn -0.0005506027955561876 0.00019661072292365134 0.009982896037399769 
vn -0.0035815287847071886 -0.0009380374103784561 0.009289390407502651 
vn 0.00020105241856072098 0.002188681624829769 0.009755474515259266 
vn -0.0020368252880871296 -0.004092630464583635 0.008893916383385658 
vn -0.002561137080192566 -0.00002184621371270623 0.009666443802416325 
vn -0.002561137080192566 0.000021847668904229067 0.009666443802416325 
vn 0.006149563007056713 0.000021847543393960223 0.007885584607720375 
vn 0.00508686201646924 0.005652955267578363 0.006493686698377132 
vn 0.007885584607720375 0.00002184648474212736 -0.006149563007056713 
vn 0.006356788333505392 0.00593778258189559 -0.004932951182126999 
vn 0.005204459652304649 -0.002948545152321458 0.008013720624148846 
vn -0.0009946019854396582 -0.004211876541376114 0.00901503674685955 
vn 0.006140509620308876 -0.0030319346114993095 0.007287081331014633 
vn 0.00005955626693321392 -0.004290973301976919 0.009032388217747211 
vn 0.006970950402319431 -0.0030735426116734743 0.006477593909949064 
vn 0.0011702002957463264 -0.00436974223703146 0.008918296545743942 
vn 0.007587467785924673 -0.0031565818935632706 0.005697926040738821 
vn 0.002135171554982662 -0.00436974223703146 0.00873764418065548 
vn 0.0028799010906368494 0.0003276464412920177 0.009570728987455368 
vn 0.004061597399413586 -0.0013287225738167763 0.00904090516269207 
vn 0.005815139040350914 0.004949462600052357 0.006456547882407904 
vn 0.006837964523583651 0.000021847499738214538 0.007296698167920113 
vn 0.002314855344593525 -0.0014585241442546248 0.009618429467082024 
vn 0.006837964523583651 0.000021847499738214538 0.007296698167920113 
vn 0.002809043973684311 0.000021847668904229067 0.009597335010766983 
vn 0.002809043973684311 0.000021847668904229067 0.009597335010766983 
vn 0.002809043973684311 -0.00002184621371270623 0.009597335010766983 
vn 0.0024447368923574686 -0.000021846206436748616 0.0096965366974473 
vn 0.0013330059591680765 0.00002184769073210191 0.009910734370350838 
vn 0.00012867974874097854 0.00002184769618907012 0.009999150410294533 
vn -0.0010775228729471564 0.00002184769073210191 0.009941755793988705 
vn -0.0021943978499621153 -0.000021846206436748616 0.00975623819977045 
vn -0.0014811352593824267 0.007185975089669228 0.006794705521315336 
vn 0.0015160752227529883 0.006969945039600134 -0.007008666638284922 
vn 0.0008105351589620113 0.006938546430319548 -0.00715539138764143 
vn -0.0007574782357551157 0.007216291967779398 0.006881233770400286 
vn 0.00008948748291004449 0.007185975089669228 0.006953687872737646 
vn 0.0008969468181021512 0.007216291967779398 0.006864446680992842 
vn 0.0016554988687857985 0.007185975089669228 0.006754340138286352 
vn -0.0048877340741455555 0.005652955267578363 0.006644861306995153 
vn -0.005944599863141775 0.000021847543393960223 0.008041225373744965 
vn -0.005944599863141775 0.000021847543393960223 0.008041225373744965 
vn -0.008041225373744965 0.00002184648474212736 -0.005944599863141775 
vn -0.008041225373744965 0.00002184648474212736 -0.005944599863141775 
vn -0.006481627002358437 0.00593778258189559 -0.004767732694745064 
vn -0.001695933286100626 0.006969945039600134 -0.006967330817133188 
vn -0.0009944026824086905 0.006938546430319548 -0.0071321637369692326 
vn -0.00009266444249078631 0.006938546430319548 -0.0072005558758974075 
vn 0.0063751377165317535 -0.0059377835132181644 -0.004909213166683912 
vn 0.0015583038330078125 -0.0069699459709227085 -0.006999397184699774 
vn 0.005048333667218685 -0.0056529538705945015 0.006523685064166784 
vn -0.001523385988548398 -0.007185974158346653 0.006785358767956495 
vn -0.0007401737384498119 -0.007216291036456823 0.0068831173703074455 
vn 0.0007557209464721382 -0.006938547361642122 -0.007161386776715517 
vn 0.00012728125147987157 -0.007185974158346653 0.006953100208193064 
vn -0.00007378165901172906 -0.006938547361642122 -0.00720077333971858 
vn 0.0009170579141937196 -0.007216291036456823 0.006861790549010038 
vn -0.0009771928889676929 -0.006938547361642122 -0.007134540937840939 
vn 0.0020296466536819935 -0.006969945039600134 0.006877530831843615 
vn -0.0014979515690356493 -0.006938547361642122 -0.007043629884719849 
vn -0.006173149682581425 -0.006317509338259697 -0.004688424523919821 
vn -0.004813436418771744 -0.005724822171032429 0.0066375648602843285 
vn -0.008041225373744965 0.00002184648474212736 -0.005944599863141775 
vn -0.005944599863141775 0.000021847543393960223 0.008041225373744965 
vn 0.002809043973684311 0.000021847668904229067 0.009597335010766983 
vn 0.002809043973684311 0.000021847668904229067 0.009597335010766983 
vn 0.0024447368923574686 0.00002184767618018668 0.0096965366974473 
vn 0.0013330059591680765 0.00002184769073210191 0.009910734370350838 
vn 0.00012867974874097854 0.00002184769618907012 0.009999150410294533 
vn -0.0010775228729471564 0.00002184769073210191 0.009941755793988705 
vn -0.0021943978499621153 0.00002184767618018668 0.00975623819977045 
vn -0.002561137080192566 0.000021847668904229067 0.009666443802416325 
vn -0.002561137080192566 0.000021847668904229067 0.009666443802416325 
vn 0.006149563007056713 0.000021847543393960223 0.007885584607720375 
vn -0.002561137080192566 0.000021847668904229067 0.009666443802416325 
vn 0.006149563007056713 0.000021847543393960223 0.007885584607720375 
vn 0.007885584607720375 0.00002184648474212736 -0.006149563007056713 
vn 0.007885584607720375 0.00002184648474212736 -0.006149563007056713 
vn -0.005511407274752855 0.00002184756704082247 0.008344097062945366 
vn -0.005511407274752855 0.00002184756704082247 0.008344097062945366 
vn -0.0002494990185368806 0.0009815309895202518 0.00994858704507351 
vn -0.004486320074647665 -0.005175534635782242 0.007286068983376026 
vn -0.0035815287847071886 0.000938038807362318 0.009289390407502651 
vn -0.00047509814612567425 -0.0002839715452864766 0.00998467206954956 
vn -0.001978850457817316 0.004092631861567497 0.008906994946300983 
vn -0.0029796238522976637 -0.0026128010358661413 0.00918123871088028 
vn -0.00099460210185498 0.004211877938359976 0.00901503674685955 
vn -0.0013434127904474735 -0.0024860515259206295 0.009592436254024506 
vn 0.0001162313055829145 0.004290974698960781 0.009031835943460464 
vn 0.001224887790158391 0.004369743634015322 0.0089109493419528 
vn 0.002021247986704111 0.004448178689926863 0.008725153282284737 
vn -0.005980389192700386 0.003031935542821884 0.00741905253380537 
vn -0.0050412742421031 0.003073543542996049 0.0080708684399724 
vn 0.0022006419021636248 -0.002528349868953228 0.009421499446034431 
vn 0.003925682045519352 0.0012854048982262611 0.009106963872909546 
vn 0.002680966630578041 -0.0005459017702378333 0.009618443436920643 
vn 0.006837964523583651 0.000021847499738214538 0.007296698167920113 
vn 0.002314855344593525 -0.0014585241442546248 0.009618429467082024 
vn -0.002809043973684311 -0.000021847668904229067 -0.009597335010766983 
vn -0.0024447368923574686 -0.00002184767618018668 -0.0096965366974473 
vn -0.002809043973684311 0.00002184621371270623 -0.009597335010766983 
vn -0.0024447368923574686 0.000021846206436748616 -0.0096965366974473 
vn -0.002809043973684311 0.00002184621371270623 -0.009597335010766983 
vn -0.0024447368923574686 0.000021846206436748616 -0.0096965366974473 
vn -0.002809043973684311 0.00002184621371270623 -0.009597335010766983 
vn -0.006173149682581425 -0.006317509338259697 -0.004688424523919821 
vn -0.0014979515690356493 -0.006938547361642122 -0.007043629884719849 
vn -0.0024447368923574686 0.000021846206436748616 -0.0096965366974473 
vn -0.0009771928889676929 -0.006938547361642122 -0.007134540937840939 
vn -0.0013330059591680765 0.000021846191884833388 -0.009910734370350838 
vn -0.00007378165901172906 -0.006938547361642122 -0.00720077333971858 
vn -0.00012867974874097854 0.000021846186427865177 -0.009999150410294533 
vn 0.0007557209464721382 -0.006938547361642122 -0.007161386776715517 
vn 0.0010775228729471564 0.000021846191884833388 -0.009941755793988705 
vn 0.0015583038330078125 -0.0069699459709227085 -0.006999397184699774 
vn 0.0021943978499621153 0.000021846206436748616 -0.00975623819977045 
vn 0.0063751377165317535 -0.0059377835132181644 -0.004909213166683912 
vn 0.002561137080192566 0.00002184621371270623 -0.009666443802416325 
vn 0.007885584607720375 0.00002184648474212736 -0.006149563007056713 
vn 0.002561137080192566 0.00002184621371270623 -0.009666443802416325 
vn -0.008041225373744965 0.00002184648474212736 -0.005944599863141775 
vn 0.007885584607720375 0.00002184648474212736 -0.006149563007056713 
vn 0.002561137080192566 0.00002184621371270623 -0.009666443802416325 
vn 0.0021943978499621153 0.000021846206436748616 -0.00975623819977045 
vn 0.006356788333505392 0.00593778258189559 -0.004932951182126999 
vn 0.002561137080192566 0.00002184621371270623 -0.009666443802416325 
vn 0.0021943978499621153 0.000021846206436748616 -0.00975623819977045 
vn 0.0010775228729471564 -0.00002184769073210191 -0.009941755793988705 
vn -0.0026884060353040695 0.003156581660732627 -0.009099917486310005 
vn -0.00009266444249078631 0.006938546430319548 -0.0072005558758974075 
vn 0.0024533395189791918 0.003156581660732627 -0.00916608702391386 
vn 0.002401743084192276 -0.003156583057716489 -0.009179741144180298 
vn -0.0013330059591680765 -0.00002184769073210191 -0.009910734370350838 
vn -0.0013330059591680765 -0.00002184769073210191 -0.009910734370350838 
vn -0.0013330059591680765 0.000021846191884833388 -0.009910734370350838 
vn -0.001695933286100626 0.006969945039600134 -0.006967330817133188 
vn -0.006481627002358437 0.00593778258189559 -0.004767732694745064 
vn -0.008041225373744965 0.00002184648474212736 -0.005944599863141775 
vn 0.0015160752227529883 0.006969945039600134 -0.007008666638284922 
vn -0.0009944026824086905 0.006938546430319548 -0.0071321637369692326 
vn -0.00012867974874097854 0.000021846186427865177 -0.009999150410294533 
vn -0.00012867974874097854 0.000021846186427865177 -0.009999150410294533 
vn -0.00009266444249078631 0.006938546430319548 -0.0072005558758974075 
vn 0.0010775228729471564 0.000021846191884833388 -0.009941755793988705 
vn 0.0008105351589620113 0.006938546430319548 -0.00715539138764143 
vn 0.0021943978499621153 0.000021846206436748616 -0.00975623819977045 
vn 0.0010775228729471564 0.000021846191884833388 -0.009941755793988705 
vn -0.00012867974874097854 -0.00002184769618907012 -0.009999150410294533 
vn -0.00007378165901172906 -0.006938547361642122 -0.00720077333971858 
vn -0.000051691094995476305 -0.007185975089669228 -0.006954072043299675 
vn 0.005540653597563505 -0.005760593805462122 -0.006009720265865326 
vn 0.005520072765648365 0.005760592874139547 -0.0060286312364041805 
vn -0.00008948749746195972 0.007185974158346653 -0.006953688804060221 
vn -0.0006568422541022301 -0.00002184769618907012 -0.009978382848203182 
vn -0.0006568422541022301 0.00002184618824685458 -0.009978382848203182 
vn -0.00012867974874097854 0.000021846186427865177 -0.009999150410294533 
vn 0.0003998423053417355 0.00002184618824685458 -0.009991981089115143 
vn -0.0056934719905257225 -0.005760593805462122 -0.005865147802978754 
vn -0.002673450391739607 -0.003156583057716489 -0.009104322642087936 
vn -0.00012867974874097854 -0.00002184769618907012 -0.009999150410294533 
vn -0.005700470879673958 0.005760592874139547 -0.005858346354216337 
vn 0.0003998423053417355 -0.00002184769618907012 -0.009991981089115143 
vn -0.006726981606334448 0.00002184637742175255 -0.007399141322821379 
vn -0.00858517736196518 0.00002184654658776708 -0.005127796903252602 
vn -0.006726981606334448 0.00002184637742175255 -0.007399141322821379 
vn -0.00858517736196518 0.00002184654658776708 -0.005127796903252602 
vn -0.004704473074525595 0.007482877466827631 -0.00467701768502593 
vn -0.005450827535241842 0.007737894542515278 -0.0032269933726638556 
vn -0.009980359114706516 0.00002184688491979614 -0.0006260958034545183 
vn -0.006453421898186207 0.007626008242368698 -0.0004442534118425101 
vn -0.0076676285825669765 0.00002184645018132869 -0.006419271230697632 
vn -0.0063362582586705685 0.005616857670247555 -0.005320034921169281 
vn 0.002386587206274271 0.006317508406937122 -0.0073751830495893955 
vn 0.0031401095911860466 0.00002184622826462146 -0.009494170546531677 
vn -0.0077158864587545395 0.0000218464538193075 -0.00636118371039629 
vn 0.0031401095911860466 0.00002184622826462146 -0.009494170546531677 
vn -0.00012867974874097854 0.000021846186427865177 -0.009999150410294533 
vn -0.00012867974874097854 0.000021846186427865177 -0.009999150410294533 
vn -0.003383391536772251 0.00002184622826462146 -0.009410219267010689 
vn -0.003383391536772251 0.00002184622826462146 -0.009410219267010689 
vn 0.007499896455556154 0.00002184645018132869 -0.0066144634038209915 
vn 0.00617219740524888 0.005616857670247555 -0.0055095297284424305 
vn -0.0025755888782441616 0.006317508406937122 -0.007311324123293161 
vn -0.00004460272612050176 0.00870002806186676 -0.00493026664480567 
vn -0.009980359114706516 0.00002184688491979614 -0.0006260958034545183 
vn 0.007549633271992207 0.0000218464538193075 -0.0065576364286243916 
vn -0.001821077661588788 0.005867243278771639 0.007890447042882442 
vn -0.00007474380981875584 0.009896226227283478 0.0014349623816087842 
vn 0.000034809861972462386 0.009919826872646809 0.0012632556026801467 
vn 0.00000786663167673396 0.00998129602521658 0.0006112821283750236 
vn 0.0001138255829573609 0.008059240877628326 0.005919096991419792 
vn 0.0024783704429864883 0.005902569741010666 0.007682276889681816 
vn 0.0001688082847977057 0.009883292019367218 0.001513950526714325 
vn -0.00796751119196415 0.005212872754782438 0.0030569196678698063 
vn 0.00005457557927002199 0.009908405132591724 0.0013492695288732648 
vn -0.004704473074525595 0.007482877466827631 -0.00467701768502593 
vn 0.0001622856070753187 0.009945066645741463 0.001034075627103448 
vn -0.005450827535241842 0.007737894542515278 -0.0032269933726638556 
vn 0.000035676563129527494 0.009999904781579971 0.00002522481190680992 
vn -0.006453421898186207 0.007626008242368698 -0.0004442534118425101 
vn -0.000016280710042337887 0.00999961793422699 -0.00008585750765632838 
vn -0.0063362582586705685 0.005616857670247555 -0.005320034921169281 
vn -0.000056630815379321575 0.009996564127504826 -0.0002559439744800329 
vn 0.002386587206274271 0.006317508406937122 -0.0073751830495893955 
vn -0.000056630815379321575 0.009996564127504826 -0.0002559439744800329 
vn -0.00004460272612050176 0.00870002806186676 -0.00493026664480567 
vn -0.0000016867220438143704 0.009999141097068787 -0.00013106792175676674 
vn -0.000014035747881280258 0.009999904781579971 -0.000041378832975169644 
vn -9.71507249647452e-12 0.009999999776482582 -7.549166292086795e-10 
vn -0.00013562108506448567 0.009945066645741463 0.0010379094164818525 
vn 0.008148548193275928 0.005250110290944576 0.0024571390822529793 
vn 0.00004271590296411887 0.00999961793422699 -0.0000762358758947812 
vn 0.005365979392081499 0.007737894542515278 -0.003366195596754551 
vn 0.0064361863769590855 0.007626008242368698 -0.0006477023125626147 
vn 0.000014521861885441467 0.009996564127504826 -0.0002617317368276417 
vn 0.00617219740524888 0.005616857670247555 -0.0055095297284424305 
vn 0.004555234219878912 0.007482877466827631 -0.004822488874197006 
vn -0.0025755888782441616 0.006317508406937122 -0.007311324123293161 
vn 0.00008459753007628024 0.009996564127504826 -0.0002481080882716924 
vn 0.00617219740524888 0.005616857670247555 -0.0055095297284424305 
vn 0.00617219740524888 0.005616857670247555 -0.0055095297284424305 
vn 0.0064361863769590855 0.007626008242368698 -0.0006477023125626147 
vn 0.009960941970348358 0.00002184688491979614 -0.0008827217970974743 
vn 0.008450375869870186 0.00002184654658776708 -0.005347028374671936 
vn 0.005365979392081499 0.007737894542515278 -0.003366195596754551 
vn 0.00647699274122715 0.00002184637196478434 -0.00761893205344677 
vn 0.004555234219878912 0.007482877466827631 -0.004822488874197006 
vn 0.008148548193275928 0.005250110290944576 0.0024571390822529793 
vn 0.009605943225324154 0.000021847161406185478 0.002779461210593581 
vn 0.00647699274122715 0.00002184637196478434 -0.00761893205344677 
vn 0.008450375869870186 0.00002184654658776708 -0.005347028374671936 
vn 0.009960941970348358 0.00002184688491979614 -0.0008827217970974743 
vn 0.007499896455556154 0.00002184645018132869 -0.0066144634038209915 
vn 0.007549633271992207 0.0000218464538193075 -0.0065576364286243916 
vn 0.009584680199623108 0.00002184716686315369 0.002851924393326044 
vn -0.0024148502852767706 0.000021847672542207874 0.009704023599624634 
vn -0.0024148502852767706 0.000021847672542207874 0.009704023599624634 
vn 0.00020418800704646856 0.00002184769618907012 0.009997893124818802 
vn 0.00020418800704646856 0.00002184769618907012 0.009997893124818802 
vn -0.001821077661588788 0.005867243278771639 0.007890447042882442 
vn 0.0001138255829573609 0.008059240877628326 0.005919096991419792 
vn 0.0031693463679403067 0.000021847661628271453 0.009484450332820415 
vn 0.0024783704429864883 0.005902569741010666 0.007682276889681816 
vn -0.009331157431006432 0.00002184720324294176 0.0035957004874944687 
vn -0.00796751119196415 0.005212872754782438 0.0030569196678698063 
vn -0.009303737431764603 0.00002184720869990997 0.0036660651676356792 
vn 0.0031693463679403067 0.000021847661628271453 0.009484450332820415 
vn -0.005829181522130966 0.005796253681182861 -0.005694217514246702 
vn -9.71507249647452e-12 0.009999999776482582 -7.549166292086795e-10 
vn -0.00007183325215009972 0.007094201631844044 -0.007047493942081928 
vn -9.71507249647452e-12 0.009999999776482582 -7.549166292086795e-10 
vn -0.007078202906996012 0.007063339464366436 0.00009108934318646789 
vn -0.0071614570915699005 0.00002184640834457241 -0.006979476660490036 
vn -0.009999150410294533 0.00002184694130846765 0.00012867974874097854 
vn -0.0071614570915699005 0.00002184640834457241 -0.006979476660490036 
vn -0.009999150410294533 0.00002184694130846765 0.00012867974874097854 
vn -0.0071614570915699005 0.00002184640834457241 -0.006979476660490036 
vn -0.009999150410294533 0.00002184694130846765 0.00012867974874097854 
vn -0.00012867974874097854 0.000021846186427865177 -0.009999150410294533 
vn -0.00012867974874097854 0.000021846186427865177 -0.009999150410294533 
vn -0.00012867974874097854 0.000021846186427865177 -0.009999150410294533 
vn -0.00012867974874097854 0.000021846186427865177 -0.009999150410294533 
vn -0.00012867974874097854 0.000021846186427865177 -0.009999150410294533 
vn 0.006979476660490036 0.00002184640834457241 -0.0071614570915699005 
vn 0.006979476660490036 0.00002184640834457241 -0.0071614570915699005 
vn 0.009999150410294533 0.00002184694130846765 -0.00012867974874097854 
vn 0.009999150410294533 0.00002184694130846765 -0.00012867974874097854 
vn 0.006979476660490036 0.00002184640834457241 -0.0071614570915699005 
vn 0.009999150410294533 0.00002184694130846765 -0.00012867974874097854 
vn 0.005707687232643366 0.005796253681182861 -0.005815993063151836 
vn 0.007078202906996012 0.007063339464366436 -0.00009109041275223717 
vn -0.00007183325215009972 0.007094201631844044 -0.007047493942081928 
vn -0.00012867974874097854 0.000021846186427865177 -0.009999150410294533 
vn -0.005711840000003576 0.005760593805462122 0.005847261752933264 
vn -0.006979476660490036 -0.00002184640834457241 0.0071614570915699005 
vn -0.009999150410294533 0.00002184694130846765 0.00012867974874097854 
vn -0.009999150410294533 0.00002184694130846765 0.00012867974874097854 
vn -0.007078202906996012 0.007063339464366436 0.00009108934318646789 
vn 0.00005339921699487604 0.007063339930027723 0.007078587543219328 
vn -9.71507249647452e-12 0.009999999776482582 -7.549166292086795e-10 
vn 0.00005339921699487604 0.007063339930027723 0.007078587543219328 
vn -9.71507249647452e-12 0.009999999776482582 -7.549166292086795e-10 
vn 0.005834071431308985 0.005760593805462122 0.005725311581045389 
vn 0.007078202906996012 0.007063339464366436 -0.00009109041275223717 
vn 0.0071614570915699005 -0.00002184640834457241 0.006979476660490036 
vn 0.009999150410294533 0.00002184694130846765 -0.00012867974874097854 
vn 0.0071614570915699005 -0.00002184640834457241 0.006979476660490036 
vn 0.009999150410294533 0.00002184694130846765 -0.00012867974874097854 
vn 0.0071614570915699005 -0.00002184640834457241 0.006979476660490036 
vn 0.009999150410294533 0.00002184694130846765 -0.00012867974874097854 
vn 0.00012867974874097854 -0.000021846186427865177 0.009999150410294533 
vn 0.00313962553627789 -0.003031934378668666 0.008997230790555477 
vn 0.003122463822364807 0.0029902698006480932 0.009017124772071838 
vn -0.002889384049922228 0.0029902698006480932 0.009094491600990295 
vn -0.006979476660490036 -0.00002184640834457241 0.0071614570915699005 
vn -0.009999150410294533 0.00002184694130846765 0.00012867974874097854 
vn -0.006979476660490036 -0.00002184640834457241 0.0071614570915699005 
vn -0.002871077274903655 -0.003031934378668666 0.009086491540074348 
vn 0.00012867974874097854 -0.000021846186427865177 0.009999150410294533 
vn -0.005673934705555439 -0.005796253681182861 0.005848925095051527 
vn -0.005711840000003576 0.005760593805462122 0.005847261752933264 
vn 0.005834071431308985 0.005760593805462122 0.005725311581045389 
vn 0.005822571460157633 -0.005796253681182861 0.005700976122170687 
vn -0.0002494990185368806 0.0009815309895202518 0.00994858704507351 
vn -0.005511407274752855 0.00002184756704082247 0.008344097062945366 
vn -0.0005506027955561876 0.00019661072292365134 0.009982896037399769 
vn -0.0035815287847071886 -0.0009380374103784561 0.009289390407502651 
vn 0.00020105241856072098 0.002188681624829769 0.009755474515259266 
vn -0.0020368252880871296 -0.004092630464583635 0.008893916383385658 
vn -0.002561137080192566 -0.00002184621371270623 0.009666443802416325 
vn -0.002561137080192566 0.000021847668904229067 0.009666443802416325 
vn 0.006149563007056713 0.000021847543393960223 0.007885584607720375 
vn 0.00508686201646924 0.005652955267578363 0.006493686698377132 
vn 0.007885584607720375 0.00002184648474212736 -0.006149563007056713 
vn 0.006356788333505392 0.00593778258189559 -0.004932951182126999 
vn 0.005204459652304649 -0.002948545152321458 0.008013720624148846 
vn -0.0009946019854396582 -0.004211876541376114 0.00901503674685955 
vn 0.006140509620308876 -0.0030319346114993095 0.007287081331014633 
vn 0.00005955626693321392 -0.004290973301976919 0.009032388217747211 
vn 0.006970950402319431 -0.0030735426116734743 0.006477593909949064 
vn 0.0011702002957463264 -0.00436974223703146 0.008918296545743942 
vn 0.007587467785924673 -0.0031565818935632706 0.005697926040738821 
vn 0.002135171554982662 -0.00436974223703146 0.00873764418065548 
vn 0.0028799010906368494 0.0003276464412920177 0.009570728987455368 
vn 0.004061597399413586 -0.0013287225738167763 0.00904090516269207 
vn 0.005815139040350914 0.004949462600052357 0.006456547882407904 
vn 0.006837964523583651 0.000021847499738214538 0.007296698167920113 
vn 0.002314855344593525 -0.0014585241442546248 0.009618429467082024 
vn 0.006837964523583651 0.000021847499738214538 0.007296698167920113 
vn 0.002809043973684311 0.000021847668904229067 0.009597335010766983 
vn 0.002809043973684311 0.000021847668904229067 0.009597335010766983 
vn 0.002809043973684311 -0.00002184621371270623 0.009597335010766983 
vn 0.0024447368923574686 -0.000021846206436748616 0.0096965366974473 
vn 0.0013330059591680765 0.00002184769073210191 0.009910734370350838 
vn 0.00012867974874097854 0.00002184769618907012 0.009999150410294533 
vn -0.0010775228729471564 0.00002184769073210191 0.009941755793988705 
vn -0.0021943978499621153 -0.000021846206436748616 0.00975623819977045 
vn -0.0014811352593824267 0.007185975089669228 0.006794705521315336 
vn 0.0015160752227529883 0.006969945039600134 -0.007008666638284922 
vn 0.0008105351589620113 0.006938546430319548 -0.00715539138764143 
vn -0.0007574782357551157 0.007216291967779398 0.006881233770400286 
vn 0.00008948748291004449 0.007185975089669228 0.006953687872737646 
vn 0.0008969468181021512 0.007216291967779398 0.006864446680992842 
vn 0.0016554988687857985 0.007185975089669228 0.006754340138286352 
vn -0.0048877340741455555 0.005652955267578363 0.006644861306995153 
vn -0.005944599863141775 0.000021847543393960223 0.008041225373744965 
vn -0.005944599863141775 0.000021847543393960223 0.008041225373744965 
vn -0.008041225373744965 0.00002184648474212736 -0.005944599863141775 
vn -0.008041225373744965 0.00002184648474212736 -0.005944599863141775 
vn -0.006481627002358437 0.00593778258189559 -0.004767732694745064 
vn -0.001695933286100626 0.006969945039600134 -0.006967330817133188 
vn -0.0009944026824086905 0.006938546430319548 -0.0071321637369692326 
vn -0.00009266444249078631 0.006938546430319548 -0.0072005558758974075 
vn 0.0063751377165317535 -0.0059377835132181644 -0.004909213166683912 
vn 0.0015583038330078125 -0.0069699459709227085 -0.006999397184699774 
vn 0.005048333667218685 -0.0056529538705945015 0.006523685064166784 
vn -0.001523385988548398 -0.007185974158346653 0.006785358767956495 
vn -0.0007401737384498119 -0.007216291036456823 0.0068831173703074455 
vn 0.0007557209464721382 -0.006938547361642122 -0.007161386776715517 
vn 0.00012728125147987157 -0.007185974158346653 0.006953100208193064 
vn -0.00007378165901172906 -0.006938547361642122 -0.00720077333971858 
vn 0.0009170579141937196 -0.007216291036456823 0.006861790549010038 
vn -0.0009771928889676929 -0.006938547361642122 -0.007134540937840939 
vn 0.0020296466536819935 -0.006969945039600134 0.006877530831843615 
vn -0.0014979515690356493 -0.006938547361642122 -0.007043629884719849 
vn -0.006173149682581425 -0.006317509338259697 -0.004688424523919821 
vn -0.004813436418771744 -0.005724822171032429 0.0066375648602843285 
vn -0.008041225373744965 0.00002184648474212736 -0.005944599863141775 
vn -0.005944599863141775 0.000021847543393960223 0.008041225373744965 
vn 0.002809043973684311 0.000021847668904229067 0.009597335010766983 
vn 0.002809043973684311 0.000021847668904229067 0.009597335010766983 
vn 0.0024447368923574686 0.00002184767618018668 0.0096965366974473 
vn 0.0013330059591680765 0.00002184769073210191 0.009910734370350838 
vn 0.00012867974874097854 0.00002184769618907012 0.009999150410294533 
vn -0.0010775228729471564 0.00002184769073210191 0.009941755793988705 
vn -0.0021943978499621153 0.00002184767618018668 0.00975623819977045 
vn -0.002561137080192566 0.000021847668904229067 0.009666443802416325 
vn -0.002561137080192566 0.000021847668904229067 0.009666443802416325 
vn 0.006149563007056713 0.000021847543393960223 0.007885584607720375 
vn -0.002561137080192566 0.000021847668904229067 0.009666443802416325 
vn 0.006149563007056713 0.000021847543393960223 0.007885584607720375 
vn 0.007885584607720375 0.00002184648474212736 -0.006149563007056713 
vn 0.007885584607720375 0.00002184648474212736 -0.006149563007056713 
vn -0.005511407274752855 0.00002184756704082247 0.008344097062945366 
vn -0.005511407274752855 0.00002184756704082247 0.008344097062945366 
vn -0.0002494990185368806 0.0009815309895202518 0.00994858704507351 
vn -0.004486320074647665 -0.005175534635782242 0.007286068983376026 
vn -0.0035815287847071886 0.000938038807362318 0.009289390407502651 
vn -0.00047509814612567425 -0.0002839715452864766 0.00998467206954956 
vn -0.001978850457817316 0.004092631861567497 0.008906994946300983 
vn -0.0029796238522976637 -0.0026128010358661413 0.00918123871088028 
vn -0.00099460210185498 0.004211877938359976 0.00901503674685955 
vn -0.0013434127904474735 -0.0024860515259206295 0.009592436254024506 
vn 0.0001162313055829145 0.004290974698960781 0.009031835943460464 
vn 0.001224887790158391 0.004369743634015322 0.0089109493419528 
vn 0.002021247986704111 0.004448178689926863 0.008725153282284737 
vn -0.005980389192700386 0.003031935542821884 0.00741905253380537 
vn -0.0050412742421031 0.003073543542996049 0.0080708684399724 
vn 0.0022006419021636248 -0.002528349868953228 0.009421499446034431 
vn 0.003925682045519352 0.0012854048982262611 0.009106963872909546 
vn 0.002680966630578041 -0.0005459017702378333 0.009618443436920643 
vn 0.006837964523583651 0.000021847499738214538 0.007296698167920113 
vn 0.002314855344593525 -0.0014585241442546248 0.009618429467082024 
vn -0.002809043973684311 -0.000021847668904229067 -0.009597335010766983 
vn -0.0024447368923574686 -0.00002184767618018668 -0.0096965366974473 
vn -0.002809043973684311 0.00002184621371270623 -0.009597335010766983 
vn -0.0024447368923574686 0.000021846206436748616 -0.0096965366974473 
vn -0.002809043973684311 0.00002184621371270623 -0.009597335010766983 
vn -0.0024447368923574686 0.000021846206436748616 -0.0096965366974473 
vn -0.002809043973684311 0.00002184621371270623 -0.009597335010766983 
vn -0.006173149682581425 -0.006317509338259697 -0.004688424523919821 
vn -0.0014979515690356493 -0.006938547361642122 -0.007043629884719849 
vn -0.0024447368923574686 0.000021846206436748616 -0.0096965366974473 
vn -0.0009771928889676929 -0.006938547361642122 -0.007134540937840939 
vn -0.0013330059591680765 0.000021846191884833388 -0.009910734370350838 
vn -0.00007378165901172906 -0.006938547361642122 -0.00720077333971858 
vn -0.00012867974874097854 0.000021846186427865177 -0.009999150410294533 
vn 0.0007557209464721382 -0.006938547361642122 -0.007161386776715517 
vn 0.0010775228729471564 0.000021846191884833388 -0.009941755793988705 
vn 0.0015583038330078125 -0.0069699459709227085 -0.006999397184699774 
vn 0.0021943978499621153 0.000021846206436748616 -0.00975623819977045 
vn 0.0063751377165317535 -0.0059377835132181644 -0.004909213166683912 
vn 0.002561137080192566 0.00002184621371270623 -0.009666443802416325 
vn 0.007885584607720375 0.00002184648474212736 -0.006149563007056713 
vn 0.002561137080192566 0.00002184621371270623 -0.009666443802416325 
vn -0.008041225373744965 0.00002184648474212736 -0.005944599863141775 
vn 0.007885584607720375 0.00002184648474212736 -0.006149563007056713 
vn 0.002561137080192566 0.00002184621371270623 -0.009666443802416325 
vn 0.0021943978499621153 0.000021846206436748616 -0.00975623819977045 
vn 0.006356788333505392 0.00593778258189559 -0.004932951182126999 
vn 0.002561137080192566 0.00002184621371270623 -0.009666443802416325 
vn 0.0021943978499621153 0.000021846206436748616 -0.00975623819977045 
vn 0.0010775228729471564 -0.00002184769073210191 -0.009941755793988705 
vn -0.0026884060353040695 0.003156581660732627 -0.009099917486310005 
vn -0.00009266444249078631 0.006938546430319548 -0.0072005558758974075 
vn 0.0024533395189791918 0.003156581660732627 -0.00916608702391386 
vn 0.002401743084192276 -0.003156583057716489 -0.009179741144180298 
vn -0.0013330059591680765 -0.00002184769073210191 -0.009910734370350838 
vn -0.0013330059591680765 -0.00002184769073210191 -0.009910734370350838 
vn -0.0013330059591680765 0.000021846191884833388 -0.009910734370350838 
vn -0.001695933286100626 0.006969945039600134 -0.006967330817133188 
vn -0.006481627002358437 0.00593778258189559 -0.004767732694745064 
vn -0.008041225373744965 0.00002184648474212736 -0.005944599863141775 
vn 0.0015160752227529883 0.006969945039600134 -0.007008666638284922 
vn -0.0009944026824086905 0.006938546430319548 -0.0071321637369692326 
vn -0.00012867974874097854 0.000021846186427865177 -0.009999150410294533 
vn -0.00012867974874097854 0.000021846186427865177 -0.009999150410294533 
vn -0.00009266444249078631 0.006938546430319548 -0.0072005558758974075 
vn 0.0010775228729471564 0.000021846191884833388 -0.009941755793988705 
vn 0.0008105351589620113 0.006938546430319548 -0.00715539138764143 
vn 0.0021943978499621153 0.000021846206436748616 -0.00975623819977045 
vn 0.0010775228729471564 0.000021846191884833388 -0.009941755793988705 
vn -0.00012867974874097854 -0.00002184769618907012 -0.009999150410294533 
vn -0.00007378165901172906 -0.006938547361642122 -0.00720077333971858 
vn -0.000051691094995476305 -0.007185975089669228 -0.006954072043299675 
vn 0.005540653597563505 -0.005760593805462122 -0.006009720265865326 
vn 0.005520072765648365 0.005760592874139547 -0.0060286312364041805 
vn -0.00008948749746195972 0.007185974158346653 -0.006953688804060221 
vn -0.0006568422541022301 -0.00002184769618907012 -0.009978382848203182 
vn -0.0006568422541022301 0.00002184618824685458 -0.009978382848203182 
vn -0.00012867974874097854 0.000021846186427865177 -0.009999150410294533 
vn 0.0003998423053417355 0.00002184618824685458 -0.009991981089115143 
vn -0.0056934719905257225 -0.005760593805462122 -0.005865147802978754 
vn -0.002673450391739607 -0.003156583057716489 -0.009104322642087936 
vn -0.00012867974874097854 -0.00002184769618907012 -0.009999150410294533 
vn -0.005700470879673958 0.005760592874139547 -0.005858346354216337 
vn 0.0003998423053417355 -0.00002184769618907012 -0.009991981089115143 
vn -0.006726981606334448 0.00002184637742175255 -0.007399141322821379 
vn -0.00858517736196518 0.00002184654658776708 -0.005127796903252602 
vn -0.006726981606334448 0.00002184637742175255 -0.007399141322821379 
vn -0.00858517736196518 0.00002184654658776708 -0.005127796903252602 
vn -0.004704473074525595 0.007482877466827631 -0.00467701768502593 
vn -0.005450827535241842 0.007737894542515278 -0.0032269933726638556 
vn -0.009980359114706516 0.00002184688491979614 -0.0006260958034545183 
vn -0.006453421898186207 0.007626008242368698 -0.0004442534118425101 
vn -0.0076676285825669765 0.00002184645018132869 -0.006419271230697632 
vn -0.0063362582586705685 0.005616857670247555 -0.005320034921169281 
vn 0.002386587206274271 0.006317508406937122 -0.0073751830495893955 
vn 0.0031401095911860466 0.00002184622826462146 -0.009494170546531677 
vn -0.0077158864587545395 0.0000218464538193075 -0.00636118371039629 
vn 0.0031401095911860466 0.00002184622826462146 -0.009494170546531677 
vn -0.00012867974874097854 0.000021846186427865177 -0.009999150410294533 
vn -0.00012867974874097854 0.000021846186427865177 -0.009999150410294533 
vn -0.003383391536772251 0.00002184622826462146 -0.009410219267010689 
vn -0.003383391536772251 0.00002184622826462146 -0.009410219267010689 
vn 0.007499896455556154 0.00002184645018132869 -0.0066144634038209915 
vn 0.00617219740524888 0.005616857670247555 -0.0055095297284424305 
vn -0.0025755888782441616 0.006317508406937122 -0.007311324123293161 
vn -0.00004460272612050176 0.00870002806186676 -0.00493026664480567 
vn -0.009980359114706516 0.00002184688491979614 -0.0006260958034545183 
vn 0.007549633271992207 0.0000218464538193075 -0.0065576364286243916 
vn -0.001821077661588788 0.005867243278771639 0.007890447042882442 
vn -0.00007474380981875584 0.009896226227283478 0.0014349623816087842 
vn 0.000034809861972462386 0.009919826872646809 0.0012632556026801467 
vn 0.00000786663167673396 0.00998129602521658 0.0006112821283750236 
vn 0.0001138255829573609 0.008059240877628326 0.005919096991419792 
vn 0.0024783704429864883 0.005902569741010666 0.007682276889681816 
vn 0.0001688082847977057 0.009883292019367218 0.001513950526714325 
vn -0.00796751119196415 0.005212872754782438 0.0030569196678698063 
vn 0.00005457557927002199 0.009908405132591724 0.0013492695288732648 
vn -0.004704473074525595 0.007482877466827631 -0.00467701768502593 
vn 0.0001622856070753187 0.009945066645741463 0.001034075627103448 
vn -0.005450827535241842 0.007737894542515278 -0.0032269933726638556 
vn 0.000035676563129527494 0.009999904781579971 0.00002522481190680992 
vn -0.006453421898186207 0.007626008242368698 -0.0004442534118425101 
vn -0.000016280710042337887 0.00999961793422699 -0.00008585750765632838 
vn -0.0063362582586705685 0.005616857670247555 -0.005320034921169281 
vn -0.000056630815379321575 0.009996564127504826 -0.0002559439744800329 
vn 0.002386587206274271 0.006317508406937122 -0.0073751830495893955 
vn -0.000056630815379321575 0.009996564127504826 -0.0002559439744800329 
vn -0.00004460272612050176 0.00870002806186676 -0.00493026664480567 
vn -0.0000016867220438143704 0.009999141097068787 -0.00013106792175676674 
vn -0.000014035747881280258 0.009999904781579971 -0.000041378832975169644 
vn -9.71507249647452e-12 0.009999999776482582 -7.549166292086795e-10 
vn -0.00013562108506448567 0.009945066645741463 0.0010379094164818525 
vn 0.008148548193275928 0.005250110290944576 0.0024571390822529793 
vn 0.00004271590296411887 0.00999961793422699 -0.0000762358758947812 
vn 0.005365979392081499 0.007737894542515278 -0.003366195596754551 
vn 0.0064361863769590855 0.007626008242368698 -0.0006477023125626147 
vn 0.000014521861885441467 0.009996564127504826 -0.0002617317368276417 
vn 0.00617219740524888 0.005616857670247555 -0.0055095297284424305 
vn 0.004555234219878912 0.007482877466827631 -0.004822488874197006 
vn -0.0025755888782441616 0.006317508406937122 -0.007311324123293161 
vn 0.00008459753007628024 0.009996564127504826 -0.0002481080882716924 
vn 0.00617219740524888 0.005616857670247555 -0.0055095297284424305 
vn 0.00617219740524888 0.005616857670247555 -0.0055095297284424305 
vn 0.0064361863769590855 0.007626008242368698 -0.0006477023125626147 
vn 0.009960941970348358 0.00002184688491979614 -0.0008827217970974743 
vn 0.008450375869870186 0.00002184654658776708 -0.005347028374671936 
vn 0.005365979392081499 0.007737894542515278 -0.003366195596754551 
vn 0.00647699274122715 0.00002184637196478434 -0.00761893205344677 
vn 0.004555234219878912 0.007482877466827631 -0.004822488874197006 
vn 0.008148548193275928 0.005250110290944576 0.0024571390822529793 
vn 0.009605943225324154 0.000021847161406185478 0.002779461210593581 
vn 0.00647699274122715 0.00002184637196478434 -0.00761893205344677 
vn 0.008450375869870186 0.00002184654658776708 -0.005347028374671936 
vn 0.009960941970348358 0.00002184688491979614 -0.0008827217970974743 
vn 0.007499896455556154 0.00002184645018132869 -0.0066144634038209915 
vn 0.007549633271992207 0.0000218464538193075 -0.0065576364286243916 
vn 0.009584680199623108 0.00002184716686315369 0.002851924393326044 
vn -0.0024148502852767706 0.000021847672542207874 0.009704023599624634 
vn -0.0024148502852767706 0.000021847672542207874 0.009704023599624634 
vn 0.00020418800704646856 0.00002184769618907012 0.009997893124818802 
vn 0.00020418800704646856 0.00002184769618907012 0.009997893124818802 
vn -0.001821077661588788 0.005867243278771639 0.007890447042882442 
vn 0.0001138255829573609 0.008059240877628326 0.005919096991419792 
vn 0.0031693463679403067 0.000021847661628271453 0.009484450332820415 
vn 0.0024783704429864883 0.005902569741010666 0.007682276889681816 
vn -0.009331157431006432 0.00002184720324294176 0.0035957004874944687 
vn -0.00796751119196415 0.005212872754782438 0.0030569196678698063 
vn -0.009303737431764603 0.00002184720869990997 0.0036660651676356792 
vn 0.0031693463679403067 0.000021847661628271453 0.009484450332820415 
vn -0.005829181522130966 0.005796253681182861 -0.005694217514246702 
vn -9.71507249647452e-12 0.009999999776482582 -7.549166292086795e-10 
vn -0.00007183325215009972 0.007094201631844044 -0.007047493942081928 
vn -9.71507249647452e-12 0.009999999776482582 -7.549166292086795e-10 
vn -0.007078202906996012 0.007063339464366436 0.00009108934318646789 
vn -0.0071614570915699005 0.00002184640834457241 -0.006979476660490036 
vn -0.009999150410294533 0.00002184694130846765 0.00012867974874097854 
vn -0.0071614570915699005 0.00002184640834457241 -0.006979476660490036 
vn -0.009999150410294533 0.00002184694130846765 0.00012867974874097854 
vn -0.0071614570915699005 0.00002184640834457241 -0.006979476660490036 
vn -0.009999150410294533 0.00002184694130846765 0.00012867974874097854 
vn -0.00012867974874097854 0.000021846186427865177 -0.009999150410294533 
vn -0.00012867974874097854 0.000021846186427865177 -0.009999150410294533 
vn -0.00012867974874097854 0.000021846186427865177 -0.009999150410294533 
vn -0.00012867974874097854 0.000021846186427865177 -0.009999150410294533 
vn -0.00012867974874097854 0.000021846186427865177 -0.009999150410294533 
vn 0.006979476660490036 0.00002184640834457241 -0.0071614570915699005 
vn 0.006979476660490036 0.00002184640834457241 -0.0071614570915699005 
vn 0.009999150410294533 0.00002184694130846765 -0.00012867974874097854 
vn 0.009999150410294533 0.00002184694130846765 -0.00012867974874097854 
vn 0.006979476660490036 0.00002184640834457241 -0.0071614570915699005 
vn 0.009999150410294533 0.00002184694130846765 -0.00012867974874097854 
vn 0.005707687232643366 0.005796253681182861 -0.005815993063151836 
vn 0.007078202906996012 0.007063339464366436 -0.00009109041275223717 
vn -0.00007183325215009972 0.007094201631844044 -0.007047493942081928 
vn -0.00012867974874097854 0.000021846186427865177 -0.009999150410294533 
vn -0.005711840000003576 0.005760593805462122 0.005847261752933264 
vn -0.006979476660490036 -0.00002184640834457241 0.0071614570915699005 
vn -0.009999150410294533 0.00002184694130846765 0.00012867974874097854 
vn -0.009999150410294533 0.00002184694130846765 0.00012867974874097854 
vn -0.007078202906996012 0.007063339464366436 0.00009108934318646789 
vn 0.00005339921699487604 0.007063339930027723 0.007078587543219328 
vn -9.71507249647452e-12 0.009999999776482582 -7.549166292086795e-10 
vn 0.00005339921699487604 0.007063339930027723 0.007078587543219328 
vn -9.71507249647452e-12 0.009999999776482582 -7.549166292086795e-10 
vn 0.005834071431308985 0.005760593805462122 0.005725311581045389 
vn 0.007078202906996012 0.007063339464366436 -0.00009109041275223717 
vn 0.0071614570915699005 -0.00002184640834457241 0.006979476660490036 
vn 0.009999150410294533 0.00002184694130846765 -0.00012867974874097854 
vn 0.0071614570915699005 -0.00002184640834457241 0.006979476660490036 
vn 0.009999150410294533 0.00002184694130846765 -0.00012867974874097854 
vn 0.0071614570915699005 -0.00002184640834457241 0.006979476660490036 
vn 0.009999150410294533 0.00002184694130846765 -0.00012867974874097854 
vn 0.00012867974874097854 -0.000021846186427865177 0.009999150410294533 
vn 0.00313962553627789 -0.003031934378668666 0.008997230790555477 
vn 0.003122463822364807 0.0029902698006480932 0.009017124772071838 
vn -0.002889384049922228 0.0029902698006480932 0.009094491600990295 
vn -0.006979476660490036 -0.00002184640834457241 0.0071614570915699005 
vn -0.009999150410294533 0.00002184694130846765 0.00012867974874097854 
vn -0.006979476660490036 -0.00002184640834457241 0.0071614570915699005 
vn -0.002871077274903655 -0.003031934378668666 0.009086491540074348 
vn 0.00012867974874097854 -0.000021846186427865177 0.009999150410294533 
vn -0.005673934705555439 -0.005796253681182861 0.005848925095051527 
vn -0.005711840000003576 0.005760593805462122 0.005847261752933264 
vn 0.005834071431308985 0.005760593805462122 0.005725311581045389 
vn 0.005822571460157633 -0.005796253681182861 0.005700976122170687 
vn 0.0002495000371709466 0.0009815298253670335 -0.00994858704507351 
vn 0.00551140820607543 0.000021846579329576343 -0.008344096131622791 
vn 0.0005506037850864232 0.0001966095296666026 -0.009982896037399769 
vn 0.0035815297160297632 -0.0009380384581163526 -0.009289390407502651 
vn -0.00020105144358240068 0.002188680460676551 -0.00975547544658184 
vn 0.002036826219409704 -0.004092631861567497 -0.008893915452063084 
vn 0.0025611380115151405 -0.00002184736331400927 -0.009666443802416325 
vn 0.0025611380115151405 0.00002184652112191543 -0.009666443802416325 
vn -0.0061495620757341385 0.00002184659388149157 -0.00788558553904295 
vn -0.005086861085146666 0.005652954336255789 -0.006493688095360994 
vn -0.00788558553904295 0.000021847206880920567 0.0061495620757341385 
vn -0.006356788799166679 0.0059377835132181644 0.004932949785143137 
vn -0.005204458720982075 -0.0029485460836440325 -0.008013720624148846 
vn 0.0009946029167622328 -0.0042118774726986885 -0.00901503674685955 
vn -0.006140508688986301 -0.0030319353099912405 -0.0072870817966759205 
vn -0.000059555357438512146 -0.004290974233299494 -0.009032387286424637 
vn -0.006970949936658144 -0.0030735433101654053 -0.0064775943756103516 
vn -0.0011701993644237518 -0.004369743168354034 -0.008918296545743942 
vn -0.007587467320263386 -0.0031565825920552015 -0.005697926506400108 
vn -0.0021351706236600876 -0.004369743168354034 -0.00873764418065548 
vn -0.002879900159314275 0.0003276453062426299 -0.009570728987455368 
vn -0.004061596468091011 -0.0013287236215546727 -0.00904090516269207 
vn -0.005815138574689627 0.004949461668729782 -0.006456549279391766 
vn -0.006837964057922363 0.00002184661934734322 -0.0072966986335814 
vn -0.0023148541804403067 -0.0014585253084078431 -0.009618429467082024 
vn -0.006837964057922363 0.00002184661934734322 -0.0072966986335814 
vn -0.0028090430423617363 0.00002184652112191543 -0.009597335010766983 
vn -0.0028090430423617363 0.00002184652112191543 -0.009597335010766983 
vn -0.0028090430423617363 -0.00002184736331400927 -0.009597335010766983 
vn -0.002444735961034894 -0.00002184736695198808 -0.0096965366974473 
vn -0.00133300491143018 0.000021846508388989605 -0.009910734370350838 
vn -0.00012867874465882778 0.000021846504751010798 -0.009999150410294533 
vn 0.0010775239206850529 0.000021846508388989605 -0.009941755793988705 
vn 0.00219439878128469 -0.00002184736695198808 -0.00975623819977045 
vn 0.0014811359578743577 0.00718597462400794 -0.006794706452637911 
vn -0.0015160759212449193 0.006969945505261421 0.007008665706962347 
vn -0.0008105358574539423 0.006938547361642122 0.007155390456318855 
vn 0.0007574788760393858 0.007216291036456823 -0.00688123470172286 
vn -0.00008948679897002876 0.00718597462400794 -0.006953688804060221 
vn -0.0008969461196102202 0.007216291036456823 -0.006864448077976704 
vn -0.0016554981702938676 0.00718597462400794 -0.006754341069608927 
vn 0.00488773500546813 0.005652954336255789 -0.006644861772656441 
vn 0.00594460079446435 0.00002184659388149157 -0.00804122444242239 
vn 0.00594460079446435 0.00002184659388149157 -0.00804122444242239 
vn 0.00804122444242239 0.000021847206880920567 0.00594460079446435 
vn 0.00804122444242239 0.000021847206880920567 0.00594460079446435 
vn 0.006481626536697149 0.0059377835132181644 0.004767732694745064 
vn 0.001695932587608695 0.006969945505261421 0.006967330351471901 
vn 0.0009944019839167595 0.006938547361642122 0.007132162805646658 
vn 0.0000926637148950249 0.006938547361642122 0.007200554944574833 
vn -0.006375138182193041 -0.005937783047556877 0.004909213166683912 
vn -0.0015583045314997435 -0.006969945039600134 0.006999398116022348 
vn -0.0050483327358961105 -0.005652954801917076 -0.006523684598505497 
vn 0.001523386687040329 -0.007185975089669228 -0.006785357836633921 
vn 0.0007401744369417429 -0.007216291502118111 -0.006883116438984871 
vn -0.0007557216449640691 -0.006938546430319548 0.007161387708038092 
vn -0.00012728053843602538 -0.007185975089669228 -0.006953099276870489 
vn 0.00007378094596788287 -0.006938546430319548 0.007200774271041155 
vn -0.0009170572157017887 -0.007216291502118111 -0.006861789617687464 
vn 0.0009771921904757619 -0.006938546430319548 0.007134541869163513 
vn -0.0020296459551900625 -0.006969945505261421 -0.00687752990052104 
vn 0.0014979508705437183 -0.006938546430319548 0.007043630816042423 
vn 0.006173149216920137 -0.006317508406937122 0.004688425920903683 
vn 0.004813437350094318 -0.005724823102355003 -0.0066375634633004665 
vn 0.00804122444242239 0.000021847206880920567 0.00594460079446435 
vn 0.00594460079446435 0.00002184659388149157 -0.00804122444242239 
vn -0.0028090430423617363 0.00002184652112191543 -0.009597335010766983 
vn -0.0028090430423617363 0.00002184652112191543 -0.009597335010766983 
vn -0.002444735961034894 0.00002184651566494722 -0.0096965366974473 
vn -0.00133300491143018 0.000021846508388989605 -0.009910734370350838 
vn -0.00012867874465882778 0.000021846504751010798 -0.009999150410294533 
vn 0.0010775239206850529 0.000021846508388989605 -0.009941755793988705 
vn 0.00219439878128469 0.00002184651566494722 -0.00975623819977045 
vn 0.0025611380115151405 0.00002184652112191543 -0.009666443802416325 
vn 0.0025611380115151405 0.00002184652112191543 -0.009666443802416325 
vn -0.0061495620757341385 0.00002184659388149157 -0.00788558553904295 
vn 0.0025611380115151405 0.00002184652112191543 -0.009666443802416325 
vn -0.0061495620757341385 0.00002184659388149157 -0.00788558553904295 
vn -0.00788558553904295 0.000021847206880920567 0.0061495620757341385 
vn -0.00788558553904295 0.000021847206880920567 0.0061495620757341385 
vn 0.00551140820607543 0.000021846579329576343 -0.008344096131622791 
vn 0.00551140820607543 0.000021846579329576343 -0.008344096131622791 
vn 0.0002495000371709466 0.0009815298253670335 -0.00994858704507351 
vn 0.00448632100597024 -0.0051755355671048164 -0.007286067586392164 
vn 0.0035815297160297632 0.0009380377014167607 -0.009289390407502651 
vn 0.0004750991356559098 -0.0002839727094396949 -0.00998467206954956 
vn 0.0019788513891398907 0.004092630930244923 -0.008906994946300983 
vn 0.0029796247836202383 -0.0026128022000193596 -0.009181237779557705 
vn 0.0009946029167622328 0.004211877007037401 -0.00901503674685955 
vn 0.00134341383818537 -0.0024860526900738478 -0.009592435322701931 
vn -0.00011623041064012796 0.004290973301976919 -0.009031835943460464 
vn -0.0012248869752511382 0.004369742702692747 -0.008910950273275375 
vn -0.0020212470553815365 0.004448177758604288 -0.008725154213607311 
vn 0.005980390124022961 0.003031934844329953 -0.00741905253380537 
vn 0.0050412751734256744 0.0030735426116734743 -0.0080708684399724 
vn -0.00220064097084105 -0.0025283510331064463 -0.009421499446034431 
vn -0.003925681114196777 0.0012854038504883647 -0.00910696480423212 
vn -0.0026809656992554665 -0.0005459028761833906 -0.009618443436920643 
vn -0.006837964057922363 0.00002184661934734322 -0.0072966986335814 
vn -0.0023148541804403067 -0.0014585253084078431 -0.009618429467082024 
vn 0.0028090430423617363 -0.00002184652112191543 0.009597335010766983 
vn 0.002444735961034894 -0.00002184651566494722 0.0096965366974473 
vn 0.0028090430423617363 0.00002184736331400927 0.009597335010766983 
vn 0.002444735961034894 0.00002184736695198808 0.0096965366974473 
vn 0.0028090430423617363 0.00002184736331400927 0.009597335010766983 
vn 0.002444735961034894 0.00002184736695198808 0.0096965366974473 
vn 0.0028090430423617363 0.00002184736331400927 0.009597335010766983 
vn 0.006173149216920137 -0.006317508406937122 0.004688425920903683 
vn 0.0014979508705437183 -0.006938546430319548 0.007043630816042423 
vn 0.002444735961034894 0.00002184736695198808 0.0096965366974473 
vn 0.0009771921904757619 -0.006938546430319548 0.007134541869163513 
vn 0.00133300491143018 0.000021847376046935096 0.009910734370350838 
vn 0.00007378094596788287 -0.006938546430319548 0.007200774271041155 
vn 0.00012867874465882778 0.000021847379684913903 0.009999150410294533 
vn -0.0007557216449640691 -0.006938546430319548 0.007161387708038092 
vn -0.0010775239206850529 0.000021847376046935096 0.009941755793988705 
vn -0.0015583045314997435 -0.006969945039600134 0.006999398116022348 
vn -0.00219439878128469 0.00002184736695198808 0.00975623819977045 
vn -0.006375138182193041 -0.005937783047556877 0.004909213166683912 
vn -0.0025611380115151405 0.00002184736331400927 0.009666443802416325 
vn -0.00788558553904295 0.000021847206880920567 0.0061495620757341385 
vn -0.0025611380115151405 0.00002184736331400927 0.009666443802416325 
vn 0.00804122444242239 0.000021847206880920567 0.00594460079446435 
vn -0.00788558553904295 0.000021847206880920567 0.0061495620757341385 
vn -0.0025611380115151405 0.00002184736331400927 0.009666443802416325 
vn -0.00219439878128469 0.00002184736695198808 0.00975623819977045 
vn -0.006356788799166679 0.0059377835132181644 0.004932949785143137 
vn -0.0025611380115151405 0.00002184736331400927 0.009666443802416325 
vn -0.00219439878128469 0.00002184736695198808 0.00975623819977045 
vn -0.0010775239206850529 -0.000021846508388989605 0.009941755793988705 
vn 0.002688405103981495 0.003156582824885845 0.009099917486310005 
vn 0.0000926637148950249 0.006938547361642122 0.007200554944574833 
vn -0.0024533404503017664 0.003156582824885845 0.00916608702391386 
vn -0.0024017440155148506 -0.0031565821263939142 0.009179741144180298 
vn 0.00133300491143018 -0.000021846508388989605 0.009910734370350838 
vn 0.00133300491143018 -0.000021846508388989605 0.009910734370350838 
vn 0.00133300491143018 0.000021847376046935096 0.009910734370350838 
vn 0.001695932587608695 0.006969945505261421 0.006967330351471901 
vn 0.006481626536697149 0.0059377835132181644 0.004767732694745064 
vn 0.00804122444242239 0.000021847206880920567 0.00594460079446435 
vn -0.0015160759212449193 0.006969945505261421 0.007008665706962347 
vn 0.0009944019839167595 0.006938547361642122 0.007132162805646658 
vn 0.00012867874465882778 0.000021847379684913903 0.009999150410294533 
vn 0.00012867874465882778 0.000021847379684913903 0.009999150410294533 
vn 0.0000926637148950249 0.006938547361642122 0.007200554944574833 
vn -0.0010775239206850529 0.000021847376046935096 0.009941755793988705 
vn -0.0008105358574539423 0.006938547361642122 0.007155390456318855 
vn -0.00219439878128469 0.00002184736695198808 0.00975623819977045 
vn -0.0010775239206850529 0.000021847376046935096 0.009941755793988705 
vn 0.00012867874465882778 -0.000021846504751010798 0.009999150410294533 
vn 0.00007378094596788287 -0.006938546430319548 0.007200774271041155 
vn 0.00005169041105546057 -0.00718597462400794 0.006954072508960962 
vn -0.0055406540632247925 -0.005760593339800835 0.006009720731526613 
vn -0.005520073231309652 0.005760593805462122 0.006028629839420319 
vn 0.00008948679169407114 0.007185975089669228 0.006953688338398933 
vn 0.0006568412645719945 -0.000021846504751010798 0.009978382848203182 
vn 0.0006568412645719945 0.0000218473778659245 0.009978382848203182 
vn 0.00012867874465882778 0.000021847379684913903 0.009999150410294533 
vn -0.00039984332397580147 0.0000218473778659245 0.009991981089115143 
vn 0.005693471524864435 -0.005760593339800835 0.005865149199962616 
vn 0.0026734494604170322 -0.0031565821263939142 0.009104323573410511 
vn 0.00012867874465882778 -0.000021846504751010798 0.009999150410294533 
vn 0.0057004704140126705 0.005760593805462122 0.005858346354216337 
vn -0.00039984332397580147 -0.000021846504751010798 0.009991981089115143 
vn 0.006726980675011873 0.000021847268726560287 0.007399141788482666 
vn 0.008585176430642605 0.000021847170501132496 0.005127797368913889 
vn 0.006726980675011873 0.000021847268726560287 0.007399141788482666 
vn 0.008585176430642605 0.000021847170501132496 0.005127797368913889 
vn 0.004704472608864307 0.007482878398150206 0.004677017219364643 
vn 0.005450827535241842 0.007737895008176565 0.0032269929070025682 
vn 0.009980359114706516 0.000021846974050276913 0.0006260968511924148 
vn 0.006453421898186207 0.007626008242368698 0.000444253149908036 
vn 0.007667627651244402 0.000021847226889804006 0.0064192721620202065 
vn 0.006336257793009281 0.005616858135908842 0.005320034921169281 
vn -0.002386587904766202 0.006317509338259697 0.007375182118266821 
vn -0.003140110755339265 0.000021847354219062254 0.009494169615209103 
vn 0.007715885993093252 0.0000218472232518252 0.006361184176057577 
vn -0.003140110755339265 0.000021847354219062254 0.009494169615209103 
vn 0.00012867874465882778 0.000021847379684913903 0.009999150410294533 
vn 0.00012867874465882778 0.000021847379684913903 0.009999150410294533 
vn 0.0033833906054496765 0.000021847354219062254 0.009410219267010689 
vn 0.0033833906054496765 0.000021847354219062254 0.009410219267010689 
vn -0.0074998969212174416 0.000021847226889804006 0.006614462472498417 
vn -0.006172197870910168 0.005616858135908842 0.005509528331458569 
vn 0.0025755881797522306 0.006317509338259697 0.007311323657631874 
vn 0.00004460222044144757 0.008700028993189335 0.004930265713483095 
vn 0.009980359114706516 0.000021846974050276913 0.0006260968511924148 
vn -0.007549634203314781 0.0000218472232518252 0.006557635962963104 
vn 0.0018210784764960408 0.005867242347449064 -0.007890447974205017 
vn 0.00007474394078599289 0.009896226227283478 -0.0014349635457620025 
vn -0.000034809749195119366 0.009919826872646809 -0.001263256766833365 
vn -0.00000786658620199887 0.00998129602521658 -0.0006112833507359028 
vn -0.00011382500088075176 0.008059239946305752 -0.005919097922742367 
vn -0.0024783697444945574 0.005902568809688091 -0.007682277821004391 
vn -0.00016880813927855343 0.009883292019367218 -0.0015139516908675432 
vn 0.00796751119196415 0.005212872289121151 -0.0030569194350391626 
vn -0.000054575459216721356 0.009908405132591724 -0.001349270693026483 
vn 0.004704472608864307 0.007482878398150206 0.004677017219364643 
vn -0.00016228551976382732 0.009945066645741463 -0.0010340767912566662 
vn 0.005450827535241842 0.007737895008176565 0.0032269929070025682 
vn -0.00003567657768144272 0.009999904781579971 -0.000025226006982848048 
vn 0.006453421898186207 0.007626008242368698 0.000444253149908036 
vn 0.00001628068639547564 0.00999961793422699 0.00008585631439927965 
vn 0.006336257793009281 0.005616858135908842 0.005320034921169281 
vn 0.0000566307753615547 0.009996564127504826 0.0002559427812229842 
vn -0.002386587904766202 0.006317509338259697 0.007375182118266821 
vn 0.0000566307753615547 0.009996564127504826 0.0002559427812229842 
vn 0.00004460222044144757 0.008700028993189335 0.004930265713483095 
vn 0.00000168669362210494 0.009999141097068787 0.00013106674305163324 
vn 0.000014035728781891521 0.009999904781579971 0.000041377643356099725 
vn -5.624741557935797e-12 0.009999999776482582 -4.370779016493742e-10 
vn 0.00013562117237597704 0.009945066645741463 -0.0010379105806350708 
vn -0.008148548193275928 0.005250109825283289 -0.002457140479236841 
vn -0.00004271592842997052 0.00999961793422699 0.00007623467536177486 
vn -0.005365979857742786 0.007737895008176565 0.0033661939669400454 
vn -0.0064361863769590855 0.007626008242368698 0.00064770074095577 
vn -0.000014521903722197749 0.009996564127504826 0.000261730543570593 
vn -0.006172197870910168 0.005616858135908842 0.005509528331458569 
vn -0.004555234685540199 0.007482878398150206 0.004822487477213144 
vn 0.0025755881797522306 0.006317509338259697 0.007311323657631874 
vn -0.00008459756645606831 0.009996564127504826 0.0002481068659108132 
vn -0.006172197870910168 0.005616858135908842 0.005509528331458569 
vn -0.006172197870910168 0.005616858135908842 0.005509528331458569 
vn -0.0064361863769590855 0.007626008242368698 0.00064770074095577 
vn -0.009960941970348358 0.000021846974050276913 0.0008827208075672388 
vn -0.00845037680119276 0.000021847170501132496 0.005347027443349361 
vn -0.005365979857742786 0.007737895008176565 0.0033661939669400454 
vn -0.006476993206888437 0.00002184727054554969 0.007618931587785482 
vn -0.004555234685540199 0.007482878398150206 0.004822487477213144 
vn -0.008148548193275928 0.005250109825283289 -0.002457140479236841 
vn -0.009605943225324154 0.0000218468139792094 -0.002779462141916156 
vn -0.006476993206888437 0.00002184727054554969 0.007618931587785482 
vn -0.00845037680119276 0.000021847170501132496 0.005347027443349361 
vn -0.009960941970348358 0.000021846974050276913 0.0008827208075672388 
vn -0.0074998969212174416 0.000021847226889804006 0.006614462472498417 
vn -0.007549634203314781 0.0000218472232518252 0.006557635962963104 
vn -0.009584679268300533 0.000021846812160219997 -0.0028519253246486187 
vn 0.002414851216599345 0.000021846519302926026 -0.00970402266830206 
vn 0.002414851216599345 0.000021846519302926026 -0.00970402266830206 
vn -0.0002041870029643178 0.000021846504751010798 -0.009997894056141376 
vn -0.0002041870029643178 0.000021846504751010798 -0.009997894056141376 
vn 0.0018210784764960408 0.005867242347449064 -0.007890447974205017 
vn -0.00011382500088075176 0.008059239946305752 -0.005919097922742367 
vn -0.003169345436617732 0.000021846524759894237 -0.00948445126414299 
vn -0.0024783697444945574 0.005902568809688091 -0.007682277821004391 
vn 0.009331158362329006 0.000021846790332347155 -0.003595699556171894 
vn 0.00796751119196415 0.005212872289121151 -0.0030569194350391626 
vn 0.009303737431764603 0.000021846786694368348 -0.0036660642363131046 
vn -0.003169345436617732 0.000021846524759894237 -0.00948445126414299 
vn 0.005829181056469679 0.005796254612505436 0.005694217514246702 
vn -5.624741557935797e-12 0.009999999776482582 -4.370779016493742e-10 
vn 0.00007183253910625353 0.007094202563166618 0.007047493010759354 
vn -5.624741557935797e-12 0.009999999776482582 -4.370779016493742e-10 
vn 0.007078202906996012 0.007063339464366436 -0.00009108948142966256 
vn 0.007161456625908613 0.000021847250536666252 0.006979477591812611 
vn 0.009999150410294533 0.00002184694130846765 -0.00012867874465882778 
vn 0.007161456625908613 0.000021847250536666252 0.006979477591812611 
vn 0.009999150410294533 0.00002184694130846765 -0.00012867874465882778 
vn 0.007161456625908613 0.000021847250536666252 0.006979477591812611 
vn 0.009999150410294533 0.00002184694130846765 -0.00012867874465882778 
vn 0.00012867874465882778 0.000021847379684913903 0.009999150410294533 
vn 0.00012867874465882778 0.000021847379684913903 0.009999150410294533 
vn 0.00012867874465882778 0.000021847379684913903 0.009999150410294533 
vn 0.00012867874465882778 0.000021847379684913903 0.009999150410294533 
vn 0.00012867874465882778 0.000021847379684913903 0.009999150410294533 
vn -0.006979477591812611 0.000021847250536666252 0.007161456625908613 
vn -0.006979477591812611 0.000021847250536666252 0.007161456625908613 
vn -0.009999150410294533 0.00002184694130846765 0.00012867874465882778 
vn -0.009999150410294533 0.00002184694130846765 0.00012867874465882778 
vn -0.006979477591812611 0.000021847250536666252 0.007161456625908613 
vn -0.009999150410294533 0.00002184694130846765 0.00012867874465882778 
vn -0.005707687698304653 0.005796254612505436 0.005815992131829262 
vn -0.007078202906996012 0.007063339464366436 0.00009108886297326535 
vn 0.00007183253910625353 0.007094202563166618 0.007047493010759354 
vn 0.00012867874465882778 0.000021847379684913903 0.009999150410294533 
vn 0.005711840465664864 0.005760593339800835 -0.005847261752933264 
vn 0.006979477591812611 -0.000021847250536666252 -0.007161456625908613 
vn 0.009999150410294533 0.00002184694130846765 -0.00012867874465882778 
vn 0.009999150410294533 0.00002184694130846765 -0.00012867874465882778 
vn 0.007078202906996012 0.007063339464366436 -0.00009108948142966256 
vn -0.00005339851850294508 0.007063338998705149 -0.0070785884745419025 
vn -5.624741557935797e-12 0.009999999776482582 -4.370779016493742e-10 
vn -0.00005339851850294508 0.007063338998705149 -0.0070785884745419025 
vn -5.624741557935797e-12 0.009999999776482582 -4.370779016493742e-10 
vn -0.0058340709656476974 0.005760593339800835 -0.005725312978029251 
vn -0.007078202906996012 0.007063339464366436 0.00009108886297326535 
vn -0.007161456625908613 -0.000021847250536666252 -0.006979477591812611 
vn -0.009999150410294533 0.00002184694130846765 0.00012867874465882778 
vn -0.007161456625908613 -0.000021847250536666252 -0.006979477591812611 
vn -0.009999150410294533 0.00002184694130846765 0.00012867874465882778 
vn -0.007161456625908613 -0.000021847250536666252 -0.006979477591812611 
vn -0.009999150410294533 0.00002184694130846765 0.00012867874465882778 
vn -0.00012867874465882778 -0.000021847379684913903 -0.009999150410294533 
vn -0.0031396246049553156 -0.003031935542821884 -0.008997230790555477 
vn -0.0031224628910422325 0.002990268636494875 -0.009017125703394413 
vn 0.0028893849812448025 0.002990268636494875 -0.00909449253231287 
vn 0.006979477591812611 -0.000021847250536666252 -0.007161456625908613 
vn 0.009999150410294533 0.00002184694130846765 -0.00012867874465882778 
vn 0.006979477591812611 -0.000021847250536666252 -0.007161456625908613 
vn 0.0028710782062262297 -0.003031935542821884 -0.009086490608751774 
vn -0.00012867874465882778 -0.000021847379684913903 -0.009999150410294533 
vn 0.005673935636878014 -0.005796254612505436 -0.005848924163728952 
vn 0.005711840465664864 0.005760593339800835 -0.005847261752933264 
vn -0.0058340709656476974 0.005760593339800835 -0.005725312978029251 
vn -0.0058225709944963455 -0.005796254612505436 -0.005700976122170687 
vn 0.0002495000371709466 0.0009815298253670335 -0.00994858704507351 
vn 0.00551140820607543 0.000021846579329576343 -0.008344096131622791 
vn 0.0005506037850864232 0.0001966095296666026 -0.009982896037399769 
vn 0.0035815297160297632 -0.0009380384581163526 -0.009289390407502651 
vn -0.00020105144358240068 0.002188680460676551 -0.00975547544658184 
vn 0.002036826219409704 -0.004092631861567497 -0.008893915452063084 
vn 0.0025611380115151405 -0.00002184736331400927 -0.009666443802416325 
vn 0.0025611380115151405 0.00002184652112191543 -0.009666443802416325 
vn -0.0061495620757341385 0.00002184659388149157 -0.00788558553904295 
vn -0.005086861085146666 0.005652954336255789 -0.006493688095360994 
vn -0.00788558553904295 0.000021847206880920567 0.0061495620757341385 
vn -0.006356788799166679 0.0059377835132181644 0.004932949785143137 
vn -0.005204458720982075 -0.0029485460836440325 -0.008013720624148846 
vn 0.0009946029167622328 -0.0042118774726986885 -0.00901503674685955 
vn -0.006140508688986301 -0.0030319353099912405 -0.0072870817966759205 
vn -0.000059555357438512146 -0.004290974233299494 -0.009032387286424637 
vn -0.006970949936658144 -0.0030735433101654053 -0.0064775943756103516 
vn -0.0011701993644237518 -0.004369743168354034 -0.008918296545743942 
vn -0.007587467320263386 -0.0031565825920552015 -0.005697926506400108 
vn -0.0021351706236600876 -0.004369743168354034 -0.00873764418065548 
vn -0.002879900159314275 0.0003276453062426299 -0.009570728987455368 
vn -0.004061596468091011 -0.0013287236215546727 -0.00904090516269207 
vn -0.005815138574689627 0.004949461668729782 -0.006456549279391766 
vn -0.006837964057922363 0.00002184661934734322 -0.0072966986335814 
vn -0.0023148541804403067 -0.0014585253084078431 -0.009618429467082024 
vn -0.006837964057922363 0.00002184661934734322 -0.0072966986335814 
vn -0.0028090430423617363 0.00002184652112191543 -0.009597335010766983 
vn -0.0028090430423617363 0.00002184652112191543 -0.009597335010766983 
vn -0.0028090430423617363 -0.00002184736331400927 -0.009597335010766983 
vn -0.002444735961034894 -0.00002184736695198808 -0.0096965366974473 
vn -0.00133300491143018 0.000021846508388989605 -0.009910734370350838 
vn -0.00012867874465882778 0.000021846504751010798 -0.009999150410294533 
vn 0.0010775239206850529 0.000021846508388989605 -0.009941755793988705 
vn 0.00219439878128469 -0.00002184736695198808 -0.00975623819977045 
vn 0.0014811359578743577 0.00718597462400794 -0.006794706452637911 
vn -0.0015160759212449193 0.006969945505261421 0.007008665706962347 
vn -0.0008105358574539423 0.006938547361642122 0.007155390456318855 
vn 0.0007574788760393858 0.007216291036456823 -0.00688123470172286 
vn -0.00008948679897002876 0.00718597462400794 -0.006953688804060221 
vn -0.0008969461196102202 0.007216291036456823 -0.006864448077976704 
vn -0.0016554981702938676 0.00718597462400794 -0.006754341069608927 
vn 0.00488773500546813 0.005652954336255789 -0.006644861772656441 
vn 0.00594460079446435 0.00002184659388149157 -0.00804122444242239 
vn 0.00594460079446435 0.00002184659388149157 -0.00804122444242239 
vn 0.00804122444242239 0.000021847206880920567 0.00594460079446435 
vn 0.00804122444242239 0.000021847206880920567 0.00594460079446435 
vn 0.006481626536697149 0.0059377835132181644 0.004767732694745064 
vn 0.001695932587608695 0.006969945505261421 0.006967330351471901 
vn 0.0009944019839167595 0.006938547361642122 0.007132162805646658 
vn 0.0000926637148950249 0.006938547361642122 0.007200554944574833 
vn -0.006375138182193041 -0.005937783047556877 0.004909213166683912 
vn -0.0015583045314997435 -0.006969945039600134 0.006999398116022348 
vn -0.0050483327358961105 -0.005652954801917076 -0.006523684598505497 
vn 0.001523386687040329 -0.007185975089669228 -0.006785357836633921 
vn 0.0007401744369417429 -0.007216291502118111 -0.006883116438984871 
vn -0.0007557216449640691 -0.006938546430319548 0.007161387708038092 
vn -0.00012728053843602538 -0.007185975089669228 -0.006953099276870489 
vn 0.00007378094596788287 -0.006938546430319548 0.007200774271041155 
vn -0.0009170572157017887 -0.007216291502118111 -0.006861789617687464 
vn 0.0009771921904757619 -0.006938546430319548 0.007134541869163513 
vn -0.0020296459551900625 -0.006969945505261421 -0.00687752990052104 
vn 0.0014979508705437183 -0.006938546430319548 0.007043630816042423 
vn 0.006173149216920137 -0.006317508406937122 0.004688425920903683 
vn 0.004813437350094318 -0.005724823102355003 -0.0066375634633004665 
vn 0.00804122444242239 0.000021847206880920567 0.00594460079446435 
vn 0.00594460079446435 0.00002184659388149157 -0.00804122444242239 
vn -0.0028090430423617363 0.00002184652112191543 -0.009597335010766983 
vn -0.0028090430423617363 0.00002184652112191543 -0.009597335010766983 
vn -0.002444735961034894 0.00002184651566494722 -0.0096965366974473 
vn -0.00133300491143018 0.000021846508388989605 -0.009910734370350838 
vn -0.00012867874465882778 0.000021846504751010798 -0.009999150410294533 
vn 0.0010775239206850529 0.000021846508388989605 -0.009941755793988705 
vn 0.00219439878128469 0.00002184651566494722 -0.00975623819977045 
vn 0.0025611380115151405 0.00002184652112191543 -0.009666443802416325 
vn 0.0025611380115151405 0.00002184652112191543 -0.009666443802416325 
vn -0.0061495620757341385 0.00002184659388149157 -0.00788558553904295 
vn 0.0025611380115151405 0.00002184652112191543 -0.009666443802416325 
vn -0.0061495620757341385 0.00002184659388149157 -0.00788558553904295 
vn -0.00788558553904295 0.000021847206880920567 0.0061495620757341385 
vn -0.00788558553904295 0.000021847206880920567 0.0061495620757341385 
vn 0.00551140820607543 0.000021846579329576343 -0.008344096131622791 
vn 0.00551140820607543 0.000021846579329576343 -0.008344096131622791 
vn 0.0002495000371709466 0.0009815298253670335 -0.00994858704507351 
vn 0.00448632100597024 -0.0051755355671048164 -0.007286067586392164 
vn 0.0035815297160297632 0.0009380377014167607 -0.009289390407502651 
vn 0.0004750991356559098 -0.0002839727094396949 -0.00998467206954956 
vn 0.0019788513891398907 0.004092630930244923 -0.008906994946300983 
vn 0.0029796247836202383 -0.0026128022000193596 -0.009181237779557705 
vn 0.0009946029167622328 0.004211877007037401 -0.00901503674685955 
vn 0.00134341383818537 -0.0024860526900738478 -0.009592435322701931 
vn -0.00011623041064012796 0.004290973301976919 -0.009031835943460464 
vn -0.0012248869752511382 0.004369742702692747 -0.008910950273275375 
vn -0.0020212470553815365 0.004448177758604288 -0.008725154213607311 
vn 0.005980390124022961 0.003031934844329953 -0.00741905253380537 
vn 0.0050412751734256744 0.0030735426116734743 -0.0080708684399724 
vn -0.00220064097084105 -0.0025283510331064463 -0.009421499446034431 
vn -0.003925681114196777 0.0012854038504883647 -0.00910696480423212 
vn -0.0026809656992554665 -0.0005459028761833906 -0.009618443436920643 
vn -0.006837964057922363 0.00002184661934734322 -0.0072966986335814 
vn -0.0023148541804403067 -0.0014585253084078431 -0.009618429467082024 
vn 0.0028090430423617363 -0.00002184652112191543 0.009597335010766983 
vn 0.002444735961034894 -0.00002184651566494722 0.0096965366974473 
vn 0.0028090430423617363 0.00002184736331400927 0.009597335010766983 
vn 0.002444735961034894 0.00002184736695198808 0.0096965366974473 
vn 0.0028090430423617363 0.00002184736331400927 0.009597335010766983 
vn 0.002444735961034894 0.00002184736695198808 0.0096965366974473 
vn 0.0028090430423617363 0.00002184736331400927 0.009597335010766983 
vn 0.006173149216920137 -0.006317508406937122 0.004688425920903683 
vn 0.0014979508705437183 -0.006938546430319548 0.007043630816042423 
vn 0.002444735961034894 0.00002184736695198808 0.0096965366974473 
vn 0.0009771921904757619 -0.006938546430319548 0.007134541869163513 
vn 0.00133300491143018 0.000021847376046935096 0.009910734370350838 
vn 0.00007378094596788287 -0.006938546430319548 0.007200774271041155 
vn 0.00012867874465882778 0.000021847379684913903 0.009999150410294533 
vn -0.0007557216449640691 -0.006938546430319548 0.007161387708038092 
vn -0.0010775239206850529 0.000021847376046935096 0.009941755793988705 
vn -0.0015583045314997435 -0.006969945039600134 0.006999398116022348 
vn -0.00219439878128469 0.00002184736695198808 0.00975623819977045 
vn -0.006375138182193041 -0.005937783047556877 0.004909213166683912 
vn -0.0025611380115151405 0.00002184736331400927 0.009666443802416325 
vn -0.00788558553904295 0.000021847206880920567 0.0061495620757341385 
vn -0.0025611380115151405 0.00002184736331400927 0.009666443802416325 
vn 0.00804122444242239 0.000021847206880920567 0.00594460079446435 
vn -0.00788558553904295 0.000021847206880920567 0.0061495620757341385 
vn -0.0025611380115151405 0.00002184736331400927 0.009666443802416325 
vn -0.00219439878128469 0.00002184736695198808 0.00975623819977045 
vn -0.006356788799166679 0.0059377835132181644 0.004932949785143137 
vn -0.0025611380115151405 0.00002184736331400927 0.009666443802416325 
vn -0.00219439878128469 0.00002184736695198808 0.00975623819977045 
vn -0.0010775239206850529 -0.000021846508388989605 0.009941755793988705 
vn 0.002688405103981495 0.003156582824885845 0.009099917486310005 
vn 0.0000926637148950249 0.006938547361642122 0.007200554944574833 
vn -0.0024533404503017664 0.003156582824885845 0.00916608702391386 
vn -0.0024017440155148506 -0.0031565821263939142 0.009179741144180298 
vn 0.00133300491143018 -0.000021846508388989605 0.009910734370350838 
vn 0.00133300491143018 -0.000021846508388989605 0.009910734370350838 
vn 0.00133300491143018 0.000021847376046935096 0.009910734370350838 
vn 0.001695932587608695 0.006969945505261421 0.006967330351471901 
vn 0.006481626536697149 0.0059377835132181644 0.004767732694745064 
vn 0.00804122444242239 0.000021847206880920567 0.00594460079446435 
vn -0.0015160759212449193 0.006969945505261421 0.007008665706962347 
vn 0.0009944019839167595 0.006938547361642122 0.007132162805646658 
vn 0.00012867874465882778 0.000021847379684913903 0.009999150410294533 
vn 0.00012867874465882778 0.000021847379684913903 0.009999150410294533 
vn 0.0000926637148950249 0.006938547361642122 0.007200554944574833 
vn -0.0010775239206850529 0.000021847376046935096 0.009941755793988705 
vn -0.0008105358574539423 0.006938547361642122 0.007155390456318855 
vn -0.00219439878128469 0.00002184736695198808 0.00975623819977045 
vn -0.0010775239206850529 0.000021847376046935096 0.009941755793988705 
vn 0.00012867874465882778 -0.000021846504751010798 0.009999150410294533 
vn 0.00007378094596788287 -0.006938546430319548 0.007200774271041155 
vn 0.00005169041105546057 -0.00718597462400794 0.006954072508960962 
vn -0.0055406540632247925 -0.005760593339800835 0.006009720731526613 
vn -0.005520073231309652 0.005760593805462122 0.006028629839420319 
vn 0.00008948679169407114 0.007185975089669228 0.006953688338398933 
vn 0.0006568412645719945 -0.000021846504751010798 0.009978382848203182 
vn 0.0006568412645719945 0.0000218473778659245 0.009978382848203182 
vn 0.00012867874465882778 0.000021847379684913903 0.009999150410294533 
vn -0.00039984332397580147 0.0000218473778659245 0.009991981089115143 
vn 0.005693471524864435 -0.005760593339800835 0.005865149199962616 
vn 0.0026734494604170322 -0.0031565821263939142 0.009104323573410511 
vn 0.00012867874465882778 -0.000021846504751010798 0.009999150410294533 
vn 0.0057004704140126705 0.005760593805462122 0.005858346354216337 
vn -0.00039984332397580147 -0.000021846504751010798 0.009991981089115143 
vn 0.006726980675011873 0.000021847268726560287 0.007399141788482666 
vn 0.008585176430642605 0.000021847170501132496 0.005127797368913889 
vn 0.006726980675011873 0.000021847268726560287 0.007399141788482666 
vn 0.008585176430642605 0.000021847170501132496 0.005127797368913889 
vn 0.004704472608864307 0.007482878398150206 0.004677017219364643 
vn 0.005450827535241842 0.007737895008176565 0.0032269929070025682 
vn 0.009980359114706516 0.000021846974050276913 0.0006260968511924148 
vn 0.006453421898186207 0.007626008242368698 0.000444253149908036 
vn 0.007667627651244402 0.000021847226889804006 0.0064192721620202065 
vn 0.006336257793009281 0.005616858135908842 0.005320034921169281 
vn -0.002386587904766202 0.006317509338259697 0.007375182118266821 
vn -0.003140110755339265 0.000021847354219062254 0.009494169615209103 
vn 0.007715885993093252 0.0000218472232518252 0.006361184176057577 
vn -0.003140110755339265 0.000021847354219062254 0.009494169615209103 
vn 0.00012867874465882778 0.000021847379684913903 0.009999150410294533 
vn 0.00012867874465882778 0.000021847379684913903 0.009999150410294533 
vn 0.0033833906054496765 0.000021847354219062254 0.009410219267010689 
vn 0.0033833906054496765 0.000021847354219062254 0.009410219267010689 
vn -0.0074998969212174416 0.000021847226889804006 0.006614462472498417 
vn -0.006172197870910168 0.005616858135908842 0.005509528331458569 
vn 0.0025755881797522306 0.006317509338259697 0.007311323657631874 
vn 0.00004460222044144757 0.008700028993189335 0.004930265713483095 
vn 0.009980359114706516 0.000021846974050276913 0.0006260968511924148 
vn -0.007549634203314781 0.0000218472232518252 0.006557635962963104 
vn 0.0018210784764960408 0.005867242347449064 -0.007890447974205017 
vn 0.00007474394078599289 0.009896226227283478 -0.0014349635457620025 
vn -0.000034809749195119366 0.009919826872646809 -0.001263256766833365 
vn -0.00000786658620199887 0.00998129602521658 -0.0006112833507359028 
vn -0.00011382500088075176 0.008059239946305752 -0.005919097922742367 
vn -0.0024783697444945574 0.005902568809688091 -0.007682277821004391 
vn -0.00016880813927855343 0.009883292019367218 -0.0015139516908675432 
vn 0.00796751119196415 0.005212872289121151 -0.0030569194350391626 
vn -0.000054575459216721356 0.009908405132591724 -0.001349270693026483 
vn 0.004704472608864307 0.007482878398150206 0.004677017219364643 
vn -0.00016228551976382732 0.009945066645741463 -0.0010340767912566662 
vn 0.005450827535241842 0.007737895008176565 0.0032269929070025682 
vn -0.00003567657768144272 0.009999904781579971 -0.000025226006982848048 
vn 0.006453421898186207 0.007626008242368698 0.000444253149908036 
vn 0.00001628068639547564 0.00999961793422699 0.00008585631439927965 
vn 0.006336257793009281 0.005616858135908842 0.005320034921169281 
vn 0.0000566307753615547 0.009996564127504826 0.0002559427812229842 
vn -0.002386587904766202 0.006317509338259697 0.007375182118266821 
vn 0.0000566307753615547 0.009996564127504826 0.0002559427812229842 
vn 0.00004460222044144757 0.008700028993189335 0.004930265713483095 
vn 0.00000168669362210494 0.009999141097068787 0.00013106674305163324 
vn 0.000014035728781891521 0.009999904781579971 0.000041377643356099725 
vn -5.624741557935797e-12 0.009999999776482582 -4.370779016493742e-10 
vn 0.00013562117237597704 0.009945066645741463 -0.0010379105806350708 
vn -0.008148548193275928 0.005250109825283289 -0.002457140479236841 
vn -0.00004271592842997052 0.00999961793422699 0.00007623467536177486 
vn -0.005365979857742786 0.007737895008176565 0.0033661939669400454 
vn -0.0064361863769590855 0.007626008242368698 0.00064770074095577 
vn -0.000014521903722197749 0.009996564127504826 0.000261730543570593 
vn -0.006172197870910168 0.005616858135908842 0.005509528331458569 
vn -0.004555234685540199 0.007482878398150206 0.004822487477213144 
vn 0.0025755881797522306 0.006317509338259697 0.007311323657631874 
vn -0.00008459756645606831 0.009996564127504826 0.0002481068659108132 
vn -0.006172197870910168 0.005616858135908842 0.005509528331458569 
vn -0.006172197870910168 0.005616858135908842 0.005509528331458569 
vn -0.0064361863769590855 0.007626008242368698 0.00064770074095577 
vn -0.009960941970348358 0.000021846974050276913 0.0008827208075672388 
vn -0.00845037680119276 0.000021847170501132496 0.005347027443349361 
vn -0.005365979857742786 0.007737895008176565 0.0033661939669400454 
vn -0.006476993206888437 0.00002184727054554969 0.007618931587785482 
vn -0.004555234685540199 0.007482878398150206 0.004822487477213144 
vn -0.008148548193275928 0.005250109825283289 -0.002457140479236841 
vn -0.009605943225324154 0.0000218468139792094 -0.002779462141916156 
vn -0.006476993206888437 0.00002184727054554969 0.007618931587785482 
vn -0.00845037680119276 0.000021847170501132496 0.005347027443349361 
vn -0.009960941970348358 0.000021846974050276913 0.0008827208075672388 
vn -0.0074998969212174416 0.000021847226889804006 0.006614462472498417 
vn -0.007549634203314781 0.0000218472232518252 0.006557635962963104 
vn -0.009584679268300533 0.000021846812160219997 -0.0028519253246486187 
vn 0.002414851216599345 0.000021846519302926026 -0.00970402266830206 
vn 0.002414851216599345 0.000021846519302926026 -0.00970402266830206 
vn -0.0002041870029643178 0.000021846504751010798 -0.009997894056141376 
vn -0.0002041870029643178 0.000021846504751010798 -0.009997894056141376 
vn 0.0018210784764960408 0.005867242347449064 -0.007890447974205017 
vn -0.00011382500088075176 0.008059239946305752 -0.005919097922742367 
vn -0.003169345436617732 0.000021846524759894237 -0.00948445126414299 
vn -0.0024783697444945574 0.005902568809688091 -0.007682277821004391 
vn 0.009331158362329006 0.000021846790332347155 -0.003595699556171894 
vn 0.00796751119196415 0.005212872289121151 -0.0030569194350391626 
vn 0.009303737431764603 0.000021846786694368348 -0.0036660642363131046 
vn -0.003169345436617732 0.000021846524759894237 -0.00948445126414299 
vn 0.005829181056469679 0.005796254612505436 0.005694217514246702 
vn -5.624741557935797e-12 0.009999999776482582 -4.370779016493742e-10 
vn 0.00007183253910625353 0.007094202563166618 0.007047493010759354 
vn -5.624741557935797e-12 0.009999999776482582 -4.370779016493742e-10 
vn 0.007078202906996012 0.007063339464366436 -0.00009108948142966256 
vn 0.007161456625908613 0.000021847250536666252 0.006979477591812611 
vn 0.009999150410294533 0.00002184694130846765 -0.00012867874465882778 
vn 0.007161456625908613 0.000021847250536666252 0.006979477591812611 
vn 0.009999150410294533 0.00002184694130846765 -0.00012867874465882778 
vn 0.007161456625908613 0.000021847250536666252 0.006979477591812611 
vn 0.009999150410294533 0.00002184694130846765 -0.00012867874465882778 
vn 0.00012867874465882778 0.000021847379684913903 0.009999150410294533 
vn 0.00012867874465882778 0.000021847379684913903 0.009999150410294533 
vn 0.00012867874465882778 0.000021847379684913903 0.009999150410294533 
vn 0.00012867874465882778 0.000021847379684913903 0.009999150410294533 
vn 0.00012867874465882778 0.000021847379684913903 0.009999150410294533 
vn -0.006979477591812611 0.000021847250536666252 0.007161456625908613 
vn -0.006979477591812611 0.000021847250536666252 0.007161456625908613 
vn -0.009999150410294533 0.00002184694130846765 0.00012867874465882778 
vn -0.009999150410294533 0.00002184694130846765 0.00012867874465882778 
vn -0.006979477591812611 0.000021847250536666252 0.007161456625908613 
vn -0.009999150410294533 0.00002184694130846765 0.00012867874465882778 
vn -0.005707687698304653 0.005796254612505436 0.005815992131829262 
vn -0.007078202906996012 0.007063339464366436 0.00009108886297326535 
vn 0.00007183253910625353 0.007094202563166618 0.007047493010759354 
vn 0.00012867874465882778 0.000021847379684913903 0.009999150410294533 
vn 0.005711840465664864 0.005760593339800835 -0.005847261752933264 
vn 0.006979477591812611 -0.000021847250536666252 -0.007161456625908613 
vn 0.009999150410294533 0.00002184694130846765 -0.00012867874465882778 
vn 0.009999150410294533 0.00002184694130846765 -0.00012867874465882778 
vn 0.007078202906996012 0.007063339464366436 -0.00009108948142966256 
vn -0.00005339851850294508 0.007063338998705149 -0.0070785884745419025 
vn -5.624741557935797e-12 0.009999999776482582 -4.370779016493742e-10 
vn -0.00005339851850294508 0.007063338998705149 -0.0070785884745419025 
vn -5.624741557935797e-12 0.009999999776482582 -4.370779016493742e-10 
vn -0.0058340709656476974 0.005760593339800835 -0.005725312978029251 
vn -0.007078202906996012 0.007063339464366436 0.00009108886297326535 
vn -0.007161456625908613 -0.000021847250536666252 -0.006979477591812611 
vn -0.009999150410294533 0.00002184694130846765 0.00012867874465882778 
vn -0.007161456625908613 -0.000021847250536666252 -0.006979477591812611 
vn -0.009999150410294533 0.00002184694130846765 0.00012867874465882778 
vn -0.007161456625908613 -0.000021847250536666252 -0.006979477591812611 
vn -0.009999150410294533 0.00002184694130846765 0.00012867874465882778 
vn -0.00012867874465882778 -0.000021847379684913903 -0.009999150410294533 
vn -0.0031396246049553156 -0.003031935542821884 -0.008997230790555477 
vn -0.0031224628910422325 0.002990268636494875 -0.009017125703394413 
vn 0.0028893849812448025 0.002990268636494875 -0.00909449253231287 
vn 0.006979477591812611 -0.000021847250536666252 -0.007161456625908613 
vn 0.009999150410294533 0.00002184694130846765 -0.00012867874465882778 
vn 0.006979477591812611 -0.000021847250536666252 -0.007161456625908613 
vn 0.0028710782062262297 -0.003031935542821884 -0.009086490608751774 
vn -0.00012867874465882778 -0.000021847379684913903 -0.009999150410294533 
vn 0.005673935636878014 -0.005796254612505436 -0.005848924163728952 
vn 0.005711840465664864 0.005760593339800835 -0.005847261752933264 
vn -0.0058340709656476974 0.005760593339800835 -0.005725312978029251 
vn -0.0058225709944963455 -0.005796254612505436 -0.005700976122170687 
vn 0.0002495000371709466 0.0009815298253670335 -0.00994858704507351 
vn 0.00551140820607543 0.000021846579329576343 -0.008344096131622791 
vn 0.0005506037850864232 0.0001966095296666026 -0.009982896037399769 
vn 0.0035815297160297632 -0.0009380384581163526 -0.009289390407502651 
vn -0.00020105144358240068 0.002188680460676551 -0.00975547544658184 
vn 0.002036826219409704 -0.004092631861567497 -0.008893915452063084 
vn 0.0025611380115151405 -0.00002184736331400927 -0.009666443802416325 
vn 0.0025611380115151405 0.00002184652112191543 -0.009666443802416325 
vn -0.0061495620757341385 0.00002184659388149157 -0.00788558553904295 
vn -0.005086861085146666 0.005652954336255789 -0.006493688095360994 
vn -0.00788558553904295 0.000021847206880920567 0.0061495620757341385 
vn -0.006356788799166679 0.0059377835132181644 0.004932949785143137 
vn -0.005204458720982075 -0.0029485460836440325 -0.008013720624148846 
vn 0.0009946029167622328 -0.0042118774726986885 -0.00901503674685955 
vn -0.006140508688986301 -0.0030319353099912405 -0.0072870817966759205 
vn -0.000059555357438512146 -0.004290974233299494 -0.009032387286424637 
vn -0.006970949936658144 -0.0030735433101654053 -0.0064775943756103516 
vn -0.0011701993644237518 -0.004369743168354034 -0.008918296545743942 
vn -0.007587467320263386 -0.0031565825920552015 -0.005697926506400108 
vn -0.0021351706236600876 -0.004369743168354034 -0.00873764418065548 
vn -0.002879900159314275 0.0003276453062426299 -0.009570728987455368 
vn -0.004061596468091011 -0.0013287236215546727 -0.00904090516269207 
vn -0.005815138574689627 0.004949461668729782 -0.006456549279391766 
vn -0.006837964057922363 0.00002184661934734322 -0.0072966986335814 
vn -0.0023148541804403067 -0.0014585253084078431 -0.009618429467082024 
vn -0.006837964057922363 0.00002184661934734322 -0.0072966986335814 
vn -0.0028090430423617363 0.00002184652112191543 -0.009597335010766983 
vn -0.0028090430423617363 0.00002184652112191543 -0.009597335010766983 
vn -0.0028090430423617363 -0.00002184736331400927 -0.009597335010766983 
vn -0.002444735961034894 -0.00002184736695198808 -0.0096965366974473 
vn -0.00133300491143018 0.000021846508388989605 -0.009910734370350838 
vn -0.00012867874465882778 0.000021846504751010798 -0.009999150410294533 
vn 0.0010775239206850529 0.000021846508388989605 -0.009941755793988705 
vn 0.00219439878128469 -0.00002184736695198808 -0.00975623819977045 
vn 0.0014811359578743577 0.00718597462400794 -0.006794706452637911 
vn -0.0015160759212449193 0.006969945505261421 0.007008665706962347 
vn -0.0008105358574539423 0.006938547361642122 0.007155390456318855 
vn 0.0007574788760393858 0.007216291036456823 -0.00688123470172286 
vn -0.00008948679897002876 0.00718597462400794 -0.006953688804060221 
vn -0.0008969461196102202 0.007216291036456823 -0.006864448077976704 
vn -0.0016554981702938676 0.00718597462400794 -0.006754341069608927 
vn 0.00488773500546813 0.005652954336255789 -0.006644861772656441 
vn 0.00594460079446435 0.00002184659388149157 -0.00804122444242239 
vn 0.00594460079446435 0.00002184659388149157 -0.00804122444242239 
vn 0.00804122444242239 0.000021847206880920567 0.00594460079446435 
vn 0.00804122444242239 0.000021847206880920567 0.00594460079446435 
vn 0.006481626536697149 0.0059377835132181644 0.004767732694745064 
vn 0.001695932587608695 0.006969945505261421 0.006967330351471901 
vn 0.0009944019839167595 0.006938547361642122 0.007132162805646658 
vn 0.0000926637148950249 0.006938547361642122 0.007200554944574833 
vn -0.006375138182193041 -0.005937783047556877 0.004909213166683912 
vn -0.0015583045314997435 -0.006969945039600134 0.006999398116022348 
vn -0.0050483327358961105 -0.005652954801917076 -0.006523684598505497 
vn 0.001523386687040329 -0.007185975089669228 -0.006785357836633921 
vn 0.0007401744369417429 -0.007216291502118111 -0.006883116438984871 
vn -0.0007557216449640691 -0.006938546430319548 0.007161387708038092 
vn -0.00012728053843602538 -0.007185975089669228 -0.006953099276870489 
vn 0.00007378094596788287 -0.006938546430319548 0.007200774271041155 
vn -0.0009170572157017887 -0.007216291502118111 -0.006861789617687464 
vn 0.0009771921904757619 -0.006938546430319548 0.007134541869163513 
vn -0.0020296459551900625 -0.006969945505261421 -0.00687752990052104 
vn 0.0014979508705437183 -0.006938546430319548 0.007043630816042423 
vn 0.006173149216920137 -0.006317508406937122 0.004688425920903683 
vn 0.004813437350094318 -0.005724823102355003 -0.0066375634633004665 
vn 0.00804122444242239 0.000021847206880920567 0.00594460079446435 
vn 0.00594460079446435 0.00002184659388149157 -0.00804122444242239 
vn -0.0028090430423617363 0.00002184652112191543 -0.009597335010766983 
vn -0.0028090430423617363 0.00002184652112191543 -0.009597335010766983 
vn -0.002444735961034894 0.00002184651566494722 -0.0096965366974473 
vn -0.00133300491143018 0.000021846508388989605 -0.009910734370350838 
vn -0.00012867874465882778 0.000021846504751010798 -0.009999150410294533 
vn 0.0010775239206850529 0.000021846508388989605 -0.009941755793988705 
vn 0.00219439878128469 0.00002184651566494722 -0.00975623819977045 
vn 0.0025611380115151405 0.00002184652112191543 -0.009666443802416325 
vn 0.0025611380115151405 0.00002184652112191543 -0.009666443802416325 
vn -0.0061495620757341385 0.00002184659388149157 -0.00788558553904295 
vn 0.0025611380115151405 0.00002184652112191543 -0.009666443802416325 
vn -0.0061495620757341385 0.00002184659388149157 -0.00788558553904295 
vn -0.00788558553904295 0.000021847206880920567 0.0061495620757341385 
vn -0.00788558553904295 0.000021847206880920567 0.0061495620757341385 
vn 0.00551140820607543 0.000021846579329576343 -0.008344096131622791 
vn 0.00551140820607543 0.000021846579329576343 -0.008344096131622791 
vn 0.0002495000371709466 0.0009815298253670335 -0.00994858704507351 
vn 0.00448632100597024 -0.0051755355671048164 -0.007286067586392164 
vn 0.0035815297160297632 0.0009380377014167607 -0.009289390407502651 
vn 0.0004750991356559098 -0.0002839727094396949 -0.00998467206954956 
vn 0.0019788513891398907 0.004092630930244923 -0.008906994946300983 
vn 0.0029796247836202383 -0.0026128022000193596 -0.009181237779557705 
vn 0.0009946029167622328 0.004211877007037401 -0.00901503674685955 
vn 0.00134341383818537 -0.0024860526900738478 -0.009592435322701931 
vn -0.00011623041064012796 0.004290973301976919 -0.009031835943460464 
vn -0.0012248869752511382 0.004369742702692747 -0.008910950273275375 
vn -0.0020212470553815365 0.004448177758604288 -0.008725154213607311 
vn 0.005980390124022961 0.003031934844329953 -0.00741905253380537 
vn 0.0050412751734256744 0.0030735426116734743 -0.0080708684399724 
vn -0.00220064097084105 -0.0025283510331064463 -0.009421499446034431 
vn -0.003925681114196777 0.0012854038504883647 -0.00910696480423212 
vn -0.0026809656992554665 -0.0005459028761833906 -0.009618443436920643 
vn -0.006837964057922363 0.00002184661934734322 -0.0072966986335814 
vn -0.0023148541804403067 -0.0014585253084078431 -0.009618429467082024 
vn 0.0028090430423617363 -0.00002184652112191543 0.009597335010766983 
vn 0.002444735961034894 -0.00002184651566494722 0.0096965366974473 
vn 0.0028090430423617363 0.00002184736331400927 0.009597335010766983 
vn 0.002444735961034894 0.00002184736695198808 0.0096965366974473 
vn 0.0028090430423617363 0.00002184736331400927 0.009597335010766983 
vn 0.002444735961034894 0.00002184736695198808 0.0096965366974473 
vn 0.0028090430423617363 0.00002184736331400927 0.009597335010766983 
vn 0.006173149216920137 -0.006317508406937122 0.004688425920903683 
vn 0.0014979508705437183 -0.006938546430319548 0.007043630816042423 
vn 0.002444735961034894 0.00002184736695198808 0.0096965366974473 
vn 0.0009771921904757619 -0.006938546430319548 0.007134541869163513 
vn 0.00133300491143018 0.000021847376046935096 0.009910734370350838 
vn 0.00007378094596788287 -0.006938546430319548 0.007200774271041155 
vn 0.00012867874465882778 0.000021847379684913903 0.009999150410294533 
vn -0.0007557216449640691 -0.006938546430319548 0.007161387708038092 
vn -0.0010775239206850529 0.000021847376046935096 0.009941755793988705 
vn -0.0015583045314997435 -0.006969945039600134 0.006999398116022348 
vn -0.00219439878128469 0.00002184736695198808 0.00975623819977045 
vn -0.006375138182193041 -0.005937783047556877 0.004909213166683912 
vn -0.0025611380115151405 0.00002184736331400927 0.009666443802416325 
vn -0.00788558553904295 0.000021847206880920567 0.0061495620757341385 
vn -0.0025611380115151405 0.00002184736331400927 0.009666443802416325 
vn 0.00804122444242239 0.000021847206880920567 0.00594460079446435 
vn -0.00788558553904295 0.000021847206880920567 0.0061495620757341385 
vn -0.0025611380115151405 0.00002184736331400927 0.009666443802416325 
vn -0.00219439878128469 0.00002184736695198808 0.00975623819977045 
vn -0.006356788799166679 0.0059377835132181644 0.004932949785143137 
vn -0.0025611380115151405 0.00002184736331400927 0.009666443802416325 
vn -0.00219439878128469 0.00002184736695198808 0.00975623819977045 
vn -0.0010775239206850529 -0.000021846508388989605 0.009941755793988705 
vn 0.002688405103981495 0.003156582824885845 0.009099917486310005 
vn 0.0000926637148950249 0.006938547361642122 0.007200554944574833 
vn -0.0024533404503017664 0.003156582824885845 0.00916608702391386 
vn -0.0024017440155148506 -0.0031565821263939142 0.009179741144180298 
vn 0.00133300491143018 -0.000021846508388989605 0.009910734370350838 
vn 0.00133300491143018 -0.000021846508388989605 0.009910734370350838 
vn 0.00133300491143018 0.000021847376046935096 0.009910734370350838 
vn 0.001695932587608695 0.006969945505261421 0.006967330351471901 
vn 0.006481626536697149 0.0059377835132181644 0.004767732694745064 
vn 0.00804122444242239 0.000021847206880920567 0.00594460079446435 
vn -0.0015160759212449193 0.006969945505261421 0.007008665706962347 
vn 0.0009944019839167595 0.006938547361642122 0.007132162805646658 
vn 0.00012867874465882778 0.000021847379684913903 0.009999150410294533 
vn 0.00012867874465882778 0.000021847379684913903 0.009999150410294533 
vn 0.0000926637148950249 0.006938547361642122 0.007200554944574833 
vn -0.0010775239206850529 0.000021847376046935096 0.009941755793988705 
vn -0.0008105358574539423 0.006938547361642122 0.007155390456318855 
vn -0.00219439878128469 0.00002184736695198808 0.00975623819977045 
vn -0.0010775239206850529 0.000021847376046935096 0.009941755793988705 
vn 0.00012867874465882778 -0.000021846504751010798 0.009999150410294533 
vn 0.00007378094596788287 -0.006938546430319548 0.007200774271041155 
vn 0.00005169041105546057 -0.00718597462400794 0.006954072508960962 
vn -0.0055406540632247925 -0.005760593339800835 0.006009720731526613 
vn -0.005520073231309652 0.005760593805462122 0.006028629839420319 
vn 0.00008948679169407114 0.007185975089669228 0.006953688338398933 
vn 0.0006568412645719945 -0.000021846504751010798 0.009978382848203182 
vn 0.0006568412645719945 0.0000218473778659245 0.009978382848203182 
vn 0.00012867874465882778 0.000021847379684913903 0.009999150410294533 
vn -0.00039984332397580147 0.0000218473778659245 0.009991981089115143 
vn 0.005693471524864435 -0.005760593339800835 0.005865149199962616 
vn 0.0026734494604170322 -0.0031565821263939142 0.009104323573410511 
vn 0.00012867874465882778 -0.000021846504751010798 0.009999150410294533 
vn 0.0057004704140126705 0.005760593805462122 0.005858346354216337 
vn -0.00039984332397580147 -0.000021846504751010798 0.009991981089115143 
vn 0.006726980675011873 0.000021847268726560287 0.007399141788482666 
vn 0.008585176430642605 0.000021847170501132496 0.005127797368913889 
vn 0.006726980675011873 0.000021847268726560287 0.007399141788482666 
vn 0.008585176430642605 0.000021847170501132496 0.005127797368913889 
vn 0.004704472608864307 0.007482878398150206 0.004677017219364643 
vn 0.005450827535241842 0.007737895008176565 0.0032269929070025682 
vn 0.009980359114706516 0.000021846974050276913 0.0006260968511924148 
vn 0.006453421898186207 0.007626008242368698 0.000444253149908036 
vn 0.007667627651244402 0.000021847226889804006 0.0064192721620202065 
vn 0.006336257793009281 0.005616858135908842 0.005320034921169281 
vn -0.002386587904766202 0.006317509338259697 0.007375182118266821 
vn -0.003140110755339265 0.000021847354219062254 0.009494169615209103 
vn 0.007715885993093252 0.0000218472232518252 0.006361184176057577 
vn -0.003140110755339265 0.000021847354219062254 0.009494169615209103 
vn 0.00012867874465882778 0.000021847379684913903 0.009999150410294533 
vn 0.00012867874465882778 0.000021847379684913903 0.009999150410294533 
vn 0.0033833906054496765 0.000021847354219062254 0.009410219267010689 
vn 0.0033833906054496765 0.000021847354219062254 0.009410219267010689 
vn -0.0074998969212174416 0.000021847226889804006 0.006614462472498417 
vn -0.006172197870910168 0.005616858135908842 0.005509528331458569 
vn 0.0025755881797522306 0.006317509338259697 0.007311323657631874 
vn 0.00004460222044144757 0.008700028993189335 0.004930265713483095 
vn 0.009980359114706516 0.000021846974050276913 0.0006260968511924148 
vn -0.007549634203314781 0.0000218472232518252 0.006557635962963104 
vn 0.0018210784764960408 0.005867242347449064 -0.007890447974205017 
vn 0.00007474394078599289 0.009896226227283478 -0.0014349635457620025 
vn -0.000034809749195119366 0.009919826872646809 -0.001263256766833365 
vn -0.00000786658620199887 0.00998129602521658 -0.0006112833507359028 
vn -0.00011382500088075176 0.008059239946305752 -0.005919097922742367 
vn -0.0024783697444945574 0.005902568809688091 -0.007682277821004391 
vn -0.00016880813927855343 0.009883292019367218 -0.0015139516908675432 
vn 0.00796751119196415 0.005212872289121151 -0.0030569194350391626 
vn -0.000054575459216721356 0.009908405132591724 -0.001349270693026483 
vn 0.004704472608864307 0.007482878398150206 0.004677017219364643 
vn -0.00016228551976382732 0.009945066645741463 -0.0010340767912566662 
vn 0.005450827535241842 0.007737895008176565 0.0032269929070025682 
vn -0.00003567657768144272 0.009999904781579971 -0.000025226006982848048 
vn 0.006453421898186207 0.007626008242368698 0.000444253149908036 
vn 0.00001628068639547564 0.00999961793422699 0.00008585631439927965 
vn 0.006336257793009281 0.005616858135908842 0.005320034921169281 
vn 0.0000566307753615547 0.009996564127504826 0.0002559427812229842 
vn -0.002386587904766202 0.006317509338259697 0.007375182118266821 
vn 0.0000566307753615547 0.009996564127504826 0.0002559427812229842 
vn 0.00004460222044144757 0.008700028993189335 0.004930265713483095 
vn 0.00000168669362210494 0.009999141097068787 0.00013106674305163324 
vn 0.000014035728781891521 0.009999904781579971 0.000041377643356099725 
vn -5.624741557935797e-12 0.009999999776482582 -4.370779016493742e-10 
vn 0.00013562117237597704 0.009945066645741463 -0.0010379105806350708 
vn -0.008148548193275928 0.005250109825283289 -0.002457140479236841 
vn -0.00004271592842997052 0.00999961793422699 0.00007623467536177486 
vn -0.005365979857742786 0.007737895008176565 0.0033661939669400454 
vn -0.0064361863769590855 0.007626008242368698 0.00064770074095577 
vn -0.000014521903722197749 0.009996564127504826 0.000261730543570593 
vn -0.006172197870910168 0.005616858135908842 0.005509528331458569 
vn -0.004555234685540199 0.007482878398150206 0.004822487477213144 
vn 0.0025755881797522306 0.006317509338259697 0.007311323657631874 
vn -0.00008459756645606831 0.009996564127504826 0.0002481068659108132 
vn -0.006172197870910168 0.005616858135908842 0.005509528331458569 
vn -0.006172197870910168 0.005616858135908842 0.005509528331458569 
vn -0.0064361863769590855 0.007626008242368698 0.00064770074095577 
vn -0.009960941970348358 0.000021846974050276913 0.0008827208075672388 
vn -0.00845037680119276 0.000021847170501132496 0.005347027443349361 
vn -0.005365979857742786 0.007737895008176565 0.0033661939669400454 
vn -0.006476993206888437 0.00002184727054554969 0.007618931587785482 
vn -0.004555234685540199 0.007482878398150206 0.004822487477213144 
vn -0.008148548193275928 0.005250109825283289 -0.002457140479236841 
vn -0.009605943225324154 0.0000218468139792094 -0.002779462141916156 
vn -0.006476993206888437 0.00002184727054554969 0.007618931587785482 
vn -0.00845037680119276 0.000021847170501132496 0.005347027443349361 
vn -0.009960941970348358 0.000021846974050276913 0.0008827208075672388 
vn -0.0074998969212174416 0.000021847226889804006 0.006614462472498417 
vn -0.007549634203314781 0.0000218472232518252 0.006557635962963104 
vn -0.009584679268300533 0.000021846812160219997 -0.0028519253246486187 
vn 0.002414851216599345 0.000021846519302926026 -0.00970402266830206 
vn 0.002414851216599345 0.000021846519302926026 -0.00970402266830206 
vn -0.0002041870029643178 0.000021846504751010798 -0.009997894056141376 
vn -0.0002041870029643178 0.000021846504751010798 -0.009997894056141376 
vn 0.0018210784764960408 0.005867242347449064 -0.007890447974205017 
vn -0.00011382500088075176 0.008059239946305752 -0.005919097922742367 
vn -0.003169345436617732 0.000021846524759894237 -0.00948445126414299 
vn -0.0024783697444945574 0.005902568809688091 -0.007682277821004391 
vn 0.009331158362329006 0.000021846790332347155 -0.003595699556171894 
vn 0.00796751119196415 0.005212872289121151 -0.0030569194350391626 
vn 0.009303737431764603 0.000021846786694368348 -0.0036660642363131046 
vn -0.003169345436617732 0.000021846524759894237 -0.00948445126414299 
vn 0.005829181056469679 0.005796254612505436 0.005694217514246702 
vn -5.624741557935797e-12 0.009999999776482582 -4.370779016493742e-10 
vn 0.00007183253910625353 0.007094202563166618 0.007047493010759354 
vn -5.624741557935797e-12 0.009999999776482582 -4.370779016493742e-10 
vn 0.007078202906996012 0.007063339464366436 -0.00009108948142966256 
vn 0.007161456625908613 0.000021847250536666252 0.006979477591812611 
vn 0.009999150410294533 0.00002184694130846765 -0.00012867874465882778 
vn 0.007161456625908613 0.000021847250536666252 0.006979477591812611 
vn 0.009999150410294533 0.00002184694130846765 -0.00012867874465882778 
vn 0.007161456625908613 0.000021847250536666252 0.006979477591812611 
vn 0.009999150410294533 0.00002184694130846765 -0.00012867874465882778 
vn 0.00012867874465882778 0.000021847379684913903 0.009999150410294533 
vn 0.00012867874465882778 0.000021847379684913903 0.009999150410294533 
vn 0.00012867874465882778 0.000021847379684913903 0.009999150410294533 
vn 0.00012867874465882778 0.000021847379684913903 0.009999150410294533 
vn 0.00012867874465882778 0.000021847379684913903 0.009999150410294533 
vn -0.006979477591812611 0.000021847250536666252 0.007161456625908613 
vn -0.006979477591812611 0.000021847250536666252 0.007161456625908613 
vn -0.009999150410294533 0.00002184694130846765 0.00012867874465882778 
vn -0.009999150410294533 0.00002184694130846765 0.00012867874465882778 
vn -0.006979477591812611 0.000021847250536666252 0.007161456625908613 
vn -0.009999150410294533 0.00002184694130846765 0.00012867874465882778 
vn -0.005707687698304653 0.005796254612505436 0.005815992131829262 
vn -0.007078202906996012 0.007063339464366436 0.00009108886297326535 
vn 0.00007183253910625353 0.007094202563166618 0.007047493010759354 
vn 0.00012867874465882778 0.000021847379684913903 0.009999150410294533 
vn 0.005711840465664864 0.005760593339800835 -0.005847261752933264 
vn 0.006979477591812611 -0.000021847250536666252 -0.007161456625908613 
vn 0.009999150410294533 0.00002184694130846765 -0.00012867874465882778 
vn 0.009999150410294533 0.00002184694130846765 -0.00012867874465882778 
vn 0.007078202906996012 0.007063339464366436 -0.00009108948142966256 
vn -0.00005339851850294508 0.007063338998705149 -0.0070785884745419025 
vn -5.624741557935797e-12 0.009999999776482582 -4.370779016493742e-10 
vn -0.00005339851850294508 0.007063338998705149 -0.0070785884745419025 
vn -5.624741557935797e-12 0.009999999776482582 -4.370779016493742e-10 
vn -0.0058340709656476974 0.005760593339800835 -0.005725312978029251 
vn -0.007078202906996012 0.007063339464366436 0.00009108886297326535 
vn -0.007161456625908613 -0.000021847250536666252 -0.006979477591812611 
vn -0.009999150410294533 0.00002184694130846765 0.00012867874465882778 
vn -0.007161456625908613 -0.000021847250536666252 -0.006979477591812611 
vn -0.009999150410294533 0.00002184694130846765 0.00012867874465882778 
vn -0.007161456625908613 -0.000021847250536666252 -0.006979477591812611 
vn -0.009999150410294533 0.00002184694130846765 0.00012867874465882778 
vn -0.00012867874465882778 -0.000021847379684913903 -0.009999150410294533 
vn -0.0031396246049553156 -0.003031935542821884 -0.008997230790555477 
vn -0.0031224628910422325 0.002990268636494875 -0.009017125703394413 
vn 0.0028893849812448025 0.002990268636494875 -0.00909449253231287 
vn 0.006979477591812611 -0.000021847250536666252 -0.007161456625908613 
vn 0.009999150410294533 0.00002184694130846765 -0.00012867874465882778 
vn 0.006979477591812611 -0.000021847250536666252 -0.007161456625908613 
vn 0.0028710782062262297 -0.003031935542821884 -0.009086490608751774 
vn -0.00012867874465882778 -0.000021847379684913903 -0.009999150410294533 
vn 0.005673935636878014 -0.005796254612505436 -0.005848924163728952 
vn 0.005711840465664864 0.005760593339800835 -0.005847261752933264 
vn -0.0058340709656476974 0.005760593339800835 -0.005725312978029251 
vn -0.0058225709944963455 -0.005796254612505436 -0.005700976122170687 
vn -0.0002495039952918887 0.0009815309895202518 0.00994858704507351 
vn -0.005511411931365728 0.00002184756340284366 0.008344094268977642 
vn -0.0005506078014150262 0.0001966107083717361 0.009982896037399769 
vn -0.0035815334413200617 -0.0009380374103784561 0.009289388544857502 
vn 0.00020104754366911948 0.002188681624829769 0.009755474515259266 
vn -0.002036829711869359 -0.004092630464583635 0.008893915452063084 
vn -0.0025611419696360826 -0.000021846215531695634 0.00966644287109375 
vn -0.0025611419696360826 0.000021847667085239664 0.00966644287109375 
vn 0.006149559281766415 0.00002184754703193903 0.007885587401688099 
vn 0.005086858756840229 0.005652955267578363 0.006493689492344856 
vn 0.007885587401688099 0.00002184649019909557 -0.006149559281766415 
vn 0.006356790661811829 0.00593778258189559 -0.004932947922497988 
vn 0.005204455461353064 -0.002948545152321458 0.008013722486793995 
vn -0.0009946065256372094 -0.004211876541376114 0.00901503674685955 
vn 0.006140505895018578 -0.0030319346114993095 0.007287084590643644 
vn 0.00005955175220151432 -0.004290973301976919 0.009032388217747211 
vn 0.00697094714269042 -0.0030735426116734743 0.006477597169578075 
vn 0.0011701957555487752 -0.00436974223703146 0.008918297477066517 
vn 0.007587464991956949 -0.0031565818935632706 0.0056979297660291195 
vn 0.0021351671312004328 -0.00436974223703146 0.008737645111978054 
vn 0.0028798962011933327 0.0003276464412920177 0.009570730850100517 
vn 0.004061593208462 -0.0013287225738167763 0.00904090702533722 
vn 0.00581513624638319 0.004949462600052357 0.0064565506763756275 
vn 0.0068379612639546394 0.000021847503376193345 0.007296701427549124 
vn 0.002314850455150008 -0.0014585241442546248 0.009618431329727173 
vn 0.0068379612639546394 0.000021847503376193345 0.007296701427549124 
vn 0.002809039317071438 0.00002184767072321847 0.009597336873412132 
vn 0.002809039317071438 0.00002184767072321847 0.009597336873412132 
vn 0.002809039317071438 -0.00002184621371270623 0.009597336873412132 
vn 0.002444732002913952 -0.000021846206436748616 0.009696537628769875 
vn 0.001333000953309238 0.000021847692551091313 0.009910735301673412 
vn 0.00012867474288213998 0.00002184769618907012 0.009999150410294533 
vn -0.001077527878805995 0.00002184769073210191 0.00994175486266613 
vn -0.002194402739405632 -0.00002184620825573802 0.009756237268447876 
vn -0.0014811386354267597 0.007185975089669228 0.006794705055654049 
vn 0.0015160787152126431 0.006969945039600134 -0.007008665706962347 
vn 0.0008105387096293271 0.006938546430319548 -0.007155390921980143 
vn -0.0007574816700071096 0.007216291967779398 0.006881233304738998 
vn 0.00008948400500230491 0.007185975089669228 0.006953687872737646 
vn 0.0008969433838501573 0.007216291967779398 0.006864447612315416 
vn 0.0016554954927414656 0.007185975089669228 0.006754341069608927 
vn -0.004887737333774567 0.005652955267578363 0.006644858978688717 
vn -0.005944603588432074 0.000021847539755981416 0.00804122257977724 
vn -0.005944603588432074 0.000021847539755981416 0.00804122257977724 
vn -0.00804122257977724 0.000021846481104148552 -0.005944603588432074 
vn -0.00804122257977724 0.000021846481104148552 -0.005944603588432074 
vn -0.006481624674052 0.00593778258189559 -0.004767735954374075 
vn -0.0016959297936409712 0.006969945039600134 -0.006967331748455763 
vn -0.0009943990735337138 0.006938546430319548 -0.00713216420263052 
vn -0.00009266084816772491 0.006938546430319548 -0.0072005558758974075 
vn 0.00637514004483819 -0.0059377835132181644 -0.004909209907054901 
vn 0.0015583073254674673 -0.0069699459709227085 -0.006999396253377199 
vn 0.005048330407589674 -0.0056529538705945015 0.006523687392473221 
vn -0.001523389364592731 -0.007185974158346653 0.006785358302295208 
vn -0.0007401771727018058 -0.007216291036456823 0.0068831173703074455 
vn 0.0007557245553471148 -0.006938547361642122 -0.007161386776715517 
vn 0.000127277773572132 -0.007185974158346653 0.006953100208193064 
vn -0.00007377805013675243 -0.006938547361642122 -0.00720077333971858 
vn 0.0009170544799417257 -0.007216291036456823 0.006861791014671326 
vn -0.0009771892800927162 -0.006938547361642122 -0.007134541403502226 
vn 0.0020296431612223387 -0.006969945039600134 0.006877531763166189 
vn -0.0014979480765759945 -0.006938547361642122 -0.007043630350381136 
vn -0.006173147354274988 -0.006317509338259697 -0.004688427783548832 
vn -0.004813439678400755 -0.005724822171032429 0.006637562531977892 
vn -0.00804122257977724 0.000021846481104148552 -0.005944603588432074 
vn -0.005944603588432074 0.000021847539755981416 0.00804122257977724 
vn 0.002809039317071438 0.00002184767072321847 0.009597336873412132 
vn 0.002809039317071438 0.00002184767072321847 0.009597336873412132 
vn 0.002444732002913952 0.000021847677999176085 0.009696537628769875 
vn 0.001333000953309238 0.000021847692551091313 0.009910735301673412 
vn 0.00012867474288213998 0.00002184769618907012 0.009999150410294533 
vn -0.001077527878805995 0.00002184769073210191 0.00994175486266613 
vn -0.002194402739405632 0.000021847674361197278 0.009756237268447876 
vn -0.0025611419696360826 0.000021847667085239664 0.00966644287109375 
vn -0.0025611419696360826 0.000021847667085239664 0.00966644287109375 
vn 0.006149559281766415 0.00002184754703193903 0.007885587401688099 
vn -0.0025611419696360826 0.000021847667085239664 0.00966644287109375 
vn 0.006149559281766415 0.00002184754703193903 0.007885587401688099 
vn 0.007885587401688099 0.00002184649019909557 -0.006149559281766415 
vn 0.007885587401688099 0.00002184649019909557 -0.006149559281766415 
vn -0.005511411931365728 0.00002184756340284366 0.008344094268977642 
vn -0.005511411931365728 0.00002184756340284366 0.008344094268977642 
vn -0.0002495039952918887 0.0009815309895202518 0.00994858704507351 
vn -0.0044863237999379635 -0.005175534635782242 0.00728606665506959 
vn -0.0035815334413200617 0.0009380387491546571 0.009289388544857502 
vn -0.00047510312288068235 -0.0002839715452864766 0.00998467206954956 
vn -0.0019788548815995455 0.004092631861567497 0.008906994014978409 
vn -0.0029796285089105368 -0.0026128010358661413 0.009181237779557705 
vn -0.0009946065256372094 0.004211877938359976 0.009015035815536976 
vn -0.0013434176798909903 -0.0024860515259206295 0.009592435322701931 
vn 0.00011622679448919371 0.004290974698960781 0.009031835943460464 
vn 0.0012248833663761616 0.004369743634015322 0.008910950273275375 
vn 0.0020212435629218817 0.004448178689926863 0.008725154213607311 
vn -0.0059803929179906845 0.003031935542821884 0.0074190497398376465 
vn -0.005041278433054686 0.003073543542996049 0.008070865646004677 
vn 0.0022006372455507517 -0.002528349868953228 0.00942150130867958 
vn 0.003925677388906479 0.001285405014641583 0.00910696666687727 
vn 0.0026809617411345243 -0.0005459017702378333 0.009618444368243217 
vn 0.0068379612639546394 0.000021847503376193345 0.007296701427549124 
vn 0.002314850455150008 -0.0014585241442546248 0.009618431329727173 
vn -0.002809039317071438 -0.00002184767072321847 -0.009597336873412132 
vn -0.002444732002913952 -0.000021847677999176085 -0.009696537628769875 
vn -0.002809039317071438 0.00002184621371270623 -0.009597336873412132 
vn -0.002444732002913952 0.000021846206436748616 -0.009696537628769875 
vn -0.002809039317071438 0.00002184621371270623 -0.009597336873412132 
vn -0.002444732002913952 0.000021846206436748616 -0.009696537628769875 
vn -0.002809039317071438 0.00002184621371270623 -0.009597336873412132 
vn -0.006173147354274988 -0.006317509338259697 -0.004688427783548832 
vn -0.0014979480765759945 -0.006938547361642122 -0.007043630350381136 
vn -0.002444732002913952 0.000021846206436748616 -0.009696537628769875 
vn -0.0009771892800927162 -0.006938547361642122 -0.007134541403502226 
vn -0.001333000953309238 0.000021846191884833388 -0.009910735301673412 
vn -0.00007377805013675243 -0.006938547361642122 -0.00720077333971858 
vn -0.00012867474288213998 0.000021846186427865177 -0.009999150410294533 
vn 0.0007557245553471148 -0.006938547361642122 -0.007161386776715517 
vn 0.001077527878805995 0.000021846191884833388 -0.00994175486266613 
vn 0.0015583073254674673 -0.0069699459709227085 -0.006999396253377199 
vn 0.002194402739405632 0.00002184620825573802 -0.009756237268447876 
vn 0.00637514004483819 -0.0059377835132181644 -0.004909209907054901 
vn 0.0025611419696360826 0.000021846215531695634 -0.00966644287109375 
vn 0.007885587401688099 0.00002184649019909557 -0.006149559281766415 
vn 0.0025611419696360826 0.000021846215531695634 -0.00966644287109375 
vn -0.00804122257977724 0.000021846481104148552 -0.005944603588432074 
vn 0.007885587401688099 0.00002184649019909557 -0.006149559281766415 
vn 0.0025611419696360826 0.000021846215531695634 -0.00966644287109375 
vn 0.002194402739405632 0.00002184620825573802 -0.009756237268447876 
vn 0.006356790661811829 0.00593778258189559 -0.004932947922497988 
vn 0.0025611419696360826 0.000021846215531695634 -0.00966644287109375 
vn 0.002194402739405632 0.00002184620825573802 -0.009756237268447876 
vn 0.001077527878805995 -0.00002184769073210191 -0.00994175486266613 
vn -0.0026884013786911964 0.003156581660732627 -0.009099919348955154 
vn -0.00009266084816772491 0.006938546430319548 -0.0072005558758974075 
vn 0.002453344175592065 0.003156581660732627 -0.009166086092591286 
vn 0.002401747740805149 -0.003156583057716489 -0.009179740212857723 
vn -0.001333000953309238 -0.000021847692551091313 -0.009910735301673412 
vn -0.001333000953309238 -0.000021847692551091313 -0.009910735301673412 
vn -0.001333000953309238 0.000021846191884833388 -0.009910735301673412 
vn -0.0016959297936409712 0.006969945039600134 -0.006967331748455763 
vn -0.006481624674052 0.00593778258189559 -0.004767735954374075 
vn -0.00804122257977724 0.000021846481104148552 -0.005944603588432074 
vn 0.0015160787152126431 0.006969945039600134 -0.007008665706962347 
vn -0.0009943990735337138 0.006938546430319548 -0.00713216420263052 
vn -0.00012867474288213998 0.000021846186427865177 -0.009999150410294533 
vn -0.00012867474288213998 0.000021846186427865177 -0.009999150410294533 
vn -0.00009266084816772491 0.006938546430319548 -0.0072005558758974075 
vn 0.001077527878805995 0.000021846191884833388 -0.00994175486266613 
vn 0.0008105387096293271 0.006938546430319548 -0.007155390921980143 
vn 0.002194402739405632 0.00002184620825573802 -0.009756237268447876 
vn 0.001077527878805995 0.000021846191884833388 -0.00994175486266613 
vn -0.00012867474288213998 -0.00002184769618907012 -0.009999150410294533 
vn -0.00007377805013675243 -0.006938547361642122 -0.00720077333971858 
vn -0.000051687617087736726 -0.007185975089669228 -0.006954072043299675 
vn 0.005540656391531229 -0.005760593805462122 -0.006009717937558889 
vn 0.005520075559616089 0.005760592874139547 -0.006028628442436457 
vn -0.00008948402683017775 0.007185974158346653 -0.006953689269721508 
vn -0.0006568373064510524 -0.00002184769618907012 -0.009978382848203182 
vn -0.0006568373064510524 0.00002184618824685458 -0.009978382848203182 
vn -0.00012867474288213998 0.000021846186427865177 -0.009999150410294533 
vn 0.00039984731120057404 0.00002184618824685458 -0.009991981089115143 
vn -0.005693469196557999 -0.005760593805462122 -0.005865150596946478 
vn -0.0026734457351267338 -0.003156583057716489 -0.009104323573410511 
vn -0.00012867474288213998 -0.00002184769618907012 -0.009999150410294533 
vn -0.005700468085706234 0.005760592874139547 -0.005858349613845348 
vn 0.00039984731120057404 -0.00002184769618907012 -0.009991981089115143 
vn -0.006726977881044149 0.000021846373783773743 -0.00739914458245039 
vn -0.008585174567997456 0.00002184654113079887 -0.005127801094204187 
vn -0.006726977881044149 0.000021846373783773743 -0.00739914458245039 
vn -0.008585174567997456 0.00002184654113079887 -0.005127801094204187 
vn -0.004704470746219158 0.007482877466827631 -0.004677020013332367 
vn -0.00545082613825798 0.007737894542515278 -0.0032269959338009357 
vn -0.009980359114706516 0.00002184687946282793 -0.0006261008093133569 
vn -0.006453421898186207 0.007626008242368698 -0.0004442566423676908 
vn -0.007667625322937965 0.00002184644472436048 -0.00641927495598793 
vn -0.006336255464702845 0.005616857670247555 -0.005320038180798292 
vn 0.0023865909315645695 0.006317508406937122 -0.007375181652605534 
vn 0.0031401144806295633 0.000021846230083610862 -0.009494168683886528 
vn -0.007715883199125528 0.00002184645018132869 -0.006361187435686588 
vn 0.0031401144806295633 0.000021846230083610862 -0.009494168683886528 
vn -0.00012867474288213998 0.000021846186427865177 -0.009999150410294533 
vn -0.00012867474288213998 0.000021846186427865177 -0.009999150410294533 
vn -0.003383386880159378 0.000021846226445632055 -0.009410221129655838 
vn -0.003383386880159378 0.000021846226445632055 -0.009410221129655838 
vn 0.007499899715185165 0.0000218464538193075 -0.006614459678530693 
vn 0.006172200199216604 0.005616857670247555 -0.005509526468813419 
vn -0.002575585152953863 0.006317508406937122 -0.007311325520277023 
vn -0.00004460026684682816 0.00870002806186676 -0.004930267110466957 
vn -0.009980359114706516 0.00002184687946282793 -0.0006261008093133569 
vn 0.007549636531621218 0.000021846457457286306 -0.006557632703334093 
vn -0.0018210816197097301 0.005867243278771639 0.007890447042882442 
vn -0.00007474453013855964 0.009896226227283478 0.0014349623816087842 
vn 0.000034809225326171145 0.009919826872646809 0.0012632556026801467 
vn 0.000007866320629545953 0.00998129602521658 0.0006112821865826845 
vn 0.0001138226143666543 0.008059240877628326 0.005919096991419792 
vn 0.00247836671769619 0.005902569741010666 0.007682278286665678 
vn 0.0001688075135461986 0.009883292019367218 0.001513950526714325 
vn -0.007967512123286724 0.005212872754782438 0.003056915709748864 
vn 0.000054574898967985064 0.009908405132591724 0.0013492695288732648 
vn -0.004704470746219158 0.007482877466827631 -0.004677020013332367 
vn 0.00016228508320637047 0.009945066645741463 0.0010340757435187697 
vn -0.00545082613825798 0.007737894542515278 -0.0032269959338009357 
vn 0.00003567654493963346 0.009999904781579971 0.000025224830096703954 
vn -0.006453421898186207 0.007626008242368698 -0.0004442566423676908 
vn -0.000016280673662549816 0.00999961793422699 -0.000085857514932286 
vn -0.006336255464702845 0.005616857670247555 -0.005320038180798292 
vn -0.00005663069532602094 0.009996564127504826 -0.0002559440035838634 
vn 0.0023865909315645695 0.006317508406937122 -0.007375181652605534 
vn -0.00005663069532602094 0.009996564127504826 -0.0002559440035838634 
vn -0.00004460026684682816 0.00870002806186676 -0.004930267110466957 
vn -0.0000016866620171640534 0.009999141097068787 -0.00013106793630868196 
vn -0.00001403573332936503 0.009999904781579971 -0.00004137884025112726 
vn -1.513852931900317e-11 0.009999999776482582 -7.549168512532844e-10 
vn -0.0001356216089334339 0.009945066645741463 0.0010379094164818525 
vn 0.008148547261953354 0.005250110290944576 0.0024571430403739214 
vn 0.00004271593570592813 0.00999961793422699 -0.00007623585406690836 
vn 0.005365981254726648 0.007737894542515278 -0.003366192802786827 
vn 0.006436186842620373 0.007626008242368698 -0.0006476991111412644 
vn 0.000014521987395710312 0.009996564127504826 -0.0002617317368276417 
vn 0.006172200199216604 0.005616857670247555 -0.005509526468813419 
vn 0.0045552365481853485 0.007482877466827631 -0.00482248654589057 
vn -0.002575585152953863 0.006317508406937122 -0.007311325520277023 
vn 0.00008459764649160206 0.009996564127504826 -0.0002481080300640315 
vn 0.006172200199216604 0.005616857670247555 -0.005509526468813419 
vn 0.006172200199216604 0.005616857670247555 -0.005509526468813419 
vn 0.006436186842620373 0.007626008242368698 -0.0006476991111412644 
vn 0.009960942901670933 0.00002184689037676435 -0.0008827168494462967 
vn 0.00845037866383791 0.000021846550225745887 -0.00534702418372035 
vn 0.005365981254726648 0.007737894542515278 -0.003366192802786827 
vn 0.006476996466517448 0.000021846375602763146 -0.007618929259479046 
vn 0.0045552365481853485 0.007482877466827631 -0.00482248654589057 
vn 0.008148547261953354 0.005250110290944576 0.0024571430403739214 
vn 0.00960594229400158 0.00002184716686315369 0.002779466100037098 
vn 0.006476996466517448 0.000021846375602763146 -0.007618929259479046 
vn 0.00845037866383791 0.000021846550225745887 -0.00534702418372035 
vn 0.009960942901670933 0.00002184689037676435 -0.0008827168494462967 
vn 0.007499899715185165 0.0000218464538193075 -0.006614459678530693 
vn 0.007549636531621218 0.000021846457457286306 -0.006557632703334093 
vn 0.009584678336977959 0.0000218471723201219 0.002851929282769561 
vn -0.0024148551747202873 0.00002184767072321847 0.009704021736979485 
vn -0.0024148551747202873 0.00002184767072321847 0.009704021736979485 
vn 0.00020418300118763 0.00002184769618907012 0.009997894056141376 
vn 0.00020418300118763 0.00002184769618907012 0.009997894056141376 
vn -0.0018210816197097301 0.005867243278771639 0.007890447042882442 
vn 0.0001138226143666543 0.008059240877628326 0.005919096991419792 
vn 0.0031693417113274336 0.000021847661628271453 0.009484452195465565 
vn 0.00247836671769619 0.005902569741010666 0.007682278286665678 
vn -0.00933115929365158 0.000021847199604962952 0.0035956958308815956 
vn -0.007967512123286724 0.005212872754782438 0.003056915709748864 
vn -0.009303739294409752 0.000021847205061931163 0.003666060511022806 
vn 0.0031693417113274336 0.000021847661628271453 0.009484452195465565 
vn -0.005829178728163242 0.005796253681182861 -0.005694220773875713 
vn -1.513852931900317e-11 0.009999999776482582 -7.549168512532844e-10 
vn -0.00007182973786257207 0.007094201631844044 -0.007047493942081928 
vn -1.513852931900317e-11 0.009999999776482582 -7.549168512532844e-10 
vn -0.007078202906996012 0.007063339464366436 0.00009108580707106739 
vn -0.007161453831940889 0.000021846404706593603 -0.0069794803857803345 
vn -0.009999150410294533 0.000021846935851499438 0.00012867474288213998 
vn -0.007161453831940889 0.000021846404706593603 -0.0069794803857803345 
vn -0.009999150410294533 0.000021846935851499438 0.00012867474288213998 
vn -0.007161453831940889 0.000021846404706593603 -0.0069794803857803345 
vn -0.009999150410294533 0.000021846935851499438 0.00012867474288213998 
vn -0.00012867474288213998 0.000021846186427865177 -0.009999150410294533 
vn -0.00012867474288213998 0.000021846186427865177 -0.009999150410294533 
vn -0.00012867474288213998 0.000021846186427865177 -0.009999150410294533 
vn -0.00012867474288213998 0.000021846186427865177 -0.009999150410294533 
vn -0.00012867474288213998 0.000021846186427865177 -0.009999150410294533 
vn 0.0069794803857803345 0.000021846411982551217 -0.007161453831940889 
vn 0.0069794803857803345 0.000021846411982551217 -0.007161453831940889 
vn 0.009999150410294533 0.00002184694676543586 -0.00012867474288213998 
vn 0.009999150410294533 0.00002184694676543586 -0.00012867474288213998 
vn 0.0069794803857803345 0.000021846411982551217 -0.007161453831940889 
vn 0.009999150410294533 0.00002184694676543586 -0.00012867474288213998 
vn 0.00570769002661109 0.005796253681182861 -0.0058159902691841125 
vn 0.007078202906996012 0.007063339464366436 -0.00009108686936087906 
vn -0.00007182973786257207 0.007094201631844044 -0.007047493942081928 
vn -0.00012867474288213998 0.000021846186427865177 -0.009999150410294533 
vn -0.0057118427939713 0.005760593805462122 0.005847258493304253 
vn -0.0069794803857803345 -0.000021846411982551217 0.007161453831940889 
vn -0.009999150410294533 0.000021846935851499438 0.00012867474288213998 
vn -0.009999150410294533 0.000021846935851499438 0.00012867474288213998 
vn -0.007078202906996012 0.007063339464366436 0.00009108580707106739 
vn 0.000053395673603517935 0.007063339930027723 0.007078587543219328 
vn -1.513852931900317e-11 0.009999999776482582 -7.549168512532844e-10 
vn 0.000053395673603517935 0.007063339930027723 0.007078587543219328 
vn -1.513852931900317e-11 0.009999999776482582 -7.549168512532844e-10 
vn 0.005834068637341261 0.005760593805462122 0.0057253148406744 
vn 0.007078202906996012 0.007063339464366436 -0.00009108686936087906 
vn 0.007161453831940889 -0.000021846404706593603 0.0069794803857803345 
vn 0.009999150410294533 0.00002184694676543586 -0.00012867474288213998 
vn 0.007161453831940889 -0.000021846404706593603 0.0069794803857803345 
vn 0.009999150410294533 0.00002184694676543586 -0.00012867474288213998 
vn 0.007161453831940889 -0.000021846404706593603 0.0069794803857803345 
vn 0.009999150410294533 0.00002184694676543586 -0.00012867474288213998 
vn 0.00012867474288213998 -0.000021846186427865177 0.009999150410294533 
vn 0.0031396211124956608 -0.003031934378668666 0.008997232653200626 
vn 0.003122459165751934 0.0029902698006480932 0.009017126634716988 
vn -0.002889388706535101 0.0029902698006480932 0.00909449066966772 
vn -0.0069794803857803345 -0.000021846411982551217 0.007161453831940889 
vn -0.009999150410294533 0.000021846935851499438 0.00012867474288213998 
vn -0.0069794803857803345 -0.000021846411982551217 0.007161453831940889 
vn -0.0028710816986858845 -0.003031934378668666 0.009086490608751774 
vn 0.00012867474288213998 -0.000021846186427865177 0.009999150410294533 
vn -0.00567393796518445 -0.005796253681182861 0.005848922301083803 
vn -0.0057118427939713 0.005760593805462122 0.005847258493304253 
vn 0.005834068637341261 0.005760593805462122 0.0057253148406744 
vn 0.005822568666189909 -0.005796253681182861 0.005700978916138411 
vn 0.0035220119170844555 -0.007032340858131647 0.006175889167934656 
vn 0.000018871120119001716 -0.0013287216424942017 0.009911313652992249 
vn -0.000018896265828516334 -0.007032340858131647 0.007109558675438166 
vn -0.004955665674060583 -0.0013287218753248453 0.008583465591073036 
vn -0.003554791212081909 -0.007032340858131647 0.006157080642879009 
vn -0.008592884987592697 -0.0013287224574014544 0.004939313977956772 
vn -0.006147609557956457 -0.007032341323792934 0.003571144538000226 
vn -0.00991125963628292 -0.0013287232723087072 -0.00003774195283767767 
vn -0.007109482306987047 -0.007032341789454222 -0.00003779125108849257 
vn -0.008592884987592697 -0.00132872408721596 -0.0049393135122954845 
vn -0.006147609557956457 -0.007032342720776796 -0.0035711422096937895 
vn -0.004955665674060583 -0.0013287246692925692 -0.008583464659750462 
vn -0.003554791212081909 -0.007032343186438084 -0.006157078314572573 
vn 0.000018871120119001716 -0.0013287249021232128 -0.009911313652992249 
vn -0.000018896265828516334 -0.007032343186438084 -0.007109556347131729 
vn 0.004988315515220165 -0.0013287246692925692 -0.008564531803131104 
vn 0.003587470157071948 -0.007032343186438084 -0.006138094700872898 
vn 0.008574013598263264 -0.00132872408721596 -0.004971999675035477 
vn 0.006166505161672831 -0.007032342720776796 -0.0035384127404540777 
vn -2.068231052255163e-15 -0.009999999776482582 1.629209989140179e-9 
vn 0.007109582424163818 -0.007032341789454222 1.145716188588608e-9 
vn 0.0035220119170844555 -0.007032340858131647 0.006175889167934656 
vn 0.006166505161672831 -0.007032341323792934 0.0035384150687605143 
vn -0.007109482306987047 -0.007032341789454222 -0.00003779125108849257 
vn 2.068231052255163e-15 -0.009999999776482582 1.629209989140179e-9 
vn -0.006147609557956457 -0.007032341323792934 0.003571144538000226 
vn -0.003554791212081909 -0.007032340858131647 0.006157080642879009 
vn 2.068231052255163e-15 -0.009999999776482582 1.629209989140179e-9 
vn -0.000018896265828516334 -0.007032340858131647 0.007109558675438166 
vn 0.004922944121062756 -0.0013287218753248453 0.00860227458178997 
vn 0.006166505161672831 -0.007032341323792934 0.0035384150687605143 
vn 0.008574013598263264 -0.0013287224574014544 0.004972000140696764 
vn 0.007109582424163818 -0.007032341789454222 1.145716188588608e-9 
vn 0.009911331348121166 -0.0013287232723087072 2.16476919723263e-10 
vn 0.006166505161672831 -0.007032342720776796 -0.0035384127404540777 
vn 0.008574013598263264 -0.00132872408721596 -0.004971999675035477 
vn 0.0035220119170844555 -0.007032340858131647 0.006175889167934656 
vn 0.000018871120119001716 -0.0013287216424942017 0.009911313652992249 
vn -0.000018896265828516334 -0.007032340858131647 0.007109558675438166 
vn -0.004955665674060583 -0.0013287218753248453 0.008583465591073036 
vn -0.003554791212081909 -0.007032340858131647 0.006157080642879009 
vn -0.008592884987592697 -0.0013287224574014544 0.004939313977956772 
vn -0.006147609557956457 -0.007032341323792934 0.003571144538000226 
vn -0.00991125963628292 -0.0013287232723087072 -0.00003774195283767767 
vn -0.007109482306987047 -0.007032341789454222 -0.00003779125108849257 
vn -0.008592884987592697 -0.00132872408721596 -0.0049393135122954845 
vn -0.006147609557956457 -0.007032342720776796 -0.0035711422096937895 
vn -0.004955665674060583 -0.0013287246692925692 -0.008583464659750462 
vn -0.003554791212081909 -0.007032343186438084 -0.006157078314572573 
vn 0.000018871120119001716 -0.0013287249021232128 -0.009911313652992249 
vn -0.000018896265828516334 -0.007032343186438084 -0.007109556347131729 
vn 0.004988315515220165 -0.0013287246692925692 -0.008564531803131104 
vn 0.003587470157071948 -0.007032343186438084 -0.006138094700872898 
vn 0.008574013598263264 -0.00132872408721596 -0.004971999675035477 
vn 0.006166505161672831 -0.007032342720776796 -0.0035384127404540777 
vn -2.068231052255163e-15 -0.009999999776482582 1.629209989140179e-9 
vn 0.007109582424163818 -0.007032341789454222 1.145716188588608e-9 
vn 0.0035220119170844555 -0.007032340858131647 0.006175889167934656 
vn 0.006166505161672831 -0.007032341323792934 0.0035384150687605143 
vn -0.007109482306987047 -0.007032341789454222 -0.00003779125108849257 
vn 2.068231052255163e-15 -0.009999999776482582 1.629209989140179e-9 
vn -0.006147609557956457 -0.007032341323792934 0.003571144538000226 
vn -0.003554791212081909 -0.007032340858131647 0.006157080642879009 
vn 2.068231052255163e-15 -0.009999999776482582 1.629209989140179e-9 
vn -0.000018896265828516334 -0.007032340858131647 0.007109558675438166 
vn 0.004922944121062756 -0.0013287218753248453 0.00860227458178997 
vn 0.006166505161672831 -0.007032341323792934 0.0035384150687605143 
vn 0.008574013598263264 -0.0013287224574014544 0.004972000140696764 
vn 0.007109582424163818 -0.007032341789454222 1.145716188588608e-9 
vn 0.009911331348121166 -0.0013287232723087072 2.16476919723263e-10 
vn 0.006166505161672831 -0.007032342720776796 -0.0035384127404540777 
vn 0.008574013598263264 -0.00132872408721596 -0.004971999675035477 
vn 0.0035220119170844555 -0.007032340858131647 0.006175889167934656 
vn 0.000018871120119001716 -0.0013287216424942017 0.009911313652992249 
vn -0.000018896265828516334 -0.007032340858131647 0.007109558675438166 
vn -0.004955665674060583 -0.0013287218753248453 0.008583465591073036 
vn -0.003554791212081909 -0.007032340858131647 0.006157080642879009 
vn -0.008592884987592697 -0.0013287224574014544 0.004939313977956772 
vn -0.006147609557956457 -0.007032341323792934 0.003571144538000226 
vn -0.00991125963628292 -0.0013287232723087072 -0.00003774195283767767 
vn -0.007109482306987047 -0.007032341789454222 -0.00003779125108849257 
vn -0.008592884987592697 -0.00132872408721596 -0.0049393135122954845 
vn -0.006147609557956457 -0.007032342720776796 -0.0035711422096937895 
vn -0.004955665674060583 -0.0013287246692925692 -0.008583464659750462 
vn -0.003554791212081909 -0.007032343186438084 -0.006157078314572573 
vn 0.000018871120119001716 -0.0013287249021232128 -0.009911313652992249 
vn -0.000018896265828516334 -0.007032343186438084 -0.007109556347131729 
vn 0.004988315515220165 -0.0013287246692925692 -0.008564531803131104 
vn 0.003587470157071948 -0.007032343186438084 -0.006138094700872898 
vn 0.008574013598263264 -0.00132872408721596 -0.004971999675035477 
vn 0.006166505161672831 -0.007032342720776796 -0.0035384127404540777 
vn -2.068231052255163e-15 -0.009999999776482582 1.629209989140179e-9 
vn 0.007109582424163818 -0.007032341789454222 1.145716188588608e-9 
vn 0.0035220119170844555 -0.007032340858131647 0.006175889167934656 
vn 0.006166505161672831 -0.007032341323792934 0.0035384150687605143 
vn -0.007109482306987047 -0.007032341789454222 -0.00003779125108849257 
vn 2.068231052255163e-15 -0.009999999776482582 1.629209989140179e-9 
vn -0.006147609557956457 -0.007032341323792934 0.003571144538000226 
vn -0.003554791212081909 -0.007032340858131647 0.006157080642879009 
vn 2.068231052255163e-15 -0.009999999776482582 1.629209989140179e-9 
vn -0.000018896265828516334 -0.007032340858131647 0.007109558675438166 
vn 0.004922944121062756 -0.0013287218753248453 0.00860227458178997 
vn 0.006166505161672831 -0.007032341323792934 0.0035384150687605143 
vn 0.008574013598263264 -0.0013287224574014544 0.004972000140696764 
vn 0.007109582424163818 -0.007032341789454222 1.145716188588608e-9 
vn 0.009911331348121166 -0.0013287232723087072 2.16476919723263e-10 
vn 0.006166505161672831 -0.007032342720776796 -0.0035384127404540777 
vn 0.008574013598263264 -0.00132872408721596 -0.004971999675035477 
vt 0.7335271239280701 0.23345695436000824 
vt 0.6786693334579468 0.21904602646827698 
vt 0.7281774282455444 0.2434529811143875 
vt 0.6723811030387878 0.2329571545124054 
vt 0.7234846949577332 0.253865510225296 
vt 0.6671252846717834 0.24720148742198944 
vt 0.7195428609848022 0.26452791690826416 
vt 0.6628549098968506 0.2618623375892639 
vt 0.7163518071174622 0.2754402458667755 
vt 0.6596169471740723 0.2766897678375244 
vt 0.7139585018157959 0.2865191698074341 
vt 0.6576460003852844 0.29284998774528503 
vt 0.7091719508171082 0.29643189907073975 
vt 0.6576460003852844 0.30901023745536804 
vt 0.7078580260276794 0.3060947358608246 
vt 0.6596638560295105 0.32483726739883423 
vt 0.7095943093299866 0.31584084033966064 
vt 0.6629018187522888 0.3393315076828003 
vt 0.7150847911834717 0.3256702721118927 
vt 0.7284590005874634 0.3178400695323944 
vt 0.7276142835617065 0.3303350806236267 
vt 0.7504677772521973 0.317923367023468 
vt 0.7408007979393005 0.32741957902908325 
vt 0.7260656952857971 0.2811046838760376 
vt 0.7276612520217896 0.2934330999851227 
vt 0.7393460869789124 0.283103883266449 
vt 0.7496231198310852 0.29193368554115295 
vt 0.7286936044692993 0.30559492111206055 
vt 0.7537057995796204 0.3047619163990021 
vt 0.6858491897583008 0.2056346833705902 
vt 0.7396276593208313 0.2237941324710846 
vt 0.6939675807952881 0.19272315502166748 
vt 0.7463382482528687 0.2146311104297638 
vt 0.7029775977134705 0.1804780215024948 
vt 0.7537057995796204 0.20588459074497223 
vt 0.7128322720527649 0.1688160002231598 
vt 0.0060116201639175415 0.42680805921554565 
vt 0.00696877995505929 0.010450894013047218 
vt 0.017497539520263672 0.023184601217508316 
vt 0.2324995994567871 0.0060116201639175415 
vt 0.2241244614124298 0.016292044892907143 
vt 0.2224494218826294 0.4012238383293152 
vt 0.21658681333065033 0.39690136909484863 
vt 0.21742433309555054 0.020848140120506287 
vt 0.02336014434695244 0.02774069830775261 
vt 0.014865349978208542 0.4134902358055115 
vt 0.2324995994567871 0.4112706184387207 
vt 0.0060116201639175415 0.6178136467933655 
vt 0.0060116201639175415 0.4388408362865448 
vt 0.45815008878707886 0.6178136467933655 
vt 0.45815008878707886 0.4388408362865448 
vt 0.9581465125083923 0.0060116201639175415 
vt 0.9581465125083923 0.015357459895312786 
vt 0.9543178677558899 0.0060116201639175415 
vt 0.9543178677558899 0.015357459895312786 
vt 0.7881309986114502 0.0060116201639175415 
vt 0.7881309986114502 0.015357459895312786 
vt 0.78537917137146 0.0060116201639175415 
vt 0.78537917137146 0.015357459895312786 
vt 0.7881309986114502 0.025287415832281113 
vt 0.78537917137146 0.025287415832281113 
vt 0.9581465125083923 0.025287415832281113 
vt 0.9543178677558899 0.025287415832281113 
vt 0.9581465125083923 0.034516431391239166 
vt 0.9543178677558899 0.034516431391239166 
vt 0.9581465125083923 0.044563211500644684 
vt 0.9543178677558899 0.044563211500644684 
vt 0.7881309986114502 0.044563211500644684 
vt 0.7881309986114502 0.034516431391239166 
vt 0.78537917137146 0.034516431391239166 
vt 0.78537917137146 0.044563211500644684 
vt 0.18535947799682617 0.9087029695510864 
vt 0.18535947799682617 0.8986561894416809 
vt 0.1881113052368164 0.9087029695510864 
vt 0.1881113052368164 0.8986561894416809 
vt 0.3556143045425415 0.9087029695510864 
vt 0.3556143045425415 0.8986561894416809 
vt 0.35812684893608093 0.9087029695510864 
vt 0.35812684893608093 0.8986561894416809 
vt 0.3556143045425415 0.889427125453949 
vt 0.35812684893608093 0.889427125453949 
vt 0.35812684893608093 0.8793803453445435 
vt 0.3556143045425415 0.8793803453445435 
vt 0.3556143045425415 0.8701513409614563 
vt 0.1881113052368164 0.8701513409614563 
vt 0.1881113052368164 0.8793803453445435 
vt 0.18535947799682617 0.8701513409614563 
vt 0.18535947799682617 0.8793803453445435 
vt 0.18535947799682617 0.889427125453949 
vt 0.1881113052368164 0.889427125453949 
vt 0.35812684893608093 0.8701513409614563 
vt 0.02168511413037777 0.40870049595832825 
vt 0.7111992239952087 0.36162084341049194 
vt 0.7073706388473511 0.36162084341049194 
vt 0.7111992239952087 0.3715507984161377 
vt 0.7073706388473511 0.3715507984161377 
vt 0.7073706388473511 0.38077980279922485 
vt 0.7111992239952087 0.38077980279922485 
vt 0.7073706388473511 0.39082658290863037 
vt 0.7111992239952087 0.39082658290863037 
vt 0.5417819023132324 0.36162084341049194 
vt 0.5417819023132324 0.3715507984161377 
vt 0.5384318828582764 0.36162084341049194 
vt 0.5384318828582764 0.3715507984161377 
vt 0.5384318828582764 0.38077980279922485 
vt 0.5417819023132324 0.38077980279922485 
vt 0.5384318828582764 0.39082658290863037 
vt 0.5417819023132324 0.39082658290863037 
vt 0.5384318828582764 0.40005558729171753 
vt 0.5417819023132324 0.40005558729171753 
vt 0.7073706388473511 0.40005558729171753 
vt 0.7111992239952087 0.40005558729171753 
vt 0.7955489754676819 0.9629088044166565 
vt 0.7955489754676819 0.9601050615310669 
vt 0.8054795265197754 0.9629088044166565 
vt 0.8054795265197754 0.9601050615310669 
vt 0.8148118257522583 0.9629088044166565 
vt 0.7955489754676819 0.7933986186981201 
vt 0.8054795265197754 0.7933986186981201 
vt 0.7955489754676819 0.7901275753974915 
vt 0.8054795265197754 0.7901275753974915 
vt 0.8148118257522583 0.7933986186981201 
vt 0.8148118257522583 0.7901275753974915 
vt 0.8247423768043518 0.7901275753974915 
vt 0.8247423768043518 0.7933986186981201 
vt 0.8340746760368347 0.7933986186981201 
vt 0.8340746760368347 0.9601050615310669 
vt 0.8247423768043518 0.9601050615310669 
vt 0.8340746760368347 0.9629088044166565 
vt 0.8247423768043518 0.9629088044166565 
vt 0.8148118257522583 0.9601050615310669 
vt 0.8340746760368347 0.7901275753974915 
vt 0.5384318828582764 0.155778706073761 
vt 0.5384318828582764 0.0060116201639175415 
vt 0.6456338167190552 0.15566188097000122 
vt 0.6456338167190552 0.0060116201639175415 
vt 0.6456338167190552 0.19982098042964935 
vt 0.6456338167190552 0.34947124123573303 
vt 0.5384318828582764 0.19982098042964935 
vt 0.5384318828582764 0.3495880663394928 
vt 0.5401068925857544 0.15753105282783508 
vt 0.6439587473869324 0.15753105282783508 
vt 0.5399872660636902 0.19806863367557526 
vt 0.6438391208648682 0.19806863367557526 
vt 0.9751361012458801 0.7705013155937195 
vt 0.9367300868034363 0.7705013155937195 
vt 0.9751361012458801 0.6196828484535217 
vt 0.9367300868034363 0.6196828484535217 
vt 0.8863595128059387 0.7276272773742676 
vt 0.8863595128059387 0.6196828484535217 
vt 0.9247655868530273 0.7276272773742676 
vt 0.9247655868530273 0.6196828484535217 
vt 0.783584475517273 0.7353376150131226 
vt 0.783584475517273 0.6196828484535217 
vt 0.6327121257781982 0.7353376150131226 
vt 0.6327121257781982 0.6196828484535217 
vt 0.34233370423316956 0.01021724846214056 
vt 0.24458375573158264 0.01021724846214056 
vt 0.34233370423316956 0.0060116201639175415 
vt 0.24458375573158264 0.0060116201639175415 
vt 0.3986864984035492 0.629846453666687 
vt 0.3986864984035492 0.7276272773742676 
vt 0.0060116201639175415 0.629846453666687 
vt 0.0060116201639175415 0.7276272773742676 
vt 0.34233370423316956 0.4029761850833893 
vt 0.24458375573158264 0.4029761850833893 
vt 0.34233370423316956 0.01021724846214056 
vt 0.24458375573158264 0.01021724846214056 
vt 0.34233370423316956 0.4070649743080139 
vt 0.24458375573158264 0.4070649743080139 
vt 0.34233370423316956 0.4029761850833893 
vt 0.24458375573158264 0.4029761850833893 
vt 0.8587215542793274 0.8705018162727356 
vt 0.8587215542793274 0.8766934275627136 
vt 0.8525000214576721 0.8705018162727356 
vt 0.8525000214576721 0.8766934275627136 
vt 0.8525000214576721 0.9018104076385498 
vt 0.8525000214576721 0.895618736743927 
vt 0.8587215542793274 0.9018104076385498 
vt 0.8587215542793274 0.895618736743927 
vt 0.8460391759872437 0.8768102526664734 
vt 0.8522607088088989 0.8768102526664734 
vt 0.8460391759872437 0.895501971244812 
vt 0.8522607088088989 0.895501971244812 
vt 0.9378069043159485 0.33159732818603516 
vt 0.9378069043159485 0.3377889394760132 
vt 0.9191422462463379 0.33159732818603516 
vt 0.9191422462463379 0.3377889394760132 
vt 0.858242928981781 0.8772775530815125 
vt 0.858242928981781 0.895034670829773 
vt 0.8528589010238647 0.8772775530815125 
vt 0.8528589010238647 0.895034670829773 
vt 0.7589375972747803 0.5895425081253052 
vt 0.8668574094772339 0.5895425081253052 
vt 0.7589375972747803 0.4388408362865448 
vt 0.8668574094772339 0.4388408362865448 
vt 0.873677134513855 0.16886287927627563 
vt 0.7657573819160461 0.16886287927627563 
vt 0.873677134513855 0.319564551115036 
vt 0.7657573819160461 0.319564551115036 
vt 0.4254869818687439 0.8523942828178406 
vt 0.4256066381931305 0.7416460514068604 
vt 0.3190029263496399 0.853796124458313 
vt 0.3191225826740265 0.7430479526519775 
vt 0.6575983166694641 0.0060116201639175415 
vt 0.6575983166694641 0.15683011710643768 
vt 0.773294985294342 0.0060116201639175415 
vt 0.773294985294342 0.15683011710643768 
vt 0.7407515645027161 0.8630251288414001 
vt 0.7407515645027161 0.7473703622817993 
vt 0.6327121257781982 0.8630251288414001 
vt 0.6327121257781982 0.7473703622817993 
vt 0.9128010869026184 0.3380225896835327 
vt 0.9190226197242737 0.3380225896835327 
vt 0.9128010869026184 0.34421420097351074 
vt 0.9190226197242737 0.34421420097351074 
vt 0.944148063659668 0.34421420097351074 
vt 0.9379265308380127 0.34421420097351074 
vt 0.944148063659668 0.3380225896835327 
vt 0.9379265308380127 0.3380225896835327 
vt 0.9191422462463379 0.35052263736724854 
vt 0.9191422462463379 0.3443310260772705 
vt 0.9378069043159485 0.35052263736724854 
vt 0.9378069043159485 0.3443310260772705 
vt 0.9195011854171753 0.338373064994812 
vt 0.9374479651451111 0.338373064994812 
vt 0.9195011854171753 0.34386372566223145 
vt 0.9374479651451111 0.34386372566223145 
vt 0.8863595128059387 0.9273946285247803 
vt 0.8863595128059387 0.9133758544921875 
vt 0.8983240127563477 0.9273946285247803 
vt 0.8983240127563477 0.9133758544921875 
vt 0.933140754699707 0.8904785513877869 
vt 0.933140754699707 0.9133758544921875 
vt 0.9211762547492981 0.8904785513877869 
vt 0.9211762547492981 0.9133758544921875 
vt 0.8983240127563477 0.9133758544921875 
vt 0.9211762547492981 0.9133758544921875 
vt 0.8983240127563477 0.9273946285247803 
vt 0.9211762547492981 0.9273946285247803 
vt 0.933140754699707 0.9133758544921875 
vt 0.933140754699707 0.9273946285247803 
vt 0.9211762547492981 0.9133758544921875 
vt 0.9211762547492981 0.9273946285247803 
vt 0.933140754699707 0.9501751065254211 
vt 0.9211762547492981 0.9501751065254211 
vt 0.933140754699707 0.9273946285247803 
vt 0.9211762547492981 0.9273946285247803 
vt 0.8588411808013916 0.895501971244812 
vt 0.858242928981781 0.895034670829773 
vt 0.8588411808013916 0.8768102526664734 
vt 0.858242928981781 0.8772775530815125 
vt 0.8525000214576721 0.895618736743927 
vt 0.8528589010238647 0.895034670829773 
vt 0.8587215542793274 0.895618736743927 
vt 0.858242928981781 0.895034670829773 
vt 0.8522607088088989 0.8768102526664734 
vt 0.8528589010238647 0.8772775530815125 
vt 0.8522607088088989 0.895501971244812 
vt 0.8528589010238647 0.895034670829773 
vt 0.8528589010238647 0.8772775530815125 
vt 0.8525000214576721 0.8766934275627136 
vt 0.858242928981781 0.8772775530815125 
vt 0.8587215542793274 0.8766934275627136 
vt 0.9378069043159485 0.3377889394760132 
vt 0.9374479651451111 0.338373064994812 
vt 0.9191422462463379 0.3377889394760132 
vt 0.9195011854171753 0.338373064994812 
vt 0.9379265308380127 0.34421420097351074 
vt 0.9374479651451111 0.34386372566223145 
vt 0.9379265308380127 0.3380225896835327 
vt 0.9374479651451111 0.338373064994812 
vt 0.9191422462463379 0.3443310260772705 
vt 0.9195011854171753 0.34386372566223145 
vt 0.9378069043159485 0.3443310260772705 
vt 0.9374479651451111 0.34386372566223145 
vt 0.9195011854171753 0.34386372566223145 
vt 0.9190226197242737 0.34421420097351074 
vt 0.9195011854171753 0.338373064994812 
vt 0.9190226197242737 0.3380225896835327 
vt 0.8650627136230469 0.895501971244812 
vt 0.8588411808013916 0.895501971244812 
vt 0.8650627136230469 0.8768102526664734 
vt 0.8588411808013916 0.8768102526664734 
vt 0.6456338167190552 0.15566188097000122 
vt 0.6439587473869324 0.15753105282783508 
vt 0.5384318828582764 0.155778706073761 
vt 0.5401068925857544 0.15753105282783508 
vt 0.6456338167190552 0.19982098042964935 
vt 0.6438391208648682 0.19806863367557526 
vt 0.6456338167190552 0.15566188097000122 
vt 0.6439587473869324 0.15753105282783508 
vt 0.5384318828582764 0.19982098042964935 
vt 0.5399872660636902 0.19806863367557526 
vt 0.6456338167190552 0.19982098042964935 
vt 0.6438391208648682 0.19806863367557526 
vt 0.5399872660636902 0.19806863367557526 
vt 0.5384318828582764 0.19982098042964935 
vt 0.5401068925857544 0.15753105282783508 
vt 0.5384318828582764 0.155778706073761 
vt 0.3191225826740265 0.7430479526519775 
vt 0.4256066381931305 0.7416460514068604 
vt 0.31708863377571106 0.7411787509918213 
vt 0.4275209605693817 0.7396600842475891 
vt 0.4256066381931305 0.7416460514068604 
vt 0.4254869818687439 0.8523942828178406 
vt 0.4275209605693817 0.7396600842475891 
vt 0.4275209605693817 0.8543802499771118 
vt 0.4254869818687439 0.8523942828178406 
vt 0.3190029263496399 0.853796124458313 
vt 0.4275209605693817 0.8543802499771118 
vt 0.31708863377571106 0.855782151222229 
vt 0.31708863377571106 0.7411787509918213 
vt 0.31708863377571106 0.855782151222229 
vt 0.3191225826740265 0.7430479526519775 
vt 0.3190029263496399 0.853796124458313 
vt 0.8863595128059387 0.8784458041191101 
vt 0.8863595128059387 0.7276272773742676 
vt 0.9247655868530273 0.8784458041191101 
vt 0.9247655868530273 0.7276272773742676 
vt 0.6901417374610901 0.9119740128517151 
vt 0.6901417374610901 0.8979552388191223 
vt 0.702106237411499 0.9119740128517151 
vt 0.702106237411499 0.8979552388191223 
vt 0.7369229197502136 0.8750579357147217 
vt 0.7369229197502136 0.8979552388191223 
vt 0.7249584197998047 0.8750579357147217 
vt 0.7249584197998047 0.8979552388191223 
vt 0.702106237411499 0.8979552388191223 
vt 0.7249584197998047 0.8979552388191223 
vt 0.702106237411499 0.9119740128517151 
vt 0.7249584197998047 0.9119740128517151 
vt 0.7369229197502136 0.8979552388191223 
vt 0.7369229197502136 0.9119740128517151 
vt 0.7249584197998047 0.8979552388191223 
vt 0.7249584197998047 0.9119740128517151 
vt 0.7369229197502136 0.934754490852356 
vt 0.7249584197998047 0.934754490852356 
vt 0.7369229197502136 0.9119740128517151 
vt 0.7249584197998047 0.9119740128517151 
vt 0.11560644209384918 0.9379087090492249 
vt 0.11823862791061401 0.9366236329078674 
vt 0.117042176425457 0.9397778511047363 
vt 0.11979401856660843 0.9372077584266663 
vt 0.1176404058933258 0.8589363694190979 
vt 0.11847791820764542 0.8565998673439026 
vt 0.11907614767551422 0.8594036102294922 
vt 0.11979401856660843 0.8564830422401428 
vt 0.0990954264998436 0.8452680706977844 
vt 0.09682217240333557 0.8445671200752258 
vt 0.10005258768796921 0.8428147435188293 
vt 0.09682217240333557 0.8419970273971558 
vt 0.08485767245292664 0.943516194820404 
vt 0.08665235340595245 0.9463199377059937 
vt 0.0811486765742302 0.9460862874984741 
vt 0.08569519221782684 0.9497078061103821 
vt 0.08988276869058609 0.9462031126022339 
vt 0.08665235340595245 0.9463199377059937 
vt 0.08880595862865448 0.9419974684715271 
vt 0.08485767245292664 0.943516194820404 
vt 0.36949312686920166 0.008464902639389038 
vt 0.5118706822395325 0.027273405343294144 
vt 0.36901456117630005 0.0060116201639175415 
vt 0.5128278136253357 0.02470329962670803 
vt 0.5111528038978577 0.23428376019001007 
vt 0.36961278319358826 0.21594254672527313 
vt 0.5116313695907593 0.23673704266548157 
vt 0.36865562200546265 0.21839582920074463 
vt 0.35776790976524353 0.19736769795417786 
vt 0.3572893440723419 0.026806114241480827 
vt 0.3550160825252533 0.1976013332605362 
vt 0.3542982041835785 0.02668929100036621 
vt 0.525151252746582 0.036852892488241196 
vt 0.5227583646774292 0.03767065331339836 
vt 0.5263476967811584 0.04573144018650055 
vt 0.5235958695411682 0.04596508666872978 
vt 0.5206047892570496 0.029493043199181557 
vt 0.5188100934028625 0.031245388090610504 
vt 0.525151252746582 0.036852892488241196 
vt 0.5227583646774292 0.03767065331339836 
vt 0.5128278136253357 0.02470329962670803 
vt 0.5118706822395325 0.027273405343294144 
vt 0.5206047892570496 0.029493043199181557 
vt 0.5188100934028625 0.031245388090610504 
vt 0.35836613178253174 0.018278034403920174 
vt 0.3559732437133789 0.017226627096533775 
vt 0.3572893440723419 0.026806114241480827 
vt 0.3542982041835785 0.02668929100036621 
vt 0.3626733720302582 0.01208641566336155 
vt 0.36111798882484436 0.01021724846214056 
vt 0.35836613178253174 0.018278034403920174 
vt 0.3559732437133789 0.017226627096533775 
vt 0.36949312686920166 0.008464902639389038 
vt 0.36901456117630005 0.0060116201639175415 
vt 0.3626733720302582 0.01208641566336155 
vt 0.36111798882484436 0.01021724846214056 
vt 0.3563321828842163 0.2065967172384262 
vt 0.35872507095336914 0.20577895641326904 
vt 0.3550160825252533 0.1976013332605362 
vt 0.35776790976524353 0.19736769795417786 
vt 0.36099833250045776 0.21383973956108093 
vt 0.3627929985523224 0.21197056770324707 
vt 0.3563321828842163 0.2065967172384262 
vt 0.35872507095336914 0.20577895641326904 
vt 0.36865562200546265 0.21839582920074463 
vt 0.36961278319358826 0.21594254672527313 
vt 0.36099833250045776 0.21383973956108093 
vt 0.3627929985523224 0.21197056770324707 
vt 0.5222797989845276 0.22458745539188385 
vt 0.5246726870536804 0.22552204132080078 
vt 0.5233566164970398 0.21594254672527313 
vt 0.5263476967811584 0.21617619693279266 
vt 0.5179725885391235 0.2306622415781021 
vt 0.5195279717445374 0.23264823853969574 
vt 0.5222797989845276 0.22458745539188385 
vt 0.5246726870536804 0.22552204132080078 
vt 0.5111528038978577 0.23428376019001007 
vt 0.5116313695907593 0.23673704266548157 
vt 0.5179725885391235 0.2306622415781021 
vt 0.5195279717445374 0.23264823853969574 
vt 0.5235958695411682 0.04596508666872978 
vt 0.5233566164970398 0.21594254672527313 
vt 0.5263476967811584 0.04573144018650055 
vt 0.5263476967811584 0.21617619693279266 
vt 0.5235958695411682 0.04596508666872978 
vt 0.5227583646774292 0.03767065331339836 
vt 0.5215619206428528 0.04596508666872978 
vt 0.5212029814720154 0.03813794627785683 
vt 0.5227583646774292 0.03767065331339836 
vt 0.5188100934028625 0.031245388090610504 
vt 0.5212029814720154 0.03813794627785683 
vt 0.5176136493682861 0.032530441880226135 
vt 0.5188100934028625 0.031245388090610504 
vt 0.5118706822395325 0.027273405343294144 
vt 0.5176136493682861 0.032530441880226135 
vt 0.5113921165466309 0.029142573475837708 
vt 0.35836613178253174 0.018278034403920174 
vt 0.3572893440723419 0.026806114241480827 
vt 0.36004117131233215 0.018862150609493256 
vt 0.35944294929504395 0.026922937482595444 
vt 0.3626733720302582 0.01208641566336155 
vt 0.35836613178253174 0.018278034403920174 
vt 0.363750159740448 0.01337146945297718 
vt 0.36004117131233215 0.018862150609493256 
vt 0.363750159740448 0.01337146945297718 
vt 0.36973240971565247 0.010450894013047218 
vt 0.3626733720302582 0.01208641566336155 
vt 0.36949312686920166 0.008464902639389038 
vt 0.5113921165466309 0.029142573475837708 
vt 0.5118706822395325 0.027273405343294144 
vt 0.35776790976524353 0.19736769795417786 
vt 0.35992154479026794 0.19736769795417786 
vt 0.35872507095336914 0.20577895641326904 
vt 0.36040011048316956 0.20519483089447021 
vt 0.35872507095336914 0.20577895641326904 
vt 0.36040011048316956 0.20519483089447021 
vt 0.3627929985523224 0.21197056770324707 
vt 0.3638698160648346 0.2108023315668106 
vt 0.3627929985523224 0.21197056770324707 
vt 0.3638698160648346 0.2108023315668106 
vt 0.36961278319358826 0.21594254672527313 
vt 0.37009134888648987 0.21407338976860046 
vt 0.5111528038978577 0.23428376019001007 
vt 0.5109134912490845 0.23229777812957764 
vt 0.5179725885391235 0.2306622415781021 
vt 0.5168957710266113 0.22949402034282684 
vt 0.5222797989845276 0.22458745539188385 
vt 0.5206047892570496 0.22388651967048645 
vt 0.5233566164970398 0.21594254672527313 
vt 0.5212029814720154 0.21594254672527313 
vt 0.5179725885391235 0.2306622415781021 
vt 0.5168957710266113 0.22949402034282684 
vt 0.5222797989845276 0.22458745539188385 
vt 0.5206047892570496 0.22388651967048645 
vt 0.5233566164970398 0.21594254672527313 
vt 0.5212029814720154 0.21594254672527313 
vt 0.5235958695411682 0.04596508666872978 
vt 0.5215619206428528 0.04596508666872978 
vt 0.3572893440723419 0.026806114241480827 
vt 0.35944294929504395 0.026922937482595444 
vt 0.35776790976524353 0.19736769795417786 
vt 0.35992154479026794 0.19736769795417786 
vt 0.8538160920143127 0.9200347661972046 
vt 0.8520213961601257 0.9230721592903137 
vt 0.8566875457763672 0.9209693670272827 
vt 0.8553714752197266 0.9244740605354309 
vt 0.8619519472122192 0.9231889843940735 
vt 0.8603965640068054 0.9265768527984619 
vt 0.8538160920143127 0.9278619289398193 
vt 0.8510642647743225 0.9264600276947021 
vt 0.8479534983634949 0.9276282787322998 
vt 0.8493891954421997 0.9219039678573608 
vt 0.8525000214576721 0.9168805480003357 
vt 0.8576447367668152 0.917231023311615 
vt 0.8516624569892883 0.931132972240448 
vt 0.8578840494155884 0.9338198900222778 
vt 0.8589608073234558 0.9300815463066101 
vt 0.8631483912467957 0.9277451038360596 
vt 0.8647037744522095 0.9244740605354309 
vt 0.8684127926826477 0.9230721592903137 
vt 0.8638662695884705 0.9198011159896851 
vt 0.8666180968284607 0.9292637705802917 
vt 0.861832320690155 0.9312497973442078 
vt 0.8632680177688599 0.9348713159561157 
vt 0.8639858961105347 0.9361563324928284 
vt 0.857405424118042 0.9374414086341858 
vt 0.8493891954421997 0.9335862398147583 
vt 0.8460391759872437 0.9282124042510986 
vt 0.8461588025093079 0.9205020666122437 
vt 0.8516624569892883 0.915128231048584 
vt 0.8578840494155884 0.9138431549072266 
vt 0.8661395311355591 0.9169973731040955 
vt 0.8697288632392883 0.9226048588752747 
vt 0.8697288632392883 0.9305488467216492 
vt 0.11823862791061401 0.9366236329078674 
vt 0.1176404058933258 0.9335862398147583 
vt 0.11560644209384918 0.9379087090492249 
vt 0.11440999060869217 0.9342871904373169 
vt 0.11560644209384918 0.9379087090492249 
vt 0.11440999060869217 0.9342871904373169 
vt 0.10986348241567612 0.9402451515197754 
vt 0.1085473820567131 0.9362731575965881 
vt 0.10986348241567612 0.9402451515197754 
vt 0.1085473820567131 0.9362731575965881 
vt 0.10340265184640884 0.9425815939903259 
vt 0.10208655148744583 0.9381423592567444 
vt 0.10340265184640884 0.9425815939903259 
vt 0.10208655148744583 0.9381423592567444 
vt 0.09658288210630417 0.9446844458580017 
vt 0.09538643807172775 0.9402451515197754 
vt 0.09658288210630417 0.9446844458580017 
vt 0.09538643807172775 0.9402451515197754 
vt 0.08988276869058609 0.9462031126022339 
vt 0.08880595862865448 0.9419974684715271 
vt 0.11847791820764542 0.8565998673439026 
vt 0.11979401856660843 0.8564830422401428 
vt 0.1166832447052002 0.8553148508071899 
vt 0.11799933761358261 0.8541465997695923 
vt 0.1166832447052002 0.8553148508071899 
vt 0.11799933761358261 0.8541465997695923 
vt 0.11285460740327835 0.8528615236282349 
vt 0.11405105143785477 0.8512260317802429 
vt 0.11285460740327835 0.8528615236282349 
vt 0.11405105143785477 0.8512260317802429 
vt 0.1083080917596817 0.850174605846405 
vt 0.10962419211864471 0.8483054637908936 
vt 0.1083080917596817 0.850174605846405 
vt 0.10962419211864471 0.8483054637908936 
vt 0.10364194214344025 0.847604513168335 
vt 0.10507767647504807 0.8453848958015442 
vt 0.10364194214344025 0.847604513168335 
vt 0.10507767647504807 0.8453848958015442 
vt 0.0990954264998436 0.8452680706977844 
vt 0.10005258768796921 0.8428147435188293 
vt 0.08665235340595245 0.9463199377059937 
vt 0.08569519221782684 0.9497078061103821 
vt 0.08988276869058609 0.9462031126022339 
vt 0.0903613418340683 0.9498246312141418 
vt 0.08988276869058609 0.9462031126022339 
vt 0.0903613418340683 0.9498246312141418 
vt 0.09658288210630417 0.9446844458580017 
vt 0.09777933359146118 0.9479554891586304 
vt 0.09658288210630417 0.9446844458580017 
vt 0.09777933359146118 0.9479554891586304 
vt 0.10340265184640884 0.9425815939903259 
vt 0.10471874475479126 0.9453853368759155 
vt 0.10340265184640884 0.9425815939903259 
vt 0.10471874475479126 0.9453853368759155 
vt 0.10986348241567612 0.9402451515197754 
vt 0.11117957532405853 0.9426984190940857 
vt 0.10986348241567612 0.9402451515197754 
vt 0.11117957532405853 0.9426984190940857 
vt 0.11560644209384918 0.9379087090492249 
vt 0.117042176425457 0.9397778511047363 
vt 0.10184726864099503 0.8505250811576843 
vt 0.10364194214344025 0.847604513168335 
vt 0.09742040187120438 0.8481886386871338 
vt 0.0990954264998436 0.8452680706977844 
vt 0.09849720448255539 0.8530951738357544 
vt 0.0996936559677124 0.8512260317802429 
vt 0.09694182127714157 0.8520438075065613 
vt 0.09777933359146118 0.8502914309501648 
vt 0.09586501866579056 0.8584690690040588 
vt 0.09682217240333557 0.8562493920326233 
vt 0.09395069628953934 0.8573008179664612 
vt 0.09478820860385895 0.8553148508071899 
vt 0.09335246682167053 0.8639597296714783 
vt 0.09418998658657074 0.8616232872009277 
vt 0.0911988615989685 0.8627914786338806 
vt 0.09215602278709412 0.8609223365783691 
vt 0.0911988615989685 0.869800865650177 
vt 0.09191673249006271 0.8673475980758667 
vt 0.08880595862865448 0.8688663244247437 
vt 0.08976311981678009 0.8667634725570679 
vt 0.08928453922271729 0.8758756518363953 
vt 0.08976311981678009 0.8733055591583252 
vt 0.08701128512620926 0.8751747608184814 
vt 0.08748986572027206 0.8728382587432861 
vt 0.08772915601730347 0.8823009133338928 
vt 0.08808808773756027 0.879613995552063 
vt 0.08545590192079544 0.8817168474197388 
vt 0.08557554334402084 0.8792635202407837 
vt 0.08665235340595245 0.8888430595397949 
vt 0.08713092654943466 0.8861560821533203 
vt 0.08437909185886383 0.8883757591247559 
vt 0.08437909185886383 0.8859224319458008 
vt 0.08605412393808365 0.8957355618476868 
vt 0.08653270453214645 0.8929318189620972 
vt 0.08342193812131882 0.8953851461410522 
vt 0.08390051871538162 0.8929318189620972 
vt 0.08593448251485825 0.9028617739677429 
vt 0.08617377281188965 0.8999412059783936 
vt 0.08330228924751282 0.9026281237602234 
vt 0.08354157954454422 0.9000580310821533 
vt 0.08641306310892105 0.9101048111915588 
vt 0.08641306310892105 0.9070674180984497 
vt 0.08366122841835022 0.9101048111915588 
vt 0.08378086984157562 0.907417893409729 
vt 0.0903613418340683 0.9191001653671265 
vt 0.08904524892568588 0.9120907783508301 
vt 0.08294335752725601 0.9201515913009644 
vt 0.0818665474653244 0.9126749038696289 
vt 0.08916489779949188 0.9247077107429504 
vt 0.08868631720542908 0.921319842338562 
vt 0.08593448251485825 0.9251750111579895 
vt 0.08557554334402084 0.9220207333564758 
vt 0.0908399224281311 0.9318339228630066 
vt 0.0901220515370369 0.9284460544586182 
vt 0.08784879744052887 0.9325348138809204 
vt 0.08689164370298386 0.9294974207878113 
vt 0.09299353510141373 0.9388432502746582 
vt 0.09191673249006271 0.9356890320777893 
vt 0.08988276869058609 0.9396610260009766 
vt 0.08904524892568588 0.9367404580116272 
vt 0.10663306713104248 0.8530951738357544 
vt 0.1083080917596817 0.850174605846405 
vt 0.10184726864099503 0.8505250811576843 
vt 0.10364194214344025 0.847604513168335 
vt 0.10340265184640884 0.855782151222229 
vt 0.10459910333156586 0.853796124458313 
vt 0.10172761976718903 0.8547307252883911 
vt 0.10268478095531464 0.8529783487319946 
vt 0.10112939774990082 0.8609223365783691 
vt 0.10196691006422043 0.8587027192115784 
vt 0.0992150753736496 0.8598709106445312 
vt 0.10005258768796921 0.8580017685890198 
vt 0.09861685335636139 0.866179347038269 
vt 0.0996936559677124 0.8639597296714783 
vt 0.09670253098011017 0.8651279807090759 
vt 0.09765969216823578 0.8632587790489197 
vt 0.09670253098011017 0.8716700673103333 
vt 0.09765969216823578 0.8694503903388977 
vt 0.09478820860385895 0.8707354664802551 
vt 0.09538643807172775 0.8687494993209839 
vt 0.09514714777469635 0.8772775530815125 
vt 0.09586501866579056 0.8749411106109619 
vt 0.09323282539844513 0.8765766024589539 
vt 0.09347211569547653 0.8744738101959229 
vt 0.09407033771276474 0.883235514163971 
vt 0.09442927688360214 0.8807822465896606 
vt 0.09179708361625671 0.8827682137489319 
vt 0.09203637391328812 0.8805485963821411 
vt 0.09335246682167053 0.8895439505577087 
vt 0.09335246682167053 0.8869738578796387 
vt 0.0908399224281311 0.8891934752464294 
vt 0.0910792127251625 0.8869738578796387 
vt 0.09287389367818832 0.8959692120552063 
vt 0.09311317652463913 0.8932822942733765 
vt 0.0906006321310997 0.8957355618476868 
vt 0.0904809907078743 0.8933991193771362 
vt 0.09287389367818832 0.9028617739677429 
vt 0.09311317652463913 0.9000580310821533 
vt 0.0902417004108429 0.9027449488639832 
vt 0.0904809907078743 0.9002916812896729 
vt 0.09335246682167053 0.9096375107765198 
vt 0.09335246682167053 0.9068337678909302 
vt 0.0907202810049057 0.9096375107765198 
vt 0.0908399224281311 0.9071842432022095 
vt 0.09718111157417297 0.9180487990379333 
vt 0.09586501866579056 0.9113898873329163 
vt 0.0903613418340683 0.9191001653671265 
vt 0.08904524892568588 0.9120907783508301 
vt 0.09610430151224136 0.923422634601593 
vt 0.09562572836875916 0.9201515913009644 
vt 0.09323282539844513 0.9237731099128723 
vt 0.09251495450735092 0.920852541923523 
vt 0.09765969216823578 0.9301983714103699 
vt 0.09706146270036697 0.9269273281097412 
vt 0.09466856718063354 0.9308993220329285 
vt 0.09418998658657074 0.9278619289398193 
vt 0.0995740070939064 0.9369741082191467 
vt 0.09885614365339279 0.9337030649185181 
vt 0.09646324068307877 0.9376750588417053 
vt 0.09598466008901596 0.9346376657485962 
vt 0.11141886562108994 0.855782151222229 
vt 0.11285460740327835 0.8528615236282349 
vt 0.10663306713104248 0.8530951738357544 
vt 0.1083080917596817 0.850174605846405 
vt 0.1081884503364563 0.8582354187965393 
vt 0.10914561152458191 0.8562493920326233 
vt 0.10651341825723648 0.8571839928627014 
vt 0.10747057944536209 0.8555485010147095 
vt 0.10603483766317368 0.8627914786338806 
vt 0.10699199885129929 0.8609223365783691 
vt 0.10435981303453445 0.861973762512207 
vt 0.10507767647504807 0.8602213859558105 
vt 0.10424016416072845 0.8681653738021851 
vt 0.10483839362859726 0.8659456968307495 
vt 0.10220620036125183 0.8673475980758667 
vt 0.10280442237854004 0.8653616309165955 
vt 0.10220620036125183 0.8733055591583252 
vt 0.10280442237854004 0.8710859417915344 
vt 0.10029187798500061 0.8726046085357666 
vt 0.10077045857906342 0.8707354664802551 
vt 0.10077045857906342 0.8785626292228699 
vt 0.10112939774990082 0.8763429522514343 
vt 0.09861685335636139 0.877978503704071 
vt 0.0992150753736496 0.8761093020439148 
vt 0.0996936559677124 0.8840532898902893 
vt 0.10017223656177521 0.8817168474197388 
vt 0.09789898246526718 0.8835859894752502 
vt 0.09801862388849258 0.8814831972122192 
vt 0.099334716796875 0.8897776007652283 
vt 0.0995740070939064 0.887324333190918 
vt 0.09718111157417297 0.8895439505577087 
vt 0.09718111157417297 0.887324333190918 
vt 0.099334716796875 0.8962028622627258 
vt 0.099454365670681 0.893515944480896 
vt 0.09706146270036697 0.8959692120552063 
vt 0.09682217240333557 0.8936327695846558 
vt 0.099454365670681 0.9025112986564636 
vt 0.0995740070939064 0.8999412059783936 
vt 0.09718111157417297 0.9025112986564636 
vt 0.09694182127714157 0.9001748561859131 
vt 0.0999329462647438 0.909053385257721 
vt 0.0999329462647438 0.9063664674758911 
vt 0.09754004329442978 0.9091702103614807 
vt 0.09754004329442978 0.9068337678909302 
vt 0.10364194214344025 0.9171141982078552 
vt 0.10244549065828323 0.9108057618141174 
vt 0.09718111157417297 0.9180487990379333 
vt 0.09586501866579056 0.9113898873329163 
vt 0.10268478095531464 0.9222543835639954 
vt 0.10232584178447723 0.9191001653671265 
vt 0.0998132973909378 0.9226048588752747 
vt 0.099454365670681 0.9198011159896851 
vt 0.10424016416072845 0.9286796450614929 
vt 0.10376158356666565 0.9256422519683838 
vt 0.10136868804693222 0.9292637705802917 
vt 0.10089010745286942 0.9264600276947021 
vt 0.10603483766317368 0.9351049661636353 
vt 0.10543661564588547 0.9320675134658813 
vt 0.10316336154937744 0.9358058571815491 
vt 0.10256513208150864 0.9330021142959595 
vt 0.11536715179681778 0.85788494348526 
vt 0.1166832447052002 0.8553148508071899 
vt 0.11141886562108994 0.855782151222229 
vt 0.11285460740327835 0.8528615236282349 
vt 0.11261531710624695 0.8602213859558105 
vt 0.11357247829437256 0.8584690690040588 
vt 0.11117957532405853 0.8594036102294922 
vt 0.11177779734134674 0.8577681183815002 
vt 0.11082064360380173 0.8647775053977966 
vt 0.11165815591812134 0.8629083037376404 
vt 0.10902596265077591 0.8639597296714783 
vt 0.10986348241567612 0.8624410033226013 
vt 0.10914561152458191 0.8696840405464172 
vt 0.10998312383890152 0.867698073387146 
vt 0.10735093802213669 0.8689831495285034 
vt 0.1081884503364563 0.8672307729721069 
vt 0.1078295186161995 0.8763429522514343 
vt 0.1084277406334877 0.8728382587432861 
vt 0.10519732534885406 0.8757588267326355 
vt 0.10627412796020508 0.8724877834320068 
vt 0.10687235742807388 0.8813663721084595 
vt 0.1078295186161995 0.8763429522514343 
vt 0.10412052273750305 0.8808990716934204 
vt 0.10519732534885406 0.8757588267326355 
vt 0.10615448653697968 0.8863897323608398 
vt 0.10687235742807388 0.8813663721084595 
vt 0.10340265184640884 0.8860392570495605 
vt 0.10412052273750305 0.8808990716934204 
vt 0.10567590594291687 0.8900112509727478 
vt 0.10615448653697968 0.8863897323608398 
vt 0.10328300297260284 0.8896607756614685 
vt 0.10340265184640884 0.8860392570495605 
vt 0.10543661564588547 0.8959692120552063 
vt 0.10555625706911087 0.893515944480896 
vt 0.10340265184640884 0.8958523869514465 
vt 0.10316336154937744 0.8937495946884155 
vt 0.10579554736614227 0.9020440578460693 
vt 0.10579554736614227 0.8995907306671143 
vt 0.10364194214344025 0.9020440578460693 
vt 0.10328300297260284 0.8999412059783936 
vt 0.10651341825723648 0.9081188440322876 
vt 0.10603483766317368 0.9056655168533325 
vt 0.10424016416072845 0.9083524942398071 
vt 0.10376158356666565 0.9061328172683716 
vt 0.10998312383890152 0.9161795973777771 
vt 0.1086670309305191 0.9097543358802795 
vt 0.10364194214344025 0.9171141982078552 
vt 0.10244549065828323 0.9108057618141174 
vt 0.10902596265077591 0.9210861921310425 
vt 0.1085473820567131 0.9180487990379333 
vt 0.10627412796020508 0.9214366674423218 
vt 0.10591519623994827 0.9187496900558472 
vt 0.11070099472999573 0.9272778034210205 
vt 0.10986348241567612 0.9243572354316711 
vt 0.1078295186161995 0.9277451038360596 
vt 0.10723128914833069 0.9250581860542297 
vt 0.11225637793540955 0.9333525896072388 
vt 0.11153850704431534 0.9304320216178894 
vt 0.10962419211864471 0.9340535402297974 
vt 0.1089063212275505 0.9313666224479675 
vt 0.1176404058933258 0.8589363694190979 
vt 0.11847791820764542 0.8565998673439026 
vt 0.11536715179681778 0.85788494348526 
vt 0.1166832447052002 0.8553148508071899 
vt 0.11608502268791199 0.8630251288414001 
vt 0.1176404058933258 0.8589363694190979 
vt 0.11357247829437256 0.8622074127197266 
vt 0.11536715179681778 0.85788494348526 
vt 0.11464928090572357 0.8675812482833862 
vt 0.11608502268791199 0.8630251288414001 
vt 0.11189744621515274 0.8667634725570679 
vt 0.11357247829437256 0.8622074127197266 
vt 0.11345282942056656 0.8722541928291321 
vt 0.11464928090572357 0.8675812482833862 
vt 0.11034206300973892 0.8716700673103333 
vt 0.11189744621515274 0.8667634725570679 
vt 0.11273495852947235 0.8771607279777527 
vt 0.11345282942056656 0.8722541928291321 
vt 0.10986348241567612 0.8766934275627136 
vt 0.11034206300973892 0.8716700673103333 
vt 0.11189744621515274 0.8820673227310181 
vt 0.11273495852947235 0.8771607279777527 
vt 0.10902596265077591 0.881600022315979 
vt 0.10986348241567612 0.8766934275627136 
vt 0.11117957532405853 0.8870906829833984 
vt 0.11189744621515274 0.8820673227310181 
vt 0.1083080917596817 0.8866233825683594 
vt 0.10902596265077591 0.881600022315979 
vt 0.11058135330677032 0.8921141028404236 
vt 0.11117957532405853 0.8870906829833984 
vt 0.10723128914833069 0.8919972777366638 
vt 0.1083080917596817 0.8866233825683594 
vt 0.11070099472999573 0.8974879384040833 
vt 0.11058135330677032 0.8921141028404236 
vt 0.10747057944536209 0.8977215886116028 
vt 0.10723128914833069 0.8919972777366638 
vt 0.10747057944536209 0.8977215886116028 
vt 0.1078295186161995 0.9035627245903015 
vt 0.11070099472999573 0.8974879384040833 
vt 0.11141886562108994 0.9032122492790222 
vt 0.1086670309305191 0.9097543358802795 
vt 0.11225637793540955 0.9092870354652405 
vt 0.11357247829437256 0.9154786467552185 
vt 0.10998312383890152 0.9161795973777771 
vt 0.11225637793540955 0.9092870354652405 
vt 0.1086670309305191 0.9097543358802795 
vt 0.11500821262598038 0.9215534925460815 
vt 0.11129921674728394 0.9222543835639954 
vt 0.11357247829437256 0.9154786467552185 
vt 0.10998312383890152 0.9161795973777771 
vt 0.11632431298494339 0.9276282787322998 
vt 0.11273495852947235 0.9284460544586182 
vt 0.11500821262598038 0.9215534925460815 
vt 0.11129921674728394 0.9222543835639954 
vt 0.1176404058933258 0.9335862398147583 
vt 0.11440999060869217 0.9342871904373169 
vt 0.11632431298494339 0.9276282787322998 
vt 0.11273495852947235 0.9284460544586182 
vt 0.09742040187120438 0.8481886386871338 
vt 0.09490785747766495 0.8462026119232178 
vt 0.0990954264998436 0.8452680706977844 
vt 0.09682217240333557 0.8445671200752258 
vt 0.09418998658657074 0.8527446985244751 
vt 0.0911988615989685 0.8506419062614441 
vt 0.09742040187120438 0.8481886386871338 
vt 0.09490785747766495 0.8462026119232178 
vt 0.0911988615989685 0.8582354187965393 
vt 0.08784879744052887 0.8562493920326233 
vt 0.09418998658657074 0.8527446985244751 
vt 0.0911988615989685 0.8506419062614441 
vt 0.08856666833162308 0.8641933798789978 
vt 0.08485767245292664 0.8624410033226013 
vt 0.0911988615989685 0.8582354187965393 
vt 0.08784879744052887 0.8562493920326233 
vt 0.08629341423511505 0.8703849911689758 
vt 0.0824647769331932 0.8688663244247437 
vt 0.08856666833162308 0.8641933798789978 
vt 0.08485767245292664 0.8624410033226013 
vt 0.08425945043563843 0.8768102526664734 
vt 0.08031116425991058 0.8755252361297607 
vt 0.08629341423511505 0.8703849911689758 
vt 0.0824647769331932 0.8688663244247437 
vt 0.08282370865345001 0.8833523392677307 
vt 0.07863613218069077 0.8824177384376526 
vt 0.08425945043563843 0.8768102526664734 
vt 0.08031116425991058 0.8755252361297607 
vt 0.0818665474653244 0.8903617262840271 
vt 0.07743968814611435 0.8896607756614685 
vt 0.08282370865345001 0.8833523392677307 
vt 0.07863613218069077 0.8824177384376526 
vt 0.0812683254480362 0.897604763507843 
vt 0.07672181725502014 0.8972542881965637 
vt 0.0818665474653244 0.8903617262840271 
vt 0.07743968814611435 0.8896607756614685 
vt 0.0812683254480362 0.9050814509391785 
vt 0.07660216838121414 0.9050814509391785 
vt 0.0812683254480362 0.897604763507843 
vt 0.07672181725502014 0.8972542881965637 
vt 0.0818665474653244 0.9126749038696289 
vt 0.07708074897527695 0.9130253791809082 
vt 0.0812683254480362 0.9050814509391785 
vt 0.07660216838121414 0.9050814509391785 
vt 0.08294335752725601 0.9201515913009644 
vt 0.07815755158662796 0.920852541923523 
vt 0.0818665474653244 0.9126749038696289 
vt 0.07708074897527695 0.9130253791809082 
vt 0.08437909185886383 0.9277451038360596 
vt 0.07971294224262238 0.9286796450614929 
vt 0.08294335752725601 0.9201515913009644 
vt 0.07815755158662796 0.920852541923523 
vt 0.08629341423511505 0.935221791267395 
vt 0.0818665474653244 0.9365068078041077 
vt 0.08437909185886383 0.9277451038360596 
vt 0.07971294224262238 0.9286796450614929 
vt 0.08880595862865448 0.9419974684715271 
vt 0.08485767245292664 0.943516194820404 
vt 0.08629341423511505 0.935221791267395 
vt 0.0818665474653244 0.9365068078041077 
vt 0.09682217240333557 0.8445671200752258 
vt 0.09490785747766495 0.8462026119232178 
vt 0.09682217240333557 0.8419970273971558 
vt 0.09287389367818832 0.8436325192451477 
vt 0.09490785747766495 0.8462026119232178 
vt 0.0911988615989685 0.8506419062614441 
vt 0.09287389367818832 0.8436325192451477 
vt 0.08832737803459167 0.8485391139984131 
vt 0.0911988615989685 0.8506419062614441 
vt 0.08784879744052887 0.8562493920326233 
vt 0.08832737803459167 0.8485391139984131 
vt 0.08449874073266983 0.8544970750808716 
vt 0.08784879744052887 0.8562493920326233 
vt 0.08485767245292664 0.8624410033226013 
vt 0.08449874073266983 0.8544970750808716 
vt 0.0813879668712616 0.8609223365783691 
vt 0.08485767245292664 0.8624410033226013 
vt 0.0824647769331932 0.8688663244247437 
vt 0.0813879668712616 0.8609223365783691 
vt 0.07887542247772217 0.8675812482833862 
vt 0.0824647769331932 0.8688663244247437 
vt 0.08031116425991058 0.8755252361297607 
vt 0.07887542247772217 0.8675812482833862 
vt 0.07660216838121414 0.8744738101959229 
vt 0.08031116425991058 0.8755252361297607 
vt 0.07863613218069077 0.8824177384376526 
vt 0.07660216838121414 0.8744738101959229 
vt 0.07480749487876892 0.881600022315979 
vt 0.07863613218069077 0.8824177384376526 
vt 0.07743968814611435 0.8896607756614685 
vt 0.07480749487876892 0.881600022315979 
vt 0.0733717530965805 0.8890766501426697 
vt 0.07743968814611435 0.8896607756614685 
vt 0.07672181725502014 0.8972542881965637 
vt 0.0733717530965805 0.8890766501426697 
vt 0.0725342407822609 0.8970206379890442 
vt 0.07672181725502014 0.8972542881965637 
vt 0.07660216838121414 0.9050814509391785 
vt 0.0725342407822609 0.8970206379890442 
vt 0.07217530161142349 0.9051982760429382 
vt 0.07660216838121414 0.9050814509391785 
vt 0.07708074897527695 0.9130253791809082 
vt 0.07217530161142349 0.9051982760429382 
vt 0.0727735310792923 0.9133758544921875 
vt 0.07708074897527695 0.9130253791809082 
vt 0.07815755158662796 0.920852541923523 
vt 0.0727735310792923 0.9133758544921875 
vt 0.07385033369064331 0.9215534925460815 
vt 0.07815755158662796 0.920852541923523 
vt 0.07971294224262238 0.9286796450614929 
vt 0.07385033369064331 0.9215534925460815 
vt 0.07528607547283173 0.9297310709953308 
vt 0.07971294224262238 0.9286796450614929 
vt 0.0818665474653244 0.9365068078041077 
vt 0.07528607547283173 0.9297310709953308 
vt 0.07755932956933975 0.9380255341529846 
vt 0.0818665474653244 0.9365068078041077 
vt 0.08485767245292664 0.943516194820404 
vt 0.07755932956933975 0.9380255341529846 
vt 0.0811486765742302 0.9460862874984741 
vt 0.11823862791061401 0.9366236329078674 
vt 0.1176404058933258 0.9335862398147583 
vt 0.11979401856660843 0.9372077584266663 
vt 0.11967436969280243 0.933235764503479 
vt 0.1176404058933258 0.9335862398147583 
vt 0.11632431298494339 0.9276282787322998 
vt 0.11967436969280243 0.933235764503479 
vt 0.11835827678442001 0.9271609783172607 
vt 0.11632431298494339 0.9276282787322998 
vt 0.11500821262598038 0.9215534925460815 
vt 0.11835827678442001 0.9271609783172607 
vt 0.1169225350022316 0.9210861921310425 
vt 0.11500821262598038 0.9215534925460815 
vt 0.11357247829437256 0.9154786467552185 
vt 0.1169225350022316 0.9210861921310425 
vt 0.11560644209384918 0.9150114059448242 
vt 0.11357247829437256 0.9154786467552185 
vt 0.11225637793540955 0.9092870354652405 
vt 0.11560644209384918 0.9150114059448242 
vt 0.11429034173488617 0.9088197350502014 
vt 0.11225637793540955 0.9092870354652405 
vt 0.11141886562108994 0.9032122492790222 
vt 0.11429034173488617 0.9088197350502014 
vt 0.11333318799734116 0.9028617739677429 
vt 0.11141886562108994 0.9032122492790222 
vt 0.11070099472999573 0.8974879384040833 
vt 0.11333318799734116 0.9028617739677429 
vt 0.11249566823244095 0.8973711133003235 
vt 0.11070099472999573 0.8974879384040833 
vt 0.11058135330677032 0.8921141028404236 
vt 0.11249566823244095 0.8973711133003235 
vt 0.11237602680921555 0.8922308683395386 
vt 0.11058135330677032 0.8921141028404236 
vt 0.11117957532405853 0.8870906829833984 
vt 0.11237602680921555 0.8922308683395386 
vt 0.11285460740327835 0.8872075080871582 
vt 0.11117957532405853 0.8870906829833984 
vt 0.11189744621515274 0.8820673227310181 
vt 0.11285460740327835 0.8872075080871582 
vt 0.11357247829437256 0.8823009133338928 
vt 0.11189744621515274 0.8820673227310181 
vt 0.11273495852947235 0.8771607279777527 
vt 0.11357247829437256 0.8823009133338928 
vt 0.11429034173488617 0.8773943781852722 
vt 0.11273495852947235 0.8771607279777527 
vt 0.11345282942056656 0.8722541928291321 
vt 0.11429034173488617 0.8773943781852722 
vt 0.11500821262598038 0.8726046085357666 
vt 0.11345282942056656 0.8722541928291321 
vt 0.11464928090572357 0.8675812482833862 
vt 0.11500821262598038 0.8726046085357666 
vt 0.11620466411113739 0.8679317235946655 
vt 0.11464928090572357 0.8675812482833862 
vt 0.11608502268791199 0.8630251288414001 
vt 0.11620466411113739 0.8679317235946655 
vt 0.1175207570195198 0.8634924292564392 
vt 0.11608502268791199 0.8630251288414001 
vt 0.1176404058933258 0.8589363694190979 
vt 0.1175207570195198 0.8634924292564392 
vt 0.11907614767551422 0.8594036102294922 
vt 0.099454365670681 0.8556653261184692 
vt 0.09849720448255539 0.8530951738357544 
vt 0.10184726864099503 0.8505250811576843 
vt 0.0996936559677124 0.8512260317802429 
vt 0.09418998658657074 0.8527446985244751 
vt 0.09694182127714157 0.8520438075065613 
vt 0.099454365670681 0.8556653261184692 
vt 0.09849720448255539 0.8530951738357544 
vt 0.09742040187120438 0.8481886386871338 
vt 0.09777933359146118 0.8502914309501648 
vt 0.09418998658657074 0.8527446985244751 
vt 0.09694182127714157 0.8520438075065613 
vt 0.10184726864099503 0.8505250811576843 
vt 0.0996936559677124 0.8512260317802429 
vt 0.09742040187120438 0.8481886386871338 
vt 0.09777933359146118 0.8502914309501648 
vt 0.09658288210630417 0.8606886863708496 
vt 0.09586501866579056 0.8584690690040588 
vt 0.099454365670681 0.8556653261184692 
vt 0.09682217240333557 0.8562493920326233 
vt 0.0911988615989685 0.8582354187965393 
vt 0.09395069628953934 0.8573008179664612 
vt 0.09658288210630417 0.8606886863708496 
vt 0.09586501866579056 0.8584690690040588 
vt 0.09418998658657074 0.8527446985244751 
vt 0.09478820860385895 0.8553148508071899 
vt 0.0911988615989685 0.8582354187965393 
vt 0.09395069628953934 0.8573008179664612 
vt 0.099454365670681 0.8556653261184692 
vt 0.09682217240333557 0.8562493920326233 
vt 0.09418998658657074 0.8527446985244751 
vt 0.09478820860385895 0.8553148508071899 
vt 0.09442927688360214 0.8662961721420288 
vt 0.09335246682167053 0.8639597296714783 
vt 0.09658288210630417 0.8606886863708496 
vt 0.09418998658657074 0.8616232872009277 
vt 0.08856666833162308 0.8641933798789978 
vt 0.0911988615989685 0.8627914786338806 
vt 0.09442927688360214 0.8662961721420288 
vt 0.09335246682167053 0.8639597296714783 
vt 0.0911988615989685 0.8582354187965393 
vt 0.09215602278709412 0.8609223365783691 
vt 0.08856666833162308 0.8641933798789978 
vt 0.0911988615989685 0.8627914786338806 
vt 0.09658288210630417 0.8606886863708496 
vt 0.09418998658657074 0.8616232872009277 
vt 0.0911988615989685 0.8582354187965393 
vt 0.09215602278709412 0.8609223365783691 
vt 0.09227566421031952 0.8720205426216125 
vt 0.0911988615989685 0.869800865650177 
vt 0.09442927688360214 0.8662961721420288 
vt 0.09191673249006271 0.8673475980758667 
vt 0.08629341423511505 0.8703849911689758 
vt 0.08880595862865448 0.8688663244247437 
vt 0.09227566421031952 0.8720205426216125 
vt 0.0911988615989685 0.869800865650177 
vt 0.08856666833162308 0.8641933798789978 
vt 0.08976311981678009 0.8667634725570679 
vt 0.08629341423511505 0.8703849911689758 
vt 0.08880595862865448 0.8688663244247437 
vt 0.09442927688360214 0.8662961721420288 
vt 0.09191673249006271 0.8673475980758667 
vt 0.08856666833162308 0.8641933798789978 
vt 0.08976311981678009 0.8667634725570679 
vt 0.0907202810049057 0.8782121539115906 
vt 0.08928453922271729 0.8758756518363953 
vt 0.09227566421031952 0.8720205426216125 
vt 0.08976311981678009 0.8733055591583252 
vt 0.08425945043563843 0.8768102526664734 
vt 0.08701128512620926 0.8751747608184814 
vt 0.0907202810049057 0.8782121539115906 
vt 0.08928453922271729 0.8758756518363953 
vt 0.08629341423511505 0.8703849911689758 
vt 0.08748986572027206 0.8728382587432861 
vt 0.08425945043563843 0.8768102526664734 
vt 0.08701128512620926 0.8751747608184814 
vt 0.09227566421031952 0.8720205426216125 
vt 0.08976311981678009 0.8733055591583252 
vt 0.08629341423511505 0.8703849911689758 
vt 0.08748986572027206 0.8728382587432861 
vt 0.08916489779949188 0.8845205903053284 
vt 0.08772915601730347 0.8823009133338928 
vt 0.0907202810049057 0.8782121539115906 
vt 0.08808808773756027 0.879613995552063 
vt 0.08282370865345001 0.8833523392677307 
vt 0.08545590192079544 0.8817168474197388 
vt 0.08916489779949188 0.8845205903053284 
vt 0.08772915601730347 0.8823009133338928 
vt 0.08425945043563843 0.8768102526664734 
vt 0.08557554334402084 0.8792635202407837 
vt 0.08282370865345001 0.8833523392677307 
vt 0.08545590192079544 0.8817168474197388 
vt 0.0907202810049057 0.8782121539115906 
vt 0.08808808773756027 0.879613995552063 
vt 0.08425945043563843 0.8768102526664734 
vt 0.08557554334402084 0.8792635202407837 
vt 0.08880595862865448 0.8911795020103455 
vt 0.08665235340595245 0.8888430595397949 
vt 0.08916489779949188 0.8845205903053284 
vt 0.08713092654943466 0.8861560821533203 
vt 0.0818665474653244 0.8903617262840271 
vt 0.08437909185886383 0.8883757591247559 
vt 0.08880595862865448 0.8911795020103455 
vt 0.08665235340595245 0.8888430595397949 
vt 0.08282370865345001 0.8833523392677307 
vt 0.08437909185886383 0.8859224319458008 
vt 0.0818665474653244 0.8903617262840271 
vt 0.08437909185886383 0.8883757591247559 
vt 0.08916489779949188 0.8845205903053284 
vt 0.08713092654943466 0.8861560821533203 
vt 0.08282370865345001 0.8833523392677307 
vt 0.08437909185886383 0.8859224319458008 
vt 0.08820773661136627 0.8979552388191223 
vt 0.08605412393808365 0.8957355618476868 
vt 0.08880595862865448 0.8911795020103455 
vt 0.08653270453214645 0.8929318189620972 
vt 0.0812683254480362 0.897604763507843 
vt 0.08342193812131882 0.8953851461410522 
vt 0.08820773661136627 0.8979552388191223 
vt 0.08605412393808365 0.8957355618476868 
vt 0.0818665474653244 0.8903617262840271 
vt 0.08390051871538162 0.8929318189620972 
vt 0.0812683254480362 0.897604763507843 
vt 0.08342193812131882 0.8953851461410522 
vt 0.08880595862865448 0.8911795020103455 
vt 0.08653270453214645 0.8929318189620972 
vt 0.0818665474653244 0.8903617262840271 
vt 0.08390051871538162 0.8929318189620972 
vt 0.08617377281188965 0.8999412059783936 
vt 0.08820773661136627 0.8979552388191223 
vt 0.08593448251485825 0.9028617739677429 
vt 0.08844702690839767 0.9049646258354187 
vt 0.08641306310892105 0.9070674180984497 
vt 0.08641306310892105 0.9101048111915588 
vt 0.08904524892568588 0.9120907783508301 
vt 0.0812683254480362 0.9050814509391785 
vt 0.08330228924751282 0.9026281237602234 
vt 0.08844702690839767 0.9049646258354187 
vt 0.08593448251485825 0.9028617739677429 
vt 0.0812683254480362 0.897604763507843 
vt 0.08354157954454422 0.9000580310821533 
vt 0.0812683254480362 0.9050814509391785 
vt 0.08330228924751282 0.9026281237602234 
vt 0.08820773661136627 0.8979552388191223 
vt 0.08617377281188965 0.8999412059783936 
vt 0.0812683254480362 0.897604763507843 
vt 0.08354157954454422 0.9000580310821533 
vt 0.0818665474653244 0.9126749038696289 
vt 0.08366122841835022 0.9101048111915588 
vt 0.08904524892568588 0.9120907783508301 
vt 0.08641306310892105 0.9101048111915588 
vt 0.0812683254480362 0.9050814509391785 
vt 0.08378086984157562 0.907417893409729 
vt 0.0818665474653244 0.9126749038696289 
vt 0.08366122841835022 0.9101048111915588 
vt 0.08844702690839767 0.9049646258354187 
vt 0.08641306310892105 0.9070674180984497 
vt 0.0812683254480362 0.9050814509391785 
vt 0.08378086984157562 0.907417893409729 
vt 0.10447945445775986 0.8581185936927795 
vt 0.10340265184640884 0.855782151222229 
vt 0.10663306713104248 0.8530951738357544 
vt 0.10459910333156586 0.853796124458313 
vt 0.099454365670681 0.8556653261184692 
vt 0.10172761976718903 0.8547307252883911 
vt 0.10447945445775986 0.8581185936927795 
vt 0.10340265184640884 0.855782151222229 
vt 0.10184726864099503 0.8505250811576843 
vt 0.10268478095531464 0.8529783487319946 
vt 0.099454365670681 0.8556653261184692 
vt 0.10172761976718903 0.8547307252883911 
vt 0.10663306713104248 0.8530951738357544 
vt 0.10459910333156586 0.853796124458313 
vt 0.10184726864099503 0.8505250811576843 
vt 0.10268478095531464 0.8529783487319946 
vt 0.10184726864099503 0.8630251288414001 
vt 0.10112939774990082 0.8609223365783691 
vt 0.10447945445775986 0.8581185936927795 
vt 0.10196691006422043 0.8587027192115784 
vt 0.09658288210630417 0.8606886863708496 
vt 0.0992150753736496 0.8598709106445312 
vt 0.10184726864099503 0.8630251288414001 
vt 0.10112939774990082 0.8609223365783691 
vt 0.099454365670681 0.8556653261184692 
vt 0.10005258768796921 0.8580017685890198 
vt 0.09658288210630417 0.8606886863708496 
vt 0.0992150753736496 0.8598709106445312 
vt 0.10447945445775986 0.8581185936927795 
vt 0.10196691006422043 0.8587027192115784 
vt 0.099454365670681 0.8556653261184692 
vt 0.10005258768796921 0.8580017685890198 
vt 0.0998132973909378 0.8685158491134644 
vt 0.09861685335636139 0.866179347038269 
vt 0.10184726864099503 0.8630251288414001 
vt 0.0996936559677124 0.8639597296714783 
vt 0.09442927688360214 0.8662961721420288 
vt 0.09670253098011017 0.8651279807090759 
vt 0.0998132973909378 0.8685158491134644 
vt 0.09861685335636139 0.866179347038269 
vt 0.09658288210630417 0.8606886863708496 
vt 0.09765969216823578 0.8632587790489197 
vt 0.09442927688360214 0.8662961721420288 
vt 0.09670253098011017 0.8651279807090759 
vt 0.10184726864099503 0.8630251288414001 
vt 0.0996936559677124 0.8639597296714783 
vt 0.09658288210630417 0.8606886863708496 
vt 0.09765969216823578 0.8632587790489197 
vt 0.09789898246526718 0.873889684677124 
vt 0.09670253098011017 0.8716700673103333 
vt 0.0998132973909378 0.8685158491134644 
vt 0.09765969216823578 0.8694503903388977 
vt 0.09227566421031952 0.8720205426216125 
vt 0.09478820860385895 0.8707354664802551 
vt 0.09789898246526718 0.873889684677124 
vt 0.09670253098011017 0.8716700673103333 
vt 0.09442927688360214 0.8662961721420288 
vt 0.09538643807172775 0.8687494993209839 
vt 0.09227566421031952 0.8720205426216125 
vt 0.09478820860385895 0.8707354664802551 
vt 0.0998132973909378 0.8685158491134644 
vt 0.09765969216823578 0.8694503903388977 
vt 0.09442927688360214 0.8662961721420288 
vt 0.09538643807172775 0.8687494993209839 
vt 0.09682217240333557 0.8793803453445435 
vt 0.09514714777469635 0.8772775530815125 
vt 0.09789898246526718 0.873889684677124 
vt 0.09586501866579056 0.8749411106109619 
vt 0.0907202810049057 0.8782121539115906 
vt 0.09323282539844513 0.8765766024589539 
vt 0.09682217240333557 0.8793803453445435 
vt 0.09514714777469635 0.8772775530815125 
vt 0.09227566421031952 0.8720205426216125 
vt 0.09347211569547653 0.8744738101959229 
vt 0.0907202810049057 0.8782121539115906 
vt 0.09323282539844513 0.8765766024589539 
vt 0.09789898246526718 0.873889684677124 
vt 0.09586501866579056 0.8749411106109619 
vt 0.09227566421031952 0.8720205426216125 
vt 0.09347211569547653 0.8744738101959229 
vt 0.09562572836875916 0.885221540927887 
vt 0.09407033771276474 0.883235514163971 
vt 0.09682217240333557 0.8793803453445435 
vt 0.09442927688360214 0.8807822465896606 
vt 0.08916489779949188 0.8845205903053284 
vt 0.09179708361625671 0.8827682137489319 
vt 0.09562572836875916 0.885221540927887 
vt 0.09407033771276474 0.883235514163971 
vt 0.0907202810049057 0.8782121539115906 
vt 0.09203637391328812 0.8805485963821411 
vt 0.08916489779949188 0.8845205903053284 
vt 0.09179708361625671 0.8827682137489319 
vt 0.09682217240333557 0.8793803453445435 
vt 0.09442927688360214 0.8807822465896606 
vt 0.0907202810049057 0.8782121539115906 
vt 0.09203637391328812 0.8805485963821411 
vt 0.09502749890089035 0.8915299773216248 
vt 0.09335246682167053 0.8895439505577087 
vt 0.09562572836875916 0.885221540927887 
vt 0.09335246682167053 0.8869738578796387 
vt 0.08880595862865448 0.8911795020103455 
vt 0.0908399224281311 0.8891934752464294 
vt 0.09502749890089035 0.8915299773216248 
vt 0.09335246682167053 0.8895439505577087 
vt 0.08916489779949188 0.8845205903053284 
vt 0.0910792127251625 0.8869738578796387 
vt 0.08880595862865448 0.8911795020103455 
vt 0.0908399224281311 0.8891934752464294 
vt 0.09562572836875916 0.885221540927887 
vt 0.09335246682167053 0.8869738578796387 
vt 0.08916489779949188 0.8845205903053284 
vt 0.0910792127251625 0.8869738578796387 
vt 0.09502749890089035 0.8980720639228821 
vt 0.09287389367818832 0.8959692120552063 
vt 0.09502749890089035 0.8915299773216248 
vt 0.09311317652463913 0.8932822942733765 
vt 0.08820773661136627 0.8979552388191223 
vt 0.0906006321310997 0.8957355618476868 
vt 0.09502749890089035 0.8980720639228821 
vt 0.09287389367818832 0.8959692120552063 
vt 0.08880595862865448 0.8911795020103455 
vt 0.0904809907078743 0.8933991193771362 
vt 0.08820773661136627 0.8979552388191223 
vt 0.0906006321310997 0.8957355618476868 
vt 0.09502749890089035 0.8915299773216248 
vt 0.09311317652463913 0.8932822942733765 
vt 0.08880595862865448 0.8911795020103455 
vt 0.0904809907078743 0.8933991193771362 
vt 0.09514714777469635 0.9047309756278992 
vt 0.09287389367818832 0.9028617739677429 
vt 0.09502749890089035 0.8980720639228821 
vt 0.09311317652463913 0.9000580310821533 
vt 0.08844702690839767 0.9049646258354187 
vt 0.0902417004108429 0.9027449488639832 
vt 0.09514714777469635 0.9047309756278992 
vt 0.09287389367818832 0.9028617739677429 
vt 0.08820773661136627 0.8979552388191223 
vt 0.0904809907078743 0.9002916812896729 
vt 0.08844702690839767 0.9049646258354187 
vt 0.0902417004108429 0.9027449488639832 
vt 0.09502749890089035 0.8980720639228821 
vt 0.09311317652463913 0.9000580310821533 
vt 0.08820773661136627 0.8979552388191223 
vt 0.0904809907078743 0.9002916812896729 
vt 0.09586501866579056 0.9113898873329163 
vt 0.09335246682167053 0.9096375107765198 
vt 0.09514714777469635 0.9047309756278992 
vt 0.09335246682167053 0.9068337678909302 
vt 0.08904524892568588 0.9120907783508301 
vt 0.0907202810049057 0.9096375107765198 
vt 0.09586501866579056 0.9113898873329163 
vt 0.09335246682167053 0.9096375107765198 
vt 0.08844702690839767 0.9049646258354187 
vt 0.0908399224281311 0.9071842432022095 
vt 0.08904524892568588 0.9120907783508301 
vt 0.0907202810049057 0.9096375107765198 
vt 0.09514714777469635 0.9047309756278992 
vt 0.09335246682167053 0.9068337678909302 
vt 0.08844702690839767 0.9049646258354187 
vt 0.0908399224281311 0.9071842432022095 
vt 0.1089063212275505 0.8601045608520508 
vt 0.1081884503364563 0.8582354187965393 
vt 0.11141886562108994 0.855782151222229 
vt 0.10914561152458191 0.8562493920326233 
vt 0.10447945445775986 0.8581185936927795 
vt 0.10651341825723648 0.8571839928627014 
vt 0.1089063212275505 0.8601045608520508 
vt 0.1081884503364563 0.8582354187965393 
vt 0.10663306713104248 0.8530951738357544 
vt 0.10747057944536209 0.8555485010147095 
vt 0.10447945445775986 0.8581185936927795 
vt 0.10651341825723648 0.8571839928627014 
vt 0.11141886562108994 0.855782151222229 
vt 0.10914561152458191 0.8562493920326233 
vt 0.10663306713104248 0.8530951738357544 
vt 0.10747057944536209 0.8555485010147095 
vt 0.10711164772510529 0.8650111556053162 
vt 0.10603483766317368 0.8627914786338806 
vt 0.1089063212275505 0.8601045608520508 
vt 0.10699199885129929 0.8609223365783691 
vt 0.10184726864099503 0.8630251288414001 
vt 0.10435981303453445 0.861973762512207 
vt 0.10711164772510529 0.8650111556053162 
vt 0.10603483766317368 0.8627914786338806 
vt 0.10447945445775986 0.8581185936927795 
vt 0.10507767647504807 0.8602213859558105 
vt 0.10184726864099503 0.8630251288414001 
vt 0.10435981303453445 0.861973762512207 
vt 0.1089063212275505 0.8601045608520508 
vt 0.10699199885129929 0.8609223365783691 
vt 0.10447945445775986 0.8581185936927795 
vt 0.10507767647504807 0.8602213859558105 
vt 0.10519732534885406 0.8701513409614563 
vt 0.10424016416072845 0.8681653738021851 
vt 0.10711164772510529 0.8650111556053162 
vt 0.10483839362859726 0.8659456968307495 
vt 0.0998132973909378 0.8685158491134644 
vt 0.10220620036125183 0.8673475980758667 
vt 0.10519732534885406 0.8701513409614563 
vt 0.10424016416072845 0.8681653738021851 
vt 0.10184726864099503 0.8630251288414001 
vt 0.10280442237854004 0.8653616309165955 
vt 0.0998132973909378 0.8685158491134644 
vt 0.10220620036125183 0.8673475980758667 
vt 0.10711164772510529 0.8650111556053162 
vt 0.10483839362859726 0.8659456968307495 
vt 0.10184726864099503 0.8630251288414001 
vt 0.10280442237854004 0.8653616309165955 
vt 0.10316336154937744 0.8752915859222412 
vt 0.10220620036125183 0.8733055591583252 
vt 0.10519732534885406 0.8701513409614563 
vt 0.10280442237854004 0.8710859417915344 
vt 0.09789898246526718 0.873889684677124 
vt 0.10029187798500061 0.8726046085357666 
vt 0.10316336154937744 0.8752915859222412 
vt 0.10220620036125183 0.8733055591583252 
vt 0.0998132973909378 0.8685158491134644 
vt 0.10077045857906342 0.8707354664802551 
vt 0.09789898246526718 0.873889684677124 
vt 0.10029187798500061 0.8726046085357666 
vt 0.10519732534885406 0.8701513409614563 
vt 0.10280442237854004 0.8710859417915344 
vt 0.0998132973909378 0.8685158491134644 
vt 0.10077045857906342 0.8707354664802551 
vt 0.10208655148744583 0.8804317712783813 
vt 0.10077045857906342 0.8785626292228699 
vt 0.10316336154937744 0.8752915859222412 
vt 0.10112939774990082 0.8763429522514343 
vt 0.09682217240333557 0.8793803453445435 
vt 0.09861685335636139 0.877978503704071 
vt 0.10208655148744583 0.8804317712783813 
vt 0.10077045857906342 0.8785626292228699 
vt 0.09789898246526718 0.873889684677124 
vt 0.0992150753736496 0.8761093020439148 
vt 0.09682217240333557 0.8793803453445435 
vt 0.09861685335636139 0.877978503704071 
vt 0.10316336154937744 0.8752915859222412 
vt 0.10112939774990082 0.8763429522514343 
vt 0.09789898246526718 0.873889684677124 
vt 0.0992150753736496 0.8761093020439148 
vt 0.10136868804693222 0.885805606842041 
vt 0.0996936559677124 0.8840532898902893 
vt 0.10208655148744583 0.8804317712783813 
vt 0.10017223656177521 0.8817168474197388 
vt 0.09562572836875916 0.885221540927887 
vt 0.09789898246526718 0.8835859894752502 
vt 0.10136868804693222 0.885805606842041 
vt 0.0996936559677124 0.8840532898902893 
vt 0.09682217240333557 0.8793803453445435 
vt 0.09801862388849258 0.8814831972122192 
vt 0.09562572836875916 0.885221540927887 
vt 0.09789898246526718 0.8835859894752502 
vt 0.10208655148744583 0.8804317712783813 
vt 0.10017223656177521 0.8817168474197388 
vt 0.09682217240333557 0.8793803453445435 
vt 0.09801862388849258 0.8814831972122192 
vt 0.10136868804693222 0.8916468024253845 
vt 0.099334716796875 0.8897776007652283 
vt 0.10136868804693222 0.885805606842041 
vt 0.0995740070939064 0.887324333190918 
vt 0.09502749890089035 0.8915299773216248 
vt 0.09718111157417297 0.8895439505577087 
vt 0.10136868804693222 0.8916468024253845 
vt 0.099334716796875 0.8897776007652283 
vt 0.09562572836875916 0.885221540927887 
vt 0.09718111157417297 0.887324333190918 
vt 0.09502749890089035 0.8915299773216248 
vt 0.09718111157417297 0.8895439505577087 
vt 0.10136868804693222 0.885805606842041 
vt 0.0995740070939064 0.887324333190918 
vt 0.09562572836875916 0.885221540927887 
vt 0.09718111157417297 0.887324333190918 
vt 0.10136868804693222 0.8979552388191223 
vt 0.099334716796875 0.8962028622627258 
vt 0.10136868804693222 0.8916468024253845 
vt 0.099454365670681 0.893515944480896 
vt 0.09502749890089035 0.8980720639228821 
vt 0.09706146270036697 0.8959692120552063 
vt 0.10136868804693222 0.8979552388191223 
vt 0.099334716796875 0.8962028622627258 
vt 0.09502749890089035 0.8915299773216248 
vt 0.09682217240333557 0.8936327695846558 
vt 0.09502749890089035 0.8980720639228821 
vt 0.09706146270036697 0.8959692120552063 
vt 0.10136868804693222 0.8916468024253845 
vt 0.099454365670681 0.893515944480896 
vt 0.09502749890089035 0.8915299773216248 
vt 0.09682217240333557 0.8936327695846558 
vt 0.10172761976718903 0.9043805003166199 
vt 0.099454365670681 0.9025112986564636 
vt 0.10136868804693222 0.8979552388191223 
vt 0.0995740070939064 0.8999412059783936 
vt 0.09514714777469635 0.9047309756278992 
vt 0.09718111157417297 0.9025112986564636 
vt 0.10172761976718903 0.9043805003166199 
vt 0.099454365670681 0.9025112986564636 
vt 0.09502749890089035 0.8980720639228821 
vt 0.09694182127714157 0.9001748561859131 
vt 0.09514714777469635 0.9047309756278992 
vt 0.09718111157417297 0.9025112986564636 
vt 0.10136868804693222 0.8979552388191223 
vt 0.0995740070939064 0.8999412059783936 
vt 0.09502749890089035 0.8980720639228821 
vt 0.09694182127714157 0.9001748561859131 
vt 0.10244549065828323 0.9108057618141174 
vt 0.0999329462647438 0.909053385257721 
vt 0.10172761976718903 0.9043805003166199 
vt 0.0999329462647438 0.9063664674758911 
vt 0.09586501866579056 0.9113898873329163 
vt 0.09754004329442978 0.9091702103614807 
vt 0.10244549065828323 0.9108057618141174 
vt 0.0999329462647438 0.909053385257721 
vt 0.09514714777469635 0.9047309756278992 
vt 0.09754004329442978 0.9068337678909302 
vt 0.09586501866579056 0.9113898873329163 
vt 0.09754004329442978 0.9091702103614807 
vt 0.10172761976718903 0.9043805003166199 
vt 0.0999329462647438 0.9063664674758911 
vt 0.09514714777469635 0.9047309756278992 
vt 0.09754004329442978 0.9068337678909302 
vt 0.11357247829437256 0.8622074127197266 
vt 0.11261531710624695 0.8602213859558105 
vt 0.11536715179681778 0.85788494348526 
vt 0.11357247829437256 0.8584690690040588 
vt 0.1089063212275505 0.8601045608520508 
vt 0.11117957532405853 0.8594036102294922 
vt 0.11357247829437256 0.8622074127197266 
vt 0.11261531710624695 0.8602213859558105 
vt 0.11141886562108994 0.855782151222229 
vt 0.11177779734134674 0.8577681183815002 
vt 0.1089063212275505 0.8601045608520508 
vt 0.11117957532405853 0.8594036102294922 
vt 0.11536715179681778 0.85788494348526 
vt 0.11357247829437256 0.8584690690040588 
vt 0.11141886562108994 0.855782151222229 
vt 0.11177779734134674 0.8577681183815002 
vt 0.11189744621515274 0.8667634725570679 
vt 0.11082064360380173 0.8647775053977966 
vt 0.11357247829437256 0.8622074127197266 
vt 0.11165815591812134 0.8629083037376404 
vt 0.10711164772510529 0.8650111556053162 
vt 0.10902596265077591 0.8639597296714783 
vt 0.11189744621515274 0.8667634725570679 
vt 0.11082064360380173 0.8647775053977966 
vt 0.1089063212275505 0.8601045608520508 
vt 0.10986348241567612 0.8624410033226013 
vt 0.10711164772510529 0.8650111556053162 
vt 0.10902596265077591 0.8639597296714783 
vt 0.11357247829437256 0.8622074127197266 
vt 0.11165815591812134 0.8629083037376404 
vt 0.1089063212275505 0.8601045608520508 
vt 0.10986348241567612 0.8624410033226013 
vt 0.11034206300973892 0.8716700673103333 
vt 0.10914561152458191 0.8696840405464172 
vt 0.11189744621515274 0.8667634725570679 
vt 0.10998312383890152 0.867698073387146 
vt 0.10519732534885406 0.8701513409614563 
vt 0.10735093802213669 0.8689831495285034 
vt 0.11034206300973892 0.8716700673103333 
vt 0.10914561152458191 0.8696840405464172 
vt 0.10711164772510529 0.8650111556053162 
vt 0.1081884503364563 0.8672307729721069 
vt 0.10519732534885406 0.8701513409614563 
vt 0.10735093802213669 0.8689831495285034 
vt 0.11189744621515274 0.8667634725570679 
vt 0.10998312383890152 0.867698073387146 
vt 0.10711164772510529 0.8650111556053162 
vt 0.1081884503364563 0.8672307729721069 
vt 0.10986348241567612 0.8766934275627136 
vt 0.1078295186161995 0.8763429522514343 
vt 0.11034206300973892 0.8716700673103333 
vt 0.1084277406334877 0.8728382587432861 
vt 0.10519732534885406 0.8701513409614563 
vt 0.10627412796020508 0.8724877834320068 
vt 0.10316336154937744 0.8752915859222412 
vt 0.10519732534885406 0.8757588267326355 
vt 0.11034206300973892 0.8716700673103333 
vt 0.1084277406334877 0.8728382587432861 
vt 0.10519732534885406 0.8701513409614563 
vt 0.10627412796020508 0.8724877834320068 
vt 0.10902596265077591 0.881600022315979 
vt 0.10687235742807388 0.8813663721084595 
vt 0.10986348241567612 0.8766934275627136 
vt 0.1078295186161995 0.8763429522514343 
vt 0.10316336154937744 0.8752915859222412 
vt 0.10519732534885406 0.8757588267326355 
vt 0.10208655148744583 0.8804317712783813 
vt 0.10412052273750305 0.8808990716934204 
vt 0.1083080917596817 0.8866233825683594 
vt 0.10615448653697968 0.8863897323608398 
vt 0.10902596265077591 0.881600022315979 
vt 0.10687235742807388 0.8813663721084595 
vt 0.10208655148744583 0.8804317712783813 
vt 0.10412052273750305 0.8808990716934204 
vt 0.10136868804693222 0.885805606842041 
vt 0.10340265184640884 0.8860392570495605 
vt 0.10723128914833069 0.8919972777366638 
vt 0.10567590594291687 0.8900112509727478 
vt 0.1083080917596817 0.8866233825683594 
vt 0.10615448653697968 0.8863897323608398 
vt 0.10136868804693222 0.8916468024253845 
vt 0.10328300297260284 0.8896607756614685 
vt 0.10723128914833069 0.8919972777366638 
vt 0.10567590594291687 0.8900112509727478 
vt 0.10136868804693222 0.885805606842041 
vt 0.10340265184640884 0.8860392570495605 
vt 0.10136868804693222 0.8916468024253845 
vt 0.10328300297260284 0.8896607756614685 
vt 0.10747057944536209 0.8977215886116028 
vt 0.10543661564588547 0.8959692120552063 
vt 0.10723128914833069 0.8919972777366638 
vt 0.10555625706911087 0.893515944480896 
vt 0.10136868804693222 0.8979552388191223 
vt 0.10340265184640884 0.8958523869514465 
vt 0.10747057944536209 0.8977215886116028 
vt 0.10543661564588547 0.8959692120552063 
vt 0.10136868804693222 0.8916468024253845 
vt 0.10316336154937744 0.8937495946884155 
vt 0.10136868804693222 0.8979552388191223 
vt 0.10340265184640884 0.8958523869514465 
vt 0.10723128914833069 0.8919972777366638 
vt 0.10555625706911087 0.893515944480896 
vt 0.10136868804693222 0.8916468024253845 
vt 0.10316336154937744 0.8937495946884155 
vt 0.1078295186161995 0.9035627245903015 
vt 0.10579554736614227 0.9020440578460693 
vt 0.10747057944536209 0.8977215886116028 
vt 0.10579554736614227 0.8995907306671143 
vt 0.10172761976718903 0.9043805003166199 
vt 0.10364194214344025 0.9020440578460693 
vt 0.1078295186161995 0.9035627245903015 
vt 0.10579554736614227 0.9020440578460693 
vt 0.10136868804693222 0.8979552388191223 
vt 0.10328300297260284 0.8999412059783936 
vt 0.10172761976718903 0.9043805003166199 
vt 0.10364194214344025 0.9020440578460693 
vt 0.10747057944536209 0.8977215886116028 
vt 0.10579554736614227 0.8995907306671143 
vt 0.10136868804693222 0.8979552388191223 
vt 0.10328300297260284 0.8999412059783936 
vt 0.1086670309305191 0.9097543358802795 
vt 0.10651341825723648 0.9081188440322876 
vt 0.1078295186161995 0.9035627245903015 
vt 0.10603483766317368 0.9056655168533325 
vt 0.10244549065828323 0.9108057618141174 
vt 0.10424016416072845 0.9083524942398071 
vt 0.1086670309305191 0.9097543358802795 
vt 0.10651341825723648 0.9081188440322876 
vt 0.10172761976718903 0.9043805003166199 
vt 0.10376158356666565 0.9061328172683716 
vt 0.10244549065828323 0.9108057618141174 
vt 0.10424016416072845 0.9083524942398071 
vt 0.1078295186161995 0.9035627245903015 
vt 0.10603483766317368 0.9056655168533325 
vt 0.10172761976718903 0.9043805003166199 
vt 0.10376158356666565 0.9061328172683716 
vt 0.09155779331922531 0.9262263774871826 
vt 0.08916489779949188 0.9247077107429504 
vt 0.0903613418340683 0.9191001653671265 
vt 0.08868631720542908 0.921319842338562 
vt 0.08437909185886383 0.9277451038360596 
vt 0.08593448251485825 0.9251750111579895 
vt 0.09155779331922531 0.9262263774871826 
vt 0.08916489779949188 0.9247077107429504 
vt 0.08294335752725601 0.9201515913009644 
vt 0.08557554334402084 0.9220207333564758 
vt 0.08437909185886383 0.9277451038360596 
vt 0.08593448251485825 0.9251750111579895 
vt 0.0903613418340683 0.9191001653671265 
vt 0.08868631720542908 0.921319842338562 
vt 0.08294335752725601 0.9201515913009644 
vt 0.08557554334402084 0.9220207333564758 
vt 0.09347211569547653 0.933235764503479 
vt 0.0908399224281311 0.9318339228630066 
vt 0.09155779331922531 0.9262263774871826 
vt 0.0901220515370369 0.9284460544586182 
vt 0.08629341423511505 0.935221791267395 
vt 0.08784879744052887 0.9325348138809204 
vt 0.09347211569547653 0.933235764503479 
vt 0.0908399224281311 0.9318339228630066 
vt 0.08437909185886383 0.9277451038360596 
vt 0.08689164370298386 0.9294974207878113 
vt 0.08629341423511505 0.935221791267395 
vt 0.08784879744052887 0.9325348138809204 
vt 0.09155779331922531 0.9262263774871826 
vt 0.0901220515370369 0.9284460544586182 
vt 0.08437909185886383 0.9277451038360596 
vt 0.08689164370298386 0.9294974207878113 
vt 0.09538643807172775 0.9402451515197754 
vt 0.09299353510141373 0.9388432502746582 
vt 0.09347211569547653 0.933235764503479 
vt 0.09191673249006271 0.9356890320777893 
vt 0.08880595862865448 0.9419974684715271 
vt 0.08988276869058609 0.9396610260009766 
vt 0.09538643807172775 0.9402451515197754 
vt 0.09299353510141373 0.9388432502746582 
vt 0.08629341423511505 0.935221791267395 
vt 0.08904524892568588 0.9367404580116272 
vt 0.08880595862865448 0.9419974684715271 
vt 0.08988276869058609 0.9396610260009766 
vt 0.09347211569547653 0.933235764503479 
vt 0.09191673249006271 0.9356890320777893 
vt 0.08629341423511505 0.935221791267395 
vt 0.08904524892568588 0.9367404580116272 
vt 0.09837756305932999 0.9248245358467102 
vt 0.09610430151224136 0.923422634601593 
vt 0.09718111157417297 0.9180487990379333 
vt 0.09562572836875916 0.9201515913009644 
vt 0.09155779331922531 0.9262263774871826 
vt 0.09323282539844513 0.9237731099128723 
vt 0.09837756305932999 0.9248245358467102 
vt 0.09610430151224136 0.923422634601593 
vt 0.0903613418340683 0.9191001653671265 
vt 0.09251495450735092 0.920852541923523 
vt 0.09155779331922531 0.9262263774871826 
vt 0.09323282539844513 0.9237731099128723 
vt 0.09718111157417297 0.9180487990379333 
vt 0.09562572836875916 0.9201515913009644 
vt 0.0903613418340683 0.9191001653671265 
vt 0.09251495450735092 0.920852541923523 
vt 0.10017223656177521 0.9316002726554871 
vt 0.09765969216823578 0.9301983714103699 
vt 0.09837756305932999 0.9248245358467102 
vt 0.09706146270036697 0.9269273281097412 
vt 0.09347211569547653 0.933235764503479 
vt 0.09466856718063354 0.9308993220329285 
vt 0.10017223656177521 0.9316002726554871 
vt 0.09765969216823578 0.9301983714103699 
vt 0.09155779331922531 0.9262263774871826 
vt 0.09418998658657074 0.9278619289398193 
vt 0.09347211569547653 0.933235764503479 
vt 0.09466856718063354 0.9308993220329285 
vt 0.09837756305932999 0.9248245358467102 
vt 0.09706146270036697 0.9269273281097412 
vt 0.09155779331922531 0.9262263774871826 
vt 0.09418998658657074 0.9278619289398193 
vt 0.10208655148744583 0.9381423592567444 
vt 0.0995740070939064 0.9369741082191467 
vt 0.10017223656177521 0.9316002726554871 
vt 0.09885614365339279 0.9337030649185181 
vt 0.09538643807172775 0.9402451515197754 
vt 0.09646324068307877 0.9376750588417053 
vt 0.10208655148744583 0.9381423592567444 
vt 0.0995740070939064 0.9369741082191467 
vt 0.09347211569547653 0.933235764503479 
vt 0.09598466008901596 0.9346376657485962 
vt 0.09538643807172775 0.9402451515197754 
vt 0.09646324068307877 0.9376750588417053 
vt 0.10017223656177521 0.9316002726554871 
vt 0.09885614365339279 0.9337030649185181 
vt 0.09347211569547653 0.933235764503479 
vt 0.09598466008901596 0.9346376657485962 
vt 0.10495803505182266 0.9236562848091125 
vt 0.10268478095531464 0.9222543835639954 
vt 0.10364194214344025 0.9171141982078552 
vt 0.10232584178447723 0.9191001653671265 
vt 0.09837756305932999 0.9248245358467102 
vt 0.0998132973909378 0.9226048588752747 
vt 0.10495803505182266 0.9236562848091125 
vt 0.10268478095531464 0.9222543835639954 
vt 0.09718111157417297 0.9180487990379333 
vt 0.099454365670681 0.9198011159896851 
vt 0.09837756305932999 0.9248245358467102 
vt 0.0998132973909378 0.9226048588752747 
vt 0.10364194214344025 0.9171141982078552 
vt 0.10232584178447723 0.9191001653671265 
vt 0.09718111157417297 0.9180487990379333 
vt 0.099454365670681 0.9198011159896851 
vt 0.10663306713104248 0.9299647212028503 
vt 0.10424016416072845 0.9286796450614929 
vt 0.10495803505182266 0.9236562848091125 
vt 0.10376158356666565 0.9256422519683838 
vt 0.10017223656177521 0.9316002726554871 
vt 0.10136868804693222 0.9292637705802917 
vt 0.10663306713104248 0.9299647212028503 
vt 0.10424016416072845 0.9286796450614929 
vt 0.09837756305932999 0.9248245358467102 
vt 0.10089010745286942 0.9264600276947021 
vt 0.10017223656177521 0.9316002726554871 
vt 0.10136868804693222 0.9292637705802917 
vt 0.10495803505182266 0.9236562848091125 
vt 0.10376158356666565 0.9256422519683838 
vt 0.09837756305932999 0.9248245358467102 
vt 0.10089010745286942 0.9264600276947021 
vt 0.1085473820567131 0.9362731575965881 
vt 0.10603483766317368 0.9351049661636353 
vt 0.10663306713104248 0.9299647212028503 
vt 0.10543661564588547 0.9320675134658813 
vt 0.10208655148744583 0.9381423592567444 
vt 0.10316336154937744 0.9358058571815491 
vt 0.1085473820567131 0.9362731575965881 
vt 0.10603483766317368 0.9351049661636353 
vt 0.10017223656177521 0.9316002726554871 
vt 0.10256513208150864 0.9330021142959595 
vt 0.10208655148744583 0.9381423592567444 
vt 0.10316336154937744 0.9358058571815491 
vt 0.10663306713104248 0.9299647212028503 
vt 0.10543661564588547 0.9320675134658813 
vt 0.10017223656177521 0.9316002726554871 
vt 0.10256513208150864 0.9330021142959595 
vt 0.11129921674728394 0.9222543835639954 
vt 0.10902596265077591 0.9210861921310425 
vt 0.10998312383890152 0.9161795973777771 
vt 0.1085473820567131 0.9180487990379333 
vt 0.10495803505182266 0.9236562848091125 
vt 0.10627412796020508 0.9214366674423218 
vt 0.11129921674728394 0.9222543835639954 
vt 0.10902596265077591 0.9210861921310425 
vt 0.10364194214344025 0.9171141982078552 
vt 0.10591519623994827 0.9187496900558472 
vt 0.10495803505182266 0.9236562848091125 
vt 0.10627412796020508 0.9214366674423218 
vt 0.10998312383890152 0.9161795973777771 
vt 0.1085473820567131 0.9180487990379333 
vt 0.10364194214344025 0.9171141982078552 
vt 0.10591519623994827 0.9187496900558472 
vt 0.11273495852947235 0.9284460544586182 
vt 0.11070099472999573 0.9272778034210205 
vt 0.11129921674728394 0.9222543835639954 
vt 0.10986348241567612 0.9243572354316711 
vt 0.10663306713104248 0.9299647212028503 
vt 0.1078295186161995 0.9277451038360596 
vt 0.11273495852947235 0.9284460544586182 
vt 0.11070099472999573 0.9272778034210205 
vt 0.10495803505182266 0.9236562848091125 
vt 0.10723128914833069 0.9250581860542297 
vt 0.10663306713104248 0.9299647212028503 
vt 0.1078295186161995 0.9277451038360596 
vt 0.11129921674728394 0.9222543835639954 
vt 0.10986348241567612 0.9243572354316711 
vt 0.10495803505182266 0.9236562848091125 
vt 0.10723128914833069 0.9250581860542297 
vt 0.11440999060869217 0.9342871904373169 
vt 0.11225637793540955 0.9333525896072388 
vt 0.11273495852947235 0.9284460544586182 
vt 0.11153850704431534 0.9304320216178894 
vt 0.1085473820567131 0.9362731575965881 
vt 0.10962419211864471 0.9340535402297974 
vt 0.11440999060869217 0.9342871904373169 
vt 0.11225637793540955 0.9333525896072388 
vt 0.10663306713104248 0.9299647212028503 
vt 0.1089063212275505 0.9313666224479675 
vt 0.1085473820567131 0.9362731575965881 
vt 0.10962419211864471 0.9340535402297974 
vt 0.11273495852947235 0.9284460544586182 
vt 0.11153850704431534 0.9304320216178894 
vt 0.10663306713104248 0.9299647212028503 
vt 0.1089063212275505 0.9313666224479675 
vt 0.9527624845504761 0.16383948922157288 
vt 0.9527624845504761 0.10881585627794266 
vt 0.9860238432884216 0.1640731394290924 
vt 0.9860238432884216 0.10881585627794266 
vt 0.5215619206428528 0.04596508666872978 
vt 0.5212029814720154 0.03813794627785683 
vt 0.5212029814720154 0.21594254672527313 
vt 0.5206047892570496 0.22388651967048645 
vt 0.5176136493682861 0.032530441880226135 
vt 0.5168957710266113 0.22949402034282684 
vt 0.5113921165466309 0.029142573475837708 
vt 0.5109134912490845 0.23229777812957764 
vt 0.36973240971565247 0.010450894013047218 
vt 0.37009134888648987 0.21407338976860046 
vt 0.363750159740448 0.01337146945297718 
vt 0.3638698160648346 0.2108023315668106 
vt 0.36004117131233215 0.018862150609493256 
vt 0.36040011048316956 0.20519483089447021 
vt 0.35944294929504395 0.026922937482595444 
vt 0.35992154479026794 0.19736769795417786 
vt 0.9338405132293701 0.5817046761512756 
vt 0.9333841800689697 0.5822178721427917 
vt 0.9096551537513733 0.5736989974975586 
vt 0.9088565707206726 0.5743147730827332 
vt 0.9074875712394714 0.5582007765769958 
vt 0.9066889882087708 0.5583034157752991 
vt 0.9068030714988708 0.5758543610572815 
vt 0.9320152401924133 0.5839626789093018 
vt 0.9314448237419128 0.5846811532974243 
vt 0.9060044884681702 0.5764701962471008 
vt 0.9297335743904114 0.5896077156066895 
vt 0.9013271331787109 0.5796518921852112 
vt 0.9034947156906128 0.5294623970985413 
vt 0.902582049369812 0.5296676754951477 
vt 0.8989314436912537 0.49600276350975037 
vt 0.8980187773704529 0.4961054027080536 
vt 0.8943681716918945 0.46244046092033386 
vt 0.8934555053710938 0.4625431001186371 
vt 0.8904893398284912 0.43370211124420166 
vt 0.8896908164024353 0.4338047504425049 
vt 0.8884359002113342 0.41799864172935486 
vt 0.8875232338905334 0.4176907241344452 
vt 0.910453736782074 0.40362945199012756 
vt 0.9097692370414734 0.40311628580093384 
vt 0.9332700967788696 0.3877207338809967 
vt 0.9330419301986694 0.3867970108985901 
vt 0.9078298211097717 0.40178200602531433 
vt 0.9326996803283691 0.3842310607433319 
vt 0.8850134015083313 0.4167670011520386 
vt 0.8874091506004333 0.43411263823509216 
vt 0.8911738395690918 0.46285101771354675 
vt 0.8957371115684509 0.49641332030296326 
vt 0.9003004431724548 0.5299755930900574 
vt 0.9044073820114136 0.5586113333702087 
vt 0.9034947156906128 0.5588166117668152 
vt 0.8984751105308533 0.5584060549736023 
vt 0.8945963382720947 0.5301808714866638 
vt 0.899387776851654 0.5300782322883606 
vt 0.8948245048522949 0.4965159595012665 
vt 0.890261173248291 0.46295365691185 
vt 0.8864964842796326 0.4342152774333954 
vt 0.8841007947921753 0.4163564443588257 
vt 0.907031238079071 0.4012688100337982 
vt 0.932585597038269 0.38320469856262207 
vt 0.9032665491104126 0.3963422477245331 
vt 0.9299617409706116 0.378483384847641 
vt 0.8789671063423157 0.41491952538490295 
vt 0.8817050457000732 0.43585747480392456 
vt 0.8855838179588318 0.46418529748916626 
vt 0.8900330662727356 0.4971317648887634 
vt 0.8856979012489319 0.14447103440761566 
vt 0.8884359002113342 0.16530634462833405 
vt 0.8909456729888916 0.1459079533815384 
vt 0.8931132555007935 0.16366416215896606 
vt 0.8966497778892517 0.19240251183509827 
vt 0.8920865058898926 0.19353152811527252 
vt 0.9010989665985107 0.22575953602790833 
vt 0.8963075280189514 0.22637537121772766 
vt 0.9054341316223145 0.2592191994190216 
vt 0.9006426930427551 0.25932183861732483 
vt 0.909312903881073 0.287854939699173 
vt 0.9042932987213135 0.28734174370765686 
vt 0.9063467383384705 0.3083823323249817 
vt 0.9110241532325745 0.3057137727737427 
vt 0.9349813461303711 0.31956976652145386 
vt 0.9377192854881287 0.3133088946342468 
vt 0.9118226766586304 0.30509793758392334 
vt 0.9384037852287292 0.31259045004844666 
vt 0.9102255702018738 0.28764966130256653 
vt 0.9063467383384705 0.2591165602207184 
vt 0.9020116329193115 0.2256569117307663 
vt 0.8976765275001526 0.19219724833965302 
vt 0.8940259218215942 0.16356152296066284 
vt 0.8918583393096924 0.14631851017475128 
vt 0.9145606756210327 0.1315387785434723 
vt 0.913762092590332 0.13102559745311737 
vt 0.9389742016792297 0.11429575830698013 
vt 0.9387460350990295 0.1132693886756897 
vt 0.9102255702018738 0.12599638104438782 
vt 0.9357799291610718 0.10885600000619888 
vt 0.9395446181297302 0.11665641516447067 
vt 0.9166141152381897 0.1328730583190918 
vt 0.9397727847099304 0.11758014559745789 
vt 0.9171845316886902 0.13338623940944672 
vt 0.8942540884017944 0.1472422331571579 
vt 0.8951667547225952 0.1476527899503708 
vt 0.8964216113090515 0.16325360536575317 
vt 0.8971061110496521 0.16315096616744995 
vt 0.8999581933021545 0.19188933074474335 
vt 0.9007567167282104 0.19178669154644012 
vt 0.9042932987213135 0.22534899413585663 
vt 0.9086284041404724 0.2588086426258087 
vt 0.912507176399231 0.28734174370765686 
vt 0.9050918817520142 0.2252463549375534 
vt 0.9095410704612732 0.2587060332298279 
vt 0.9133057594299316 0.28723910450935364 
vt 0.9138761758804321 0.3035583794116974 
vt 0.9147888422012329 0.30294257402420044 
vt 0.9400009512901306 0.31084561347961426 
vt 0.940457284450531 0.31033241748809814 
vt 0.007266521919518709 0.7422289252281189 
vt 0.025519641116261482 0.7419210076332092 
vt 0.007836932316422462 0.7701461911201477 
vt 0.025975970551371574 0.7699409127235413 
vt 0.008179178461432457 0.7987819314002991 
vt 0.02631821669638157 0.7978581786155701 
vt 0.008521423675119877 0.8273149728775024 
vt 0.007266521919518709 0.8285466432571411 
vt 0.026546379551291466 0.8269044756889343 
vt 0.026546379551291466 0.8256728053092957 
vt 0.056093618273735046 0.8270071148872375 
vt 0.056207701563835144 0.8256728053092957 
vt 0.0905463844537735 0.8299835324287415 
vt 0.0905463844537735 0.8287519216537476 
vt 0.12465690076351166 0.8268018364906311 
vt 0.12454281747341156 0.8255701661109924 
vt 0.1539759784936905 0.8261860013008118 
vt 0.1539759784936905 0.8249543309211731 
vt 0.17336991429328918 0.8260833621025085 
vt 0.1720009297132492 0.8248516917228699 
vt 0.173141747713089 0.7975502610206604 
vt 0.1718868464231491 0.7971397042274475 
vt 0.006924275774508715 0.7995003461837769 
vt 0.173141747713089 0.768914520740509 
vt 0.1718868464231491 0.7693250775337219 
vt 0.1537478119134903 0.7972423434257507 
vt 0.17336991429328918 0.740073561668396 
vt 0.1720009297132492 0.7414078116416931 
vt 0.1537478119134903 0.7692224383354187 
vt 0.12397240847349167 0.7977555394172668 
vt 0.12408649176359177 0.8250569701194763 
vt 0.0905463844537735 0.8282387256622314 
vt 0.056778110563755035 0.8251596093177795 
vt 0.05666402727365494 0.7983713746070862 
vt 0.056093618273735046 0.7978581786155701 
vt 0.055523209273815155 0.7694277167320251 
vt 0.05518096312880516 0.7414078116416931 
vt 0.025519641116261482 0.7405867576599121 
vt 0.0060116201639175415 0.7409972548484802 
vt 0.006467948202043772 0.7697356343269348 
vt 0.1538618952035904 0.7399709224700928 
vt 0.05506687983870506 0.740073561668396 
vt 0.08974780887365341 0.7408946752548218 
vt 0.08986189216375351 0.7686066627502441 
vt 0.08974780887365341 0.7396630048751831 
vt 0.12420057505369186 0.7410998940467834 
vt 0.12420057505369186 0.7398682832717896 
vt 0.1538618952035904 0.7413051724433899 
vt 0.12408649176359177 0.7692224383354187 
vt 0.08974780887365341 0.795189619064331 
vt 0.08974780887365341 0.795600175857544 
vt 0.08986189216375351 0.7967291474342346 
vt 0.05837525799870491 0.7997056245803833 
vt 0.05791892856359482 0.8239279985427856 
vt 0.0905463844537735 0.8271097540855408 
vt 0.05848934128880501 0.8234148025512695 
vt 0.058831587433815 0.8002188205718994 
vt 0.08986189216375351 0.797344982624054 
vt 0.1216907650232315 0.800013542175293 
vt 0.122261181473732 0.7995003461837769 
vt 0.12340199947357178 0.798268735408783 
vt 0.0905463844537735 0.8265965580940247 
vt 0.122261181473732 0.8237227201461792 
vt 0.1218048483133316 0.8233121633529663 
vt 0.6098476648330688 0.6695619225502014 
vt 0.6105321645736694 0.6617615222930908 
vt 0.6017478108406067 0.6690487265586853 
vt 0.602090060710907 0.6610430479049683 
vt 0.6008351445198059 0.6690487265586853 
vt 0.6012914776802063 0.6610430479049683 
vt 0.6024323105812073 0.6575533747673035 
vt 0.6016337275505066 0.6575533747673035 
vt 0.6041435599327087 0.6412340998649597 
vt 0.6033449769020081 0.6412340998649597 
vt 0.6034590601921082 0.6403104066848755 
vt 0.6042576432228088 0.6403104066848755 
vt 0.6119011044502258 0.6419525742530823 
vt 0.6120151877403259 0.6410288214683533 
vt 0.6052843928337097 0.6241963505744934 
vt 0.6137264370918274 0.624914824962616 
vt 0.6147531867027283 0.6089034676551819 
vt 0.6069955825805664 0.6081849932670593 
vt 0.6069955825805664 0.6072613000869751 
vt 0.6063110828399658 0.6071586608886719 
vt 0.6061969995498657 0.6080823540687561 
vt 0.604485809803009 0.6241963505744934 
vt 0.610874354839325 0.658271849155426 
vt 0.6147531867027283 0.6079797148704529 
vt 0.06020056828856468 0.9436027407646179 
vt 0.05963015928864479 0.9439106583595276 
vt 0.05963015928864479 0.9479134678840637 
vt 0.026432298123836517 0.8957738876342773 
vt 0.027687199413776398 0.8957738876342773 
vt 0.05974424257874489 0.84804767370224 
vt 0.059173833578825 0.8478423953056335 
vt 0.06020056828856468 0.8419920802116394 
vt 0.05963015928864479 0.8438395857810974 
vt 0.03065333142876625 0.8782229423522949 
vt 0.030995577573776245 0.8785308599472046 
vt 0.024721067398786545 0.8842785358428955 
vt 0.02494923211634159 0.8846890926361084 
vt 0.021526772528886795 0.8853049278259277 
vt 0.021526772528886795 0.8857154250144958 
vt 0.0060116201639175415 0.8829442262649536 
vt 0.006353865843266249 0.8833547830581665 
vt 0.0060116201639175415 0.8837653398513794 
vt 0.006353865843266249 0.8836627006530762 
vt 0.015480426140129566 0.8958765268325806 
vt 0.016050836071372032 0.8958765268325806 
vt 0.023352084681391716 0.8957738876342773 
vt 0.025177396833896637 0.9068586826324463 
vt 0.03122374229133129 0.9129142761230469 
vt 0.06020056828856468 0.9495556950569153 
vt 0.021640853956341743 0.9059349298477173 
vt 0.02494923211634159 0.9072692394256592 
vt 0.021640853956341743 0.9063454866409302 
vt 0.0065820300951600075 0.9085008502006531 
vt 0.006239783950150013 0.908911406993866 
vt 0.030881496146321297 0.9132221937179565 
vt 0.006239783950150013 0.9080902934074402 
vt 0.0065820300951600075 0.9081929326057434 
vt 0.006239783950150013 0.908911406993866 
vt 0.6068814992904663 0.9270781874656677 
vt 0.6050562262535095 0.9119905233383179 
vt 0.6057406663894653 0.9118878841400146 
vt 0.6053984761238098 0.9087061285972595 
vt 0.6047139763832092 0.9087061285972595 
vt 0.6048280596733093 0.9012136459350586 
vt 0.6040294766426086 0.9012136459350586 
vt 0.603230893611908 0.8511267900466919 
vt 0.6039153933525085 0.8511267900466919 
vt 0.6124715209007263 0.9005978107452393 
vt 0.613270103931427 0.9078850746154785 
vt 0.6136123538017273 0.9110667705535889 
vt 0.6075659990310669 0.9270781874656677 
vt 0.6147531867027283 0.9262570738792419 
vt 0.6080223321914673 0.8506135940551758 
vt 0.6075659990310669 0.8447632789611816 
vt 0.6034590601921082 0.8446606397628784 
vt 0.606539249420166 0.7863628268241882 
vt 0.5995802879333496 0.7864654660224915 
vt 0.6027745604515076 0.8446606397628784 
vt 0.5986676216125488 0.7864654660224915 
vt 0.6019759774208069 0.7285782098770142 
vt 0.6012914776802063 0.7285782098770142 
vt 0.6019759774208069 0.7219067811965942 
vt 0.6011773943901062 0.7219067811965942 
vt 0.6064251661300659 0.7224199771881104 
vt 0.6061969995498657 0.7284755706787109 
vt 0.3568137586116791 0.42189884185791016 
vt 0.3551025390625 0.42189884185791016 
vt 0.3565855920314789 0.42107775807380676 
vt 0.3543039560317993 0.411635160446167 
vt 0.3559011220932007 0.4229252338409424 
vt 0.35920947790145874 0.42189884185791016 
vt 0.35829684138298035 0.4229252338409424 
vt 0.3697050213813782 0.42179620265960693 
vt 0.3690205514431 0.4229252338409424 
vt 0.41955888271331787 0.42148831486701965 
vt 0.41955888271331787 0.4226173162460327 
vt 0.41955888271331787 0.4203592836856842 
vt 0.36959096789360046 0.4208724796772003 
vt 0.35886725783348083 0.42107775807380676 
vt 0.41955888271331787 0.41266152262687683 
vt 0.3689064681529999 0.41225096583366394 
vt 0.41955888271331787 0.41101932525634766 
vt 0.36924871802330017 0.41091668605804443 
vt 0.41955888271331787 0.4098903238773346 
vt 0.3686783015727997 0.4098903238773346 
vt 0.35852500796318054 0.41091668605804443 
vt 0.35784050822257996 0.40978768467903137 
vt 0.3561292886734009 0.41091668605804443 
vt 0.3554447889328003 0.40978768467903137 
vt 0.3557870388031006 0.4120456874370575 
vt 0.35818275809288025 0.4121483266353607 
vt 0.8621970415115356 0.795189619064331 
vt 0.8621970415115356 0.7975502610206604 
vt 0.8652772307395935 0.7932395339012146 
vt 0.8652772307395935 0.8047348856925964 
vt 0.8652772307395935 0.790776252746582 
vt 0.8611702919006348 0.7948817014694214 
vt 0.8642504811286926 0.7900577783584595 
vt 0.8537549376487732 0.7943685054779053 
vt 0.8517014980316162 0.7901604175567627 
vt 0.8523859977722168 0.7948817014694214 
vt 0.8497620820999146 0.7911867499351501 
vt 0.8522719144821167 0.7972423434257507 
vt 0.8495339155197144 0.7937527298927307 
vt 0.8519296646118164 0.8079165816307068 
vt 0.8489634990692139 0.8050427436828613 
vt 0.850332498550415 0.8582087159156799 
vt 0.8461114764213562 0.8580034375190735 
vt 0.8515874147415161 0.8582087159156799 
vt 0.8532986044883728 0.8076087236404419 
vt 0.8536408543586731 0.7968317866325378 
vt 0.8611702919006348 0.7972423434257507 
vt 0.8619688749313354 0.8082244992256165 
vt 0.8652772307395935 0.8584139943122864 
vt 0.8610562086105347 0.8584139943122864 
vt 0.8608280420303345 0.80801922082901 
vt 0.8595731258392334 0.8584139943122864 
vt 0.8608280420303345 0.80801922082901 
vt 0.8611702919006348 0.7972423434257507 
vt 0.8536408543586731 0.7968317866325378 
vt 0.8532986044883728 0.8076087236404419 
vt 0.9338405132293701 0.5817046761512756 
vt 0.9333841800689697 0.5822178721427917 
vt 0.9096551537513733 0.5736989974975586 
vt 0.9088565707206726 0.5743147730827332 
vt 0.9074875712394714 0.5582007765769958 
vt 0.9066889882087708 0.5583034157752991 
vt 0.9068030714988708 0.5758543610572815 
vt 0.9320152401924133 0.5839626789093018 
vt 0.9314448237419128 0.5846811532974243 
vt 0.9060044884681702 0.5764701962471008 
vt 0.9297335743904114 0.5896077156066895 
vt 0.9013271331787109 0.5796518921852112 
vt 0.9034947156906128 0.5294623970985413 
vt 0.902582049369812 0.5296676754951477 
vt 0.8989314436912537 0.49600276350975037 
vt 0.8980187773704529 0.4961054027080536 
vt 0.8943681716918945 0.46244046092033386 
vt 0.8934555053710938 0.4625431001186371 
vt 0.8904893398284912 0.43370211124420166 
vt 0.8896908164024353 0.4338047504425049 
vt 0.8884359002113342 0.41799864172935486 
vt 0.8875232338905334 0.4176907241344452 
vt 0.910453736782074 0.40362945199012756 
vt 0.9097692370414734 0.40311628580093384 
vt 0.9332700967788696 0.3877207338809967 
vt 0.9330419301986694 0.3867970108985901 
vt 0.9078298211097717 0.40178200602531433 
vt 0.9326996803283691 0.3842310607433319 
vt 0.8850134015083313 0.4167670011520386 
vt 0.8874091506004333 0.43411263823509216 
vt 0.8911738395690918 0.46285101771354675 
vt 0.8957371115684509 0.49641332030296326 
vt 0.9003004431724548 0.5299755930900574 
vt 0.9044073820114136 0.5586113333702087 
vt 0.9034947156906128 0.5588166117668152 
vt 0.8984751105308533 0.5584060549736023 
vt 0.8945963382720947 0.5301808714866638 
vt 0.899387776851654 0.5300782322883606 
vt 0.8948245048522949 0.4965159595012665 
vt 0.890261173248291 0.46295365691185 
vt 0.8864964842796326 0.4342152774333954 
vt 0.8841007947921753 0.4163564443588257 
vt 0.907031238079071 0.4012688100337982 
vt 0.932585597038269 0.38320469856262207 
vt 0.9032665491104126 0.3963422477245331 
vt 0.9299617409706116 0.378483384847641 
vt 0.8789671063423157 0.41491952538490295 
vt 0.8817050457000732 0.43585747480392456 
vt 0.8855838179588318 0.46418529748916626 
vt 0.8900330662727356 0.4971317648887634 
vt 0.8856979012489319 0.14447103440761566 
vt 0.8884359002113342 0.16530634462833405 
vt 0.8909456729888916 0.1459079533815384 
vt 0.8931132555007935 0.16366416215896606 
vt 0.8966497778892517 0.19240251183509827 
vt 0.8920865058898926 0.19353152811527252 
vt 0.9010989665985107 0.22575953602790833 
vt 0.8963075280189514 0.22637537121772766 
vt 0.9054341316223145 0.2592191994190216 
vt 0.9006426930427551 0.25932183861732483 
vt 0.909312903881073 0.287854939699173 
vt 0.9042932987213135 0.28734174370765686 
vt 0.9063467383384705 0.3083823323249817 
vt 0.9110241532325745 0.3057137727737427 
vt 0.9349813461303711 0.31956976652145386 
vt 0.9377192854881287 0.3133088946342468 
vt 0.9118226766586304 0.30509793758392334 
vt 0.9384037852287292 0.31259045004844666 
vt 0.9102255702018738 0.28764966130256653 
vt 0.9063467383384705 0.2591165602207184 
vt 0.9020116329193115 0.2256569117307663 
vt 0.8976765275001526 0.19219724833965302 
vt 0.8940259218215942 0.16356152296066284 
vt 0.8918583393096924 0.14631851017475128 
vt 0.9145606756210327 0.1315387785434723 
vt 0.913762092590332 0.13102559745311737 
vt 0.9389742016792297 0.11429575830698013 
vt 0.9387460350990295 0.1132693886756897 
vt 0.9102255702018738 0.12599638104438782 
vt 0.9357799291610718 0.10885600000619888 
vt 0.9395446181297302 0.11665641516447067 
vt 0.9166141152381897 0.1328730583190918 
vt 0.9397727847099304 0.11758014559745789 
vt 0.9171845316886902 0.13338623940944672 
vt 0.8942540884017944 0.1472422331571579 
vt 0.8951667547225952 0.1476527899503708 
vt 0.8964216113090515 0.16325360536575317 
vt 0.8971061110496521 0.16315096616744995 
vt 0.8999581933021545 0.19188933074474335 
vt 0.9007567167282104 0.19178669154644012 
vt 0.9042932987213135 0.22534899413585663 
vt 0.9086284041404724 0.2588086426258087 
vt 0.912507176399231 0.28734174370765686 
vt 0.9050918817520142 0.2252463549375534 
vt 0.9095410704612732 0.2587060332298279 
vt 0.9133057594299316 0.28723910450935364 
vt 0.9138761758804321 0.3035583794116974 
vt 0.9147888422012329 0.30294257402420044 
vt 0.9400009512901306 0.31084561347961426 
vt 0.940457284450531 0.31033241748809814 
vt 0.007266521919518709 0.7422289252281189 
vt 0.025519641116261482 0.7419210076332092 
vt 0.007836932316422462 0.7701461911201477 
vt 0.025975970551371574 0.7699409127235413 
vt 0.008179178461432457 0.7987819314002991 
vt 0.02631821669638157 0.7978581786155701 
vt 0.008521423675119877 0.8273149728775024 
vt 0.007266521919518709 0.8285466432571411 
vt 0.026546379551291466 0.8269044756889343 
vt 0.026546379551291466 0.8256728053092957 
vt 0.056093618273735046 0.8270071148872375 
vt 0.056207701563835144 0.8256728053092957 
vt 0.0905463844537735 0.8299835324287415 
vt 0.0905463844537735 0.8287519216537476 
vt 0.12465690076351166 0.8268018364906311 
vt 0.12454281747341156 0.8255701661109924 
vt 0.1539759784936905 0.8261860013008118 
vt 0.1539759784936905 0.8249543309211731 
vt 0.17336991429328918 0.8260833621025085 
vt 0.1720009297132492 0.8248516917228699 
vt 0.173141747713089 0.7975502610206604 
vt 0.1718868464231491 0.7971397042274475 
vt 0.006924275774508715 0.7995003461837769 
vt 0.173141747713089 0.768914520740509 
vt 0.1718868464231491 0.7693250775337219 
vt 0.1537478119134903 0.7972423434257507 
vt 0.17336991429328918 0.740073561668396 
vt 0.1720009297132492 0.7414078116416931 
vt 0.1537478119134903 0.7692224383354187 
vt 0.12397240847349167 0.7977555394172668 
vt 0.12408649176359177 0.8250569701194763 
vt 0.0905463844537735 0.8282387256622314 
vt 0.056778110563755035 0.8251596093177795 
vt 0.05666402727365494 0.7983713746070862 
vt 0.056093618273735046 0.7978581786155701 
vt 0.055523209273815155 0.7694277167320251 
vt 0.05518096312880516 0.7414078116416931 
vt 0.025519641116261482 0.7405867576599121 
vt 0.0060116201639175415 0.7409972548484802 
vt 0.006467948202043772 0.7697356343269348 
vt 0.1538618952035904 0.7399709224700928 
vt 0.05506687983870506 0.740073561668396 
vt 0.08974780887365341 0.7408946752548218 
vt 0.08986189216375351 0.7686066627502441 
vt 0.08974780887365341 0.7396630048751831 
vt 0.12420057505369186 0.7410998940467834 
vt 0.12420057505369186 0.7398682832717896 
vt 0.1538618952035904 0.7413051724433899 
vt 0.12408649176359177 0.7692224383354187 
vt 0.08974780887365341 0.795189619064331 
vt 0.08974780887365341 0.795600175857544 
vt 0.08986189216375351 0.7967291474342346 
vt 0.05837525799870491 0.7997056245803833 
vt 0.05791892856359482 0.8239279985427856 
vt 0.0905463844537735 0.8271097540855408 
vt 0.05848934128880501 0.8234148025512695 
vt 0.058831587433815 0.8002188205718994 
vt 0.08986189216375351 0.797344982624054 
vt 0.1216907650232315 0.800013542175293 
vt 0.122261181473732 0.7995003461837769 
vt 0.12340199947357178 0.798268735408783 
vt 0.0905463844537735 0.8265965580940247 
vt 0.122261181473732 0.8237227201461792 
vt 0.1218048483133316 0.8233121633529663 
vt 0.6098476648330688 0.6695619225502014 
vt 0.6105321645736694 0.6617615222930908 
vt 0.6017478108406067 0.6690487265586853 
vt 0.602090060710907 0.6610430479049683 
vt 0.6008351445198059 0.6690487265586853 
vt 0.6012914776802063 0.6610430479049683 
vt 0.6024323105812073 0.6575533747673035 
vt 0.6016337275505066 0.6575533747673035 
vt 0.6041435599327087 0.6412340998649597 
vt 0.6033449769020081 0.6412340998649597 
vt 0.6034590601921082 0.6403104066848755 
vt 0.6042576432228088 0.6403104066848755 
vt 0.6119011044502258 0.6419525742530823 
vt 0.6120151877403259 0.6410288214683533 
vt 0.6052843928337097 0.6241963505744934 
vt 0.6137264370918274 0.624914824962616 
vt 0.6147531867027283 0.6089034676551819 
vt 0.6069955825805664 0.6081849932670593 
vt 0.6069955825805664 0.6072613000869751 
vt 0.6063110828399658 0.6071586608886719 
vt 0.6061969995498657 0.6080823540687561 
vt 0.604485809803009 0.6241963505744934 
vt 0.610874354839325 0.658271849155426 
vt 0.6147531867027283 0.6079797148704529 
vt 0.06020056828856468 0.9436027407646179 
vt 0.05963015928864479 0.9439106583595276 
vt 0.05963015928864479 0.9479134678840637 
vt 0.026432298123836517 0.8957738876342773 
vt 0.027687199413776398 0.8957738876342773 
vt 0.05974424257874489 0.84804767370224 
vt 0.059173833578825 0.8478423953056335 
vt 0.06020056828856468 0.8419920802116394 
vt 0.05963015928864479 0.8438395857810974 
vt 0.03065333142876625 0.8782229423522949 
vt 0.030995577573776245 0.8785308599472046 
vt 0.024721067398786545 0.8842785358428955 
vt 0.02494923211634159 0.8846890926361084 
vt 0.021526772528886795 0.8853049278259277 
vt 0.021526772528886795 0.8857154250144958 
vt 0.0060116201639175415 0.8829442262649536 
vt 0.006353865843266249 0.8833547830581665 
vt 0.0060116201639175415 0.8837653398513794 
vt 0.006353865843266249 0.8836627006530762 
vt 0.015480426140129566 0.8958765268325806 
vt 0.016050836071372032 0.8958765268325806 
vt 0.023352084681391716 0.8957738876342773 
vt 0.025177396833896637 0.9068586826324463 
vt 0.03122374229133129 0.9129142761230469 
vt 0.06020056828856468 0.9495556950569153 
vt 0.021640853956341743 0.9059349298477173 
vt 0.02494923211634159 0.9072692394256592 
vt 0.021640853956341743 0.9063454866409302 
vt 0.0065820300951600075 0.9085008502006531 
vt 0.006239783950150013 0.908911406993866 
vt 0.030881496146321297 0.9132221937179565 
vt 0.006239783950150013 0.9080902934074402 
vt 0.0065820300951600075 0.9081929326057434 
vt 0.006239783950150013 0.908911406993866 
vt 0.6068814992904663 0.9270781874656677 
vt 0.6050562262535095 0.9119905233383179 
vt 0.6057406663894653 0.9118878841400146 
vt 0.6053984761238098 0.9087061285972595 
vt 0.6047139763832092 0.9087061285972595 
vt 0.6048280596733093 0.9012136459350586 
vt 0.6040294766426086 0.9012136459350586 
vt 0.603230893611908 0.8511267900466919 
vt 0.6039153933525085 0.8511267900466919 
vt 0.6124715209007263 0.9005978107452393 
vt 0.613270103931427 0.9078850746154785 
vt 0.6136123538017273 0.9110667705535889 
vt 0.6075659990310669 0.9270781874656677 
vt 0.6147531867027283 0.9262570738792419 
vt 0.6080223321914673 0.8506135940551758 
vt 0.6075659990310669 0.8447632789611816 
vt 0.6034590601921082 0.8446606397628784 
vt 0.606539249420166 0.7863628268241882 
vt 0.5995802879333496 0.7864654660224915 
vt 0.6027745604515076 0.8446606397628784 
vt 0.5986676216125488 0.7864654660224915 
vt 0.6019759774208069 0.7285782098770142 
vt 0.6012914776802063 0.7285782098770142 
vt 0.6019759774208069 0.7219067811965942 
vt 0.6011773943901062 0.7219067811965942 
vt 0.6064251661300659 0.7224199771881104 
vt 0.6061969995498657 0.7284755706787109 
vt 0.3568137586116791 0.42189884185791016 
vt 0.3551025390625 0.42189884185791016 
vt 0.3565855920314789 0.42107775807380676 
vt 0.3543039560317993 0.411635160446167 
vt 0.3559011220932007 0.4229252338409424 
vt 0.35920947790145874 0.42189884185791016 
vt 0.35829684138298035 0.4229252338409424 
vt 0.3697050213813782 0.42179620265960693 
vt 0.3690205514431 0.4229252338409424 
vt 0.41955888271331787 0.42148831486701965 
vt 0.41955888271331787 0.4226173162460327 
vt 0.41955888271331787 0.4203592836856842 
vt 0.36959096789360046 0.4208724796772003 
vt 0.35886725783348083 0.42107775807380676 
vt 0.41955888271331787 0.41266152262687683 
vt 0.3689064681529999 0.41225096583366394 
vt 0.41955888271331787 0.41101932525634766 
vt 0.36924871802330017 0.41091668605804443 
vt 0.41955888271331787 0.4098903238773346 
vt 0.3686783015727997 0.4098903238773346 
vt 0.35852500796318054 0.41091668605804443 
vt 0.35784050822257996 0.40978768467903137 
vt 0.3561292886734009 0.41091668605804443 
vt 0.3554447889328003 0.40978768467903137 
vt 0.3557870388031006 0.4120456874370575 
vt 0.35818275809288025 0.4121483266353607 
vt 0.8621970415115356 0.795189619064331 
vt 0.8621970415115356 0.7975502610206604 
vt 0.8652772307395935 0.7932395339012146 
vt 0.8652772307395935 0.8047348856925964 
vt 0.8652772307395935 0.790776252746582 
vt 0.8611702919006348 0.7948817014694214 
vt 0.8642504811286926 0.7900577783584595 
vt 0.8537549376487732 0.7943685054779053 
vt 0.8517014980316162 0.7901604175567627 
vt 0.8523859977722168 0.7948817014694214 
vt 0.8497620820999146 0.7911867499351501 
vt 0.8522719144821167 0.7972423434257507 
vt 0.8495339155197144 0.7937527298927307 
vt 0.8519296646118164 0.8079165816307068 
vt 0.8489634990692139 0.8050427436828613 
vt 0.850332498550415 0.8582087159156799 
vt 0.8461114764213562 0.8580034375190735 
vt 0.8515874147415161 0.8582087159156799 
vt 0.8532986044883728 0.8076087236404419 
vt 0.8536408543586731 0.7968317866325378 
vt 0.8611702919006348 0.7972423434257507 
vt 0.8619688749313354 0.8082244992256165 
vt 0.8652772307395935 0.8584139943122864 
vt 0.8610562086105347 0.8584139943122864 
vt 0.8608280420303345 0.80801922082901 
vt 0.8595731258392334 0.8584139943122864 
vt 0.8608280420303345 0.80801922082901 
vt 0.8611702919006348 0.7972423434257507 
vt 0.8536408543586731 0.7968317866325378 
vt 0.8532986044883728 0.8076087236404419 
vt 0.9338405132293701 0.5817046761512756 
vt 0.9333841800689697 0.5822178721427917 
vt 0.9096551537513733 0.5736989974975586 
vt 0.9088565707206726 0.5743147730827332 
vt 0.9074875712394714 0.5582007765769958 
vt 0.9066889882087708 0.5583034157752991 
vt 0.9068030714988708 0.5758543610572815 
vt 0.9320152401924133 0.5839626789093018 
vt 0.9314448237419128 0.5846811532974243 
vt 0.9060044884681702 0.5764701962471008 
vt 0.9297335743904114 0.5896077156066895 
vt 0.9013271331787109 0.5796518921852112 
vt 0.9034947156906128 0.5294623970985413 
vt 0.902582049369812 0.5296676754951477 
vt 0.8989314436912537 0.49600276350975037 
vt 0.8980187773704529 0.4961054027080536 
vt 0.8943681716918945 0.46244046092033386 
vt 0.8934555053710938 0.4625431001186371 
vt 0.8904893398284912 0.43370211124420166 
vt 0.8896908164024353 0.4338047504425049 
vt 0.8884359002113342 0.41799864172935486 
vt 0.8875232338905334 0.4176907241344452 
vt 0.910453736782074 0.40362945199012756 
vt 0.9097692370414734 0.40311628580093384 
vt 0.9332700967788696 0.3877207338809967 
vt 0.9330419301986694 0.3867970108985901 
vt 0.9078298211097717 0.40178200602531433 
vt 0.9326996803283691 0.3842310607433319 
vt 0.8850134015083313 0.4167670011520386 
vt 0.8874091506004333 0.43411263823509216 
vt 0.8911738395690918 0.46285101771354675 
vt 0.8957371115684509 0.49641332030296326 
vt 0.9003004431724548 0.5299755930900574 
vt 0.9044073820114136 0.5586113333702087 
vt 0.9034947156906128 0.5588166117668152 
vt 0.8984751105308533 0.5584060549736023 
vt 0.8945963382720947 0.5301808714866638 
vt 0.899387776851654 0.5300782322883606 
vt 0.8948245048522949 0.4965159595012665 
vt 0.890261173248291 0.46295365691185 
vt 0.8864964842796326 0.4342152774333954 
vt 0.8841007947921753 0.4163564443588257 
vt 0.907031238079071 0.4012688100337982 
vt 0.932585597038269 0.38320469856262207 
vt 0.9032665491104126 0.3963422477245331 
vt 0.9299617409706116 0.378483384847641 
vt 0.8789671063423157 0.41491952538490295 
vt 0.8817050457000732 0.43585747480392456 
vt 0.8855838179588318 0.46418529748916626 
vt 0.8900330662727356 0.4971317648887634 
vt 0.8856979012489319 0.14447103440761566 
vt 0.8884359002113342 0.16530634462833405 
vt 0.8909456729888916 0.1459079533815384 
vt 0.8931132555007935 0.16366416215896606 
vt 0.8966497778892517 0.19240251183509827 
vt 0.8920865058898926 0.19353152811527252 
vt 0.9010989665985107 0.22575953602790833 
vt 0.8963075280189514 0.22637537121772766 
vt 0.9054341316223145 0.2592191994190216 
vt 0.9006426930427551 0.25932183861732483 
vt 0.909312903881073 0.287854939699173 
vt 0.9042932987213135 0.28734174370765686 
vt 0.9063467383384705 0.3083823323249817 
vt 0.9110241532325745 0.3057137727737427 
vt 0.9349813461303711 0.31956976652145386 
vt 0.9377192854881287 0.3133088946342468 
vt 0.9118226766586304 0.30509793758392334 
vt 0.9384037852287292 0.31259045004844666 
vt 0.9102255702018738 0.28764966130256653 
vt 0.9063467383384705 0.2591165602207184 
vt 0.9020116329193115 0.2256569117307663 
vt 0.8976765275001526 0.19219724833965302 
vt 0.8940259218215942 0.16356152296066284 
vt 0.8918583393096924 0.14631851017475128 
vt 0.9145606756210327 0.1315387785434723 
vt 0.913762092590332 0.13102559745311737 
vt 0.9389742016792297 0.11429575830698013 
vt 0.9387460350990295 0.1132693886756897 
vt 0.9102255702018738 0.12599638104438782 
vt 0.9357799291610718 0.10885600000619888 
vt 0.9395446181297302 0.11665641516447067 
vt 0.9166141152381897 0.1328730583190918 
vt 0.9397727847099304 0.11758014559745789 
vt 0.9171845316886902 0.13338623940944672 
vt 0.8942540884017944 0.1472422331571579 
vt 0.8951667547225952 0.1476527899503708 
vt 0.8964216113090515 0.16325360536575317 
vt 0.8971061110496521 0.16315096616744995 
vt 0.8999581933021545 0.19188933074474335 
vt 0.9007567167282104 0.19178669154644012 
vt 0.9042932987213135 0.22534899413585663 
vt 0.9086284041404724 0.2588086426258087 
vt 0.912507176399231 0.28734174370765686 
vt 0.9050918817520142 0.2252463549375534 
vt 0.9095410704612732 0.2587060332298279 
vt 0.9133057594299316 0.28723910450935364 
vt 0.9138761758804321 0.3035583794116974 
vt 0.9147888422012329 0.30294257402420044 
vt 0.9400009512901306 0.31084561347961426 
vt 0.940457284450531 0.31033241748809814 
vt 0.007266521919518709 0.7422289252281189 
vt 0.025519641116261482 0.7419210076332092 
vt 0.007836932316422462 0.7701461911201477 
vt 0.025975970551371574 0.7699409127235413 
vt 0.008179178461432457 0.7987819314002991 
vt 0.02631821669638157 0.7978581786155701 
vt 0.008521423675119877 0.8273149728775024 
vt 0.007266521919518709 0.8285466432571411 
vt 0.026546379551291466 0.8269044756889343 
vt 0.026546379551291466 0.8256728053092957 
vt 0.056093618273735046 0.8270071148872375 
vt 0.056207701563835144 0.8256728053092957 
vt 0.0905463844537735 0.8299835324287415 
vt 0.0905463844537735 0.8287519216537476 
vt 0.12465690076351166 0.8268018364906311 
vt 0.12454281747341156 0.8255701661109924 
vt 0.1539759784936905 0.8261860013008118 
vt 0.1539759784936905 0.8249543309211731 
vt 0.17336991429328918 0.8260833621025085 
vt 0.1720009297132492 0.8248516917228699 
vt 0.173141747713089 0.7975502610206604 
vt 0.1718868464231491 0.7971397042274475 
vt 0.006924275774508715 0.7995003461837769 
vt 0.173141747713089 0.768914520740509 
vt 0.1718868464231491 0.7693250775337219 
vt 0.1537478119134903 0.7972423434257507 
vt 0.17336991429328918 0.740073561668396 
vt 0.1720009297132492 0.7414078116416931 
vt 0.1537478119134903 0.7692224383354187 
vt 0.12397240847349167 0.7977555394172668 
vt 0.12408649176359177 0.8250569701194763 
vt 0.0905463844537735 0.8282387256622314 
vt 0.056778110563755035 0.8251596093177795 
vt 0.05666402727365494 0.7983713746070862 
vt 0.056093618273735046 0.7978581786155701 
vt 0.055523209273815155 0.7694277167320251 
vt 0.05518096312880516 0.7414078116416931 
vt 0.025519641116261482 0.7405867576599121 
vt 0.0060116201639175415 0.7409972548484802 
vt 0.006467948202043772 0.7697356343269348 
vt 0.1538618952035904 0.7399709224700928 
vt 0.05506687983870506 0.740073561668396 
vt 0.08974780887365341 0.7408946752548218 
vt 0.08986189216375351 0.7686066627502441 
vt 0.08974780887365341 0.7396630048751831 
vt 0.12420057505369186 0.7410998940467834 
vt 0.12420057505369186 0.7398682832717896 
vt 0.1538618952035904 0.7413051724433899 
vt 0.12408649176359177 0.7692224383354187 
vt 0.08974780887365341 0.795189619064331 
vt 0.08974780887365341 0.795600175857544 
vt 0.08986189216375351 0.7967291474342346 
vt 0.05837525799870491 0.7997056245803833 
vt 0.05791892856359482 0.8239279985427856 
vt 0.0905463844537735 0.8271097540855408 
vt 0.05848934128880501 0.8234148025512695 
vt 0.058831587433815 0.8002188205718994 
vt 0.08986189216375351 0.797344982624054 
vt 0.1216907650232315 0.800013542175293 
vt 0.122261181473732 0.7995003461837769 
vt 0.12340199947357178 0.798268735408783 
vt 0.0905463844537735 0.8265965580940247 
vt 0.122261181473732 0.8237227201461792 
vt 0.1218048483133316 0.8233121633529663 
vt 0.6098476648330688 0.6695619225502014 
vt 0.6105321645736694 0.6617615222930908 
vt 0.6017478108406067 0.6690487265586853 
vt 0.602090060710907 0.6610430479049683 
vt 0.6008351445198059 0.6690487265586853 
vt 0.6012914776802063 0.6610430479049683 
vt 0.6024323105812073 0.6575533747673035 
vt 0.6016337275505066 0.6575533747673035 
vt 0.6041435599327087 0.6412340998649597 
vt 0.6033449769020081 0.6412340998649597 
vt 0.6034590601921082 0.6403104066848755 
vt 0.6042576432228088 0.6403104066848755 
vt 0.6119011044502258 0.6419525742530823 
vt 0.6120151877403259 0.6410288214683533 
vt 0.6052843928337097 0.6241963505744934 
vt 0.6137264370918274 0.624914824962616 
vt 0.6147531867027283 0.6089034676551819 
vt 0.6069955825805664 0.6081849932670593 
vt 0.6069955825805664 0.6072613000869751 
vt 0.6063110828399658 0.6071586608886719 
vt 0.6061969995498657 0.6080823540687561 
vt 0.604485809803009 0.6241963505744934 
vt 0.610874354839325 0.658271849155426 
vt 0.6147531867027283 0.6079797148704529 
vt 0.06020056828856468 0.9436027407646179 
vt 0.05963015928864479 0.9439106583595276 
vt 0.05963015928864479 0.9479134678840637 
vt 0.026432298123836517 0.8957738876342773 
vt 0.027687199413776398 0.8957738876342773 
vt 0.05974424257874489 0.84804767370224 
vt 0.059173833578825 0.8478423953056335 
vt 0.06020056828856468 0.8419920802116394 
vt 0.05963015928864479 0.8438395857810974 
vt 0.03065333142876625 0.8782229423522949 
vt 0.030995577573776245 0.8785308599472046 
vt 0.024721067398786545 0.8842785358428955 
vt 0.02494923211634159 0.8846890926361084 
vt 0.021526772528886795 0.8853049278259277 
vt 0.021526772528886795 0.8857154250144958 
vt 0.0060116201639175415 0.8829442262649536 
vt 0.006353865843266249 0.8833547830581665 
vt 0.0060116201639175415 0.8837653398513794 
vt 0.006353865843266249 0.8836627006530762 
vt 0.015480426140129566 0.8958765268325806 
vt 0.016050836071372032 0.8958765268325806 
vt 0.023352084681391716 0.8957738876342773 
vt 0.025177396833896637 0.9068586826324463 
vt 0.03122374229133129 0.9129142761230469 
vt 0.06020056828856468 0.9495556950569153 
vt 0.021640853956341743 0.9059349298477173 
vt 0.02494923211634159 0.9072692394256592 
vt 0.021640853956341743 0.9063454866409302 
vt 0.0065820300951600075 0.9085008502006531 
vt 0.006239783950150013 0.908911406993866 
vt 0.030881496146321297 0.9132221937179565 
vt 0.006239783950150013 0.9080902934074402 
vt 0.0065820300951600075 0.9081929326057434 
vt 0.006239783950150013 0.908911406993866 
vt 0.6068814992904663 0.9270781874656677 
vt 0.6050562262535095 0.9119905233383179 
vt 0.6057406663894653 0.9118878841400146 
vt 0.6053984761238098 0.9087061285972595 
vt 0.6047139763832092 0.9087061285972595 
vt 0.6048280596733093 0.9012136459350586 
vt 0.6040294766426086 0.9012136459350586 
vt 0.603230893611908 0.8511267900466919 
vt 0.6039153933525085 0.8511267900466919 
vt 0.6124715209007263 0.9005978107452393 
vt 0.613270103931427 0.9078850746154785 
vt 0.6136123538017273 0.9110667705535889 
vt 0.6075659990310669 0.9270781874656677 
vt 0.6147531867027283 0.9262570738792419 
vt 0.6080223321914673 0.8506135940551758 
vt 0.6075659990310669 0.8447632789611816 
vt 0.6034590601921082 0.8446606397628784 
vt 0.606539249420166 0.7863628268241882 
vt 0.5995802879333496 0.7864654660224915 
vt 0.6027745604515076 0.8446606397628784 
vt 0.5986676216125488 0.7864654660224915 
vt 0.6019759774208069 0.7285782098770142 
vt 0.6012914776802063 0.7285782098770142 
vt 0.6019759774208069 0.7219067811965942 
vt 0.6011773943901062 0.7219067811965942 
vt 0.6064251661300659 0.7224199771881104 
vt 0.6061969995498657 0.7284755706787109 
vt 0.3568137586116791 0.42189884185791016 
vt 0.3551025390625 0.42189884185791016 
vt 0.3565855920314789 0.42107775807380676 
vt 0.3543039560317993 0.411635160446167 
vt 0.3559011220932007 0.4229252338409424 
vt 0.35920947790145874 0.42189884185791016 
vt 0.35829684138298035 0.4229252338409424 
vt 0.3697050213813782 0.42179620265960693 
vt 0.3690205514431 0.4229252338409424 
vt 0.41955888271331787 0.42148831486701965 
vt 0.41955888271331787 0.4226173162460327 
vt 0.41955888271331787 0.4203592836856842 
vt 0.36959096789360046 0.4208724796772003 
vt 0.35886725783348083 0.42107775807380676 
vt 0.41955888271331787 0.41266152262687683 
vt 0.3689064681529999 0.41225096583366394 
vt 0.41955888271331787 0.41101932525634766 
vt 0.36924871802330017 0.41091668605804443 
vt 0.41955888271331787 0.4098903238773346 
vt 0.3686783015727997 0.4098903238773346 
vt 0.35852500796318054 0.41091668605804443 
vt 0.35784050822257996 0.40978768467903137 
vt 0.3561292886734009 0.41091668605804443 
vt 0.3554447889328003 0.40978768467903137 
vt 0.3557870388031006 0.4120456874370575 
vt 0.35818275809288025 0.4121483266353607 
vt 0.8621970415115356 0.795189619064331 
vt 0.8621970415115356 0.7975502610206604 
vt 0.8652772307395935 0.7932395339012146 
vt 0.8652772307395935 0.8047348856925964 
vt 0.8652772307395935 0.790776252746582 
vt 0.8611702919006348 0.7948817014694214 
vt 0.8642504811286926 0.7900577783584595 
vt 0.8537549376487732 0.7943685054779053 
vt 0.8517014980316162 0.7901604175567627 
vt 0.8523859977722168 0.7948817014694214 
vt 0.8497620820999146 0.7911867499351501 
vt 0.8522719144821167 0.7972423434257507 
vt 0.8495339155197144 0.7937527298927307 
vt 0.8519296646118164 0.8079165816307068 
vt 0.8489634990692139 0.8050427436828613 
vt 0.850332498550415 0.8582087159156799 
vt 0.8461114764213562 0.8580034375190735 
vt 0.8515874147415161 0.8582087159156799 
vt 0.8532986044883728 0.8076087236404419 
vt 0.8536408543586731 0.7968317866325378 
vt 0.8611702919006348 0.7972423434257507 
vt 0.8619688749313354 0.8082244992256165 
vt 0.8652772307395935 0.8584139943122864 
vt 0.8610562086105347 0.8584139943122864 
vt 0.8608280420303345 0.80801922082901 
vt 0.8595731258392334 0.8584139943122864 
vt 0.8608280420303345 0.80801922082901 
vt 0.8611702919006348 0.7972423434257507 
vt 0.8536408543586731 0.7968317866325378 
vt 0.8532986044883728 0.8076087236404419 
vt 0.9338405132293701 0.5817046761512756 
vt 0.9333841800689697 0.5822178721427917 
vt 0.9096551537513733 0.5736989974975586 
vt 0.9088565707206726 0.5743147730827332 
vt 0.9074875712394714 0.5582007765769958 
vt 0.9066889882087708 0.5583034157752991 
vt 0.9068030714988708 0.5758543610572815 
vt 0.9320152401924133 0.5839626789093018 
vt 0.9314448237419128 0.5846811532974243 
vt 0.9060044884681702 0.5764701962471008 
vt 0.9297335743904114 0.5896077156066895 
vt 0.9013271331787109 0.5796518921852112 
vt 0.9034947156906128 0.5294623970985413 
vt 0.902582049369812 0.5296676754951477 
vt 0.8989314436912537 0.49600276350975037 
vt 0.8980187773704529 0.4961054027080536 
vt 0.8943681716918945 0.46244046092033386 
vt 0.8934555053710938 0.4625431001186371 
vt 0.8904893398284912 0.43370211124420166 
vt 0.8896908164024353 0.4338047504425049 
vt 0.8884359002113342 0.41799864172935486 
vt 0.8875232338905334 0.4176907241344452 
vt 0.910453736782074 0.40362945199012756 
vt 0.9097692370414734 0.40311628580093384 
vt 0.9332700967788696 0.3877207338809967 
vt 0.9330419301986694 0.3867970108985901 
vt 0.9078298211097717 0.40178200602531433 
vt 0.9326996803283691 0.3842310607433319 
vt 0.8850134015083313 0.4167670011520386 
vt 0.8874091506004333 0.43411263823509216 
vt 0.8911738395690918 0.46285101771354675 
vt 0.8957371115684509 0.49641332030296326 
vt 0.9003004431724548 0.5299755930900574 
vt 0.9044073820114136 0.5586113333702087 
vt 0.9034947156906128 0.5588166117668152 
vt 0.8984751105308533 0.5584060549736023 
vt 0.8945963382720947 0.5301808714866638 
vt 0.899387776851654 0.5300782322883606 
vt 0.8948245048522949 0.4965159595012665 
vt 0.890261173248291 0.46295365691185 
vt 0.8864964842796326 0.4342152774333954 
vt 0.8841007947921753 0.4163564443588257 
vt 0.907031238079071 0.4012688100337982 
vt 0.932585597038269 0.38320469856262207 
vt 0.9032665491104126 0.3963422477245331 
vt 0.9299617409706116 0.378483384847641 
vt 0.8789671063423157 0.41491952538490295 
vt 0.8817050457000732 0.43585747480392456 
vt 0.8855838179588318 0.46418529748916626 
vt 0.8900330662727356 0.4971317648887634 
vt 0.8856979012489319 0.14447103440761566 
vt 0.8884359002113342 0.16530634462833405 
vt 0.8909456729888916 0.1459079533815384 
vt 0.8931132555007935 0.16366416215896606 
vt 0.8966497778892517 0.19240251183509827 
vt 0.8920865058898926 0.19353152811527252 
vt 0.9010989665985107 0.22575953602790833 
vt 0.8963075280189514 0.22637537121772766 
vt 0.9054341316223145 0.2592191994190216 
vt 0.9006426930427551 0.25932183861732483 
vt 0.909312903881073 0.287854939699173 
vt 0.9042932987213135 0.28734174370765686 
vt 0.9063467383384705 0.3083823323249817 
vt 0.9110241532325745 0.3057137727737427 
vt 0.9349813461303711 0.31956976652145386 
vt 0.9377192854881287 0.3133088946342468 
vt 0.9118226766586304 0.30509793758392334 
vt 0.9384037852287292 0.31259045004844666 
vt 0.9102255702018738 0.28764966130256653 
vt 0.9063467383384705 0.2591165602207184 
vt 0.9020116329193115 0.2256569117307663 
vt 0.8976765275001526 0.19219724833965302 
vt 0.8940259218215942 0.16356152296066284 
vt 0.8918583393096924 0.14631851017475128 
vt 0.9145606756210327 0.1315387785434723 
vt 0.913762092590332 0.13102559745311737 
vt 0.9389742016792297 0.11429575830698013 
vt 0.9387460350990295 0.1132693886756897 
vt 0.9102255702018738 0.12599638104438782 
vt 0.9357799291610718 0.10885600000619888 
vt 0.9395446181297302 0.11665641516447067 
vt 0.9166141152381897 0.1328730583190918 
vt 0.9397727847099304 0.11758014559745789 
vt 0.9171845316886902 0.13338623940944672 
vt 0.8942540884017944 0.1472422331571579 
vt 0.8951667547225952 0.1476527899503708 
vt 0.8964216113090515 0.16325360536575317 
vt 0.8971061110496521 0.16315096616744995 
vt 0.8999581933021545 0.19188933074474335 
vt 0.9007567167282104 0.19178669154644012 
vt 0.9042932987213135 0.22534899413585663 
vt 0.9086284041404724 0.2588086426258087 
vt 0.912507176399231 0.28734174370765686 
vt 0.9050918817520142 0.2252463549375534 
vt 0.9095410704612732 0.2587060332298279 
vt 0.9133057594299316 0.28723910450935364 
vt 0.9138761758804321 0.3035583794116974 
vt 0.9147888422012329 0.30294257402420044 
vt 0.9400009512901306 0.31084561347961426 
vt 0.940457284450531 0.31033241748809814 
vt 0.007266521919518709 0.7422289252281189 
vt 0.025519641116261482 0.7419210076332092 
vt 0.007836932316422462 0.7701461911201477 
vt 0.025975970551371574 0.7699409127235413 
vt 0.008179178461432457 0.7987819314002991 
vt 0.02631821669638157 0.7978581786155701 
vt 0.008521423675119877 0.8273149728775024 
vt 0.007266521919518709 0.8285466432571411 
vt 0.026546379551291466 0.8269044756889343 
vt 0.026546379551291466 0.8256728053092957 
vt 0.056093618273735046 0.8270071148872375 
vt 0.056207701563835144 0.8256728053092957 
vt 0.0905463844537735 0.8299835324287415 
vt 0.0905463844537735 0.8287519216537476 
vt 0.12465690076351166 0.8268018364906311 
vt 0.12454281747341156 0.8255701661109924 
vt 0.1539759784936905 0.8261860013008118 
vt 0.1539759784936905 0.8249543309211731 
vt 0.17336991429328918 0.8260833621025085 
vt 0.1720009297132492 0.8248516917228699 
vt 0.173141747713089 0.7975502610206604 
vt 0.1718868464231491 0.7971397042274475 
vt 0.006924275774508715 0.7995003461837769 
vt 0.173141747713089 0.768914520740509 
vt 0.1718868464231491 0.7693250775337219 
vt 0.1537478119134903 0.7972423434257507 
vt 0.17336991429328918 0.740073561668396 
vt 0.1720009297132492 0.7414078116416931 
vt 0.1537478119134903 0.7692224383354187 
vt 0.12397240847349167 0.7977555394172668 
vt 0.12408649176359177 0.8250569701194763 
vt 0.0905463844537735 0.8282387256622314 
vt 0.056778110563755035 0.8251596093177795 
vt 0.05666402727365494 0.7983713746070862 
vt 0.056093618273735046 0.7978581786155701 
vt 0.055523209273815155 0.7694277167320251 
vt 0.05518096312880516 0.7414078116416931 
vt 0.025519641116261482 0.7405867576599121 
vt 0.0060116201639175415 0.7409972548484802 
vt 0.006467948202043772 0.7697356343269348 
vt 0.1538618952035904 0.7399709224700928 
vt 0.05506687983870506 0.740073561668396 
vt 0.08974780887365341 0.7408946752548218 
vt 0.08986189216375351 0.7686066627502441 
vt 0.08974780887365341 0.7396630048751831 
vt 0.12420057505369186 0.7410998940467834 
vt 0.12420057505369186 0.7398682832717896 
vt 0.1538618952035904 0.7413051724433899 
vt 0.12408649176359177 0.7692224383354187 
vt 0.08974780887365341 0.795189619064331 
vt 0.08974780887365341 0.795600175857544 
vt 0.08986189216375351 0.7967291474342346 
vt 0.05837525799870491 0.7997056245803833 
vt 0.05791892856359482 0.8239279985427856 
vt 0.0905463844537735 0.8271097540855408 
vt 0.05848934128880501 0.8234148025512695 
vt 0.058831587433815 0.8002188205718994 
vt 0.08986189216375351 0.797344982624054 
vt 0.1216907650232315 0.800013542175293 
vt 0.122261181473732 0.7995003461837769 
vt 0.12340199947357178 0.798268735408783 
vt 0.0905463844537735 0.8265965580940247 
vt 0.122261181473732 0.8237227201461792 
vt 0.1218048483133316 0.8233121633529663 
vt 0.6098476648330688 0.6695619225502014 
vt 0.6105321645736694 0.6617615222930908 
vt 0.6017478108406067 0.6690487265586853 
vt 0.602090060710907 0.6610430479049683 
vt 0.6008351445198059 0.6690487265586853 
vt 0.6012914776802063 0.6610430479049683 
vt 0.6024323105812073 0.6575533747673035 
vt 0.6016337275505066 0.6575533747673035 
vt 0.6041435599327087 0.6412340998649597 
vt 0.6033449769020081 0.6412340998649597 
vt 0.6034590601921082 0.6403104066848755 
vt 0.6042576432228088 0.6403104066848755 
vt 0.6119011044502258 0.6419525742530823 
vt 0.6120151877403259 0.6410288214683533 
vt 0.6052843928337097 0.6241963505744934 
vt 0.6137264370918274 0.624914824962616 
vt 0.6147531867027283 0.6089034676551819 
vt 0.6069955825805664 0.6081849932670593 
vt 0.6069955825805664 0.6072613000869751 
vt 0.6063110828399658 0.6071586608886719 
vt 0.6061969995498657 0.6080823540687561 
vt 0.604485809803009 0.6241963505744934 
vt 0.610874354839325 0.658271849155426 
vt 0.6147531867027283 0.6079797148704529 
vt 0.06020056828856468 0.9436027407646179 
vt 0.05963015928864479 0.9439106583595276 
vt 0.05963015928864479 0.9479134678840637 
vt 0.026432298123836517 0.8957738876342773 
vt 0.027687199413776398 0.8957738876342773 
vt 0.05974424257874489 0.84804767370224 
vt 0.059173833578825 0.8478423953056335 
vt 0.06020056828856468 0.8419920802116394 
vt 0.05963015928864479 0.8438395857810974 
vt 0.03065333142876625 0.8782229423522949 
vt 0.030995577573776245 0.8785308599472046 
vt 0.024721067398786545 0.8842785358428955 
vt 0.02494923211634159 0.8846890926361084 
vt 0.021526772528886795 0.8853049278259277 
vt 0.021526772528886795 0.8857154250144958 
vt 0.0060116201639175415 0.8829442262649536 
vt 0.006353865843266249 0.8833547830581665 
vt 0.0060116201639175415 0.8837653398513794 
vt 0.006353865843266249 0.8836627006530762 
vt 0.015480426140129566 0.8958765268325806 
vt 0.016050836071372032 0.8958765268325806 
vt 0.023352084681391716 0.8957738876342773 
vt 0.025177396833896637 0.9068586826324463 
vt 0.03122374229133129 0.9129142761230469 
vt 0.06020056828856468 0.9495556950569153 
vt 0.021640853956341743 0.9059349298477173 
vt 0.02494923211634159 0.9072692394256592 
vt 0.021640853956341743 0.9063454866409302 
vt 0.0065820300951600075 0.9085008502006531 
vt 0.006239783950150013 0.908911406993866 
vt 0.030881496146321297 0.9132221937179565 
vt 0.006239783950150013 0.9080902934074402 
vt 0.0065820300951600075 0.9081929326057434 
vt 0.006239783950150013 0.908911406993866 
vt 0.6068814992904663 0.9270781874656677 
vt 0.6050562262535095 0.9119905233383179 
vt 0.6057406663894653 0.9118878841400146 
vt 0.6053984761238098 0.9087061285972595 
vt 0.6047139763832092 0.9087061285972595 
vt 0.6048280596733093 0.9012136459350586 
vt 0.6040294766426086 0.9012136459350586 
vt 0.603230893611908 0.8511267900466919 
vt 0.6039153933525085 0.8511267900466919 
vt 0.6124715209007263 0.9005978107452393 
vt 0.613270103931427 0.9078850746154785 
vt 0.6136123538017273 0.9110667705535889 
vt 0.6075659990310669 0.9270781874656677 
vt 0.6147531867027283 0.9262570738792419 
vt 0.6080223321914673 0.8506135940551758 
vt 0.6075659990310669 0.8447632789611816 
vt 0.6034590601921082 0.8446606397628784 
vt 0.606539249420166 0.7863628268241882 
vt 0.5995802879333496 0.7864654660224915 
vt 0.6027745604515076 0.8446606397628784 
vt 0.5986676216125488 0.7864654660224915 
vt 0.6019759774208069 0.7285782098770142 
vt 0.6012914776802063 0.7285782098770142 
vt 0.6019759774208069 0.7219067811965942 
vt 0.6011773943901062 0.7219067811965942 
vt 0.6064251661300659 0.7224199771881104 
vt 0.6061969995498657 0.7284755706787109 
vt 0.3568137586116791 0.42189884185791016 
vt 0.3551025390625 0.42189884185791016 
vt 0.3565855920314789 0.42107775807380676 
vt 0.3543039560317993 0.411635160446167 
vt 0.3559011220932007 0.4229252338409424 
vt 0.35920947790145874 0.42189884185791016 
vt 0.35829684138298035 0.4229252338409424 
vt 0.3697050213813782 0.42179620265960693 
vt 0.3690205514431 0.4229252338409424 
vt 0.41955888271331787 0.42148831486701965 
vt 0.41955888271331787 0.4226173162460327 
vt 0.41955888271331787 0.4203592836856842 
vt 0.36959096789360046 0.4208724796772003 
vt 0.35886725783348083 0.42107775807380676 
vt 0.41955888271331787 0.41266152262687683 
vt 0.3689064681529999 0.41225096583366394 
vt 0.41955888271331787 0.41101932525634766 
vt 0.36924871802330017 0.41091668605804443 
vt 0.41955888271331787 0.4098903238773346 
vt 0.3686783015727997 0.4098903238773346 
vt 0.35852500796318054 0.41091668605804443 
vt 0.35784050822257996 0.40978768467903137 
vt 0.3561292886734009 0.41091668605804443 
vt 0.3554447889328003 0.40978768467903137 
vt 0.3557870388031006 0.4120456874370575 
vt 0.35818275809288025 0.4121483266353607 
vt 0.8621970415115356 0.795189619064331 
vt 0.8621970415115356 0.7975502610206604 
vt 0.8652772307395935 0.7932395339012146 
vt 0.8652772307395935 0.8047348856925964 
vt 0.8652772307395935 0.790776252746582 
vt 0.8611702919006348 0.7948817014694214 
vt 0.8642504811286926 0.7900577783584595 
vt 0.8537549376487732 0.7943685054779053 
vt 0.8517014980316162 0.7901604175567627 
vt 0.8523859977722168 0.7948817014694214 
vt 0.8497620820999146 0.7911867499351501 
vt 0.8522719144821167 0.7972423434257507 
vt 0.8495339155197144 0.7937527298927307 
vt 0.8519296646118164 0.8079165816307068 
vt 0.8489634990692139 0.8050427436828613 
vt 0.850332498550415 0.8582087159156799 
vt 0.8461114764213562 0.8580034375190735 
vt 0.8515874147415161 0.8582087159156799 
vt 0.8532986044883728 0.8076087236404419 
vt 0.8536408543586731 0.7968317866325378 
vt 0.8611702919006348 0.7972423434257507 
vt 0.8619688749313354 0.8082244992256165 
vt 0.8652772307395935 0.8584139943122864 
vt 0.8610562086105347 0.8584139943122864 
vt 0.8608280420303345 0.80801922082901 
vt 0.8595731258392334 0.8584139943122864 
vt 0.8608280420303345 0.80801922082901 
vt 0.8611702919006348 0.7972423434257507 
vt 0.8536408543586731 0.7968317866325378 
vt 0.8532986044883728 0.8076087236404419 
vt 0.9338405132293701 0.5817046761512756 
vt 0.9333841800689697 0.5822178721427917 
vt 0.9096551537513733 0.5736989974975586 
vt 0.9088565707206726 0.5743147730827332 
vt 0.9074875712394714 0.5582007765769958 
vt 0.9066889882087708 0.5583034157752991 
vt 0.9068030714988708 0.5758543610572815 
vt 0.9320152401924133 0.5839626789093018 
vt 0.9314448237419128 0.5846811532974243 
vt 0.9060044884681702 0.5764701962471008 
vt 0.9297335743904114 0.5896077156066895 
vt 0.9013271331787109 0.5796518921852112 
vt 0.9034947156906128 0.5294623970985413 
vt 0.902582049369812 0.5296676754951477 
vt 0.8989314436912537 0.49600276350975037 
vt 0.8980187773704529 0.4961054027080536 
vt 0.8943681716918945 0.46244046092033386 
vt 0.8934555053710938 0.4625431001186371 
vt 0.8904893398284912 0.43370211124420166 
vt 0.8896908164024353 0.4338047504425049 
vt 0.8884359002113342 0.41799864172935486 
vt 0.8875232338905334 0.4176907241344452 
vt 0.910453736782074 0.40362945199012756 
vt 0.9097692370414734 0.40311628580093384 
vt 0.9332700967788696 0.3877207338809967 
vt 0.9330419301986694 0.3867970108985901 
vt 0.9078298211097717 0.40178200602531433 
vt 0.9326996803283691 0.3842310607433319 
vt 0.8850134015083313 0.4167670011520386 
vt 0.8874091506004333 0.43411263823509216 
vt 0.8911738395690918 0.46285101771354675 
vt 0.8957371115684509 0.49641332030296326 
vt 0.9003004431724548 0.5299755930900574 
vt 0.9044073820114136 0.5586113333702087 
vt 0.9034947156906128 0.5588166117668152 
vt 0.8984751105308533 0.5584060549736023 
vt 0.8945963382720947 0.5301808714866638 
vt 0.899387776851654 0.5300782322883606 
vt 0.8948245048522949 0.4965159595012665 
vt 0.890261173248291 0.46295365691185 
vt 0.8864964842796326 0.4342152774333954 
vt 0.8841007947921753 0.4163564443588257 
vt 0.907031238079071 0.4012688100337982 
vt 0.932585597038269 0.38320469856262207 
vt 0.9032665491104126 0.3963422477245331 
vt 0.9299617409706116 0.378483384847641 
vt 0.8789671063423157 0.41491952538490295 
vt 0.8817050457000732 0.43585747480392456 
vt 0.8855838179588318 0.46418529748916626 
vt 0.8900330662727356 0.4971317648887634 
vt 0.8856979012489319 0.14447103440761566 
vt 0.8884359002113342 0.16530634462833405 
vt 0.8909456729888916 0.1459079533815384 
vt 0.8931132555007935 0.16366416215896606 
vt 0.8966497778892517 0.19240251183509827 
vt 0.8920865058898926 0.19353152811527252 
vt 0.9010989665985107 0.22575953602790833 
vt 0.8963075280189514 0.22637537121772766 
vt 0.9054341316223145 0.2592191994190216 
vt 0.9006426930427551 0.25932183861732483 
vt 0.909312903881073 0.287854939699173 
vt 0.9042932987213135 0.28734174370765686 
vt 0.9063467383384705 0.3083823323249817 
vt 0.9110241532325745 0.3057137727737427 
vt 0.9349813461303711 0.31956976652145386 
vt 0.9377192854881287 0.3133088946342468 
vt 0.9118226766586304 0.30509793758392334 
vt 0.9384037852287292 0.31259045004844666 
vt 0.9102255702018738 0.28764966130256653 
vt 0.9063467383384705 0.2591165602207184 
vt 0.9020116329193115 0.2256569117307663 
vt 0.8976765275001526 0.19219724833965302 
vt 0.8940259218215942 0.16356152296066284 
vt 0.8918583393096924 0.14631851017475128 
vt 0.9145606756210327 0.1315387785434723 
vt 0.913762092590332 0.13102559745311737 
vt 0.9389742016792297 0.11429575830698013 
vt 0.9387460350990295 0.1132693886756897 
vt 0.9102255702018738 0.12599638104438782 
vt 0.9357799291610718 0.10885600000619888 
vt 0.9395446181297302 0.11665641516447067 
vt 0.9166141152381897 0.1328730583190918 
vt 0.9397727847099304 0.11758014559745789 
vt 0.9171845316886902 0.13338623940944672 
vt 0.8942540884017944 0.1472422331571579 
vt 0.8951667547225952 0.1476527899503708 
vt 0.8964216113090515 0.16325360536575317 
vt 0.8971061110496521 0.16315096616744995 
vt 0.8999581933021545 0.19188933074474335 
vt 0.9007567167282104 0.19178669154644012 
vt 0.9042932987213135 0.22534899413585663 
vt 0.9086284041404724 0.2588086426258087 
vt 0.912507176399231 0.28734174370765686 
vt 0.9050918817520142 0.2252463549375534 
vt 0.9095410704612732 0.2587060332298279 
vt 0.9133057594299316 0.28723910450935364 
vt 0.9138761758804321 0.3035583794116974 
vt 0.9147888422012329 0.30294257402420044 
vt 0.9400009512901306 0.31084561347961426 
vt 0.940457284450531 0.31033241748809814 
vt 0.007266521919518709 0.7422289252281189 
vt 0.025519641116261482 0.7419210076332092 
vt 0.007836932316422462 0.7701461911201477 
vt 0.025975970551371574 0.7699409127235413 
vt 0.008179178461432457 0.7987819314002991 
vt 0.02631821669638157 0.7978581786155701 
vt 0.008521423675119877 0.8273149728775024 
vt 0.007266521919518709 0.8285466432571411 
vt 0.026546379551291466 0.8269044756889343 
vt 0.026546379551291466 0.8256728053092957 
vt 0.056093618273735046 0.8270071148872375 
vt 0.056207701563835144 0.8256728053092957 
vt 0.0905463844537735 0.8299835324287415 
vt 0.0905463844537735 0.8287519216537476 
vt 0.12465690076351166 0.8268018364906311 
vt 0.12454281747341156 0.8255701661109924 
vt 0.1539759784936905 0.8261860013008118 
vt 0.1539759784936905 0.8249543309211731 
vt 0.17336991429328918 0.8260833621025085 
vt 0.1720009297132492 0.8248516917228699 
vt 0.173141747713089 0.7975502610206604 
vt 0.1718868464231491 0.7971397042274475 
vt 0.006924275774508715 0.7995003461837769 
vt 0.173141747713089 0.768914520740509 
vt 0.1718868464231491 0.7693250775337219 
vt 0.1537478119134903 0.7972423434257507 
vt 0.17336991429328918 0.740073561668396 
vt 0.1720009297132492 0.7414078116416931 
vt 0.1537478119134903 0.7692224383354187 
vt 0.12397240847349167 0.7977555394172668 
vt 0.12408649176359177 0.8250569701194763 
vt 0.0905463844537735 0.8282387256622314 
vt 0.056778110563755035 0.8251596093177795 
vt 0.05666402727365494 0.7983713746070862 
vt 0.056093618273735046 0.7978581786155701 
vt 0.055523209273815155 0.7694277167320251 
vt 0.05518096312880516 0.7414078116416931 
vt 0.025519641116261482 0.7405867576599121 
vt 0.0060116201639175415 0.7409972548484802 
vt 0.006467948202043772 0.7697356343269348 
vt 0.1538618952035904 0.7399709224700928 
vt 0.05506687983870506 0.740073561668396 
vt 0.08974780887365341 0.7408946752548218 
vt 0.08986189216375351 0.7686066627502441 
vt 0.08974780887365341 0.7396630048751831 
vt 0.12420057505369186 0.7410998940467834 
vt 0.12420057505369186 0.7398682832717896 
vt 0.1538618952035904 0.7413051724433899 
vt 0.12408649176359177 0.7692224383354187 
vt 0.08974780887365341 0.795189619064331 
vt 0.08974780887365341 0.795600175857544 
vt 0.08986189216375351 0.7967291474342346 
vt 0.05837525799870491 0.7997056245803833 
vt 0.05791892856359482 0.8239279985427856 
vt 0.0905463844537735 0.8271097540855408 
vt 0.05848934128880501 0.8234148025512695 
vt 0.058831587433815 0.8002188205718994 
vt 0.08986189216375351 0.797344982624054 
vt 0.1216907650232315 0.800013542175293 
vt 0.122261181473732 0.7995003461837769 
vt 0.12340199947357178 0.798268735408783 
vt 0.0905463844537735 0.8265965580940247 
vt 0.122261181473732 0.8237227201461792 
vt 0.1218048483133316 0.8233121633529663 
vt 0.6098476648330688 0.6695619225502014 
vt 0.6105321645736694 0.6617615222930908 
vt 0.6017478108406067 0.6690487265586853 
vt 0.602090060710907 0.6610430479049683 
vt 0.6008351445198059 0.6690487265586853 
vt 0.6012914776802063 0.6610430479049683 
vt 0.6024323105812073 0.6575533747673035 
vt 0.6016337275505066 0.6575533747673035 
vt 0.6041435599327087 0.6412340998649597 
vt 0.6033449769020081 0.6412340998649597 
vt 0.6034590601921082 0.6403104066848755 
vt 0.6042576432228088 0.6403104066848755 
vt 0.6119011044502258 0.6419525742530823 
vt 0.6120151877403259 0.6410288214683533 
vt 0.6052843928337097 0.6241963505744934 
vt 0.6137264370918274 0.624914824962616 
vt 0.6147531867027283 0.6089034676551819 
vt 0.6069955825805664 0.6081849932670593 
vt 0.6069955825805664 0.6072613000869751 
vt 0.6063110828399658 0.6071586608886719 
vt 0.6061969995498657 0.6080823540687561 
vt 0.604485809803009 0.6241963505744934 
vt 0.610874354839325 0.658271849155426 
vt 0.6147531867027283 0.6079797148704529 
vt 0.06020056828856468 0.9436027407646179 
vt 0.05963015928864479 0.9439106583595276 
vt 0.05963015928864479 0.9479134678840637 
vt 0.026432298123836517 0.8957738876342773 
vt 0.027687199413776398 0.8957738876342773 
vt 0.05974424257874489 0.84804767370224 
vt 0.059173833578825 0.8478423953056335 
vt 0.06020056828856468 0.8419920802116394 
vt 0.05963015928864479 0.8438395857810974 
vt 0.03065333142876625 0.8782229423522949 
vt 0.030995577573776245 0.8785308599472046 
vt 0.024721067398786545 0.8842785358428955 
vt 0.02494923211634159 0.8846890926361084 
vt 0.021526772528886795 0.8853049278259277 
vt 0.021526772528886795 0.8857154250144958 
vt 0.0060116201639175415 0.8829442262649536 
vt 0.006353865843266249 0.8833547830581665 
vt 0.0060116201639175415 0.8837653398513794 
vt 0.006353865843266249 0.8836627006530762 
vt 0.015480426140129566 0.8958765268325806 
vt 0.016050836071372032 0.8958765268325806 
vt 0.023352084681391716 0.8957738876342773 
vt 0.025177396833896637 0.9068586826324463 
vt 0.03122374229133129 0.9129142761230469 
vt 0.06020056828856468 0.9495556950569153 
vt 0.021640853956341743 0.9059349298477173 
vt 0.02494923211634159 0.9072692394256592 
vt 0.021640853956341743 0.9063454866409302 
vt 0.0065820300951600075 0.9085008502006531 
vt 0.006239783950150013 0.908911406993866 
vt 0.030881496146321297 0.9132221937179565 
vt 0.006239783950150013 0.9080902934074402 
vt 0.0065820300951600075 0.9081929326057434 
vt 0.006239783950150013 0.908911406993866 
vt 0.6068814992904663 0.9270781874656677 
vt 0.6050562262535095 0.9119905233383179 
vt 0.6057406663894653 0.9118878841400146 
vt 0.6053984761238098 0.9087061285972595 
vt 0.6047139763832092 0.9087061285972595 
vt 0.6048280596733093 0.9012136459350586 
vt 0.6040294766426086 0.9012136459350586 
vt 0.603230893611908 0.8511267900466919 
vt 0.6039153933525085 0.8511267900466919 
vt 0.6124715209007263 0.9005978107452393 
vt 0.613270103931427 0.9078850746154785 
vt 0.6136123538017273 0.9110667705535889 
vt 0.6075659990310669 0.9270781874656677 
vt 0.6147531867027283 0.9262570738792419 
vt 0.6080223321914673 0.8506135940551758 
vt 0.6075659990310669 0.8447632789611816 
vt 0.6034590601921082 0.8446606397628784 
vt 0.606539249420166 0.7863628268241882 
vt 0.5995802879333496 0.7864654660224915 
vt 0.6027745604515076 0.8446606397628784 
vt 0.5986676216125488 0.7864654660224915 
vt 0.6019759774208069 0.7285782098770142 
vt 0.6012914776802063 0.7285782098770142 
vt 0.6019759774208069 0.7219067811965942 
vt 0.6011773943901062 0.7219067811965942 
vt 0.6064251661300659 0.7224199771881104 
vt 0.6061969995498657 0.7284755706787109 
vt 0.3568137586116791 0.42189884185791016 
vt 0.3551025390625 0.42189884185791016 
vt 0.3565855920314789 0.42107775807380676 
vt 0.3543039560317993 0.411635160446167 
vt 0.3559011220932007 0.4229252338409424 
vt 0.35920947790145874 0.42189884185791016 
vt 0.35829684138298035 0.4229252338409424 
vt 0.3697050213813782 0.42179620265960693 
vt 0.3690205514431 0.4229252338409424 
vt 0.41955888271331787 0.42148831486701965 
vt 0.41955888271331787 0.4226173162460327 
vt 0.41955888271331787 0.4203592836856842 
vt 0.36959096789360046 0.4208724796772003 
vt 0.35886725783348083 0.42107775807380676 
vt 0.41955888271331787 0.41266152262687683 
vt 0.3689064681529999 0.41225096583366394 
vt 0.41955888271331787 0.41101932525634766 
vt 0.36924871802330017 0.41091668605804443 
vt 0.41955888271331787 0.4098903238773346 
vt 0.3686783015727997 0.4098903238773346 
vt 0.35852500796318054 0.41091668605804443 
vt 0.35784050822257996 0.40978768467903137 
vt 0.3561292886734009 0.41091668605804443 
vt 0.3554447889328003 0.40978768467903137 
vt 0.3557870388031006 0.4120456874370575 
vt 0.35818275809288025 0.4121483266353607 
vt 0.8621970415115356 0.795189619064331 
vt 0.8621970415115356 0.7975502610206604 
vt 0.8652772307395935 0.7932395339012146 
vt 0.8652772307395935 0.8047348856925964 
vt 0.8652772307395935 0.790776252746582 
vt 0.8611702919006348 0.7948817014694214 
vt 0.8642504811286926 0.7900577783584595 
vt 0.8537549376487732 0.7943685054779053 
vt 0.8517014980316162 0.7901604175567627 
vt 0.8523859977722168 0.7948817014694214 
vt 0.8497620820999146 0.7911867499351501 
vt 0.8522719144821167 0.7972423434257507 
vt 0.8495339155197144 0.7937527298927307 
vt 0.8519296646118164 0.8079165816307068 
vt 0.8489634990692139 0.8050427436828613 
vt 0.850332498550415 0.8582087159156799 
vt 0.8461114764213562 0.8580034375190735 
vt 0.8515874147415161 0.8582087159156799 
vt 0.8532986044883728 0.8076087236404419 
vt 0.8536408543586731 0.7968317866325378 
vt 0.8611702919006348 0.7972423434257507 
vt 0.8619688749313354 0.8082244992256165 
vt 0.8652772307395935 0.8584139943122864 
vt 0.8610562086105347 0.8584139943122864 
vt 0.8608280420303345 0.80801922082901 
vt 0.8595731258392334 0.8584139943122864 
vt 0.8608280420303345 0.80801922082901 
vt 0.8611702919006348 0.7972423434257507 
vt 0.8536408543586731 0.7968317866325378 
vt 0.8532986044883728 0.8076087236404419 
vt 0.9338405132293701 0.5817046761512756 
vt 0.9333841800689697 0.5822178721427917 
vt 0.9096551537513733 0.5736989974975586 
vt 0.9088565707206726 0.5743147730827332 
vt 0.9074875712394714 0.5582007765769958 
vt 0.9066889882087708 0.5583034157752991 
vt 0.9068030714988708 0.5758543610572815 
vt 0.9320152401924133 0.5839626789093018 
vt 0.9314448237419128 0.5846811532974243 
vt 0.9060044884681702 0.5764701962471008 
vt 0.9297335743904114 0.5896077156066895 
vt 0.9013271331787109 0.5796518921852112 
vt 0.9034947156906128 0.5294623970985413 
vt 0.902582049369812 0.5296676754951477 
vt 0.8989314436912537 0.49600276350975037 
vt 0.8980187773704529 0.4961054027080536 
vt 0.8943681716918945 0.46244046092033386 
vt 0.8934555053710938 0.4625431001186371 
vt 0.8904893398284912 0.43370211124420166 
vt 0.8896908164024353 0.4338047504425049 
vt 0.8884359002113342 0.41799864172935486 
vt 0.8875232338905334 0.4176907241344452 
vt 0.910453736782074 0.40362945199012756 
vt 0.9097692370414734 0.40311628580093384 
vt 0.9332700967788696 0.3877207338809967 
vt 0.9330419301986694 0.3867970108985901 
vt 0.9078298211097717 0.40178200602531433 
vt 0.9326996803283691 0.3842310607433319 
vt 0.8850134015083313 0.4167670011520386 
vt 0.8874091506004333 0.43411263823509216 
vt 0.8911738395690918 0.46285101771354675 
vt 0.8957371115684509 0.49641332030296326 
vt 0.9003004431724548 0.5299755930900574 
vt 0.9044073820114136 0.5586113333702087 
vt 0.9034947156906128 0.5588166117668152 
vt 0.8984751105308533 0.5584060549736023 
vt 0.8945963382720947 0.5301808714866638 
vt 0.899387776851654 0.5300782322883606 
vt 0.8948245048522949 0.4965159595012665 
vt 0.890261173248291 0.46295365691185 
vt 0.8864964842796326 0.4342152774333954 
vt 0.8841007947921753 0.4163564443588257 
vt 0.907031238079071 0.4012688100337982 
vt 0.932585597038269 0.38320469856262207 
vt 0.9032665491104126 0.3963422477245331 
vt 0.9299617409706116 0.378483384847641 
vt 0.8789671063423157 0.41491952538490295 
vt 0.8817050457000732 0.43585747480392456 
vt 0.8855838179588318 0.46418529748916626 
vt 0.8900330662727356 0.4971317648887634 
vt 0.8856979012489319 0.14447103440761566 
vt 0.8884359002113342 0.16530634462833405 
vt 0.8909456729888916 0.1459079533815384 
vt 0.8931132555007935 0.16366416215896606 
vt 0.8966497778892517 0.19240251183509827 
vt 0.8920865058898926 0.19353152811527252 
vt 0.9010989665985107 0.22575953602790833 
vt 0.8963075280189514 0.22637537121772766 
vt 0.9054341316223145 0.2592191994190216 
vt 0.9006426930427551 0.25932183861732483 
vt 0.909312903881073 0.287854939699173 
vt 0.9042932987213135 0.28734174370765686 
vt 0.9063467383384705 0.3083823323249817 
vt 0.9110241532325745 0.3057137727737427 
vt 0.9349813461303711 0.31956976652145386 
vt 0.9377192854881287 0.3133088946342468 
vt 0.9118226766586304 0.30509793758392334 
vt 0.9384037852287292 0.31259045004844666 
vt 0.9102255702018738 0.28764966130256653 
vt 0.9063467383384705 0.2591165602207184 
vt 0.9020116329193115 0.2256569117307663 
vt 0.8976765275001526 0.19219724833965302 
vt 0.8940259218215942 0.16356152296066284 
vt 0.8918583393096924 0.14631851017475128 
vt 0.9145606756210327 0.1315387785434723 
vt 0.913762092590332 0.13102559745311737 
vt 0.9389742016792297 0.11429575830698013 
vt 0.9387460350990295 0.1132693886756897 
vt 0.9102255702018738 0.12599638104438782 
vt 0.9357799291610718 0.10885600000619888 
vt 0.9395446181297302 0.11665641516447067 
vt 0.9166141152381897 0.1328730583190918 
vt 0.9397727847099304 0.11758014559745789 
vt 0.9171845316886902 0.13338623940944672 
vt 0.8942540884017944 0.1472422331571579 
vt 0.8951667547225952 0.1476527899503708 
vt 0.8964216113090515 0.16325360536575317 
vt 0.8971061110496521 0.16315096616744995 
vt 0.8999581933021545 0.19188933074474335 
vt 0.9007567167282104 0.19178669154644012 
vt 0.9042932987213135 0.22534899413585663 
vt 0.9086284041404724 0.2588086426258087 
vt 0.912507176399231 0.28734174370765686 
vt 0.9050918817520142 0.2252463549375534 
vt 0.9095410704612732 0.2587060332298279 
vt 0.9133057594299316 0.28723910450935364 
vt 0.9138761758804321 0.3035583794116974 
vt 0.9147888422012329 0.30294257402420044 
vt 0.9400009512901306 0.31084561347961426 
vt 0.940457284450531 0.31033241748809814 
vt 0.007266521919518709 0.7422289252281189 
vt 0.025519641116261482 0.7419210076332092 
vt 0.007836932316422462 0.7701461911201477 
vt 0.025975970551371574 0.7699409127235413 
vt 0.008179178461432457 0.7987819314002991 
vt 0.02631821669638157 0.7978581786155701 
vt 0.008521423675119877 0.8273149728775024 
vt 0.007266521919518709 0.8285466432571411 
vt 0.026546379551291466 0.8269044756889343 
vt 0.026546379551291466 0.8256728053092957 
vt 0.056093618273735046 0.8270071148872375 
vt 0.056207701563835144 0.8256728053092957 
vt 0.0905463844537735 0.8299835324287415 
vt 0.0905463844537735 0.8287519216537476 
vt 0.12465690076351166 0.8268018364906311 
vt 0.12454281747341156 0.8255701661109924 
vt 0.1539759784936905 0.8261860013008118 
vt 0.1539759784936905 0.8249543309211731 
vt 0.17336991429328918 0.8260833621025085 
vt 0.1720009297132492 0.8248516917228699 
vt 0.173141747713089 0.7975502610206604 
vt 0.1718868464231491 0.7971397042274475 
vt 0.006924275774508715 0.7995003461837769 
vt 0.173141747713089 0.768914520740509 
vt 0.1718868464231491 0.7693250775337219 
vt 0.1537478119134903 0.7972423434257507 
vt 0.17336991429328918 0.740073561668396 
vt 0.1720009297132492 0.7414078116416931 
vt 0.1537478119134903 0.7692224383354187 
vt 0.12397240847349167 0.7977555394172668 
vt 0.12408649176359177 0.8250569701194763 
vt 0.0905463844537735 0.8282387256622314 
vt 0.056778110563755035 0.8251596093177795 
vt 0.05666402727365494 0.7983713746070862 
vt 0.056093618273735046 0.7978581786155701 
vt 0.055523209273815155 0.7694277167320251 
vt 0.05518096312880516 0.7414078116416931 
vt 0.025519641116261482 0.7405867576599121 
vt 0.0060116201639175415 0.7409972548484802 
vt 0.006467948202043772 0.7697356343269348 
vt 0.1538618952035904 0.7399709224700928 
vt 0.05506687983870506 0.740073561668396 
vt 0.08974780887365341 0.7408946752548218 
vt 0.08986189216375351 0.7686066627502441 
vt 0.08974780887365341 0.7396630048751831 
vt 0.12420057505369186 0.7410998940467834 
vt 0.12420057505369186 0.7398682832717896 
vt 0.1538618952035904 0.7413051724433899 
vt 0.12408649176359177 0.7692224383354187 
vt 0.08974780887365341 0.795189619064331 
vt 0.08974780887365341 0.795600175857544 
vt 0.08986189216375351 0.7967291474342346 
vt 0.05837525799870491 0.7997056245803833 
vt 0.05791892856359482 0.8239279985427856 
vt 0.0905463844537735 0.8271097540855408 
vt 0.05848934128880501 0.8234148025512695 
vt 0.058831587433815 0.8002188205718994 
vt 0.08986189216375351 0.797344982624054 
vt 0.1216907650232315 0.800013542175293 
vt 0.122261181473732 0.7995003461837769 
vt 0.12340199947357178 0.798268735408783 
vt 0.0905463844537735 0.8265965580940247 
vt 0.122261181473732 0.8237227201461792 
vt 0.1218048483133316 0.8233121633529663 
vt 0.6098476648330688 0.6695619225502014 
vt 0.6105321645736694 0.6617615222930908 
vt 0.6017478108406067 0.6690487265586853 
vt 0.602090060710907 0.6610430479049683 
vt 0.6008351445198059 0.6690487265586853 
vt 0.6012914776802063 0.6610430479049683 
vt 0.6024323105812073 0.6575533747673035 
vt 0.6016337275505066 0.6575533747673035 
vt 0.6041435599327087 0.6412340998649597 
vt 0.6033449769020081 0.6412340998649597 
vt 0.6034590601921082 0.6403104066848755 
vt 0.6042576432228088 0.6403104066848755 
vt 0.6119011044502258 0.6419525742530823 
vt 0.6120151877403259 0.6410288214683533 
vt 0.6052843928337097 0.6241963505744934 
vt 0.6137264370918274 0.624914824962616 
vt 0.6147531867027283 0.6089034676551819 
vt 0.6069955825805664 0.6081849932670593 
vt 0.6069955825805664 0.6072613000869751 
vt 0.6063110828399658 0.6071586608886719 
vt 0.6061969995498657 0.6080823540687561 
vt 0.604485809803009 0.6241963505744934 
vt 0.610874354839325 0.658271849155426 
vt 0.6147531867027283 0.6079797148704529 
vt 0.06020056828856468 0.9436027407646179 
vt 0.05963015928864479 0.9439106583595276 
vt 0.05963015928864479 0.9479134678840637 
vt 0.026432298123836517 0.8957738876342773 
vt 0.027687199413776398 0.8957738876342773 
vt 0.05974424257874489 0.84804767370224 
vt 0.059173833578825 0.8478423953056335 
vt 0.06020056828856468 0.8419920802116394 
vt 0.05963015928864479 0.8438395857810974 
vt 0.03065333142876625 0.8782229423522949 
vt 0.030995577573776245 0.8785308599472046 
vt 0.024721067398786545 0.8842785358428955 
vt 0.02494923211634159 0.8846890926361084 
vt 0.021526772528886795 0.8853049278259277 
vt 0.021526772528886795 0.8857154250144958 
vt 0.0060116201639175415 0.8829442262649536 
vt 0.006353865843266249 0.8833547830581665 
vt 0.0060116201639175415 0.8837653398513794 
vt 0.006353865843266249 0.8836627006530762 
vt 0.015480426140129566 0.8958765268325806 
vt 0.016050836071372032 0.8958765268325806 
vt 0.023352084681391716 0.8957738876342773 
vt 0.025177396833896637 0.9068586826324463 
vt 0.03122374229133129 0.9129142761230469 
vt 0.06020056828856468 0.9495556950569153 
vt 0.021640853956341743 0.9059349298477173 
vt 0.02494923211634159 0.9072692394256592 
vt 0.021640853956341743 0.9063454866409302 
vt 0.0065820300951600075 0.9085008502006531 
vt 0.006239783950150013 0.908911406993866 
vt 0.030881496146321297 0.9132221937179565 
vt 0.006239783950150013 0.9080902934074402 
vt 0.0065820300951600075 0.9081929326057434 
vt 0.006239783950150013 0.908911406993866 
vt 0.6068814992904663 0.9270781874656677 
vt 0.6050562262535095 0.9119905233383179 
vt 0.6057406663894653 0.9118878841400146 
vt 0.6053984761238098 0.9087061285972595 
vt 0.6047139763832092 0.9087061285972595 
vt 0.6048280596733093 0.9012136459350586 
vt 0.6040294766426086 0.9012136459350586 
vt 0.603230893611908 0.8511267900466919 
vt 0.6039153933525085 0.8511267900466919 
vt 0.6124715209007263 0.9005978107452393 
vt 0.613270103931427 0.9078850746154785 
vt 0.6136123538017273 0.9110667705535889 
vt 0.6075659990310669 0.9270781874656677 
vt 0.6147531867027283 0.9262570738792419 
vt 0.6080223321914673 0.8506135940551758 
vt 0.6075659990310669 0.8447632789611816 
vt 0.6034590601921082 0.8446606397628784 
vt 0.606539249420166 0.7863628268241882 
vt 0.5995802879333496 0.7864654660224915 
vt 0.6027745604515076 0.8446606397628784 
vt 0.5986676216125488 0.7864654660224915 
vt 0.6019759774208069 0.7285782098770142 
vt 0.6012914776802063 0.7285782098770142 
vt 0.6019759774208069 0.7219067811965942 
vt 0.6011773943901062 0.7219067811965942 
vt 0.6064251661300659 0.7224199771881104 
vt 0.6061969995498657 0.7284755706787109 
vt 0.3568137586116791 0.42189884185791016 
vt 0.3551025390625 0.42189884185791016 
vt 0.3565855920314789 0.42107775807380676 
vt 0.3543039560317993 0.411635160446167 
vt 0.3559011220932007 0.4229252338409424 
vt 0.35920947790145874 0.42189884185791016 
vt 0.35829684138298035 0.4229252338409424 
vt 0.3697050213813782 0.42179620265960693 
vt 0.3690205514431 0.4229252338409424 
vt 0.41955888271331787 0.42148831486701965 
vt 0.41955888271331787 0.4226173162460327 
vt 0.41955888271331787 0.4203592836856842 
vt 0.36959096789360046 0.4208724796772003 
vt 0.35886725783348083 0.42107775807380676 
vt 0.41955888271331787 0.41266152262687683 
vt 0.3689064681529999 0.41225096583366394 
vt 0.41955888271331787 0.41101932525634766 
vt 0.36924871802330017 0.41091668605804443 
vt 0.41955888271331787 0.4098903238773346 
vt 0.3686783015727997 0.4098903238773346 
vt 0.35852500796318054 0.41091668605804443 
vt 0.35784050822257996 0.40978768467903137 
vt 0.3561292886734009 0.41091668605804443 
vt 0.3554447889328003 0.40978768467903137 
vt 0.3557870388031006 0.4120456874370575 
vt 0.35818275809288025 0.4121483266353607 
vt 0.8621970415115356 0.795189619064331 
vt 0.8621970415115356 0.7975502610206604 
vt 0.8652772307395935 0.7932395339012146 
vt 0.8652772307395935 0.8047348856925964 
vt 0.8652772307395935 0.790776252746582 
vt 0.8611702919006348 0.7948817014694214 
vt 0.8642504811286926 0.7900577783584595 
vt 0.8537549376487732 0.7943685054779053 
vt 0.8517014980316162 0.7901604175567627 
vt 0.8523859977722168 0.7948817014694214 
vt 0.8497620820999146 0.7911867499351501 
vt 0.8522719144821167 0.7972423434257507 
vt 0.8495339155197144 0.7937527298927307 
vt 0.8519296646118164 0.8079165816307068 
vt 0.8489634990692139 0.8050427436828613 
vt 0.850332498550415 0.8582087159156799 
vt 0.8461114764213562 0.8580034375190735 
vt 0.8515874147415161 0.8582087159156799 
vt 0.8532986044883728 0.8076087236404419 
vt 0.8536408543586731 0.7968317866325378 
vt 0.8611702919006348 0.7972423434257507 
vt 0.8619688749313354 0.8082244992256165 
vt 0.8652772307395935 0.8584139943122864 
vt 0.8610562086105347 0.8584139943122864 
vt 0.8608280420303345 0.80801922082901 
vt 0.8595731258392334 0.8584139943122864 
vt 0.8608280420303345 0.80801922082901 
vt 0.8611702919006348 0.7972423434257507 
vt 0.8536408543586731 0.7968317866325378 
vt 0.8532986044883728 0.8076087236404419 
vt 0.7335271239280701 0.23345695436000824 
vt 0.6786693334579468 0.21904602646827698 
vt 0.7281774282455444 0.2434529811143875 
vt 0.6723811030387878 0.2329571545124054 
vt 0.7234846949577332 0.253865510225296 
vt 0.6671252846717834 0.24720148742198944 
vt 0.7195428609848022 0.26452791690826416 
vt 0.6628549098968506 0.2618623375892639 
vt 0.7163518071174622 0.2754402458667755 
vt 0.6596169471740723 0.2766897678375244 
vt 0.7139585018157959 0.2865191698074341 
vt 0.6576460003852844 0.29284998774528503 
vt 0.7091719508171082 0.29643189907073975 
vt 0.6576460003852844 0.30901023745536804 
vt 0.7078580260276794 0.3060947358608246 
vt 0.6596638560295105 0.32483726739883423 
vt 0.7095943093299866 0.31584084033966064 
vt 0.6629018187522888 0.3393315076828003 
vt 0.7150847911834717 0.3256702721118927 
vt 0.7284590005874634 0.3178400695323944 
vt 0.7276142835617065 0.3303350806236267 
vt 0.7504677772521973 0.317923367023468 
vt 0.7408007979393005 0.32741957902908325 
vt 0.7260656952857971 0.2811046838760376 
vt 0.7276612520217896 0.2934330999851227 
vt 0.7393460869789124 0.283103883266449 
vt 0.7496231198310852 0.29193368554115295 
vt 0.7286936044692993 0.30559492111206055 
vt 0.7537057995796204 0.3047619163990021 
vt 0.6858491897583008 0.2056346833705902 
vt 0.7396276593208313 0.2237941324710846 
vt 0.6939675807952881 0.19272315502166748 
vt 0.7463382482528687 0.2146311104297638 
vt 0.7029775977134705 0.1804780215024948 
vt 0.7537057995796204 0.20588459074497223 
vt 0.7128322720527649 0.1688160002231598 
vt 0.7335271239280701 0.23345695436000824 
vt 0.6786693334579468 0.21904602646827698 
vt 0.7281774282455444 0.2434529811143875 
vt 0.6723811030387878 0.2329571545124054 
vt 0.7234846949577332 0.253865510225296 
vt 0.6671252846717834 0.24720148742198944 
vt 0.7195428609848022 0.26452791690826416 
vt 0.6628549098968506 0.2618623375892639 
vt 0.7163518071174622 0.2754402458667755 
vt 0.6596169471740723 0.2766897678375244 
vt 0.7139585018157959 0.2865191698074341 
vt 0.6576460003852844 0.29284998774528503 
vt 0.7091719508171082 0.29643189907073975 
vt 0.6576460003852844 0.30901023745536804 
vt 0.7078580260276794 0.3060947358608246 
vt 0.6596638560295105 0.32483726739883423 
vt 0.7095943093299866 0.31584084033966064 
vt 0.6629018187522888 0.3393315076828003 
vt 0.7150847911834717 0.3256702721118927 
vt 0.7284590005874634 0.3178400695323944 
vt 0.7276142835617065 0.3303350806236267 
vt 0.7504677772521973 0.317923367023468 
vt 0.7408007979393005 0.32741957902908325 
vt 0.7260656952857971 0.2811046838760376 
vt 0.7276612520217896 0.2934330999851227 
vt 0.7393460869789124 0.283103883266449 
vt 0.7496231198310852 0.29193368554115295 
vt 0.7286936044692993 0.30559492111206055 
vt 0.7537057995796204 0.3047619163990021 
vt 0.6858491897583008 0.2056346833705902 
vt 0.7396276593208313 0.2237941324710846 
vt 0.6939675807952881 0.19272315502166748 
vt 0.7463382482528687 0.2146311104297638 
vt 0.7029775977134705 0.1804780215024948 
vt 0.7537057995796204 0.20588459074497223 
vt 0.7128322720527649 0.1688160002231598 
vt 0.7335271239280701 0.23345695436000824 
vt 0.6786693334579468 0.21904602646827698 
vt 0.7281774282455444 0.2434529811143875 
vt 0.6723811030387878 0.2329571545124054 
vt 0.7234846949577332 0.253865510225296 
vt 0.6671252846717834 0.24720148742198944 
vt 0.7195428609848022 0.26452791690826416 
vt 0.6628549098968506 0.2618623375892639 
vt 0.7163518071174622 0.2754402458667755 
vt 0.6596169471740723 0.2766897678375244 
vt 0.7139585018157959 0.2865191698074341 
vt 0.6576460003852844 0.29284998774528503 
vt 0.7091719508171082 0.29643189907073975 
vt 0.6576460003852844 0.30901023745536804 
vt 0.7078580260276794 0.3060947358608246 
vt 0.6596638560295105 0.32483726739883423 
vt 0.7095943093299866 0.31584084033966064 
vt 0.6629018187522888 0.3393315076828003 
vt 0.7150847911834717 0.3256702721118927 
vt 0.7284590005874634 0.3178400695323944 
vt 0.7276142835617065 0.3303350806236267 
vt 0.7504677772521973 0.317923367023468 
vt 0.7408007979393005 0.32741957902908325 
vt 0.7260656952857971 0.2811046838760376 
vt 0.7276612520217896 0.2934330999851227 
vt 0.7393460869789124 0.283103883266449 
vt 0.7496231198310852 0.29193368554115295 
vt 0.7286936044692993 0.30559492111206055 
vt 0.7537057995796204 0.3047619163990021 
vt 0.6858491897583008 0.2056346833705902 
vt 0.7396276593208313 0.2237941324710846 
vt 0.6939675807952881 0.19272315502166748 
vt 0.7463382482528687 0.2146311104297638 
vt 0.7029775977134705 0.1804780215024948 
vt 0.7537057995796204 0.20588459074497223 
vt 0.7128322720527649 0.1688160002231598 
s on 
f 1/1/1 2/2/2 3/3/3 
f 2/2/2 4/4/4 3/3/3 
f 3/3/3 4/4/4 5/5/5 
f 4/4/4 6/6/6 5/5/5 
f 5/5/5 6/6/6 7/7/7 
f 6/6/6 8/8/8 7/7/7 
f 7/7/7 8/8/8 9/9/9 
f 8/8/8 10/10/10 9/9/9 
f 9/9/9 10/10/10 11/11/11 
f 10/10/10 12/12/12 11/11/11 
f 11/11/11 12/12/12 13/13/13 
f 12/12/12 14/14/14 13/13/13 
f 13/13/13 14/14/14 15/15/15 
f 14/14/14 16/16/16 15/15/15 
f 15/15/15 16/16/16 17/17/17 
f 16/16/16 18/18/18 17/17/17 
f 17/17/17 18/18/18 17/17/17 
f 18/18/18 19/19/19 17/17/17 
f 17/17/17 19/19/19 20/20/20 
f 19/19/19 21/21/21 20/20/20 
f 20/20/20 21/21/21 22/22/22 
f 21/21/21 23/23/23 22/22/22 
f 22/22/22 23/23/23 23/23/23 
f 23/23/23 11/11/11 23/23/23 
f 23/23/23 11/11/11 11/11/11 
f 11/11/11 13/13/13 11/11/11 
f 11/11/11 13/13/13 24/24/24 
f 13/13/13 25/25/25 24/24/24 
f 24/24/24 25/25/25 26/26/26 
f 25/25/25 25/25/25 26/26/26 
f 26/26/26 25/25/25 27/27/27 
f 25/25/25 28/28/28 27/27/27 
f 27/27/27 28/28/28 29/29/29 
f 28/28/28 20/20/20 29/29/29 
f 29/29/29 20/20/20 22/22/22 
f 20/20/20 22/22/22 22/22/22 
f 22/22/22 22/22/22 20/20/20 
f 22/22/22 20/20/20 20/20/20 
f 20/20/20 20/20/20 17/17/17 
f 20/20/20 28/28/28 17/17/17 
f 17/17/17 28/28/28 15/15/15 
f 28/28/28 25/25/25 15/15/15 
f 15/15/15 25/25/25 13/13/13 
f 25/25/25 13/13/13 13/13/13 
f 13/13/13 13/13/13 2/2/2 
f 13/13/13 2/2/2 2/2/2 
f 2/2/2 2/2/2 30/30/30 
f 2/2/2 1/1/1 30/30/30 
f 30/30/30 1/1/1 30/30/30 
f 1/1/1 31/31/31 30/30/30 
f 30/30/30 31/31/31 32/32/32 
f 31/31/31 33/33/33 32/32/32 
f 32/32/32 33/33/33 34/34/34 
f 33/33/33 35/35/35 34/34/34 
f 34/34/34 35/35/35 36/36/36 
f 35/35/35 36/36/36 36/36/36 
f 36/36/36 36/36/36 37/37/37 
f 36/36/36 37/37/37 37/37/37 
f 37/37/37 37/37/37 37/37/37 
f 37/37/37 38/38/38 37/37/37 
f 37/37/37 38/38/38 39/39/39 
f 38/38/38 40/40/40 39/39/39 
f 39/39/39 40/40/40 41/41/41 
f 40/40/40 42/42/42 41/41/41 
f 41/41/41 42/42/42 41/41/41 
f 42/42/42 43/43/43 41/41/41 
f 41/41/41 43/43/43 44/44/44 
f 43/43/43 45/45/45 44/44/44 
f 44/44/44 45/45/45 39/39/39 
f 45/45/45 46/46/46 39/39/39 
f 39/39/39 46/46/46 37/37/37 
f 46/46/46 46/46/46 37/37/37 
f 37/37/37 46/46/46 47/47/47 
f 46/46/46 42/42/42 47/47/47 
f 47/47/47 42/42/42 40/40/40 
f 42/42/42 40/40/40 40/40/40 
f 40/40/40 40/40/40 44/44/44 
f 40/40/40 44/44/44 44/44/44 
f 44/44/44 44/44/44 41/41/41 
f 44/44/44 39/39/39 41/41/41 
f 41/41/41 39/39/39 39/39/39 
f 39/39/39 48/48/48 39/39/39 
f 39/39/39 48/48/48 48/48/48 
f 48/48/48 49/49/49 48/48/48 
f 48/48/48 49/49/49 50/50/50 
f 49/49/49 51/51/51 50/50/50 
f 50/50/50 51/51/51 51/51/51 
f 51/51/51 52/52/52 51/51/51 
f 51/51/51 52/52/52 52/52/52 
f 52/52/52 53/53/53 52/52/52 
f 52/52/52 53/53/53 54/54/54 
f 53/53/53 55/55/55 54/54/54 
f 54/54/54 55/55/55 56/56/56 
f 55/55/55 57/57/57 56/56/56 
f 56/56/56 57/57/57 58/58/58 
f 57/57/57 57/57/57 58/58/58 
f 58/58/58 57/57/57 59/59/59 
f 57/57/57 60/60/60 59/59/59 
f 59/59/59 60/60/60 61/61/61 
f 60/60/60 61/61/61 61/61/61 
f 61/61/61 61/61/61 53/53/53 
f 61/61/61 53/53/53 53/53/53 
f 53/53/53 53/53/53 55/55/55 
f 53/53/53 62/62/62 55/55/55 
f 55/55/55 62/62/62 63/63/63 
f 62/62/62 64/64/64 63/63/63 
f 63/63/63 64/64/64 63/63/63 
f 64/64/64 65/65/65 63/63/63 
f 63/63/63 65/65/65 63/63/63 
f 65/65/65 60/60/60 63/63/63 
f 63/63/63 60/60/60 63/63/63 
f 60/60/60 57/57/57 63/63/63 
f 63/63/63 57/57/57 55/55/55 
f 57/57/57 55/55/55 55/55/55 
f 55/55/55 55/55/55 66/66/66 
f 55/55/55 66/66/66 66/66/66 
f 66/66/66 66/66/66 64/64/64 
f 66/66/66 67/67/67 64/64/64 
f 64/64/64 67/67/67 65/65/65 
f 67/67/67 68/68/68 65/65/65 
f 65/65/65 68/68/68 65/65/65 
f 68/68/68 69/69/69 65/65/65 
f 65/65/65 69/69/69 60/60/60 
f 69/69/69 69/69/69 60/60/60 
f 60/60/60 69/69/69 61/61/61 
f 69/69/69 69/69/69 61/61/61 
f 61/61/61 69/69/69 70/70/70 
f 69/69/69 69/69/69 70/70/70 
f 70/70/70 69/69/69 71/71/71 
f 69/69/69 68/68/68 71/71/71 
f 71/71/71 68/68/68 68/68/68 
f 68/68/68 72/72/72 68/68/68 
f 68/68/68 72/72/72 72/72/72 
f 72/72/72 73/73/73 72/72/72 
f 72/72/72 73/73/73 74/74/74 
f 73/73/73 75/75/75 74/74/74 
f 74/74/74 75/75/75 76/76/76 
f 75/75/75 77/77/77 76/76/76 
f 76/76/76 77/77/77 78/78/78 
f 77/77/77 77/77/77 78/78/78 
f 78/78/78 77/77/77 79/79/79 
f 77/77/77 80/80/80 79/79/79 
f 79/79/79 80/80/80 81/81/81 
f 80/80/80 80/80/80 81/81/81 
f 81/81/81 80/80/80 82/82/82 
f 80/80/80 83/83/83 82/82/82 
f 82/82/82 83/83/83 84/84/84 
f 83/83/83 83/83/83 84/84/84 
f 84/84/84 83/83/83 85/85/85 
f 83/83/83 86/86/86 85/85/85 
f 85/85/85 86/86/86 87/87/87 
f 86/86/86 86/86/86 87/87/87 
f 87/87/87 86/86/86 88/88/88 
f 86/86/86 86/86/86 88/88/88 
f 88/88/88 86/86/86 89/89/89 
f 86/86/86 86/86/86 89/89/89 
f 89/89/89 86/86/86 90/90/90 
f 86/86/86 83/83/83 90/90/90 
f 90/90/90 83/83/83 90/90/90 
f 83/83/83 80/80/80 90/90/90 
f 90/90/90 80/80/80 90/90/90 
f 80/80/80 77/77/77 90/90/90 
f 90/90/90 77/77/77 90/90/90 
f 77/77/77 75/75/75 90/90/90 
f 90/90/90 75/75/75 89/89/89 
f 75/75/75 73/73/73 89/89/89 
f 89/89/89 73/73/73 73/73/73 
f 73/73/73 82/82/82 73/73/73 
f 73/73/73 82/82/82 82/82/82 
f 82/82/82 84/84/84 82/82/82 
f 82/82/82 84/84/84 91/91/91 
f 84/84/84 91/91/91 91/91/91 
f 91/91/91 91/91/91 46/46/46 
f 91/91/91 46/46/46 46/46/46 
f 46/46/46 46/46/46 92/92/92 
f 46/46/46 45/45/45 92/92/92 
f 92/92/92 45/45/45 92/92/92 
f 45/45/45 43/43/43 92/92/92 
f 92/92/92 43/43/43 92/92/92 
f 43/43/43 42/42/42 92/92/92 
f 92/92/92 42/42/42 46/46/46 
f 42/42/42 46/46/46 46/46/46 
f 46/46/46 46/46/46 93/93/93 
f 46/46/46 93/93/93 93/93/93 
f 93/93/93 93/93/93 94/94/94 
f 93/93/93 95/95/95 94/94/94 
f 94/94/94 95/95/95 96/96/96 
f 95/95/95 95/95/95 96/96/96 
f 96/96/96 95/95/95 97/97/97 
f 95/95/95 98/98/98 97/97/97 
f 97/97/97 98/98/98 99/99/99 
f 98/98/98 100/100/100 99/99/99 
f 99/99/99 100/100/100 100/100/100 
f 100/100/100 94/94/94 100/100/100 
f 100/100/100 94/94/94 94/94/94 
f 94/94/94 96/96/96 94/94/94 
f 94/94/94 96/96/96 101/101/101 
f 96/96/96 102/102/102 101/101/101 
f 101/101/101 102/102/102 103/103/103 
f 102/102/102 102/102/102 103/103/103 
f 103/103/103 102/102/102 104/104/104 
f 102/102/102 102/102/102 104/104/104 
f 104/104/104 102/102/102 105/105/105 
f 102/102/102 106/106/106 105/105/105 
f 105/105/105 106/106/106 107/107/107 
f 106/106/106 108/108/108 107/107/107 
f 107/107/107 108/108/108 109/109/109 
f 108/108/108 108/108/108 109/109/109 
f 109/109/109 108/108/108 110/110/110 
f 108/108/108 99/99/99 110/110/110 
f 110/110/110 99/99/99 111/111/111 
f 99/99/99 100/100/100 111/111/111 
f 111/111/111 100/100/100 112/112/112 
f 100/100/100 112/112/112 112/112/112 
f 112/112/112 112/112/112 102/102/102 
f 112/112/112 102/102/102 102/102/102 
f 102/102/102 102/102/102 106/106/106 
f 102/102/102 96/96/96 106/106/106 
f 106/106/106 96/96/96 106/106/106 
f 96/96/96 97/97/97 106/106/106 
f 106/106/106 97/97/97 108/108/108 
f 97/97/97 99/99/99 108/108/108 
f 108/108/108 99/99/99 99/99/99 
f 99/99/99 113/113/113 99/99/99 
f 99/99/99 113/113/113 113/113/113 
f 113/113/113 114/114/114 113/113/113 
f 113/113/113 114/114/114 115/115/115 
f 114/114/114 116/116/116 115/115/115 
f 115/115/115 116/116/116 117/117/117 
f 116/116/116 117/117/117 117/117/117 
f 117/117/117 117/117/117 114/114/114 
f 117/117/117 114/114/114 114/114/114 
f 114/114/114 114/114/114 116/116/116 
f 114/114/114 118/118/118 116/116/116 
f 116/116/116 118/118/118 119/119/119 
f 118/118/118 120/120/120 119/119/119 
f 119/119/119 120/120/120 119/119/119 
f 120/120/120 121/121/121 119/119/119 
f 119/119/119 121/121/121 122/122/122 
f 121/121/121 123/123/123 122/122/122 
f 122/122/122 123/123/123 122/122/122 
f 123/123/123 124/124/124 122/122/122 
f 122/122/122 124/124/124 125/125/125 
f 124/124/124 126/126/126 125/125/125 
f 125/125/125 126/126/126 125/125/125 
f 126/126/126 127/127/127 125/125/125 
f 125/125/125 127/127/127 128/128/128 
f 127/127/127 129/129/129 128/128/128 
f 128/128/128 129/129/129 128/128/128 
f 129/129/129 130/130/130 128/128/128 
f 128/128/128 130/130/130 128/128/128 
f 130/130/130 117/117/117 128/128/128 
f 128/128/128 117/117/117 131/131/131 
f 117/117/117 116/116/116 131/131/131 
f 131/131/131 116/116/116 131/131/131 
f 116/116/116 119/119/119 131/131/131 
f 131/131/131 119/119/119 131/131/131 
f 119/119/119 122/122/122 131/131/131 
f 131/131/131 122/122/122 131/131/131 
f 122/122/122 125/125/125 131/131/131 
f 131/131/131 125/125/125 128/128/128 
f 125/125/125 128/128/128 128/128/128 
f 128/128/128 128/128/128 124/124/124 
f 128/128/128 124/124/124 124/124/124 
f 124/124/124 124/124/124 126/126/126 
f 124/124/124 132/132/132 126/126/126 
f 126/126/126 132/132/132 132/132/132 
f 132/132/132 133/133/133 132/132/132 
f 132/132/132 133/133/133 133/133/133 
f 133/133/133 134/134/134 133/133/133 
f 133/133/133 134/134/134 135/135/135 
f 134/134/134 136/136/136 135/135/135 
f 135/135/135 136/136/136 136/136/136 
f 136/136/136 137/137/137 136/136/136 
f 136/136/136 137/137/137 137/137/137 
f 137/137/137 138/138/138 137/137/137 
f 137/137/137 138/138/138 139/139/139 
f 138/138/138 140/140/140 139/139/139 
f 139/139/139 140/140/140 140/140/140 
f 140/140/140 141/141/141 140/140/140 
f 140/140/140 141/141/141 141/141/141 
f 141/141/141 142/142/142 141/141/141 
f 141/141/141 142/142/142 143/143/143 
f 142/142/142 144/144/144 143/143/143 
f 143/143/143 144/144/144 144/144/144 
f 144/144/144 145/145/145 144/144/144 
f 144/144/144 145/145/145 145/145/145 
f 145/145/145 146/146/146 145/145/145 
f 145/145/145 146/146/146 147/147/147 
f 146/146/146 148/148/148 147/147/147 
f 147/147/147 148/148/148 148/148/148 
f 148/148/148 149/149/149 148/148/148 
f 148/148/148 149/149/149 149/149/149 
f 149/149/149 150/150/150 149/149/149 
f 149/149/149 150/150/150 151/151/151 
f 150/150/150 152/152/152 151/151/151 
f 151/151/151 152/152/152 152/152/152 
f 152/152/152 153/153/153 152/152/152 
f 152/152/152 153/153/153 153/153/153 
f 153/153/153 154/154/154 153/153/153 
f 153/153/153 154/154/154 155/155/155 
f 154/154/154 156/156/156 155/155/155 
f 155/155/155 156/156/156 156/156/156 
f 156/156/156 157/157/157 156/156/156 
f 156/156/156 157/157/157 157/157/157 
f 157/157/157 158/158/158 157/157/157 
f 157/157/157 158/158/158 159/159/159 
f 158/158/158 160/160/160 159/159/159 
f 159/159/159 160/160/160 160/160/160 
f 160/160/160 161/161/161 160/160/160 
f 160/160/160 161/161/161 161/161/161 
f 161/161/161 162/162/162 161/161/161 
f 161/161/161 162/162/162 163/163/163 
f 162/162/162 164/164/164 163/163/163 
f 163/163/163 164/164/164 164/164/164 
f 164/164/164 165/165/165 164/164/164 
f 164/164/164 165/165/165 165/165/165 
f 165/165/165 166/166/166 165/165/165 
f 165/165/165 166/166/166 167/167/167 
f 166/166/166 168/168/168 167/167/167 
f 167/167/167 168/168/168 168/168/168 
f 168/168/168 169/169/169 168/168/168 
f 168/168/168 169/169/169 169/169/169 
f 169/169/169 170/170/170 169/169/169 
f 169/169/169 170/170/170 171/171/171 
f 170/170/170 172/172/172 171/171/171 
f 171/171/171 172/172/172 172/172/172 
f 172/172/172 173/173/173 172/172/172 
f 172/172/172 173/173/173 173/173/173 
f 173/173/173 174/174/174 173/173/173 
f 173/173/173 174/174/174 175/175/175 
f 174/174/174 176/176/176 175/175/175 
f 175/175/175 176/176/176 176/176/176 
f 176/176/176 177/177/177 176/176/176 
f 176/176/176 177/177/177 177/177/177 
f 177/177/177 178/178/178 177/177/177 
f 177/177/177 178/178/178 179/179/179 
f 178/178/178 180/180/180 179/179/179 
f 179/179/179 180/180/180 180/180/180 
f 180/180/180 181/181/181 180/180/180 
f 180/180/180 181/181/181 181/181/181 
f 181/181/181 182/182/182 181/181/181 
f 181/181/181 182/182/182 183/183/183 
f 182/182/182 184/184/184 183/183/183 
f 183/183/183 184/184/184 184/184/184 
f 184/184/184 185/185/185 184/184/184 
f 184/184/184 185/185/185 185/185/185 
f 185/185/185 186/186/186 185/185/185 
f 185/185/185 186/186/186 187/187/187 
f 186/186/186 188/188/188 187/187/187 
f 187/187/187 188/188/188 188/188/188 
f 188/188/188 189/189/189 188/188/188 
f 188/188/188 189/189/189 189/189/189 
f 189/189/189 190/190/190 189/189/189 
f 189/189/189 190/190/190 191/191/191 
f 190/190/190 192/192/192 191/191/191 
f 191/191/191 192/192/192 192/192/192 
f 192/192/192 193/193/193 192/192/192 
f 192/192/192 193/193/193 193/193/193 
f 193/193/193 194/194/194 193/193/193 
f 193/193/193 194/194/194 195/195/195 
f 194/194/194 196/196/196 195/195/195 
f 195/195/195 196/196/196 196/196/196 
f 196/196/196 197/197/197 196/196/196 
f 196/196/196 197/197/197 197/197/197 
f 197/197/197 198/198/198 197/197/197 
f 197/197/197 198/198/198 199/199/199 
f 198/198/198 200/200/200 199/199/199 
f 199/199/199 200/200/200 200/200/200 
f 200/200/200 201/201/201 200/200/200 
f 200/200/200 201/201/201 201/201/201 
f 201/201/201 202/202/202 201/201/201 
f 201/201/201 202/202/202 203/203/203 
f 202/202/202 204/204/204 203/203/203 
f 203/203/203 204/204/204 204/204/204 
f 204/204/204 205/205/205 204/204/204 
f 204/204/204 205/205/205 205/205/205 
f 205/205/205 206/206/206 205/205/205 
f 205/205/205 206/206/206 207/207/207 
f 206/206/206 208/208/208 207/207/207 
f 207/207/207 208/208/208 208/208/208 
f 208/208/208 209/209/209 208/208/208 
f 208/208/208 209/209/209 209/209/209 
f 209/209/209 210/210/210 209/209/209 
f 209/209/209 210/210/210 211/211/211 
f 210/210/210 212/212/212 211/211/211 
f 211/211/211 212/212/212 212/212/212 
f 212/212/212 213/213/213 212/212/212 
f 212/212/212 213/213/213 213/213/213 
f 213/213/213 214/214/214 213/213/213 
f 213/213/213 214/214/214 215/215/215 
f 214/214/214 216/216/216 215/215/215 
f 215/215/215 216/216/216 216/216/216 
f 216/216/216 217/217/217 216/216/216 
f 216/216/216 217/217/217 217/217/217 
f 217/217/217 218/218/218 217/217/217 
f 217/217/217 218/218/218 219/219/219 
f 218/218/218 220/220/220 219/219/219 
f 219/219/219 220/220/220 220/220/220 
f 220/220/220 221/221/221 220/220/220 
f 220/220/220 221/221/221 221/221/221 
f 221/221/221 222/222/222 221/221/221 
f 221/221/221 222/222/222 223/223/223 
f 222/222/222 224/224/224 223/223/223 
f 223/223/223 224/224/224 224/224/224 
f 224/224/224 225/225/225 224/224/224 
f 224/224/224 225/225/225 225/225/225 
f 225/225/225 226/226/226 225/225/225 
f 225/225/225 226/226/226 227/227/227 
f 226/226/226 228/228/228 227/227/227 
f 227/227/227 228/228/228 228/228/228 
f 228/228/228 229/229/229 228/228/228 
f 228/228/228 229/229/229 229/229/229 
f 229/229/229 230/230/230 229/229/229 
f 229/229/229 230/230/230 231/231/231 
f 230/230/230 232/232/232 231/231/231 
f 231/231/231 232/232/232 232/232/232 
f 232/232/232 233/233/233 232/232/232 
f 232/232/232 233/233/233 233/233/233 
f 233/233/233 234/234/234 233/233/233 
f 233/233/233 234/234/234 235/235/235 
f 234/234/234 236/236/236 235/235/235 
f 235/235/235 236/236/236 236/236/236 
f 236/236/236 237/237/237 236/236/236 
f 236/236/236 237/237/237 237/237/237 
f 237/237/237 238/238/238 237/237/237 
f 237/237/237 238/238/238 239/239/239 
f 238/238/238 240/240/240 239/239/239 
f 239/239/239 240/240/240 240/240/240 
f 240/240/240 241/241/241 240/240/240 
f 240/240/240 241/241/241 241/241/241 
f 241/241/241 242/242/242 241/241/241 
f 241/241/241 242/242/242 243/243/243 
f 242/242/242 244/244/244 243/243/243 
f 243/243/243 244/244/244 244/244/244 
f 244/244/244 245/245/245 244/244/244 
f 244/244/244 245/245/245 245/245/245 
f 245/245/245 246/246/246 245/245/245 
f 245/245/245 246/246/246 247/247/247 
f 246/246/246 248/248/248 247/247/247 
f 247/247/247 248/248/248 248/248/248 
f 248/248/248 249/249/249 248/248/248 
f 248/248/248 249/249/249 249/249/249 
f 249/249/249 250/250/250 249/249/249 
f 249/249/249 250/250/250 251/251/251 
f 250/250/250 252/252/252 251/251/251 
f 251/251/251 252/252/252 252/252/252 
f 252/252/252 253/253/253 252/252/252 
f 252/252/252 253/253/253 253/253/253 
f 253/253/253 254/254/254 253/253/253 
f 253/253/253 254/254/254 255/255/255 
f 254/254/254 256/256/256 255/255/255 
f 255/255/255 256/256/256 256/256/256 
f 256/256/256 257/257/257 256/256/256 
f 256/256/256 257/257/257 257/257/257 
f 257/257/257 258/258/258 257/257/257 
f 257/257/257 258/258/258 259/259/259 
f 258/258/258 260/260/260 259/259/259 
f 259/259/259 260/260/260 260/260/260 
f 260/260/260 261/261/261 260/260/260 
f 260/260/260 261/261/261 261/261/261 
f 261/261/261 262/262/262 261/261/261 
f 261/261/261 262/262/262 263/263/263 
f 262/262/262 264/264/264 263/263/263 
f 263/263/263 264/264/264 264/264/264 
f 264/264/264 265/265/265 264/264/264 
f 264/264/264 265/265/265 265/265/265 
f 265/265/265 266/266/266 265/265/265 
f 265/265/265 266/266/266 267/267/267 
f 266/266/266 268/268/268 267/267/267 
f 267/267/267 268/268/268 268/268/268 
f 268/268/268 269/269/269 268/268/268 
f 268/268/268 269/269/269 269/269/269 
f 269/269/269 270/270/270 269/269/269 
f 269/269/269 270/270/270 271/271/271 
f 270/270/270 272/272/272 271/271/271 
f 271/271/271 272/272/272 272/272/272 
f 272/272/272 273/273/273 272/272/272 
f 272/272/272 273/273/273 273/273/273 
f 273/273/273 274/274/274 273/273/273 
f 273/273/273 274/274/274 275/275/275 
f 274/274/274 276/276/276 275/275/275 
f 275/275/275 276/276/276 276/276/276 
f 276/276/276 277/277/277 276/276/276 
f 276/276/276 277/277/277 277/277/277 
f 277/277/277 278/278/278 277/277/277 
f 277/277/277 278/278/278 279/279/279 
f 278/278/278 280/280/280 279/279/279 
f 279/279/279 280/280/280 280/280/280 
f 280/280/280 281/281/281 280/280/280 
f 280/280/280 281/281/281 281/281/281 
f 281/281/281 282/282/282 281/281/281 
f 281/281/281 282/282/282 283/283/283 
f 282/282/282 284/284/284 283/283/283 
f 283/283/283 284/284/284 284/284/284 
f 284/284/284 285/285/285 284/284/284 
f 284/284/284 285/285/285 285/285/285 
f 285/285/285 286/286/286 285/285/285 
f 285/285/285 286/286/286 287/287/287 
f 286/286/286 288/288/288 287/287/287 
f 287/287/287 288/288/288 288/288/288 
f 288/288/288 289/289/289 288/288/288 
f 288/288/288 289/289/289 289/289/289 
f 289/289/289 290/290/290 289/289/289 
f 289/289/289 290/290/290 291/291/291 
f 290/290/290 292/292/292 291/291/291 
f 291/291/291 292/292/292 292/292/292 
f 292/292/292 293/293/293 292/292/292 
f 292/292/292 293/293/293 293/293/293 
f 293/293/293 294/294/294 293/293/293 
f 293/293/293 294/294/294 295/295/295 
f 294/294/294 296/296/296 295/295/295 
f 295/295/295 296/296/296 296/296/296 
f 296/296/296 297/297/297 296/296/296 
f 296/296/296 297/297/297 297/297/297 
f 297/297/297 298/298/298 297/297/297 
f 297/297/297 298/298/298 299/299/299 
f 298/298/298 300/300/300 299/299/299 
f 299/299/299 300/300/300 300/300/300 
f 300/300/300 301/301/301 300/300/300 
f 300/300/300 301/301/301 301/301/301 
f 301/301/301 302/302/302 301/301/301 
f 301/301/301 302/302/302 303/303/303 
f 302/302/302 304/304/304 303/303/303 
f 303/303/303 304/304/304 304/304/304 
f 304/304/304 305/305/305 304/304/304 
f 304/304/304 305/305/305 305/305/305 
f 305/305/305 306/306/306 305/305/305 
f 305/305/305 306/306/306 307/307/307 
f 306/306/306 308/308/308 307/307/307 
f 307/307/307 308/308/308 308/308/308 
f 308/308/308 309/309/309 308/308/308 
f 308/308/308 309/309/309 309/309/309 
f 309/309/309 310/310/310 309/309/309 
f 309/309/309 310/310/310 311/311/311 
f 310/310/310 312/312/312 311/311/311 
f 311/311/311 312/312/312 312/312/312 
f 312/312/312 313/313/313 312/312/312 
f 312/312/312 313/313/313 313/313/313 
f 313/313/313 314/314/314 313/313/313 
f 313/313/313 314/314/314 315/315/315 
f 314/314/314 316/316/316 315/315/315 
f 315/315/315 316/316/316 316/316/316 
f 316/316/316 317/317/317 316/316/316 
f 316/316/316 317/317/317 317/317/317 
f 317/317/317 318/318/318 317/317/317 
f 317/317/317 318/318/318 319/319/319 
f 318/318/318 320/320/320 319/319/319 
f 319/319/319 320/320/320 320/320/320 
f 320/320/320 321/321/321 320/320/320 
f 320/320/320 321/321/321 321/321/321 
f 321/321/321 322/322/322 321/321/321 
f 321/321/321 322/322/322 323/323/323 
f 322/322/322 324/324/324 323/323/323 
f 323/323/323 324/324/324 324/324/324 
f 324/324/324 325/325/325 324/324/324 
f 324/324/324 325/325/325 325/325/325 
f 325/325/325 326/326/326 325/325/325 
f 325/325/325 326/326/326 327/327/327 
f 326/326/326 328/328/328 327/327/327 
f 327/327/327 328/328/328 328/328/328 
f 328/328/328 329/329/329 328/328/328 
f 328/328/328 329/329/329 329/329/329 
f 329/329/329 330/330/330 329/329/329 
f 329/329/329 330/330/330 331/331/331 
f 330/330/330 332/332/332 331/331/331 
f 331/331/331 332/332/332 332/332/332 
f 332/332/332 333/333/333 332/332/332 
f 332/332/332 333/333/333 333/333/333 
f 333/333/333 334/334/334 333/333/333 
f 333/333/333 334/334/334 335/335/335 
f 334/334/334 336/336/336 335/335/335 
f 335/335/335 336/336/336 336/336/336 
f 336/336/336 337/337/337 336/336/336 
f 336/336/336 337/337/337 337/337/337 
f 337/337/337 338/338/338 337/337/337 
f 337/337/337 338/338/338 339/339/339 
f 338/338/338 340/340/340 339/339/339 
f 339/339/339 340/340/340 340/340/340 
f 340/340/340 341/341/341 340/340/340 
f 340/340/340 341/341/341 341/341/341 
f 341/341/341 342/342/342 341/341/341 
f 341/341/341 342/342/342 343/343/343 
f 342/342/342 344/344/344 343/343/343 
f 343/343/343 344/344/344 344/344/344 
f 344/344/344 345/345/345 344/344/344 
f 344/344/344 345/345/345 345/345/345 
f 345/345/345 346/346/346 345/345/345 
f 345/345/345 346/346/346 347/347/347 
f 346/346/346 348/348/348 347/347/347 
f 347/347/347 348/348/348 348/348/348 
f 348/348/348 349/349/349 348/348/348 
f 348/348/348 349/349/349 349/349/349 
f 349/349/349 350/350/350 349/349/349 
f 349/349/349 350/350/350 351/351/351 
f 350/350/350 352/352/352 351/351/351 
f 351/351/351 352/352/352 352/352/352 
f 352/352/352 353/353/353 352/352/352 
f 352/352/352 353/353/353 353/353/353 
f 353/353/353 354/354/354 353/353/353 
f 353/353/353 354/354/354 355/355/355 
f 354/354/354 356/356/356 355/355/355 
f 355/355/355 356/356/356 356/356/356 
f 356/356/356 357/357/357 356/356/356 
f 356/356/356 357/357/357 357/357/357 
f 357/357/357 358/358/358 357/357/357 
f 357/357/357 358/358/358 359/359/359 
f 358/358/358 360/360/360 359/359/359 
f 359/359/359 360/360/360 360/360/360 
f 360/360/360 361/361/361 360/360/360 
f 360/360/360 361/361/361 361/361/361 
f 361/361/361 362/362/362 361/361/361 
f 361/361/361 362/362/362 363/363/363 
f 362/362/362 364/364/364 363/363/363 
f 363/363/363 364/364/364 364/364/364 
f 364/364/364 365/365/365 364/364/364 
f 364/364/364 365/365/365 365/365/365 
f 365/365/365 366/366/366 365/365/365 
f 365/365/365 366/366/366 367/367/367 
f 366/366/366 368/368/368 367/367/367 
f 367/367/367 368/368/368 368/368/368 
f 368/368/368 369/369/369 368/368/368 
f 368/368/368 369/369/369 369/369/369 
f 369/369/369 370/370/370 369/369/369 
f 369/369/369 370/370/370 371/371/371 
f 370/370/370 372/372/372 371/371/371 
f 371/371/371 372/372/372 372/372/372 
f 372/372/372 373/373/373 372/372/372 
f 372/372/372 373/373/373 373/373/373 
f 373/373/373 374/374/374 373/373/373 
f 373/373/373 374/374/374 375/375/375 
f 374/374/374 376/376/376 375/375/375 
f 375/375/375 376/376/376 376/376/376 
f 376/376/376 377/377/377 376/376/376 
f 376/376/376 377/377/377 377/377/377 
f 377/377/377 378/378/378 377/377/377 
f 377/377/377 378/378/378 379/379/379 
f 378/378/378 380/380/380 379/379/379 
f 379/379/379 380/380/380 380/380/380 
f 380/380/380 381/381/381 380/380/380 
f 380/380/380 381/381/381 381/381/381 
f 381/381/381 382/382/382 381/381/381 
f 381/381/381 382/382/382 383/383/383 
f 382/382/382 384/384/384 383/383/383 
f 383/383/383 384/384/384 384/384/384 
f 384/384/384 385/385/385 384/384/384 
f 384/384/384 385/385/385 385/385/385 
f 385/385/385 386/386/386 385/385/385 
f 385/385/385 386/386/386 387/387/387 
f 386/386/386 388/388/388 387/387/387 
f 387/387/387 388/388/388 388/388/388 
f 388/388/388 389/389/389 388/388/388 
f 388/388/388 389/389/389 389/389/389 
f 389/389/389 390/390/390 389/389/389 
f 389/389/389 390/390/390 391/391/391 
f 390/390/390 392/392/392 391/391/391 
f 391/391/391 392/392/392 392/392/392 
f 392/392/392 393/393/393 392/392/392 
f 392/392/392 393/393/393 393/393/393 
f 393/393/393 394/394/394 393/393/393 
f 393/393/393 394/394/394 395/395/395 
f 394/394/394 396/396/396 395/395/395 
f 395/395/395 396/396/396 396/396/396 
f 396/396/396 397/397/397 396/396/396 
f 396/396/396 397/397/397 397/397/397 
f 397/397/397 398/398/398 397/397/397 
f 397/397/397 398/398/398 399/399/399 
f 398/398/398 400/400/400 399/399/399 
f 399/399/399 400/400/400 400/400/400 
f 400/400/400 401/401/401 400/400/400 
f 400/400/400 401/401/401 401/401/401 
f 401/401/401 402/402/402 401/401/401 
f 401/401/401 402/402/402 403/403/403 
f 402/402/402 404/404/404 403/403/403 
f 403/403/403 404/404/404 404/404/404 
f 404/404/404 405/405/405 404/404/404 
f 404/404/404 405/405/405 405/405/405 
f 405/405/405 406/406/406 405/405/405 
f 405/405/405 406/406/406 407/407/407 
f 406/406/406 408/408/408 407/407/407 
f 407/407/407 408/408/408 408/408/408 
f 408/408/408 409/409/409 408/408/408 
f 408/408/408 409/409/409 409/409/409 
f 409/409/409 410/410/410 409/409/409 
f 409/409/409 410/410/410 411/411/411 
f 410/410/410 412/412/412 411/411/411 
f 411/411/411 412/412/412 412/412/412 
f 412/412/412 413/413/413 412/412/412 
f 412/412/412 413/413/413 413/413/413 
f 413/413/413 414/414/414 413/413/413 
f 413/413/413 414/414/414 415/415/415 
f 414/414/414 416/416/416 415/415/415 
f 415/415/415 416/416/416 416/416/416 
f 416/416/416 417/417/417 416/416/416 
f 416/416/416 417/417/417 417/417/417 
f 417/417/417 418/418/418 417/417/417 
f 417/417/417 418/418/418 419/419/419 
f 418/418/418 420/420/420 419/419/419 
f 419/419/419 420/420/420 420/420/420 
f 420/420/420 421/421/421 420/420/420 
f 420/420/420 421/421/421 421/421/421 
f 421/421/421 422/422/422 421/421/421 
f 421/421/421 422/422/422 423/423/423 
f 422/422/422 424/424/424 423/423/423 
f 423/423/423 424/424/424 424/424/424 
f 424/424/424 425/425/425 424/424/424 
f 424/424/424 425/425/425 425/425/425 
f 425/425/425 426/426/426 425/425/425 
f 425/425/425 426/426/426 427/427/427 
f 426/426/426 428/428/428 427/427/427 
f 427/427/427 428/428/428 428/428/428 
f 428/428/428 429/429/429 428/428/428 
f 428/428/428 429/429/429 429/429/429 
f 429/429/429 430/430/430 429/429/429 
f 429/429/429 430/430/430 431/431/431 
f 430/430/430 432/432/432 431/431/431 
f 431/431/431 432/432/432 432/432/432 
f 432/432/432 433/433/433 432/432/432 
f 432/432/432 433/433/433 433/433/433 
f 433/433/433 434/434/434 433/433/433 
f 433/433/433 434/434/434 435/435/435 
f 434/434/434 436/436/436 435/435/435 
f 435/435/435 436/436/436 436/436/436 
f 436/436/436 437/437/437 436/436/436 
f 436/436/436 437/437/437 437/437/437 
f 437/437/437 438/438/438 437/437/437 
f 437/437/437 438/438/438 439/439/439 
f 438/438/438 440/440/440 439/439/439 
f 439/439/439 440/440/440 440/440/440 
f 440/440/440 441/441/441 440/440/440 
f 440/440/440 441/441/441 441/441/441 
f 441/441/441 442/442/442 441/441/441 
f 441/441/441 442/442/442 443/443/443 
f 442/442/442 444/444/444 443/443/443 
f 443/443/443 444/444/444 444/444/444 
f 444/444/444 445/445/445 444/444/444 
f 444/444/444 445/445/445 445/445/445 
f 445/445/445 446/446/446 445/445/445 
f 445/445/445 446/446/446 447/447/447 
f 446/446/446 446/446/446 447/447/447 
f 447/447/447 446/446/446 448/448/448 
f 446/446/446 449/449/449 448/448/448 
f 448/448/448 449/449/449 450/450/450 
f 449/449/449 450/450/450 450/450/450 
f 450/450/450 450/450/450 451/451/451 
f 450/450/450 451/451/451 451/451/451 
f 451/451/451 451/451/451 452/452/452 
f 451/451/451 453/453/453 452/452/452 
f 452/452/452 453/453/453 454/454/454 
f 453/453/453 454/454/454 454/454/454 
f 454/454/454 454/454/454 455/455/455 
f 454/454/454 455/455/455 455/455/455 
f 455/455/455 455/455/455 456/456/456 
f 455/455/455 457/457/457 456/456/456 
f 456/456/456 457/457/457 458/458/458 
f 457/457/457 458/458/458 458/458/458 
f 458/458/458 458/458/458 459/459/459 
f 458/458/458 459/459/459 459/459/459 
f 459/459/459 459/459/459 460/460/460 
f 459/459/459 461/461/461 460/460/460 
f 460/460/460 461/461/461 462/462/462 
f 461/461/461 463/463/463 462/462/462 
f 462/462/462 463/463/463 464/464/464 
f 463/463/463 465/465/465 464/464/464 
f 464/464/464 465/465/465 466/466/466 
f 465/465/465 466/466/466 466/466/466 
f 466/466/466 466/466/466 467/467/467 
f 466/466/466 467/467/467 467/467/467 
f 467/467/467 467/467/467 468/468/468 
f 467/467/467 469/469/469 468/468/468 
f 468/468/468 469/469/469 470/470/470 
f 469/469/469 470/470/470 470/470/470 
f 470/470/470 470/470/470 471/471/471 
f 470/470/470 471/471/471 471/471/471 
f 471/471/471 471/471/471 472/472/472 
f 471/471/471 473/473/473 472/472/472 
f 472/472/472 473/473/473 474/474/474 
f 473/473/473 474/474/474 474/474/474 
f 474/474/474 474/474/474 475/475/475 
f 474/474/474 475/475/475 475/475/475 
f 475/475/475 475/475/475 476/476/476 
f 475/475/475 477/477/477 476/476/476 
f 476/476/476 477/477/477 478/478/478 
f 477/477/477 478/478/478 478/478/478 
f 478/478/478 478/478/478 479/479/479 
f 478/478/478 479/479/479 479/479/479 
f 479/479/479 479/479/479 480/480/480 
f 479/479/479 481/481/481 480/480/480 
f 480/480/480 481/481/481 482/482/482 
f 481/481/481 482/482/482 482/482/482 
f 482/482/482 482/482/482 483/483/483 
f 482/482/482 483/483/483 483/483/483 
f 483/483/483 483/483/483 484/484/484 
f 483/483/483 485/485/485 484/484/484 
f 484/484/484 485/485/485 486/486/486 
f 485/485/485 487/487/487 486/486/486 
f 486/486/486 487/487/487 486/486/486 
f 487/487/487 488/488/488 486/486/486 
f 486/486/486 488/488/488 486/486/486 
f 488/488/488 489/489/489 486/486/486 
f 486/486/486 489/489/489 486/486/486 
f 489/489/489 490/490/490 486/486/486 
f 486/486/486 490/490/490 484/484/484 
f 490/490/490 491/491/491 484/484/484 
f 484/484/484 491/491/491 484/484/484 
f 491/491/491 492/492/492 484/484/484 
f 484/484/484 492/492/492 483/483/483 
f 492/492/492 493/493/493 483/483/483 
f 483/483/483 493/493/493 485/485/485 
f 493/493/493 494/494/494 485/485/485 
f 485/485/485 494/494/494 487/487/487 
f 494/494/494 487/487/487 487/487/487 
f 487/487/487 487/487/487 491/491/491 
f 487/487/487 491/491/491 491/491/491 
f 491/491/491 491/491/491 495/495/495 
f 491/491/491 490/490/490 495/495/495 
f 495/495/495 490/490/490 495/495/495 
f 490/490/490 489/489/489 495/495/495 
f 495/495/495 489/489/489 496/496/496 
f 489/489/489 489/489/489 496/496/496 
f 496/496/496 489/489/489 497/497/497 
f 489/489/489 488/488/488 497/497/497 
f 497/497/497 488/488/488 498/498/498 
f 488/488/488 499/499/499 498/498/498 
f 498/498/498 499/499/499 500/500/500 
f 499/499/499 499/499/499 500/500/500 
f 500/500/500 499/499/499 501/501/501 
f 499/499/499 487/487/487 501/501/501 
f 501/501/501 487/487/487 494/494/494 
f 487/487/487 494/494/494 494/494/494 
f 494/494/494 494/494/494 488/488/488 
f 494/494/494 488/488/488 488/488/488 
f 488/488/488 488/488/488 499/499/499 
f 488/488/488 487/487/487 499/499/499 
f 499/499/499 487/487/487 487/487/487 
f 487/487/487 500/500/500 487/487/487 
f 487/487/487 500/500/500 500/500/500 
f 500/500/500 502/502/502 500/500/500 
f 500/500/500 502/502/502 498/498/498 
f 502/502/502 503/503/503 498/498/498 
f 498/498/498 503/503/503 497/497/497 
f 503/503/503 504/504/504 497/497/497 
f 497/497/497 504/504/504 496/496/496 
f 504/504/504 505/505/505 496/496/496 
f 496/496/496 505/505/505 496/496/496 
f 505/505/505 506/506/506 496/496/496 
f 496/496/496 506/506/506 495/495/495 
f 506/506/506 507/507/507 495/495/495 
f 495/495/495 507/507/507 491/491/491 
f 507/507/507 508/508/508 491/491/491 
f 491/491/491 508/508/508 492/492/492 
f 508/508/508 509/509/509 492/492/492 
f 492/492/492 509/509/509 493/493/493 
f 509/509/509 510/510/510 493/493/493 
f 493/493/493 510/510/510 494/494/494 
f 510/510/510 511/511/511 494/494/494 
f 494/494/494 511/511/511 501/501/501 
f 511/511/511 512/512/512 501/501/501 
f 501/501/501 512/512/512 500/500/500 
f 512/512/512 513/513/513 500/500/500 
f 500/500/500 513/513/513 502/502/502 
f 513/513/513 514/514/514 502/502/502 
f 502/502/502 514/514/514 504/504/504 
f 514/514/514 505/505/505 504/504/504 
f 504/504/504 505/505/505 505/505/505 
f 505/505/505 503/503/503 505/505/505 
f 505/505/505 503/503/503 503/503/503 
f 503/503/503 502/502/502 503/503/503 
f 503/503/503 502/502/502 504/504/504 
f 502/502/502 504/504/504 504/504/504 
f 504/504/504 504/504/504 515/515/515 
f 504/504/504 515/515/515 515/515/515 
f 515/515/515 515/515/515 516/516/516 
f 515/515/515 517/517/517 516/516/516 
f 516/516/516 517/517/517 518/518/518 
f 517/517/517 518/518/518 518/518/518 
f 518/518/518 518/518/518 519/519/519 
f 518/518/518 519/519/519 519/519/519 
f 519/519/519 519/519/519 520/520/520 
f 519/519/519 521/521/521 520/520/520 
f 520/520/520 521/521/521 522/522/522 
f 521/521/521 522/522/522 522/522/522 
f 522/522/522 522/522/522 523/523/523 
f 522/522/522 523/523/523 523/523/523 
f 523/523/523 523/523/523 524/524/524 
f 523/523/523 525/525/525 524/524/524 
f 524/524/524 525/525/525 526/526/526 
f 525/525/525 526/526/526 526/526/526 
f 526/526/526 526/526/526 527/527/527 
f 526/526/526 527/527/527 527/527/527 
f 527/527/527 527/527/527 528/528/528 
f 527/527/527 529/529/529 528/528/528 
f 528/528/528 529/529/529 530/530/530 
f 529/529/529 530/530/530 530/530/530 
f 530/530/530 530/530/530 531/531/531 
f 530/530/530 531/531/531 531/531/531 
f 531/531/531 531/531/531 532/532/532 
f 531/531/531 533/533/533 532/532/532 
f 532/532/532 533/533/533 534/534/534 
f 533/533/533 534/534/534 534/534/534 
f 534/534/534 534/534/534 535/535/535 
f 534/534/534 535/535/535 535/535/535 
f 535/535/535 535/535/535 536/536/536 
f 535/535/535 537/537/537 536/536/536 
f 536/536/536 537/537/537 538/538/538 
f 537/537/537 538/538/538 538/538/538 
f 538/538/538 538/538/538 539/539/539 
f 538/538/538 539/539/539 539/539/539 
f 539/539/539 539/539/539 540/540/540 
f 539/539/539 541/541/541 540/540/540 
f 540/540/540 541/541/541 542/542/542 
f 541/541/541 542/542/542 542/542/542 
f 542/542/542 542/542/542 543/543/543 
f 542/542/542 543/543/543 543/543/543 
f 543/543/543 543/543/543 544/544/544 
f 543/543/543 545/545/545 544/544/544 
f 544/544/544 545/545/545 546/546/546 
f 545/545/545 546/546/546 546/546/546 
f 546/546/546 546/546/546 547/547/547 
f 546/546/546 547/547/547 547/547/547 
f 547/547/547 547/547/547 548/548/548 
f 547/547/547 549/549/549 548/548/548 
f 548/548/548 549/549/549 550/550/550 
f 549/549/549 550/550/550 550/550/550 
f 550/550/550 550/550/550 551/551/551 
f 550/550/550 551/551/551 551/551/551 
f 551/551/551 551/551/551 552/552/552 
f 551/551/551 553/553/553 552/552/552 
f 552/552/552 553/553/553 554/554/554 
f 553/553/553 554/554/554 554/554/554 
f 554/554/554 554/554/554 555/555/555 
f 554/554/554 555/555/555 555/555/555 
f 555/555/555 555/555/555 556/556/556 
f 555/555/555 557/557/557 556/556/556 
f 556/556/556 557/557/557 558/558/558 
f 557/557/557 558/558/558 558/558/558 
f 558/558/558 558/558/558 559/559/559 
f 558/558/558 559/559/559 559/559/559 
f 559/559/559 559/559/559 560/560/560 
f 559/559/559 561/561/561 560/560/560 
f 560/560/560 561/561/561 562/562/562 
f 561/561/561 562/562/562 562/562/562 
f 562/562/562 562/562/562 563/563/563 
f 562/562/562 563/563/563 563/563/563 
f 563/563/563 563/563/563 564/564/564 
f 563/563/563 565/565/565 564/564/564 
f 564/564/564 565/565/565 566/566/566 
f 565/565/565 566/566/566 566/566/566 
f 566/566/566 566/566/566 567/567/567 
f 566/566/566 567/567/567 567/567/567 
f 567/567/567 567/567/567 568/568/568 
f 567/567/567 569/569/569 568/568/568 
f 568/568/568 569/569/569 570/570/570 
f 569/569/569 570/570/570 570/570/570 
f 570/570/570 570/570/570 571/571/571 
f 570/570/570 571/571/571 571/571/571 
f 571/571/571 571/571/571 572/572/572 
f 571/571/571 573/573/573 572/572/572 
f 572/572/572 573/573/573 574/574/574 
f 573/573/573 574/574/574 574/574/574 
f 574/574/574 574/574/574 575/575/575 
f 574/574/574 575/575/575 575/575/575 
f 575/575/575 575/575/575 576/576/576 
f 575/575/575 577/577/577 576/576/576 
f 576/576/576 577/577/577 578/578/578 
f 577/577/577 578/578/578 578/578/578 
f 578/578/578 578/578/578 579/579/579 
f 578/578/578 579/579/579 579/579/579 
f 579/579/579 579/579/579 580/580/580 
f 579/579/579 581/581/581 580/580/580 
f 580/580/580 581/581/581 582/582/582 
f 581/581/581 582/582/582 582/582/582 
f 582/582/582 582/582/582 583/583/583 
f 582/582/582 583/583/583 583/583/583 
f 583/583/583 583/583/583 584/584/584 
f 583/583/583 585/585/585 584/584/584 
f 584/584/584 585/585/585 586/586/586 
f 585/585/585 586/586/586 586/586/586 
f 586/586/586 586/586/586 587/587/587 
f 586/586/586 587/587/587 587/587/587 
f 587/587/587 587/587/587 588/588/588 
f 587/587/587 589/589/589 588/588/588 
f 588/588/588 589/589/589 590/590/590 
f 589/589/589 590/590/590 590/590/590 
f 590/590/590 590/590/590 591/591/591 
f 590/590/590 591/591/591 591/591/591 
f 591/591/591 591/591/591 592/592/592 
f 591/591/591 593/593/593 592/592/592 
f 592/592/592 593/593/593 594/594/594 
f 593/593/593 594/594/594 594/594/594 
f 594/594/594 594/594/594 595/595/595 
f 594/594/594 595/595/595 595/595/595 
f 595/595/595 595/595/595 596/596/596 
f 595/595/595 597/597/597 596/596/596 
f 596/596/596 597/597/597 598/598/598 
f 597/597/597 598/598/598 598/598/598 
f 598/598/598 598/598/598 599/599/599 
f 598/598/598 599/599/599 599/599/599 
f 599/599/599 599/599/599 600/600/600 
f 599/599/599 601/601/601 600/600/600 
f 600/600/600 601/601/601 602/602/602 
f 601/601/601 602/602/602 602/602/602 
f 602/602/602 602/602/602 603/603/603 
f 602/602/602 603/603/603 603/603/603 
f 603/603/603 603/603/603 604/604/604 
f 603/603/603 605/605/605 604/604/604 
f 604/604/604 605/605/605 606/606/606 
f 605/605/605 606/606/606 606/606/606 
f 606/606/606 606/606/606 607/607/607 
f 606/606/606 607/607/607 607/607/607 
f 607/607/607 607/607/607 608/608/608 
f 607/607/607 609/609/609 608/608/608 
f 608/608/608 609/609/609 610/610/610 
f 609/609/609 610/610/610 610/610/610 
f 610/610/610 610/610/610 611/611/611 
f 610/610/610 611/611/611 611/611/611 
f 611/611/611 611/611/611 612/612/612 
f 611/611/611 613/613/613 612/612/612 
f 612/612/612 613/613/613 614/614/614 
f 613/613/613 614/614/614 614/614/614 
f 614/614/614 614/614/614 615/615/615 
f 614/614/614 615/615/615 615/615/615 
f 615/615/615 615/615/615 616/616/616 
f 615/615/615 617/617/617 616/616/616 
f 616/616/616 617/617/617 618/618/618 
f 617/617/617 618/618/618 618/618/618 
f 618/618/618 618/618/618 619/619/619 
f 618/618/618 619/619/619 619/619/619 
f 619/619/619 619/619/619 620/620/620 
f 619/619/619 621/621/621 620/620/620 
f 620/620/620 621/621/621 622/622/622 
f 621/621/621 622/622/622 622/622/622 
f 622/622/622 622/622/622 623/623/623 
f 622/622/622 623/623/623 623/623/623 
f 623/623/623 623/623/623 624/624/624 
f 623/623/623 625/625/625 624/624/624 
f 624/624/624 625/625/625 626/626/626 
f 625/625/625 626/626/626 626/626/626 
f 626/626/626 626/626/626 627/627/627 
f 626/626/626 627/627/627 627/627/627 
f 627/627/627 627/627/627 628/628/628 
f 627/627/627 629/629/629 628/628/628 
f 628/628/628 629/629/629 630/630/630 
f 629/629/629 630/630/630 630/630/630 
f 630/630/630 630/630/630 631/631/631 
f 630/630/630 631/631/631 631/631/631 
f 631/631/631 631/631/631 632/632/632 
f 631/631/631 633/633/633 632/632/632 
f 632/632/632 633/633/633 634/634/634 
f 633/633/633 634/634/634 634/634/634 
f 634/634/634 634/634/634 635/635/635 
f 634/634/634 635/635/635 635/635/635 
f 635/635/635 635/635/635 636/636/636 
f 635/635/635 637/637/637 636/636/636 
f 636/636/636 637/637/637 638/638/638 
f 637/637/637 638/638/638 638/638/638 
f 638/638/638 638/638/638 639/639/639 
f 638/638/638 639/639/639 639/639/639 
f 639/639/639 639/639/639 640/640/640 
f 639/639/639 641/641/641 640/640/640 
f 640/640/640 641/641/641 642/642/642 
f 641/641/641 642/642/642 642/642/642 
f 642/642/642 642/642/642 643/643/643 
f 642/642/642 643/643/643 643/643/643 
f 643/643/643 643/643/643 644/644/644 
f 643/643/643 645/645/645 644/644/644 
f 644/644/644 645/645/645 646/646/646 
f 645/645/645 646/646/646 646/646/646 
f 646/646/646 646/646/646 647/647/647 
f 646/646/646 647/647/647 647/647/647 
f 647/647/647 647/647/647 648/648/648 
f 647/647/647 649/649/649 648/648/648 
f 648/648/648 649/649/649 650/650/650 
f 649/649/649 650/650/650 650/650/650 
f 650/650/650 650/650/650 651/651/651 
f 650/650/650 651/651/651 651/651/651 
f 651/651/651 651/651/651 652/652/652 
f 651/651/651 653/653/653 652/652/652 
f 652/652/652 653/653/653 654/654/654 
f 653/653/653 654/654/654 654/654/654 
f 654/654/654 654/654/654 655/655/655 
f 654/654/654 655/655/655 655/655/655 
f 655/655/655 655/655/655 656/656/656 
f 655/655/655 657/657/657 656/656/656 
f 656/656/656 657/657/657 658/658/658 
f 657/657/657 658/658/658 658/658/658 
f 658/658/658 658/658/658 659/659/659 
f 658/658/658 659/659/659 659/659/659 
f 659/659/659 659/659/659 660/660/660 
f 659/659/659 661/661/661 660/660/660 
f 660/660/660 661/661/661 662/662/662 
f 661/661/661 662/662/662 662/662/662 
f 662/662/662 662/662/662 663/663/663 
f 662/662/662 663/663/663 663/663/663 
f 663/663/663 663/663/663 664/664/664 
f 663/663/663 665/665/665 664/664/664 
f 664/664/664 665/665/665 666/666/666 
f 665/665/665 666/666/666 666/666/666 
f 666/666/666 666/666/666 667/667/667 
f 666/666/666 667/667/667 667/667/667 
f 667/667/667 667/667/667 668/668/668 
f 667/667/667 669/669/669 668/668/668 
f 668/668/668 669/669/669 670/670/670 
f 669/669/669 670/670/670 670/670/670 
f 670/670/670 670/670/670 671/671/671 
f 670/670/670 671/671/671 671/671/671 
f 671/671/671 671/671/671 672/672/672 
f 671/671/671 673/673/673 672/672/672 
f 672/672/672 673/673/673 674/674/674 
f 673/673/673 674/674/674 674/674/674 
f 674/674/674 674/674/674 675/675/675 
f 674/674/674 675/675/675 675/675/675 
f 675/675/675 675/675/675 676/676/676 
f 675/675/675 677/677/677 676/676/676 
f 676/676/676 677/677/677 678/678/678 
f 677/677/677 678/678/678 678/678/678 
f 678/678/678 678/678/678 679/679/679 
f 678/678/678 679/679/679 679/679/679 
f 679/679/679 679/679/679 680/680/680 
f 679/679/679 681/681/681 680/680/680 
f 680/680/680 681/681/681 682/682/682 
f 681/681/681 682/682/682 682/682/682 
f 682/682/682 682/682/682 683/683/683 
f 682/682/682 683/683/683 683/683/683 
f 683/683/683 683/683/683 684/684/684 
f 683/683/683 685/685/685 684/684/684 
f 684/684/684 685/685/685 686/686/686 
f 685/685/685 686/686/686 686/686/686 
f 686/686/686 686/686/686 687/687/687 
f 686/686/686 687/687/687 687/687/687 
f 687/687/687 687/687/687 688/688/688 
f 687/687/687 689/689/689 688/688/688 
f 688/688/688 689/689/689 690/690/690 
f 689/689/689 690/690/690 690/690/690 
f 690/690/690 690/690/690 691/691/691 
f 690/690/690 691/691/691 691/691/691 
f 691/691/691 691/691/691 692/692/692 
f 691/691/691 693/693/693 692/692/692 
f 692/692/692 693/693/693 694/694/694 
f 693/693/693 694/694/694 694/694/694 
f 694/694/694 694/694/694 695/695/695 
f 694/694/694 695/695/695 695/695/695 
f 695/695/695 695/695/695 696/696/696 
f 695/695/695 697/697/697 696/696/696 
f 696/696/696 697/697/697 698/698/698 
f 697/697/697 698/698/698 698/698/698 
f 698/698/698 698/698/698 699/699/699 
f 698/698/698 699/699/699 699/699/699 
f 699/699/699 699/699/699 700/700/700 
f 699/699/699 701/701/701 700/700/700 
f 700/700/700 701/701/701 702/702/702 
f 701/701/701 702/702/702 702/702/702 
f 702/702/702 702/702/702 703/703/703 
f 702/702/702 703/703/703 703/703/703 
f 703/703/703 703/703/703 704/704/704 
f 703/703/703 705/705/705 704/704/704 
f 704/704/704 705/705/705 706/706/706 
f 705/705/705 706/706/706 706/706/706 
f 706/706/706 706/706/706 707/707/707 
f 706/706/706 707/707/707 707/707/707 
f 707/707/707 707/707/707 708/708/708 
f 707/707/707 709/709/709 708/708/708 
f 708/708/708 709/709/709 710/710/710 
f 709/709/709 710/710/710 710/710/710 
f 710/710/710 710/710/710 711/711/711 
f 710/710/710 711/711/711 711/711/711 
f 711/711/711 711/711/711 712/712/712 
f 711/711/711 713/713/713 712/712/712 
f 712/712/712 713/713/713 714/714/714 
f 713/713/713 714/714/714 714/714/714 
f 714/714/714 714/714/714 715/715/715 
f 714/714/714 715/715/715 715/715/715 
f 715/715/715 715/715/715 716/716/716 
f 715/715/715 717/717/717 716/716/716 
f 716/716/716 717/717/717 718/718/718 
f 717/717/717 718/718/718 718/718/718 
f 718/718/718 718/718/718 719/719/719 
f 718/718/718 719/719/719 719/719/719 
f 719/719/719 719/719/719 720/720/720 
f 719/719/719 721/721/721 720/720/720 
f 720/720/720 721/721/721 722/722/722 
f 721/721/721 722/722/722 722/722/722 
f 722/722/722 722/722/722 723/723/723 
f 722/722/722 723/723/723 723/723/723 
f 723/723/723 723/723/723 724/724/724 
f 723/723/723 725/725/725 724/724/724 
f 724/724/724 725/725/725 726/726/726 
f 725/725/725 726/726/726 726/726/726 
f 726/726/726 726/726/726 727/727/727 
f 726/726/726 727/727/727 727/727/727 
f 727/727/727 727/727/727 728/728/728 
f 727/727/727 729/729/729 728/728/728 
f 728/728/728 729/729/729 730/730/730 
f 729/729/729 730/730/730 730/730/730 
f 730/730/730 730/730/730 731/731/731 
f 730/730/730 731/731/731 731/731/731 
f 731/731/731 731/731/731 732/732/732 
f 731/731/731 733/733/733 732/732/732 
f 732/732/732 733/733/733 734/734/734 
f 733/733/733 734/734/734 734/734/734 
f 734/734/734 734/734/734 735/735/735 
f 734/734/734 735/735/735 735/735/735 
f 735/735/735 735/735/735 736/736/736 
f 735/735/735 737/737/737 736/736/736 
f 736/736/736 737/737/737 738/738/738 
f 737/737/737 738/738/738 738/738/738 
f 738/738/738 738/738/738 739/739/739 
f 738/738/738 739/739/739 739/739/739 
f 739/739/739 739/739/739 740/740/740 
f 739/739/739 741/741/741 740/740/740 
f 740/740/740 741/741/741 742/742/742 
f 741/741/741 742/742/742 742/742/742 
f 742/742/742 742/742/742 743/743/743 
f 742/742/742 743/743/743 743/743/743 
f 743/743/743 743/743/743 744/744/744 
f 743/743/743 745/745/745 744/744/744 
f 744/744/744 745/745/745 746/746/746 
f 745/745/745 746/746/746 746/746/746 
f 746/746/746 746/746/746 747/747/747 
f 746/746/746 747/747/747 747/747/747 
f 747/747/747 747/747/747 748/748/748 
f 747/747/747 749/749/749 748/748/748 
f 748/748/748 749/749/749 750/750/750 
f 749/749/749 750/750/750 750/750/750 
f 750/750/750 750/750/750 751/751/751 
f 750/750/750 751/751/751 751/751/751 
f 751/751/751 751/751/751 752/752/752 
f 751/751/751 753/753/753 752/752/752 
f 752/752/752 753/753/753 754/754/754 
f 753/753/753 754/754/754 754/754/754 
f 754/754/754 754/754/754 755/755/755 
f 754/754/754 755/755/755 755/755/755 
f 755/755/755 755/755/755 756/756/756 
f 755/755/755 757/757/757 756/756/756 
f 756/756/756 757/757/757 758/758/758 
f 757/757/757 758/758/758 758/758/758 
f 758/758/758 758/758/758 759/759/759 
f 758/758/758 759/759/759 759/759/759 
f 759/759/759 759/759/759 760/760/760 
f 759/759/759 761/761/761 760/760/760 
f 760/760/760 761/761/761 762/762/762 
f 761/761/761 762/762/762 762/762/762 
f 762/762/762 762/762/762 763/763/763 
f 762/762/762 763/763/763 763/763/763 
f 763/763/763 763/763/763 764/764/764 
f 763/763/763 765/765/765 764/764/764 
f 764/764/764 765/765/765 766/766/766 
f 765/765/765 766/766/766 766/766/766 
f 766/766/766 766/766/766 767/767/767 
f 766/766/766 767/767/767 767/767/767 
f 767/767/767 767/767/767 768/768/768 
f 767/767/767 769/769/769 768/768/768 
f 768/768/768 769/769/769 770/770/770 
f 769/769/769 770/770/770 770/770/770 
f 770/770/770 770/770/770 771/771/771 
f 770/770/770 771/771/771 771/771/771 
f 771/771/771 771/771/771 772/772/772 
f 771/771/771 773/773/773 772/772/772 
f 772/772/772 773/773/773 774/774/774 
f 773/773/773 774/774/774 774/774/774 
f 774/774/774 774/774/774 775/775/775 
f 774/774/774 775/775/775 775/775/775 
f 775/775/775 775/775/775 776/776/776 
f 775/775/775 777/777/777 776/776/776 
f 776/776/776 777/777/777 778/778/778 
f 777/777/777 778/778/778 778/778/778 
f 778/778/778 778/778/778 779/779/779 
f 778/778/778 779/779/779 779/779/779 
f 779/779/779 779/779/779 780/780/780 
f 779/779/779 781/781/781 780/780/780 
f 780/780/780 781/781/781 782/782/782 
f 781/781/781 782/782/782 782/782/782 
f 782/782/782 782/782/782 783/783/783 
f 782/782/782 783/783/783 783/783/783 
f 783/783/783 783/783/783 784/784/784 
f 783/783/783 785/785/785 784/784/784 
f 784/784/784 785/785/785 786/786/786 
f 785/785/785 786/786/786 786/786/786 
f 786/786/786 786/786/786 787/787/787 
f 786/786/786 787/787/787 787/787/787 
f 787/787/787 787/787/787 788/788/788 
f 787/787/787 789/789/789 788/788/788 
f 788/788/788 789/789/789 790/790/790 
f 789/789/789 790/790/790 790/790/790 
f 790/790/790 790/790/790 791/791/791 
f 790/790/790 791/791/791 791/791/791 
f 791/791/791 791/791/791 792/792/792 
f 791/791/791 793/793/793 792/792/792 
f 792/792/792 793/793/793 794/794/794 
f 793/793/793 794/794/794 794/794/794 
f 794/794/794 794/794/794 795/795/795 
f 794/794/794 795/795/795 795/795/795 
f 795/795/795 795/795/795 796/796/796 
f 795/795/795 797/797/797 796/796/796 
f 796/796/796 797/797/797 798/798/798 
f 797/797/797 798/798/798 798/798/798 
f 798/798/798 798/798/798 799/799/799 
f 798/798/798 799/799/799 799/799/799 
f 799/799/799 799/799/799 800/800/800 
f 799/799/799 801/801/801 800/800/800 
f 800/800/800 801/801/801 802/802/802 
f 801/801/801 802/802/802 802/802/802 
f 802/802/802 802/802/802 803/803/803 
f 802/802/802 803/803/803 803/803/803 
f 803/803/803 803/803/803 804/804/804 
f 803/803/803 805/805/805 804/804/804 
f 804/804/804 805/805/805 806/806/806 
f 805/805/805 806/806/806 806/806/806 
f 806/806/806 806/806/806 807/807/807 
f 806/806/806 807/807/807 807/807/807 
f 807/807/807 807/807/807 808/808/808 
f 807/807/807 809/809/809 808/808/808 
f 808/808/808 809/809/809 810/810/810 
f 809/809/809 810/810/810 810/810/810 
f 810/810/810 810/810/810 811/811/811 
f 810/810/810 811/811/811 811/811/811 
f 811/811/811 811/811/811 812/812/812 
f 811/811/811 813/813/813 812/812/812 
f 812/812/812 813/813/813 814/814/814 
f 813/813/813 814/814/814 814/814/814 
f 814/814/814 814/814/814 815/815/815 
f 814/814/814 815/815/815 815/815/815 
f 815/815/815 815/815/815 816/816/816 
f 815/815/815 817/817/817 816/816/816 
f 816/816/816 817/817/817 818/818/818 
f 817/817/817 818/818/818 818/818/818 
f 818/818/818 818/818/818 819/819/819 
f 818/818/818 819/819/819 819/819/819 
f 819/819/819 819/819/819 820/820/820 
f 819/819/819 821/821/821 820/820/820 
f 820/820/820 821/821/821 822/822/822 
f 821/821/821 822/822/822 822/822/822 
f 822/822/822 822/822/822 823/823/823 
f 822/822/822 823/823/823 823/823/823 
f 823/823/823 823/823/823 824/824/824 
f 823/823/823 825/825/825 824/824/824 
f 824/824/824 825/825/825 826/826/826 
f 825/825/825 826/826/826 826/826/826 
f 826/826/826 826/826/826 827/827/827 
f 826/826/826 827/827/827 827/827/827 
f 827/827/827 827/827/827 828/828/828 
f 827/827/827 829/829/829 828/828/828 
f 828/828/828 829/829/829 830/830/830 
f 829/829/829 830/830/830 830/830/830 
f 830/830/830 830/830/830 831/831/831 
f 830/830/830 831/831/831 831/831/831 
f 831/831/831 831/831/831 832/832/832 
f 831/831/831 833/833/833 832/832/832 
f 832/832/832 833/833/833 834/834/834 
f 833/833/833 834/834/834 834/834/834 
f 834/834/834 834/834/834 835/835/835 
f 834/834/834 835/835/835 835/835/835 
f 835/835/835 835/835/835 836/836/836 
f 835/835/835 837/837/837 836/836/836 
f 836/836/836 837/837/837 838/838/838 
f 837/837/837 838/838/838 838/838/838 
f 838/838/838 838/838/838 839/839/839 
f 838/838/838 839/839/839 839/839/839 
f 839/839/839 839/839/839 840/840/840 
f 839/839/839 841/841/841 840/840/840 
f 840/840/840 841/841/841 842/842/842 
f 841/841/841 842/842/842 842/842/842 
f 842/842/842 842/842/842 843/843/843 
f 842/842/842 843/843/843 843/843/843 
f 843/843/843 843/843/843 844/844/844 
f 843/843/843 845/845/845 844/844/844 
f 844/844/844 845/845/845 846/846/846 
f 845/845/845 846/846/846 846/846/846 
f 846/846/846 846/846/846 847/847/847 
f 846/846/846 847/847/847 847/847/847 
f 847/847/847 847/847/847 848/848/848 
f 847/847/847 849/849/849 848/848/848 
f 848/848/848 849/849/849 850/850/850 
f 849/849/849 850/850/850 850/850/850 
f 850/850/850 850/850/850 851/851/851 
f 850/850/850 851/851/851 851/851/851 
f 851/851/851 851/851/851 852/852/852 
f 851/851/851 853/853/853 852/852/852 
f 852/852/852 853/853/853 852/852/852 
f 853/853/853 854/854/854 852/852/852 
f 852/852/852 854/854/854 855/855/855 
f 854/854/854 856/856/856 855/855/855 
f 855/855/855 856/856/856 856/856/856 
f 856/856/856 857/857/857 856/856/856 
f 856/856/856 857/857/857 857/857/857 
f 857/857/857 858/858/858 857/857/857 
f 857/857/857 858/858/858 859/859/859 
f 858/858/858 860/860/860 859/859/859 
f 859/859/859 860/860/860 860/860/860 
f 860/860/860 861/861/861 860/860/860 
f 860/860/860 861/861/861 861/861/861 
f 861/861/861 862/862/862 861/861/861 
f 861/861/861 862/862/862 863/863/863 
f 862/862/862 864/864/864 863/863/863 
f 863/863/863 864/864/864 864/864/864 
f 864/864/864 865/865/865 864/864/864 
f 864/864/864 865/865/865 865/865/865 
f 865/865/865 866/866/866 865/865/865 
f 865/865/865 866/866/866 867/867/867 
f 866/866/866 868/868/868 867/867/867 
f 867/867/867 868/868/868 868/868/868 
f 868/868/868 869/869/869 868/868/868 
f 868/868/868 869/869/869 869/869/869 
f 869/869/869 870/870/870 869/869/869 
f 869/869/869 870/870/870 871/871/871 
f 870/870/870 872/872/872 871/871/871 
f 871/871/871 872/872/872 872/872/872 
f 872/872/872 873/873/873 872/872/872 
f 872/872/872 873/873/873 873/873/873 
f 873/873/873 874/874/874 873/873/873 
f 873/873/873 874/874/874 875/875/875 
f 874/874/874 876/876/876 875/875/875 
f 875/875/875 876/876/876 876/876/876 
f 876/876/876 877/877/877 876/876/876 
f 876/876/876 877/877/877 877/877/877 
f 877/877/877 878/878/878 877/877/877 
f 877/877/877 878/878/878 879/879/879 
f 878/878/878 880/880/880 879/879/879 
f 879/879/879 880/880/880 880/880/880 
f 880/880/880 881/881/881 880/880/880 
f 880/880/880 881/881/881 881/881/881 
f 881/881/881 882/882/882 881/881/881 
f 881/881/881 882/882/882 883/883/883 
f 882/882/882 884/884/884 883/883/883 
f 883/883/883 884/884/884 884/884/884 
f 884/884/884 885/885/885 884/884/884 
f 884/884/884 885/885/885 885/885/885 
f 885/885/885 886/886/886 885/885/885 
f 885/885/885 886/886/886 887/887/887 
f 886/886/886 888/888/888 887/887/887 
f 887/887/887 888/888/888 888/888/888 
f 888/888/888 889/889/889 888/888/888 
f 888/888/888 889/889/889 889/889/889 
f 889/889/889 890/890/890 889/889/889 
f 889/889/889 890/890/890 891/891/891 
f 890/890/890 892/892/892 891/891/891 
f 891/891/891 892/892/892 892/892/892 
f 892/892/892 893/893/893 892/892/892 
f 892/892/892 893/893/893 893/893/893 
f 893/893/893 894/894/894 893/893/893 
f 893/893/893 894/894/894 895/895/895 
f 894/894/894 896/896/896 895/895/895 
f 895/895/895 896/896/896 896/896/896 
f 896/896/896 897/897/897 896/896/896 
f 896/896/896 897/897/897 897/897/897 
f 897/897/897 898/898/898 897/897/897 
f 897/897/897 898/898/898 899/899/899 
f 898/898/898 900/900/900 899/899/899 
f 899/899/899 900/900/900 900/900/900 
f 900/900/900 901/901/901 900/900/900 
f 900/900/900 901/901/901 901/901/901 
f 901/901/901 902/902/902 901/901/901 
f 901/901/901 902/902/902 903/903/903 
f 902/902/902 904/904/904 903/903/903 
f 903/903/903 904/904/904 904/904/904 
f 904/904/904 905/905/905 904/904/904 
f 904/904/904 905/905/905 905/905/905 
f 905/905/905 906/906/906 905/905/905 
f 905/905/905 906/906/906 907/907/907 
f 906/906/906 908/908/908 907/907/907 
f 907/907/907 908/908/908 908/908/908 
f 908/908/908 909/909/909 908/908/908 
f 908/908/908 909/909/909 909/909/909 
f 909/909/909 910/910/910 909/909/909 
f 909/909/909 910/910/910 911/911/911 
f 910/910/910 912/912/912 911/911/911 
f 911/911/911 912/912/912 912/912/912 
f 912/912/912 913/913/913 912/912/912 
f 912/912/912 913/913/913 913/913/913 
f 913/913/913 914/914/914 913/913/913 
f 913/913/913 914/914/914 915/915/915 
f 914/914/914 916/916/916 915/915/915 
f 915/915/915 916/916/916 916/916/916 
f 916/916/916 917/917/917 916/916/916 
f 916/916/916 917/917/917 917/917/917 
f 917/917/917 918/918/918 917/917/917 
f 917/917/917 918/918/918 919/919/919 
f 918/918/918 920/920/920 919/919/919 
f 919/919/919 920/920/920 920/920/920 
f 920/920/920 921/921/921 920/920/920 
f 920/920/920 921/921/921 921/921/921 
f 921/921/921 922/922/922 921/921/921 
f 921/921/921 922/922/922 923/923/923 
f 922/922/922 924/924/924 923/923/923 
f 923/923/923 924/924/924 924/924/924 
f 924/924/924 925/925/925 924/924/924 
f 924/924/924 925/925/925 925/925/925 
f 925/925/925 926/926/926 925/925/925 
f 925/925/925 926/926/926 927/927/927 
f 926/926/926 928/928/928 927/927/927 
f 927/927/927 928/928/928 928/928/928 
f 928/928/928 929/929/929 928/928/928 
f 928/928/928 929/929/929 929/929/929 
f 929/929/929 930/930/930 929/929/929 
f 929/929/929 930/930/930 931/931/931 
f 930/930/930 932/932/932 931/931/931 
f 931/931/931 932/932/932 932/932/932 
f 932/932/932 933/933/933 932/932/932 
f 932/932/932 933/933/933 933/933/933 
f 933/933/933 934/934/934 933/933/933 
f 933/933/933 934/934/934 935/935/935 
f 934/934/934 936/936/936 935/935/935 
f 935/935/935 936/936/936 936/936/936 
f 936/936/936 937/937/937 936/936/936 
f 936/936/936 937/937/937 937/937/937 
f 937/937/937 938/938/938 937/937/937 
f 937/937/937 938/938/938 939/939/939 
f 938/938/938 940/940/940 939/939/939 
f 939/939/939 940/940/940 940/940/940 
f 940/940/940 941/941/941 940/940/940 
f 940/940/940 941/941/941 941/941/941 
f 941/941/941 942/942/942 941/941/941 
f 941/941/941 942/942/942 943/943/943 
f 942/942/942 944/944/944 943/943/943 
f 943/943/943 944/944/944 944/944/944 
f 944/944/944 945/945/945 944/944/944 
f 944/944/944 945/945/945 945/945/945 
f 945/945/945 946/946/946 945/945/945 
f 945/945/945 946/946/946 947/947/947 
f 946/946/946 948/948/948 947/947/947 
f 947/947/947 948/948/948 948/948/948 
f 948/948/948 949/949/949 948/948/948 
f 948/948/948 949/949/949 949/949/949 
f 949/949/949 950/950/950 949/949/949 
f 949/949/949 950/950/950 951/951/951 
f 950/950/950 952/952/952 951/951/951 
f 951/951/951 952/952/952 952/952/952 
f 952/952/952 953/953/953 952/952/952 
f 952/952/952 953/953/953 953/953/953 
f 953/953/953 954/954/954 953/953/953 
f 953/953/953 954/954/954 955/955/955 
f 954/954/954 956/956/956 955/955/955 
f 955/955/955 956/956/956 956/956/956 
f 956/956/956 957/957/957 956/956/956 
f 956/956/956 957/957/957 957/957/957 
f 957/957/957 958/958/958 957/957/957 
f 957/957/957 958/958/958 959/959/959 
f 958/958/958 960/960/960 959/959/959 
f 959/959/959 960/960/960 960/960/960 
f 960/960/960 961/961/961 960/960/960 
f 960/960/960 961/961/961 961/961/961 
f 961/961/961 962/962/962 961/961/961 
f 961/961/961 962/962/962 963/963/963 
f 962/962/962 964/964/964 963/963/963 
f 963/963/963 964/964/964 964/964/964 
f 964/964/964 965/965/965 964/964/964 
f 964/964/964 965/965/965 965/965/965 
f 965/965/965 966/966/966 965/965/965 
f 965/965/965 966/966/966 967/967/967 
f 966/966/966 968/968/968 967/967/967 
f 967/967/967 968/968/968 968/968/968 
f 968/968/968 969/969/969 968/968/968 
f 968/968/968 969/969/969 969/969/969 
f 969/969/969 970/970/970 969/969/969 
f 969/969/969 970/970/970 971/971/971 
f 970/970/970 972/972/972 971/971/971 
f 971/971/971 972/972/972 972/972/972 
f 972/972/972 973/973/973 972/972/972 
f 972/972/972 973/973/973 973/973/973 
f 973/973/973 974/974/974 973/973/973 
f 973/973/973 974/974/974 975/975/975 
f 974/974/974 976/976/976 975/975/975 
f 975/975/975 976/976/976 976/976/976 
f 976/976/976 977/977/977 976/976/976 
f 976/976/976 977/977/977 977/977/977 
f 977/977/977 978/978/978 977/977/977 
f 977/977/977 978/978/978 979/979/979 
f 978/978/978 980/980/980 979/979/979 
f 979/979/979 980/980/980 980/980/980 
f 980/980/980 981/981/981 980/980/980 
f 980/980/980 981/981/981 981/981/981 
f 981/981/981 982/982/982 981/981/981 
f 981/981/981 982/982/982 983/983/983 
f 982/982/982 984/984/984 983/983/983 
f 983/983/983 984/984/984 984/984/984 
f 984/984/984 985/985/985 984/984/984 
f 984/984/984 985/985/985 985/985/985 
f 985/985/985 986/986/986 985/985/985 
f 985/985/985 986/986/986 987/987/987 
f 986/986/986 988/988/988 987/987/987 
f 987/987/987 988/988/988 988/988/988 
f 988/988/988 989/989/989 988/988/988 
f 988/988/988 989/989/989 989/989/989 
f 989/989/989 990/990/990 989/989/989 
f 989/989/989 990/990/990 991/991/991 
f 990/990/990 992/992/992 991/991/991 
f 991/991/991 992/992/992 992/992/992 
f 992/992/992 993/993/993 992/992/992 
f 992/992/992 993/993/993 993/993/993 
f 993/993/993 994/994/994 993/993/993 
f 993/993/993 994/994/994 995/995/995 
f 994/994/994 996/996/996 995/995/995 
f 995/995/995 996/996/996 996/996/996 
f 996/996/996 997/997/997 996/996/996 
f 996/996/996 997/997/997 997/997/997 
f 997/997/997 998/998/998 997/997/997 
f 997/997/997 998/998/998 999/999/999 
f 998/998/998 1000/1000/1000 999/999/999 
f 999/999/999 1000/1000/1000 1000/1000/1000 
f 1000/1000/1000 1001/1001/1001 1000/1000/1000 
f 1000/1000/1000 1001/1001/1001 1001/1001/1001 
f 1001/1001/1001 1002/1002/1002 1001/1001/1001 
f 1001/1001/1001 1002/1002/1002 1003/1003/1003 
f 1002/1002/1002 1004/1004/1004 1003/1003/1003 
f 1003/1003/1003 1004/1004/1004 1004/1004/1004 
f 1004/1004/1004 1005/1005/1005 1004/1004/1004 
f 1004/1004/1004 1005/1005/1005 1005/1005/1005 
f 1005/1005/1005 1006/1006/1006 1005/1005/1005 
f 1005/1005/1005 1006/1006/1006 1007/1007/1007 
f 1006/1006/1006 1008/1008/1008 1007/1007/1007 
f 1007/1007/1007 1008/1008/1008 1008/1008/1008 
f 1008/1008/1008 1009/1009/1009 1008/1008/1008 
f 1008/1008/1008 1009/1009/1009 1009/1009/1009 
f 1009/1009/1009 1010/1010/1010 1009/1009/1009 
f 1009/1009/1009 1010/1010/1010 1011/1011/1011 
f 1010/1010/1010 1012/1012/1012 1011/1011/1011 
f 1011/1011/1011 1012/1012/1012 1012/1012/1012 
f 1012/1012/1012 1013/1013/1013 1012/1012/1012 
f 1012/1012/1012 1013/1013/1013 1013/1013/1013 
f 1013/1013/1013 1014/1014/1014 1013/1013/1013 
f 1013/1013/1013 1014/1014/1014 1015/1015/1015 
f 1014/1014/1014 1016/1016/1016 1015/1015/1015 
f 1015/1015/1015 1016/1016/1016 1016/1016/1016 
f 1016/1016/1016 1017/1017/1017 1016/1016/1016 
f 1016/1016/1016 1017/1017/1017 1017/1017/1017 
f 1017/1017/1017 1018/1018/1018 1017/1017/1017 
f 1017/1017/1017 1018/1018/1018 1019/1019/1019 
f 1018/1018/1018 1020/1020/1020 1019/1019/1019 
f 1019/1019/1019 1020/1020/1020 1020/1020/1020 
f 1020/1020/1020 1021/1021/1021 1020/1020/1020 
f 1020/1020/1020 1021/1021/1021 1021/1021/1021 
f 1021/1021/1021 1022/1022/1022 1021/1021/1021 
f 1021/1021/1021 1022/1022/1022 1023/1023/1023 
f 1022/1022/1022 1024/1024/1024 1023/1023/1023 
f 1023/1023/1023 1024/1024/1024 1024/1024/1024 
f 1024/1024/1024 1025/1025/1025 1024/1024/1024 
f 1024/1024/1024 1025/1025/1025 1025/1025/1025 
f 1025/1025/1025 1026/1026/1026 1025/1025/1025 
f 1025/1025/1025 1026/1026/1026 1027/1027/1027 
f 1026/1026/1026 1028/1028/1028 1027/1027/1027 
f 1027/1027/1027 1028/1028/1028 1028/1028/1028 
f 1028/1028/1028 1029/1029/1029 1028/1028/1028 
f 1028/1028/1028 1029/1029/1029 1029/1029/1029 
f 1029/1029/1029 1030/1030/1030 1029/1029/1029 
f 1029/1029/1029 1030/1030/1030 1031/1031/1031 
f 1030/1030/1030 1032/1032/1032 1031/1031/1031 
f 1031/1031/1031 1032/1032/1032 1032/1032/1032 
f 1032/1032/1032 1033/1033/1033 1032/1032/1032 
f 1032/1032/1032 1033/1033/1033 1033/1033/1033 
f 1033/1033/1033 1034/1034/1034 1033/1033/1033 
f 1033/1033/1033 1034/1034/1034 1035/1035/1035 
f 1034/1034/1034 1036/1036/1036 1035/1035/1035 
f 1035/1035/1035 1036/1036/1036 1036/1036/1036 
f 1036/1036/1036 1037/1037/1037 1036/1036/1036 
f 1036/1036/1036 1037/1037/1037 1037/1037/1037 
f 1037/1037/1037 1038/1038/1038 1037/1037/1037 
f 1037/1037/1037 1038/1038/1038 1039/1039/1039 
f 1038/1038/1038 1040/1040/1040 1039/1039/1039 
f 1039/1039/1039 1040/1040/1040 1040/1040/1040 
f 1040/1040/1040 1041/1041/1041 1040/1040/1040 
f 1040/1040/1040 1041/1041/1041 1041/1041/1041 
f 1041/1041/1041 1042/1042/1042 1041/1041/1041 
f 1041/1041/1041 1042/1042/1042 1043/1043/1043 
f 1042/1042/1042 1044/1044/1044 1043/1043/1043 
f 1043/1043/1043 1044/1044/1044 1044/1044/1044 
f 1044/1044/1044 1045/1045/1045 1044/1044/1044 
f 1044/1044/1044 1045/1045/1045 1045/1045/1045 
f 1045/1045/1045 1046/1046/1046 1045/1045/1045 
f 1045/1045/1045 1046/1046/1046 1047/1047/1047 
f 1046/1046/1046 1048/1048/1048 1047/1047/1047 
f 1047/1047/1047 1048/1048/1048 1048/1048/1048 
f 1048/1048/1048 1049/1049/1049 1048/1048/1048 
f 1048/1048/1048 1049/1049/1049 1049/1049/1049 
f 1049/1049/1049 1050/1050/1050 1049/1049/1049 
f 1049/1049/1049 1050/1050/1050 1051/1051/1051 
f 1050/1050/1050 1052/1052/1052 1051/1051/1051 
f 1051/1051/1051 1052/1052/1052 1052/1052/1052 
f 1052/1052/1052 1053/1053/1053 1052/1052/1052 
f 1052/1052/1052 1053/1053/1053 1053/1053/1053 
f 1053/1053/1053 1054/1054/1054 1053/1053/1053 
f 1053/1053/1053 1054/1054/1054 1055/1055/1055 
f 1054/1054/1054 1056/1056/1056 1055/1055/1055 
f 1055/1055/1055 1056/1056/1056 1056/1056/1056 
f 1056/1056/1056 1057/1057/1057 1056/1056/1056 
f 1056/1056/1056 1057/1057/1057 1057/1057/1057 
f 1057/1057/1057 1058/1058/1058 1057/1057/1057 
f 1057/1057/1057 1058/1058/1058 1059/1059/1059 
f 1058/1058/1058 1060/1060/1060 1059/1059/1059 
f 1059/1059/1059 1060/1060/1060 1060/1060/1060 
f 1060/1060/1060 1061/1061/1061 1060/1060/1060 
f 1060/1060/1060 1061/1061/1061 1061/1061/1061 
f 1061/1061/1061 1062/1062/1062 1061/1061/1061 
f 1061/1061/1061 1062/1062/1062 1063/1063/1063 
f 1062/1062/1062 1064/1064/1064 1063/1063/1063 
f 1063/1063/1063 1064/1064/1064 1064/1064/1064 
f 1064/1064/1064 1065/1065/1065 1064/1064/1064 
f 1064/1064/1064 1065/1065/1065 1065/1065/1065 
f 1065/1065/1065 1066/1066/1066 1065/1065/1065 
f 1065/1065/1065 1066/1066/1066 1067/1067/1067 
f 1066/1066/1066 1068/1068/1068 1067/1067/1067 
f 1067/1067/1067 1068/1068/1068 1068/1068/1068 
f 1068/1068/1068 1069/1069/1069 1068/1068/1068 
f 1068/1068/1068 1069/1069/1069 1069/1069/1069 
f 1069/1069/1069 1070/1070/1070 1069/1069/1069 
f 1069/1069/1069 1070/1070/1070 1071/1071/1071 
f 1070/1070/1070 1072/1072/1072 1071/1071/1071 
f 1071/1071/1071 1072/1072/1072 1072/1072/1072 
f 1072/1072/1072 1073/1073/1073 1072/1072/1072 
f 1072/1072/1072 1073/1073/1073 1073/1073/1073 
f 1073/1073/1073 1074/1074/1074 1073/1073/1073 
f 1073/1073/1073 1074/1074/1074 1075/1075/1075 
f 1074/1074/1074 1076/1076/1076 1075/1075/1075 
f 1075/1075/1075 1076/1076/1076 1076/1076/1076 
f 1076/1076/1076 1077/1077/1077 1076/1076/1076 
f 1076/1076/1076 1077/1077/1077 1077/1077/1077 
f 1077/1077/1077 1078/1078/1078 1077/1077/1077 
f 1077/1077/1077 1078/1078/1078 1079/1079/1079 
f 1078/1078/1078 1080/1080/1080 1079/1079/1079 
f 1079/1079/1079 1080/1080/1080 1080/1080/1080 
f 1080/1080/1080 1081/1081/1081 1080/1080/1080 
f 1080/1080/1080 1081/1081/1081 1081/1081/1081 
f 1081/1081/1081 1082/1082/1082 1081/1081/1081 
f 1081/1081/1081 1082/1082/1082 1083/1083/1083 
f 1082/1082/1082 1084/1084/1084 1083/1083/1083 
f 1083/1083/1083 1084/1084/1084 1084/1084/1084 
f 1084/1084/1084 1085/1085/1085 1084/1084/1084 
f 1084/1084/1084 1085/1085/1085 1085/1085/1085 
f 1085/1085/1085 1086/1086/1086 1085/1085/1085 
f 1085/1085/1085 1086/1086/1086 1087/1087/1087 
f 1086/1086/1086 1088/1088/1088 1087/1087/1087 
f 1087/1087/1087 1088/1088/1088 1088/1088/1088 
f 1088/1088/1088 1089/1089/1089 1088/1088/1088 
f 1088/1088/1088 1089/1089/1089 1089/1089/1089 
f 1089/1089/1089 1090/1090/1090 1089/1089/1089 
f 1089/1089/1089 1090/1090/1090 1091/1091/1091 
f 1090/1090/1090 1092/1092/1092 1091/1091/1091 
f 1091/1091/1091 1092/1092/1092 1092/1092/1092 
f 1092/1092/1092 1093/1093/1093 1092/1092/1092 
f 1092/1092/1092 1093/1093/1093 1093/1093/1093 
f 1093/1093/1093 1094/1094/1094 1093/1093/1093 
f 1093/1093/1093 1094/1094/1094 1095/1095/1095 
f 1094/1094/1094 1096/1096/1096 1095/1095/1095 
f 1095/1095/1095 1096/1096/1096 1096/1096/1096 
f 1096/1096/1096 1097/1097/1097 1096/1096/1096 
f 1096/1096/1096 1097/1097/1097 1097/1097/1097 
f 1097/1097/1097 1098/1098/1098 1097/1097/1097 
f 1097/1097/1097 1098/1098/1098 1099/1099/1099 
f 1098/1098/1098 1100/1100/1100 1099/1099/1099 
f 1099/1099/1099 1100/1100/1100 1100/1100/1100 
f 1100/1100/1100 1101/1101/1101 1100/1100/1100 
f 1100/1100/1100 1101/1101/1101 1101/1101/1101 
f 1101/1101/1101 1102/1102/1102 1101/1101/1101 
f 1101/1101/1101 1102/1102/1102 1103/1103/1103 
f 1102/1102/1102 1104/1104/1104 1103/1103/1103 
f 1103/1103/1103 1104/1104/1104 1104/1104/1104 
f 1104/1104/1104 1105/1105/1105 1104/1104/1104 
f 1104/1104/1104 1105/1105/1105 1105/1105/1105 
f 1105/1105/1105 1106/1106/1106 1105/1105/1105 
f 1105/1105/1105 1106/1106/1106 1107/1107/1107 
f 1106/1106/1106 1108/1108/1108 1107/1107/1107 
f 1107/1107/1107 1108/1108/1108 1108/1108/1108 
f 1108/1108/1108 1109/1109/1109 1108/1108/1108 
f 1108/1108/1108 1109/1109/1109 1109/1109/1109 
f 1109/1109/1109 1110/1110/1110 1109/1109/1109 
f 1109/1109/1109 1110/1110/1110 1111/1111/1111 
f 1110/1110/1110 1112/1112/1112 1111/1111/1111 
f 1111/1111/1111 1112/1112/1112 1112/1112/1112 
f 1112/1112/1112 1113/1113/1113 1112/1112/1112 
f 1112/1112/1112 1113/1113/1113 1113/1113/1113 
f 1113/1113/1113 1114/1114/1114 1113/1113/1113 
f 1113/1113/1113 1114/1114/1114 1115/1115/1115 
f 1114/1114/1114 1116/1116/1116 1115/1115/1115 
f 1115/1115/1115 1116/1116/1116 1116/1116/1116 
f 1116/1116/1116 1117/1117/1117 1116/1116/1116 
f 1116/1116/1116 1117/1117/1117 1117/1117/1117 
f 1117/1117/1117 1118/1118/1118 1117/1117/1117 
f 1117/1117/1117 1118/1118/1118 1119/1119/1119 
f 1118/1118/1118 1120/1120/1120 1119/1119/1119 
f 1119/1119/1119 1120/1120/1120 1120/1120/1120 
f 1120/1120/1120 1121/1121/1121 1120/1120/1120 
f 1120/1120/1120 1121/1121/1121 1121/1121/1121 
f 1121/1121/1121 1122/1122/1122 1121/1121/1121 
f 1121/1121/1121 1122/1122/1122 1123/1123/1123 
f 1122/1122/1122 1124/1124/1124 1123/1123/1123 
f 1123/1123/1123 1124/1124/1124 1124/1124/1124 
f 1124/1124/1124 1125/1125/1125 1124/1124/1124 
f 1124/1124/1124 1125/1125/1125 1125/1125/1125 
f 1125/1125/1125 1126/1126/1126 1125/1125/1125 
f 1125/1125/1125 1126/1126/1126 1127/1127/1127 
f 1126/1126/1126 1128/1128/1128 1127/1127/1127 
f 1127/1127/1127 1128/1128/1128 1128/1128/1128 
f 1128/1128/1128 1129/1129/1129 1128/1128/1128 
f 1128/1128/1128 1129/1129/1129 1129/1129/1129 
f 1129/1129/1129 1130/1130/1130 1129/1129/1129 
f 1129/1129/1129 1130/1130/1130 1131/1131/1131 
f 1130/1130/1130 1132/1132/1132 1131/1131/1131 
f 1131/1131/1131 1132/1132/1132 1132/1132/1132 
f 1132/1132/1132 1133/1133/1133 1132/1132/1132 
f 1132/1132/1132 1133/1133/1133 1133/1133/1133 
f 1133/1133/1133 1134/1134/1134 1133/1133/1133 
f 1133/1133/1133 1134/1134/1134 1135/1135/1135 
f 1134/1134/1134 1136/1136/1136 1135/1135/1135 
f 1135/1135/1135 1136/1136/1136 1136/1136/1136 
f 1136/1136/1136 1137/1137/1137 1136/1136/1136 
f 1136/1136/1136 1137/1137/1137 1137/1137/1137 
f 1137/1137/1137 1138/1138/1138 1137/1137/1137 
f 1137/1137/1137 1138/1138/1138 1139/1139/1139 
f 1138/1138/1138 1140/1140/1140 1139/1139/1139 
f 1139/1139/1139 1140/1140/1140 1140/1140/1140 
f 1140/1140/1140 1141/1141/1141 1140/1140/1140 
f 1140/1140/1140 1141/1141/1141 1141/1141/1141 
f 1141/1141/1141 1142/1142/1142 1141/1141/1141 
f 1141/1141/1141 1142/1142/1142 1143/1143/1143 
f 1142/1142/1142 1144/1144/1144 1143/1143/1143 
f 1143/1143/1143 1144/1144/1144 1144/1144/1144 
f 1144/1144/1144 1145/1145/1145 1144/1144/1144 
f 1144/1144/1144 1145/1145/1145 1145/1145/1145 
f 1145/1145/1145 1146/1146/1146 1145/1145/1145 
f 1145/1145/1145 1146/1146/1146 1147/1147/1147 
f 1146/1146/1146 1148/1148/1148 1147/1147/1147 
f 1147/1147/1147 1148/1148/1148 1148/1148/1148 
f 1148/1148/1148 1149/1149/1149 1148/1148/1148 
f 1148/1148/1148 1149/1149/1149 1149/1149/1149 
f 1149/1149/1149 1150/1150/1150 1149/1149/1149 
f 1149/1149/1149 1150/1150/1150 1151/1151/1151 
f 1150/1150/1150 1152/1152/1152 1151/1151/1151 
f 1151/1151/1151 1152/1152/1152 1152/1152/1152 
f 1152/1152/1152 1153/1153/1153 1152/1152/1152 
f 1152/1152/1152 1153/1153/1153 1153/1153/1153 
f 1153/1153/1153 1154/1154/1154 1153/1153/1153 
f 1153/1153/1153 1154/1154/1154 1155/1155/1155 
f 1154/1154/1154 1156/1156/1156 1155/1155/1155 
f 1155/1155/1155 1156/1156/1156 1156/1156/1156 
f 1156/1156/1156 1157/1157/1157 1156/1156/1156 
f 1156/1156/1156 1157/1157/1157 1157/1157/1157 
f 1157/1157/1157 1158/1158/1158 1157/1157/1157 
f 1157/1157/1157 1158/1158/1158 1159/1159/1159 
f 1158/1158/1158 1160/1160/1160 1159/1159/1159 
f 1159/1159/1159 1160/1160/1160 1160/1160/1160 
f 1160/1160/1160 1161/1161/1161 1160/1160/1160 
f 1160/1160/1160 1161/1161/1161 1161/1161/1161 
f 1161/1161/1161 1162/1162/1162 1161/1161/1161 
f 1161/1161/1161 1162/1162/1162 1163/1163/1163 
f 1162/1162/1162 1164/1164/1164 1163/1163/1163 
f 1163/1163/1163 1164/1164/1164 1164/1164/1164 
f 1164/1164/1164 1165/1165/1165 1164/1164/1164 
f 1164/1164/1164 1165/1165/1165 1165/1165/1165 
f 1165/1165/1165 1166/1166/1166 1165/1165/1165 
f 1165/1165/1165 1166/1166/1166 1167/1167/1167 
f 1166/1166/1166 1168/1168/1168 1167/1167/1167 
f 1167/1167/1167 1168/1168/1168 1168/1168/1168 
f 1168/1168/1168 1169/1169/1169 1168/1168/1168 
f 1168/1168/1168 1169/1169/1169 1169/1169/1169 
f 1169/1169/1169 1170/1170/1170 1169/1169/1169 
f 1169/1169/1169 1170/1170/1170 1171/1171/1171 
f 1170/1170/1170 1172/1172/1172 1171/1171/1171 
f 1171/1171/1171 1172/1172/1172 1172/1172/1172 
f 1172/1172/1172 1173/1173/1173 1172/1172/1172 
f 1172/1172/1172 1173/1173/1173 1173/1173/1173 
f 1173/1173/1173 1174/1174/1174 1173/1173/1173 
f 1173/1173/1173 1174/1174/1174 1175/1175/1175 
f 1174/1174/1174 1176/1176/1176 1175/1175/1175 
f 1175/1175/1175 1176/1176/1176 1176/1176/1176 
f 1176/1176/1176 1177/1177/1177 1176/1176/1176 
f 1176/1176/1176 1177/1177/1177 1177/1177/1177 
f 1177/1177/1177 1178/1178/1178 1177/1177/1177 
f 1177/1177/1177 1178/1178/1178 1179/1179/1179 
f 1178/1178/1178 1180/1180/1180 1179/1179/1179 
f 1179/1179/1179 1180/1180/1180 1180/1180/1180 
f 1180/1180/1180 1181/1181/1181 1180/1180/1180 
f 1180/1180/1180 1181/1181/1181 1181/1181/1181 
f 1181/1181/1181 1182/1182/1182 1181/1181/1181 
f 1181/1181/1181 1182/1182/1182 1183/1183/1183 
f 1182/1182/1182 1184/1184/1184 1183/1183/1183 
f 1183/1183/1183 1184/1184/1184 1184/1184/1184 
f 1184/1184/1184 1185/1185/1185 1184/1184/1184 
f 1184/1184/1184 1185/1185/1185 1185/1185/1185 
f 1185/1185/1185 1184/1184/1184 1185/1185/1185 
f 1185/1185/1185 1184/1184/1184 1186/1186/1186 
f 1184/1184/1184 1187/1187/1187 1186/1186/1186 
f 1186/1186/1186 1187/1187/1187 1187/1187/1187 
f 1187/1187/1187 1188/1188/1188 1187/1187/1187 
f 1187/1187/1187 1188/1188/1188 1188/1188/1188 
f 1188/1188/1188 1189/1189/1189 1188/1188/1188 
f 1188/1188/1188 1189/1189/1189 1190/1190/1190 
f 1189/1189/1189 1191/1191/1191 1190/1190/1190 
f 1190/1190/1190 1191/1191/1191 1191/1191/1191 
f 1191/1191/1191 1192/1192/1192 1191/1191/1191 
f 1191/1191/1191 1192/1192/1192 1192/1192/1192 
f 1192/1192/1192 1193/1193/1193 1192/1192/1192 
f 1192/1192/1192 1193/1193/1193 1194/1194/1194 
f 1193/1193/1193 1195/1195/1195 1194/1194/1194 
f 1194/1194/1194 1195/1195/1195 1195/1195/1195 
f 1195/1195/1195 1196/1196/1196 1195/1195/1195 
f 1195/1195/1195 1196/1196/1196 1196/1196/1196 
f 1196/1196/1196 1197/1197/1197 1196/1196/1196 
f 1196/1196/1196 1197/1197/1197 1198/1198/1198 
f 1197/1197/1197 1199/1199/1199 1198/1198/1198 
f 1198/1198/1198 1199/1199/1199 1199/1199/1199 
f 1199/1199/1199 1200/1200/1200 1199/1199/1199 
f 1199/1199/1199 1200/1200/1200 1200/1200/1200 
f 1200/1200/1200 1201/1201/1201 1200/1200/1200 
f 1200/1200/1200 1201/1201/1201 1202/1202/1202 
f 1201/1201/1201 1203/1203/1203 1202/1202/1202 
f 1202/1202/1202 1203/1203/1203 1203/1203/1203 
f 1203/1203/1203 1204/1204/1204 1203/1203/1203 
f 1203/1203/1203 1204/1204/1204 1204/1204/1204 
f 1204/1204/1204 1205/1205/1205 1204/1204/1204 
f 1204/1204/1204 1205/1205/1205 1206/1206/1206 
f 1205/1205/1205 1207/1207/1207 1206/1206/1206 
f 1206/1206/1206 1207/1207/1207 1207/1207/1207 
f 1207/1207/1207 1208/1208/1208 1207/1207/1207 
f 1207/1207/1207 1208/1208/1208 1208/1208/1208 
f 1208/1208/1208 1209/1209/1209 1208/1208/1208 
f 1208/1208/1208 1209/1209/1209 1210/1210/1210 
f 1209/1209/1209 1211/1211/1211 1210/1210/1210 
f 1210/1210/1210 1211/1211/1211 1211/1211/1211 
f 1211/1211/1211 1212/1212/1212 1211/1211/1211 
f 1211/1211/1211 1212/1212/1212 1212/1212/1212 
f 1212/1212/1212 1213/1213/1213 1212/1212/1212 
f 1212/1212/1212 1213/1213/1213 1214/1214/1214 
f 1213/1213/1213 1215/1215/1215 1214/1214/1214 
f 1214/1214/1214 1215/1215/1215 1215/1215/1215 
f 1215/1215/1215 1216/1216/1216 1215/1215/1215 
f 1215/1215/1215 1216/1216/1216 1216/1216/1216 
f 1216/1216/1216 1217/1217/1217 1216/1216/1216 
f 1216/1216/1216 1217/1217/1217 1218/1218/1218 
f 1217/1217/1217 1219/1219/1219 1218/1218/1218 
f 1218/1218/1218 1219/1219/1219 1219/1219/1219 
f 1219/1219/1219 1220/1220/1220 1219/1219/1219 
f 1219/1219/1219 1220/1220/1220 1220/1220/1220 
f 1220/1220/1220 1221/1221/1221 1220/1220/1220 
f 1220/1220/1220 1221/1221/1221 1222/1222/1222 
f 1221/1221/1221 1223/1223/1223 1222/1222/1222 
f 1222/1222/1222 1223/1223/1223 1223/1223/1223 
f 1223/1223/1223 1224/1224/1224 1223/1223/1223 
f 1223/1223/1223 1224/1224/1224 1224/1224/1224 
f 1224/1224/1224 1225/1225/1225 1224/1224/1224 
f 1224/1224/1224 1225/1225/1225 1226/1226/1226 
f 1225/1225/1225 1227/1227/1227 1226/1226/1226 
f 1226/1226/1226 1227/1227/1227 1227/1227/1227 
f 1227/1227/1227 1228/1228/1228 1227/1227/1227 
f 1227/1227/1227 1228/1228/1228 1228/1228/1228 
f 1228/1228/1228 1229/1229/1229 1228/1228/1228 
f 1228/1228/1228 1229/1229/1229 1230/1230/1230 
f 1229/1229/1229 1231/1231/1231 1230/1230/1230 
f 1230/1230/1230 1231/1231/1231 1231/1231/1231 
f 1231/1231/1231 1232/1232/1232 1231/1231/1231 
f 1231/1231/1231 1232/1232/1232 1232/1232/1232 
f 1232/1232/1232 1233/1233/1233 1232/1232/1232 
f 1232/1232/1232 1233/1233/1233 1234/1234/1234 
f 1233/1233/1233 1235/1235/1235 1234/1234/1234 
f 1234/1234/1234 1235/1235/1235 1235/1235/1235 
f 1235/1235/1235 1236/1236/1236 1235/1235/1235 
f 1235/1235/1235 1236/1236/1236 1236/1236/1236 
f 1236/1236/1236 1237/1237/1237 1236/1236/1236 
f 1236/1236/1236 1237/1237/1237 1238/1238/1238 
f 1237/1237/1237 1239/1239/1239 1238/1238/1238 
f 1238/1238/1238 1239/1239/1239 1239/1239/1239 
f 1239/1239/1239 1240/1240/1240 1239/1239/1239 
f 1239/1239/1239 1240/1240/1240 1240/1240/1240 
f 1240/1240/1240 1241/1241/1241 1240/1240/1240 
f 1240/1240/1240 1241/1241/1241 1242/1242/1242 
f 1241/1241/1241 1243/1243/1243 1242/1242/1242 
f 1242/1242/1242 1243/1243/1243 1243/1243/1243 
f 1243/1243/1243 1244/1244/1244 1243/1243/1243 
f 1243/1243/1243 1244/1244/1244 1244/1244/1244 
f 1244/1244/1244 1245/1245/1245 1244/1244/1244 
f 1244/1244/1244 1245/1245/1245 1246/1246/1246 
f 1245/1245/1245 1247/1247/1247 1246/1246/1246 
f 1246/1246/1246 1247/1247/1247 1247/1247/1247 
f 1247/1247/1247 1248/1248/1248 1247/1247/1247 
f 1247/1247/1247 1248/1248/1248 1248/1248/1248 
f 1248/1248/1248 1249/1249/1249 1248/1248/1248 
f 1248/1248/1248 1249/1249/1249 1250/1250/1250 
f 1249/1249/1249 1251/1251/1251 1250/1250/1250 
f 1250/1250/1250 1251/1251/1251 1251/1251/1251 
f 1251/1251/1251 1252/1252/1252 1251/1251/1251 
f 1251/1251/1251 1252/1252/1252 1252/1252/1252 
f 1252/1252/1252 1253/1253/1253 1252/1252/1252 
f 1252/1252/1252 1253/1253/1253 1254/1254/1254 
f 1253/1253/1253 1255/1255/1255 1254/1254/1254 
f 1254/1254/1254 1255/1255/1255 1255/1255/1255 
f 1255/1255/1255 1256/1256/1256 1255/1255/1255 
f 1255/1255/1255 1256/1256/1256 1256/1256/1256 
f 1256/1256/1256 1257/1257/1257 1256/1256/1256 
f 1256/1256/1256 1257/1257/1257 1258/1258/1258 
f 1257/1257/1257 1259/1259/1259 1258/1258/1258 
f 1258/1258/1258 1259/1259/1259 1259/1259/1259 
f 1259/1259/1259 1260/1260/1260 1259/1259/1259 
f 1259/1259/1259 1260/1260/1260 1260/1260/1260 
f 1260/1260/1260 1261/1261/1261 1260/1260/1260 
f 1260/1260/1260 1261/1261/1261 1262/1262/1262 
f 1261/1261/1261 1263/1263/1263 1262/1262/1262 
f 1262/1262/1262 1263/1263/1263 1263/1263/1263 
f 1263/1263/1263 1264/1264/1264 1263/1263/1263 
f 1263/1263/1263 1264/1264/1264 1264/1264/1264 
f 1264/1264/1264 1265/1265/1265 1264/1264/1264 
f 1264/1264/1264 1265/1265/1265 1266/1266/1266 
f 1265/1265/1265 1267/1267/1267 1266/1266/1266 
f 1266/1266/1266 1267/1267/1267 1267/1267/1267 
f 1267/1267/1267 1268/1268/1268 1267/1267/1267 
f 1267/1267/1267 1268/1268/1268 1268/1268/1268 
f 1268/1268/1268 1269/1269/1269 1268/1268/1268 
f 1268/1268/1268 1269/1269/1269 1270/1270/1270 
f 1269/1269/1269 1271/1271/1271 1270/1270/1270 
f 1270/1270/1270 1271/1271/1271 1271/1271/1271 
f 1271/1271/1271 1272/1272/1272 1271/1271/1271 
f 1271/1271/1271 1272/1272/1272 1272/1272/1272 
f 1272/1272/1272 1273/1273/1273 1272/1272/1272 
f 1272/1272/1272 1273/1273/1273 1274/1274/1274 
f 1273/1273/1273 1275/1275/1275 1274/1274/1274 
f 1274/1274/1274 1275/1275/1275 1275/1275/1275 
f 1275/1275/1275 1276/1276/1276 1275/1275/1275 
f 1275/1275/1275 1276/1276/1276 1276/1276/1276 
f 1276/1276/1276 1277/1277/1277 1276/1276/1276 
f 1276/1276/1276 1277/1277/1277 1278/1278/1278 
f 1277/1277/1277 1279/1279/1279 1278/1278/1278 
f 1278/1278/1278 1279/1279/1279 1279/1279/1279 
f 1279/1279/1279 1280/1280/1280 1279/1279/1279 
f 1279/1279/1279 1280/1280/1280 1280/1280/1280 
f 1280/1280/1280 1281/1281/1281 1280/1280/1280 
f 1280/1280/1280 1281/1281/1281 1282/1282/1282 
f 1281/1281/1281 1283/1283/1283 1282/1282/1282 
f 1282/1282/1282 1283/1283/1283 1283/1283/1283 
f 1283/1283/1283 1284/1284/1284 1283/1283/1283 
f 1283/1283/1283 1284/1284/1284 1284/1284/1284 
f 1284/1284/1284 1285/1285/1285 1284/1284/1284 
f 1284/1284/1284 1285/1285/1285 1286/1286/1286 
f 1285/1285/1285 1287/1287/1287 1286/1286/1286 
f 1286/1286/1286 1287/1287/1287 1287/1287/1287 
f 1287/1287/1287 1288/1288/1288 1287/1287/1287 
f 1287/1287/1287 1288/1288/1288 1288/1288/1288 
f 1288/1288/1288 1289/1289/1289 1288/1288/1288 
f 1288/1288/1288 1289/1289/1289 1290/1290/1290 
f 1289/1289/1289 1291/1291/1291 1290/1290/1290 
f 1290/1290/1290 1291/1291/1291 1291/1291/1291 
f 1291/1291/1291 1292/1292/1292 1291/1291/1291 
f 1291/1291/1291 1292/1292/1292 1292/1292/1292 
f 1292/1292/1292 1293/1293/1293 1292/1292/1292 
f 1292/1292/1292 1293/1293/1293 1294/1294/1294 
f 1293/1293/1293 1295/1295/1295 1294/1294/1294 
f 1294/1294/1294 1295/1295/1295 1295/1295/1295 
f 1295/1295/1295 1296/1296/1296 1295/1295/1295 
f 1295/1295/1295 1296/1296/1296 1296/1296/1296 
f 1296/1296/1296 1297/1297/1297 1296/1296/1296 
f 1296/1296/1296 1297/1297/1297 1298/1298/1298 
f 1297/1297/1297 1299/1299/1299 1298/1298/1298 
f 1298/1298/1298 1299/1299/1299 1299/1299/1299 
f 1299/1299/1299 1300/1300/1300 1299/1299/1299 
f 1299/1299/1299 1300/1300/1300 1300/1300/1300 
f 1300/1300/1300 1301/1301/1301 1300/1300/1300 
f 1300/1300/1300 1301/1301/1301 1302/1302/1302 
f 1301/1301/1301 1303/1303/1303 1302/1302/1302 
f 1302/1302/1302 1303/1303/1303 1303/1303/1303 
f 1303/1303/1303 1304/1304/1304 1303/1303/1303 
f 1303/1303/1303 1304/1304/1304 1304/1304/1304 
f 1304/1304/1304 1305/1305/1305 1304/1304/1304 
f 1304/1304/1304 1305/1305/1305 1306/1306/1306 
f 1305/1305/1305 1307/1307/1307 1306/1306/1306 
f 1306/1306/1306 1307/1307/1307 1307/1307/1307 
f 1307/1307/1307 1308/1308/1308 1307/1307/1307 
f 1307/1307/1307 1308/1308/1308 1308/1308/1308 
f 1308/1308/1308 1309/1309/1309 1308/1308/1308 
f 1308/1308/1308 1309/1309/1309 1310/1310/1310 
f 1309/1309/1309 1311/1311/1311 1310/1310/1310 
f 1310/1310/1310 1311/1311/1311 1311/1311/1311 
f 1311/1311/1311 1312/1312/1312 1311/1311/1311 
f 1311/1311/1311 1312/1312/1312 1312/1312/1312 
f 1312/1312/1312 1313/1313/1313 1312/1312/1312 
f 1312/1312/1312 1313/1313/1313 1314/1314/1314 
f 1313/1313/1313 1315/1315/1315 1314/1314/1314 
f 1314/1314/1314 1315/1315/1315 1315/1315/1315 
f 1315/1315/1315 1316/1316/1316 1315/1315/1315 
f 1315/1315/1315 1316/1316/1316 1316/1316/1316 
f 1316/1316/1316 1317/1317/1317 1316/1316/1316 
f 1316/1316/1316 1317/1317/1317 1318/1318/1318 
f 1317/1317/1317 1319/1319/1319 1318/1318/1318 
f 1318/1318/1318 1319/1319/1319 1319/1319/1319 
f 1319/1319/1319 1320/1320/1320 1319/1319/1319 
f 1319/1319/1319 1320/1320/1320 1320/1320/1320 
f 1320/1320/1320 1321/1321/1321 1320/1320/1320 
f 1320/1320/1320 1321/1321/1321 1322/1322/1322 
f 1321/1321/1321 1323/1323/1323 1322/1322/1322 
f 1322/1322/1322 1323/1323/1323 1323/1323/1323 
f 1323/1323/1323 1324/1324/1324 1323/1323/1323 
f 1323/1323/1323 1324/1324/1324 1324/1324/1324 
f 1324/1324/1324 1325/1325/1325 1324/1324/1324 
f 1324/1324/1324 1325/1325/1325 1326/1326/1326 
f 1325/1325/1325 1327/1327/1327 1326/1326/1326 
f 1326/1326/1326 1327/1327/1327 1327/1327/1327 
f 1327/1327/1327 1328/1328/1328 1327/1327/1327 
f 1327/1327/1327 1328/1328/1328 1328/1328/1328 
f 1328/1328/1328 1329/1329/1329 1328/1328/1328 
f 1328/1328/1328 1329/1329/1329 1330/1330/1330 
f 1329/1329/1329 1331/1331/1331 1330/1330/1330 
f 1330/1330/1330 1331/1331/1331 1331/1331/1331 
f 1331/1331/1331 1332/1332/1332 1331/1331/1331 
f 1331/1331/1331 1332/1332/1332 1332/1332/1332 
f 1332/1332/1332 1333/1333/1333 1332/1332/1332 
f 1332/1332/1332 1333/1333/1333 1334/1334/1334 
f 1333/1333/1333 1335/1335/1335 1334/1334/1334 
f 1334/1334/1334 1335/1335/1335 1335/1335/1335 
f 1335/1335/1335 1336/1336/1336 1335/1335/1335 
f 1335/1335/1335 1336/1336/1336 1336/1336/1336 
f 1336/1336/1336 1337/1337/1337 1336/1336/1336 
f 1336/1336/1336 1337/1337/1337 1338/1338/1338 
f 1337/1337/1337 1339/1339/1339 1338/1338/1338 
f 1338/1338/1338 1339/1339/1339 1339/1339/1339 
f 1339/1339/1339 1340/1340/1340 1339/1339/1339 
f 1339/1339/1339 1340/1340/1340 1340/1340/1340 
f 1340/1340/1340 1341/1341/1341 1340/1340/1340 
f 1340/1340/1340 1341/1341/1341 1342/1342/1342 
f 1341/1341/1341 1343/1343/1343 1342/1342/1342 
f 1342/1342/1342 1343/1343/1343 1343/1343/1343 
f 1343/1343/1343 1344/1344/1344 1343/1343/1343 
f 1343/1343/1343 1344/1344/1344 1344/1344/1344 
f 1344/1344/1344 1345/1345/1345 1344/1344/1344 
f 1344/1344/1344 1345/1345/1345 1346/1346/1346 
f 1345/1345/1345 1347/1347/1347 1346/1346/1346 
f 1346/1346/1346 1347/1347/1347 1347/1347/1347 
f 1347/1347/1347 1348/1348/1348 1347/1347/1347 
f 1347/1347/1347 1348/1348/1348 1348/1348/1348 
f 1348/1348/1348 1349/1349/1349 1348/1348/1348 
f 1348/1348/1348 1349/1349/1349 1350/1350/1350 
f 1349/1349/1349 1351/1351/1351 1350/1350/1350 
f 1350/1350/1350 1351/1351/1351 1351/1351/1351 
f 1351/1351/1351 1352/1352/1352 1351/1351/1351 
f 1351/1351/1351 1352/1352/1352 1352/1352/1352 
f 1352/1352/1352 1353/1353/1353 1352/1352/1352 
f 1352/1352/1352 1353/1353/1353 1354/1354/1354 
f 1353/1353/1353 1355/1355/1355 1354/1354/1354 
f 1354/1354/1354 1355/1355/1355 1355/1355/1355 
f 1355/1355/1355 1356/1356/1356 1355/1355/1355 
f 1355/1355/1355 1356/1356/1356 1356/1356/1356 
f 1356/1356/1356 1357/1357/1357 1356/1356/1356 
f 1356/1356/1356 1357/1357/1357 1358/1358/1358 
f 1357/1357/1357 1359/1359/1359 1358/1358/1358 
f 1358/1358/1358 1359/1359/1359 1359/1359/1359 
f 1359/1359/1359 1360/1360/1360 1359/1359/1359 
f 1359/1359/1359 1360/1360/1360 1360/1360/1360 
f 1360/1360/1360 1361/1361/1361 1360/1360/1360 
f 1360/1360/1360 1361/1361/1361 1362/1362/1362 
f 1361/1361/1361 1363/1363/1363 1362/1362/1362 
f 1362/1362/1362 1363/1363/1363 1363/1363/1363 
f 1363/1363/1363 1364/1364/1364 1363/1363/1363 
f 1363/1363/1363 1364/1364/1364 1364/1364/1364 
f 1364/1364/1364 1365/1365/1365 1364/1364/1364 
f 1364/1364/1364 1365/1365/1365 1366/1366/1366 
f 1365/1365/1365 1367/1367/1367 1366/1366/1366 
f 1366/1366/1366 1367/1367/1367 1367/1367/1367 
f 1367/1367/1367 1368/1368/1368 1367/1367/1367 
f 1367/1367/1367 1368/1368/1368 1368/1368/1368 
f 1368/1368/1368 1369/1369/1369 1368/1368/1368 
f 1368/1368/1368 1369/1369/1369 1370/1370/1370 
f 1369/1369/1369 1371/1371/1371 1370/1370/1370 
f 1370/1370/1370 1371/1371/1371 1371/1371/1371 
f 1371/1371/1371 1372/1372/1372 1371/1371/1371 
f 1371/1371/1371 1372/1372/1372 1372/1372/1372 
f 1372/1372/1372 1373/1373/1373 1372/1372/1372 
f 1372/1372/1372 1373/1373/1373 1374/1374/1374 
f 1373/1373/1373 1375/1375/1375 1374/1374/1374 
f 1374/1374/1374 1375/1375/1375 1375/1375/1375 
f 1375/1375/1375 1376/1376/1376 1375/1375/1375 
f 1375/1375/1375 1376/1376/1376 1376/1376/1376 
f 1376/1376/1376 1377/1377/1377 1376/1376/1376 
f 1376/1376/1376 1377/1377/1377 1378/1378/1378 
f 1377/1377/1377 1379/1379/1379 1378/1378/1378 
f 1378/1378/1378 1379/1379/1379 1379/1379/1379 
f 1379/1379/1379 1380/1380/1380 1379/1379/1379 
f 1379/1379/1379 1380/1380/1380 1380/1380/1380 
f 1380/1380/1380 1381/1381/1381 1380/1380/1380 
f 1380/1380/1380 1381/1381/1381 1382/1382/1382 
f 1381/1381/1381 1383/1383/1383 1382/1382/1382 
f 1382/1382/1382 1383/1383/1383 1383/1383/1383 
f 1383/1383/1383 1384/1384/1384 1383/1383/1383 
f 1383/1383/1383 1384/1384/1384 1384/1384/1384 
f 1384/1384/1384 1385/1385/1385 1384/1384/1384 
f 1384/1384/1384 1385/1385/1385 1386/1386/1386 
f 1385/1385/1385 1387/1387/1387 1386/1386/1386 
f 1386/1386/1386 1387/1387/1387 1387/1387/1387 
f 1387/1387/1387 1388/1388/1388 1387/1387/1387 
f 1387/1387/1387 1388/1388/1388 1388/1388/1388 
f 1388/1388/1388 1389/1389/1389 1388/1388/1388 
f 1388/1388/1388 1389/1389/1389 1390/1390/1390 
f 1389/1389/1389 1391/1391/1391 1390/1390/1390 
f 1390/1390/1390 1391/1391/1391 1391/1391/1391 
f 1391/1391/1391 1392/1392/1392 1391/1391/1391 
f 1391/1391/1391 1392/1392/1392 1392/1392/1392 
f 1392/1392/1392 1393/1393/1393 1392/1392/1392 
f 1392/1392/1392 1393/1393/1393 1394/1394/1394 
f 1393/1393/1393 1395/1395/1395 1394/1394/1394 
f 1394/1394/1394 1395/1395/1395 1395/1395/1395 
f 1395/1395/1395 1396/1396/1396 1395/1395/1395 
f 1395/1395/1395 1396/1396/1396 1396/1396/1396 
f 1396/1396/1396 1397/1397/1397 1396/1396/1396 
f 1396/1396/1396 1397/1397/1397 1398/1398/1398 
f 1397/1397/1397 1399/1399/1399 1398/1398/1398 
f 1398/1398/1398 1399/1399/1399 1399/1399/1399 
f 1399/1399/1399 1400/1400/1400 1399/1399/1399 
f 1399/1399/1399 1400/1400/1400 1400/1400/1400 
f 1400/1400/1400 1401/1401/1401 1400/1400/1400 
f 1400/1400/1400 1401/1401/1401 1402/1402/1402 
f 1401/1401/1401 1403/1403/1403 1402/1402/1402 
f 1402/1402/1402 1403/1403/1403 1403/1403/1403 
f 1403/1403/1403 1404/1404/1404 1403/1403/1403 
f 1403/1403/1403 1404/1404/1404 1404/1404/1404 
f 1404/1404/1404 1405/1405/1405 1404/1404/1404 
f 1404/1404/1404 1405/1405/1405 1406/1406/1406 
f 1405/1405/1405 1407/1407/1407 1406/1406/1406 
f 1406/1406/1406 1407/1407/1407 1407/1407/1407 
f 1407/1407/1407 1408/1408/1408 1407/1407/1407 
f 1407/1407/1407 1408/1408/1408 1408/1408/1408 
f 1408/1408/1408 1409/1409/1409 1408/1408/1408 
f 1408/1408/1408 1409/1409/1409 1410/1410/1410 
f 1409/1409/1409 1411/1411/1411 1410/1410/1410 
f 1410/1410/1410 1411/1411/1411 1411/1411/1411 
f 1411/1411/1411 1412/1412/1412 1411/1411/1411 
f 1411/1411/1411 1412/1412/1412 1412/1412/1412 
f 1412/1412/1412 1413/1413/1413 1412/1412/1412 
f 1412/1412/1412 1413/1413/1413 1414/1414/1414 
f 1413/1413/1413 1415/1415/1415 1414/1414/1414 
f 1414/1414/1414 1415/1415/1415 1415/1415/1415 
f 1415/1415/1415 1416/1416/1416 1415/1415/1415 
f 1415/1415/1415 1416/1416/1416 1416/1416/1416 
f 1416/1416/1416 1417/1417/1417 1416/1416/1416 
f 1416/1416/1416 1417/1417/1417 1418/1418/1418 
f 1417/1417/1417 1419/1419/1419 1418/1418/1418 
f 1418/1418/1418 1419/1419/1419 1419/1419/1419 
f 1419/1419/1419 1420/1420/1420 1419/1419/1419 
f 1419/1419/1419 1420/1420/1420 1420/1420/1420 
f 1420/1420/1420 1421/1421/1421 1420/1420/1420 
f 1420/1420/1420 1421/1421/1421 1422/1422/1422 
f 1421/1421/1421 1423/1423/1423 1422/1422/1422 
f 1422/1422/1422 1423/1423/1423 1423/1423/1423 
f 1423/1423/1423 1424/1424/1424 1423/1423/1423 
f 1423/1423/1423 1424/1424/1424 1424/1424/1424 
f 1424/1424/1424 1425/1425/1425 1424/1424/1424 
f 1424/1424/1424 1425/1425/1425 1426/1426/1426 
f 1425/1425/1425 1427/1427/1427 1426/1426/1426 
f 1426/1426/1426 1427/1427/1427 1427/1427/1427 
f 1427/1427/1427 1428/1428/1428 1427/1427/1427 
f 1427/1427/1427 1428/1428/1428 1428/1428/1428 
f 1428/1428/1428 1429/1429/1429 1428/1428/1428 
f 1428/1428/1428 1429/1429/1429 1430/1430/1430 
f 1429/1429/1429 1431/1431/1431 1430/1430/1430 
f 1430/1430/1430 1431/1431/1431 1431/1431/1431 
f 1431/1431/1431 1432/1432/1432 1431/1431/1431 
f 1431/1431/1431 1432/1432/1432 1432/1432/1432 
f 1432/1432/1432 1433/1433/1433 1432/1432/1432 
f 1432/1432/1432 1433/1433/1433 1434/1434/1434 
f 1433/1433/1433 1435/1435/1435 1434/1434/1434 
f 1434/1434/1434 1435/1435/1435 1435/1435/1435 
f 1435/1435/1435 1436/1436/1436 1435/1435/1435 
f 1435/1435/1435 1436/1436/1436 1436/1436/1436 
f 1436/1436/1436 1437/1437/1437 1436/1436/1436 
f 1436/1436/1436 1437/1437/1437 1438/1438/1438 
f 1437/1437/1437 1439/1439/1439 1438/1438/1438 
f 1438/1438/1438 1439/1439/1439 1439/1439/1439 
f 1439/1439/1439 1440/1440/1440 1439/1439/1439 
f 1439/1439/1439 1440/1440/1440 1440/1440/1440 
f 1440/1440/1440 1441/1441/1441 1440/1440/1440 
f 1440/1440/1440 1441/1441/1441 1442/1442/1442 
f 1441/1441/1441 1443/1443/1443 1442/1442/1442 
f 1442/1442/1442 1443/1443/1443 1443/1443/1443 
f 1443/1443/1443 1444/1444/1444 1443/1443/1443 
f 1443/1443/1443 1444/1444/1444 1444/1444/1444 
f 1444/1444/1444 1445/1445/1445 1444/1444/1444 
f 1444/1444/1444 1445/1445/1445 1446/1446/1446 
f 1445/1445/1445 1447/1447/1447 1446/1446/1446 
f 1446/1446/1446 1447/1447/1447 1447/1447/1447 
f 1447/1447/1447 1448/1448/1448 1447/1447/1447 
f 1447/1447/1447 1448/1448/1448 1448/1448/1448 
f 1448/1448/1448 1449/1449/1449 1448/1448/1448 
f 1448/1448/1448 1449/1449/1449 1450/1450/1450 
f 1449/1449/1449 1451/1451/1451 1450/1450/1450 
f 1450/1450/1450 1451/1451/1451 1451/1451/1451 
f 1451/1451/1451 1452/1452/1452 1451/1451/1451 
f 1451/1451/1451 1452/1452/1452 1452/1452/1452 
f 1452/1452/1452 1453/1453/1453 1452/1452/1452 
f 1452/1452/1452 1453/1453/1453 1454/1454/1454 
f 1453/1453/1453 1455/1455/1455 1454/1454/1454 
f 1454/1454/1454 1455/1455/1455 1455/1455/1455 
f 1455/1455/1455 1456/1456/1456 1455/1455/1455 
f 1455/1455/1455 1456/1456/1456 1456/1456/1456 
f 1456/1456/1456 1457/1457/1457 1456/1456/1456 
f 1456/1456/1456 1457/1457/1457 1458/1458/1458 
f 1457/1457/1457 1459/1459/1459 1458/1458/1458 
f 1458/1458/1458 1459/1459/1459 1459/1459/1459 
f 1459/1459/1459 1460/1460/1460 1459/1459/1459 
f 1459/1459/1459 1460/1460/1460 1460/1460/1460 
f 1460/1460/1460 1461/1461/1461 1460/1460/1460 
f 1460/1460/1460 1461/1461/1461 1462/1462/1462 
f 1461/1461/1461 1463/1463/1463 1462/1462/1462 
f 1462/1462/1462 1463/1463/1463 1463/1463/1463 
f 1463/1463/1463 1464/1464/1464 1463/1463/1463 
f 1463/1463/1463 1464/1464/1464 1464/1464/1464 
f 1464/1464/1464 1465/1465/1465 1464/1464/1464 
f 1464/1464/1464 1465/1465/1465 1466/1466/1466 
f 1465/1465/1465 1467/1467/1467 1466/1466/1466 
f 1466/1466/1466 1467/1467/1467 1467/1467/1467 
f 1467/1467/1467 1468/1468/1468 1467/1467/1467 
f 1467/1467/1467 1468/1468/1468 1468/1468/1468 
f 1468/1468/1468 1469/1469/1469 1468/1468/1468 
f 1468/1468/1468 1469/1469/1469 1470/1470/1470 
f 1469/1469/1469 1471/1471/1471 1470/1470/1470 
f 1470/1470/1470 1471/1471/1471 1471/1471/1471 
f 1471/1471/1471 1472/1472/1472 1471/1471/1471 
f 1471/1471/1471 1472/1472/1472 1472/1472/1472 
f 1472/1472/1472 1473/1473/1473 1472/1472/1472 
f 1472/1472/1472 1473/1473/1473 1474/1474/1474 
f 1473/1473/1473 1475/1475/1475 1474/1474/1474 
f 1474/1474/1474 1475/1475/1475 1475/1475/1475 
f 1475/1475/1475 1476/1476/1476 1475/1475/1475 
f 1475/1475/1475 1476/1476/1476 1476/1476/1476 
f 1476/1476/1476 1477/1477/1477 1476/1476/1476 
f 1476/1476/1476 1477/1477/1477 1478/1478/1478 
f 1477/1477/1477 1479/1479/1479 1478/1478/1478 
f 1478/1478/1478 1479/1479/1479 1479/1479/1479 
f 1479/1479/1479 1480/1480/1480 1479/1479/1479 
f 1479/1479/1479 1480/1480/1480 1480/1480/1480 
f 1480/1480/1480 1481/1481/1481 1480/1480/1480 
f 1480/1480/1480 1481/1481/1481 1482/1482/1482 
f 1481/1481/1481 1483/1483/1483 1482/1482/1482 
f 1482/1482/1482 1483/1483/1483 1483/1483/1483 
f 1483/1483/1483 1484/1484/1484 1483/1483/1483 
f 1483/1483/1483 1484/1484/1484 1484/1484/1484 
f 1484/1484/1484 1485/1485/1485 1484/1484/1484 
f 1484/1484/1484 1485/1485/1485 1486/1486/1486 
f 1485/1485/1485 1487/1487/1487 1486/1486/1486 
f 1486/1486/1486 1487/1487/1487 1487/1487/1487 
f 1487/1487/1487 1488/1488/1488 1487/1487/1487 
f 1487/1487/1487 1488/1488/1488 1488/1488/1488 
f 1488/1488/1488 1489/1489/1489 1488/1488/1488 
f 1488/1488/1488 1489/1489/1489 1490/1490/1490 
f 1489/1489/1489 1491/1491/1491 1490/1490/1490 
f 1490/1490/1490 1491/1491/1491 1491/1491/1491 
f 1491/1491/1491 1492/1492/1492 1491/1491/1491 
f 1491/1491/1491 1492/1492/1492 1492/1492/1492 
f 1492/1492/1492 1493/1493/1493 1492/1492/1492 
f 1492/1492/1492 1493/1493/1493 1494/1494/1494 
f 1493/1493/1493 1495/1495/1495 1494/1494/1494 
f 1494/1494/1494 1495/1495/1495 1495/1495/1495 
f 1495/1495/1495 1496/1496/1496 1495/1495/1495 
f 1495/1495/1495 1496/1496/1496 1496/1496/1496 
f 1496/1496/1496 1497/1497/1497 1496/1496/1496 
f 1496/1496/1496 1497/1497/1497 1498/1498/1498 
f 1497/1497/1497 1499/1499/1499 1498/1498/1498 
f 1498/1498/1498 1499/1499/1499 1499/1499/1499 
f 1499/1499/1499 1500/1500/1500 1499/1499/1499 
f 1499/1499/1499 1500/1500/1500 1500/1500/1500 
f 1500/1500/1500 1501/1501/1501 1500/1500/1500 
f 1500/1500/1500 1501/1501/1501 1502/1502/1502 
f 1501/1501/1501 1503/1503/1503 1502/1502/1502 
f 1502/1502/1502 1503/1503/1503 1503/1503/1503 
f 1503/1503/1503 1504/1504/1504 1503/1503/1503 
f 1503/1503/1503 1504/1504/1504 1504/1504/1504 
f 1504/1504/1504 1505/1505/1505 1504/1504/1504 
f 1504/1504/1504 1505/1505/1505 1506/1506/1506 
f 1505/1505/1505 1507/1507/1507 1506/1506/1506 
f 1506/1506/1506 1507/1507/1507 1507/1507/1507 
f 1507/1507/1507 1508/1508/1508 1507/1507/1507 
f 1507/1507/1507 1508/1508/1508 1508/1508/1508 
f 1508/1508/1508 1509/1509/1509 1508/1508/1508 
f 1508/1508/1508 1509/1509/1509 1510/1510/1510 
f 1509/1509/1509 1511/1511/1511 1510/1510/1510 
f 1510/1510/1510 1511/1511/1511 1511/1511/1511 
f 1511/1511/1511 1512/1512/1512 1511/1511/1511 
f 1511/1511/1511 1512/1512/1512 1512/1512/1512 
f 1512/1512/1512 1513/1513/1513 1512/1512/1512 
f 1512/1512/1512 1513/1513/1513 1514/1514/1514 
f 1513/1513/1513 1515/1515/1515 1514/1514/1514 
f 1514/1514/1514 1515/1515/1515 1515/1515/1515 
f 1515/1515/1515 1516/1516/1516 1515/1515/1515 
f 1515/1515/1515 1516/1516/1516 1516/1516/1516 
f 1516/1516/1516 1517/1517/1517 1516/1516/1516 
f 1516/1516/1516 1517/1517/1517 1518/1518/1518 
f 1517/1517/1517 1519/1519/1519 1518/1518/1518 
f 1518/1518/1518 1519/1519/1519 1519/1519/1519 
f 1519/1519/1519 1520/1520/1520 1519/1519/1519 
f 1519/1519/1519 1520/1520/1520 1520/1520/1520 
f 1520/1520/1520 1521/1521/1521 1520/1520/1520 
f 1520/1520/1520 1521/1521/1521 1522/1522/1522 
f 1521/1521/1521 1523/1523/1523 1522/1522/1522 
f 1522/1522/1522 1523/1523/1523 1523/1523/1523 
f 1523/1523/1523 1524/1524/1524 1523/1523/1523 
f 1523/1523/1523 1524/1524/1524 1524/1524/1524 
f 1524/1524/1524 1525/1525/1525 1524/1524/1524 
f 1524/1524/1524 1525/1525/1525 1526/1526/1526 
f 1525/1525/1525 1527/1527/1527 1526/1526/1526 
f 1526/1526/1526 1527/1527/1527 1527/1527/1527 
f 1527/1527/1527 1528/1528/1528 1527/1527/1527 
f 1527/1527/1527 1528/1528/1528 1528/1528/1528 
f 1528/1528/1528 1529/1529/1529 1528/1528/1528 
f 1528/1528/1528 1529/1529/1529 1530/1530/1530 
f 1529/1529/1529 1531/1531/1531 1530/1530/1530 
f 1530/1530/1530 1531/1531/1531 1531/1531/1531 
f 1531/1531/1531 1532/1532/1532 1531/1531/1531 
f 1531/1531/1531 1532/1532/1532 1532/1532/1532 
f 1532/1532/1532 1533/1533/1533 1532/1532/1532 
f 1532/1532/1532 1533/1533/1533 1534/1534/1534 
f 1533/1533/1533 1535/1535/1535 1534/1534/1534 
f 1534/1534/1534 1535/1535/1535 1535/1535/1535 
f 1535/1535/1535 1536/1536/1536 1535/1535/1535 
f 1535/1535/1535 1536/1536/1536 1536/1536/1536 
f 1536/1536/1536 1537/1537/1537 1536/1536/1536 
f 1536/1536/1536 1537/1537/1537 1538/1538/1538 
f 1537/1537/1537 1539/1539/1539 1538/1538/1538 
f 1538/1538/1538 1539/1539/1539 1539/1539/1539 
f 1539/1539/1539 1540/1540/1540 1539/1539/1539 
f 1539/1539/1539 1540/1540/1540 1540/1540/1540 
f 1540/1540/1540 1541/1541/1541 1540/1540/1540 
f 1540/1540/1540 1541/1541/1541 1542/1542/1542 
f 1541/1541/1541 1543/1543/1543 1542/1542/1542 
f 1542/1542/1542 1543/1543/1543 1543/1543/1543 
f 1543/1543/1543 1544/1544/1544 1543/1543/1543 
f 1543/1543/1543 1544/1544/1544 1544/1544/1544 
f 1544/1544/1544 1545/1545/1545 1544/1544/1544 
f 1544/1544/1544 1545/1545/1545 1546/1546/1546 
f 1545/1545/1545 1547/1547/1547 1546/1546/1546 
f 1546/1546/1546 1547/1547/1547 1547/1547/1547 
f 1547/1547/1547 1548/1548/1548 1547/1547/1547 
f 1547/1547/1547 1548/1548/1548 1548/1548/1548 
f 1548/1548/1548 1549/1549/1549 1548/1548/1548 
f 1548/1548/1548 1549/1549/1549 1550/1550/1550 
f 1549/1549/1549 1551/1551/1551 1550/1550/1550 
f 1550/1550/1550 1551/1551/1551 1551/1551/1551 
f 1551/1551/1551 1552/1552/1552 1551/1551/1551 
f 1551/1551/1551 1552/1552/1552 1552/1552/1552 
f 1552/1552/1552 1553/1553/1553 1552/1552/1552 
f 1552/1552/1552 1553/1553/1553 1554/1554/1554 
f 1553/1553/1553 1555/1555/1555 1554/1554/1554 
f 1554/1554/1554 1555/1555/1555 1555/1555/1555 
f 1555/1555/1555 1556/1556/1556 1555/1555/1555 
f 1555/1555/1555 1556/1556/1556 1556/1556/1556 
f 1556/1556/1556 1557/1557/1557 1556/1556/1556 
f 1556/1556/1556 1557/1557/1557 1558/1558/1558 
f 1557/1557/1557 1559/1559/1559 1558/1558/1558 
f 1558/1558/1558 1559/1559/1559 1559/1559/1559 
f 1559/1559/1559 1560/1560/1560 1559/1559/1559 
f 1559/1559/1559 1560/1560/1560 1560/1560/1560 
f 1560/1560/1560 1561/1561/1561 1560/1560/1560 
f 1560/1560/1560 1561/1561/1561 1562/1562/1562 
f 1561/1561/1561 1563/1563/1563 1562/1562/1562 
f 1562/1562/1562 1563/1563/1563 1563/1563/1563 
f 1563/1563/1563 1564/1564/1564 1563/1563/1563 
f 1563/1563/1563 1564/1564/1564 1564/1564/1564 
f 1564/1564/1564 1565/1565/1565 1564/1564/1564 
f 1564/1564/1564 1565/1565/1565 1566/1566/1566 
f 1565/1565/1565 1567/1567/1567 1566/1566/1566 
f 1566/1566/1566 1567/1567/1567 1567/1567/1567 
f 1567/1567/1567 1568/1568/1568 1567/1567/1567 
f 1567/1567/1567 1568/1568/1568 1568/1568/1568 
f 1568/1568/1568 1569/1569/1569 1568/1568/1568 
f 1568/1568/1568 1569/1569/1569 1570/1570/1570 
f 1569/1569/1569 1571/1571/1571 1570/1570/1570 
f 1570/1570/1570 1571/1571/1571 1571/1571/1571 
f 1571/1571/1571 1572/1572/1572 1571/1571/1571 
f 1571/1571/1571 1572/1572/1572 1572/1572/1572 
f 1572/1572/1572 1573/1573/1573 1572/1572/1572 
f 1572/1572/1572 1573/1573/1573 1574/1574/1574 
f 1573/1573/1573 1575/1575/1575 1574/1574/1574 
f 1574/1574/1574 1575/1575/1575 1575/1575/1575 
f 1575/1575/1575 1576/1576/1576 1575/1575/1575 
f 1575/1575/1575 1576/1576/1576 1576/1576/1576 
f 1576/1576/1576 1577/1577/1577 1576/1576/1576 
f 1576/1576/1576 1577/1577/1577 1578/1578/1578 
f 1577/1577/1577 1579/1579/1579 1578/1578/1578 
f 1578/1578/1578 1579/1579/1579 1579/1579/1579 
f 1579/1579/1579 1580/1580/1580 1579/1579/1579 
f 1579/1579/1579 1580/1580/1580 1580/1580/1580 
f 1580/1580/1580 1581/1581/1581 1580/1580/1580 
f 1580/1580/1580 1581/1581/1581 1582/1582/1582 
f 1581/1581/1581 1583/1583/1583 1582/1582/1582 
f 1582/1582/1582 1583/1583/1583 1583/1583/1583 
f 1583/1583/1583 1584/1584/1584 1583/1583/1583 
f 1583/1583/1583 1584/1584/1584 1584/1584/1584 
f 1584/1584/1584 1585/1585/1585 1584/1584/1584 
f 1584/1584/1584 1585/1585/1585 1586/1586/1586 
f 1585/1585/1585 1587/1587/1587 1586/1586/1586 
f 1586/1586/1586 1587/1587/1587 1587/1587/1587 
f 1587/1587/1587 1588/1588/1588 1587/1587/1587 
f 1587/1587/1587 1588/1588/1588 1588/1588/1588 
f 1588/1588/1588 1589/1589/1589 1588/1588/1588 
f 1588/1588/1588 1589/1589/1589 1590/1590/1590 
f 1589/1589/1589 1591/1591/1591 1590/1590/1590 
f 1590/1590/1590 1591/1591/1591 1591/1591/1591 
f 1591/1591/1591 1592/1592/1592 1591/1591/1591 
f 1591/1591/1591 1592/1592/1592 1592/1592/1592 
f 1592/1592/1592 1593/1593/1593 1592/1592/1592 
f 1592/1592/1592 1593/1593/1593 1594/1594/1594 
f 1593/1593/1593 1595/1595/1595 1594/1594/1594 
f 1594/1594/1594 1595/1595/1595 1595/1595/1595 
f 1595/1595/1595 1596/1596/1596 1595/1595/1595 
f 1595/1595/1595 1596/1596/1596 1596/1596/1596 
f 1596/1596/1596 1597/1597/1597 1596/1596/1596 
f 1596/1596/1596 1597/1597/1597 1598/1598/1598 
f 1597/1597/1597 1599/1599/1599 1598/1598/1598 
f 1598/1598/1598 1599/1599/1599 1599/1599/1599 
f 1599/1599/1599 1600/1600/1600 1599/1599/1599 
f 1599/1599/1599 1600/1600/1600 1600/1600/1600 
f 1600/1600/1600 1601/1601/1601 1600/1600/1600 
f 1600/1600/1600 1601/1601/1601 1602/1602/1602 
f 1601/1601/1601 1603/1603/1603 1602/1602/1602 
f 1602/1602/1602 1603/1603/1603 1603/1603/1603 
f 1603/1603/1603 1604/1604/1604 1603/1603/1603 
f 1603/1603/1603 1604/1604/1604 1604/1604/1604 
f 1604/1604/1604 1605/1605/1605 1604/1604/1604 
f 1604/1604/1604 1605/1605/1605 1606/1606/1606 
f 1605/1605/1605 1607/1607/1607 1606/1606/1606 
f 1606/1606/1606 1607/1607/1607 1607/1607/1607 
f 1607/1607/1607 1608/1608/1608 1607/1607/1607 
f 1607/1607/1607 1608/1608/1608 1608/1608/1608 
f 1608/1608/1608 1609/1609/1609 1608/1608/1608 
f 1608/1608/1608 1609/1609/1609 1610/1610/1610 
f 1609/1609/1609 1611/1611/1611 1610/1610/1610 
f 1610/1610/1610 1611/1611/1611 1611/1611/1611 
f 1611/1611/1611 1612/1612/1612 1611/1611/1611 
f 1611/1611/1611 1612/1612/1612 1612/1612/1612 
f 1612/1612/1612 1613/1613/1613 1612/1612/1612 
f 1612/1612/1612 1613/1613/1613 1614/1614/1614 
f 1613/1613/1613 1615/1615/1615 1614/1614/1614 
f 1614/1614/1614 1615/1615/1615 1615/1615/1615 
f 1615/1615/1615 1616/1616/1616 1615/1615/1615 
f 1615/1615/1615 1616/1616/1616 1616/1616/1616 
f 1616/1616/1616 1617/1617/1617 1616/1616/1616 
f 1616/1616/1616 1617/1617/1617 1618/1618/1618 
f 1617/1617/1617 1619/1619/1619 1618/1618/1618 
f 1618/1618/1618 1619/1619/1619 1619/1619/1619 
f 1619/1619/1619 1620/1620/1620 1619/1619/1619 
f 1619/1619/1619 1620/1620/1620 1620/1620/1620 
f 1620/1620/1620 1621/1621/1621 1620/1620/1620 
f 1620/1620/1620 1621/1621/1621 1622/1622/1622 
f 1621/1621/1621 1623/1623/1623 1622/1622/1622 
f 1622/1622/1622 1623/1623/1623 1623/1623/1623 
f 1623/1623/1623 1624/1624/1624 1623/1623/1623 
f 1623/1623/1623 1624/1624/1624 1624/1624/1624 
f 1624/1624/1624 1625/1625/1625 1624/1624/1624 
f 1624/1624/1624 1625/1625/1625 1626/1626/1626 
f 1625/1625/1625 1627/1627/1627 1626/1626/1626 
f 1626/1626/1626 1627/1627/1627 1627/1627/1627 
f 1627/1627/1627 1628/1628/1628 1627/1627/1627 
f 1627/1627/1627 1628/1628/1628 1628/1628/1628 
f 1628/1628/1628 1629/1629/1629 1628/1628/1628 
f 1628/1628/1628 1629/1629/1629 1630/1630/1630 
f 1629/1629/1629 1631/1631/1631 1630/1630/1630 
f 1630/1630/1630 1631/1631/1631 1631/1631/1631 
f 1631/1631/1631 1632/1632/1632 1631/1631/1631 
f 1631/1631/1631 1632/1632/1632 1632/1632/1632 
f 1632/1632/1632 1633/1633/1633 1632/1632/1632 
f 1632/1632/1632 1633/1633/1633 1634/1634/1634 
f 1633/1633/1633 1635/1635/1635 1634/1634/1634 
f 1634/1634/1634 1635/1635/1635 1635/1635/1635 
f 1635/1635/1635 1636/1636/1636 1635/1635/1635 
f 1635/1635/1635 1636/1636/1636 1636/1636/1636 
f 1636/1636/1636 1637/1637/1637 1636/1636/1636 
f 1636/1636/1636 1637/1637/1637 1638/1638/1638 
f 1637/1637/1637 1639/1639/1639 1638/1638/1638 
f 1638/1638/1638 1639/1639/1639 1639/1639/1639 
f 1639/1639/1639 1640/1640/1640 1639/1639/1639 
f 1639/1639/1639 1640/1640/1640 1640/1640/1640 
f 1640/1640/1640 1641/1641/1641 1640/1640/1640 
f 1640/1640/1640 1641/1641/1641 1642/1642/1642 
f 1641/1641/1641 1643/1643/1643 1642/1642/1642 
f 1642/1642/1642 1643/1643/1643 1643/1643/1643 
f 1643/1643/1643 1644/1644/1644 1643/1643/1643 
f 1643/1643/1643 1644/1644/1644 1644/1644/1644 
f 1644/1644/1644 1645/1645/1645 1644/1644/1644 
f 1644/1644/1644 1645/1645/1645 1646/1646/1646 
f 1645/1645/1645 1647/1647/1647 1646/1646/1646 
f 1646/1646/1646 1647/1647/1647 1647/1647/1647 
f 1647/1647/1647 1648/1648/1648 1647/1647/1647 
f 1647/1647/1647 1648/1648/1648 1648/1648/1648 
f 1648/1648/1648 1649/1649/1649 1648/1648/1648 
f 1648/1648/1648 1649/1649/1649 1650/1650/1650 
f 1649/1649/1649 1651/1651/1651 1650/1650/1650 
f 1650/1650/1650 1651/1651/1651 1651/1651/1651 
f 1651/1651/1651 1652/1652/1652 1651/1651/1651 
f 1651/1651/1651 1652/1652/1652 1652/1652/1652 
f 1652/1652/1652 1653/1653/1653 1652/1652/1652 
f 1652/1652/1652 1653/1653/1653 1654/1654/1654 
f 1653/1653/1653 1655/1655/1655 1654/1654/1654 
f 1654/1654/1654 1655/1655/1655 1655/1655/1655 
f 1655/1655/1655 1656/1656/1656 1655/1655/1655 
f 1655/1655/1655 1656/1656/1656 1656/1656/1656 
f 1656/1656/1656 1657/1657/1657 1656/1656/1656 
f 1656/1656/1656 1657/1657/1657 1658/1658/1658 
f 1657/1657/1657 1659/1659/1659 1658/1658/1658 
f 1658/1658/1658 1659/1659/1659 1659/1659/1659 
f 1659/1659/1659 1660/1660/1660 1659/1659/1659 
f 1659/1659/1659 1660/1660/1660 1660/1660/1660 
f 1660/1660/1660 1661/1661/1661 1660/1660/1660 
f 1660/1660/1660 1661/1661/1661 1662/1662/1662 
f 1661/1661/1661 1663/1663/1663 1662/1662/1662 
f 1662/1662/1662 1663/1663/1663 1663/1663/1663 
f 1663/1663/1663 1664/1664/1664 1663/1663/1663 
f 1663/1663/1663 1664/1664/1664 1664/1664/1664 
f 1664/1664/1664 1665/1665/1665 1664/1664/1664 
f 1664/1664/1664 1665/1665/1665 1666/1666/1666 
f 1665/1665/1665 1667/1667/1667 1666/1666/1666 
f 1666/1666/1666 1667/1667/1667 1667/1667/1667 
f 1667/1667/1667 1668/1668/1668 1667/1667/1667 
f 1667/1667/1667 1668/1668/1668 1668/1668/1668 
f 1668/1668/1668 1669/1669/1669 1668/1668/1668 
f 1668/1668/1668 1669/1669/1669 1670/1670/1670 
f 1669/1669/1669 1671/1671/1671 1670/1670/1670 
f 1670/1670/1670 1671/1671/1671 1671/1671/1671 
f 1671/1671/1671 1672/1672/1672 1671/1671/1671 
f 1671/1671/1671 1672/1672/1672 1672/1672/1672 
f 1672/1672/1672 1673/1673/1673 1672/1672/1672 
f 1672/1672/1672 1673/1673/1673 1674/1674/1674 
f 1673/1673/1673 1675/1675/1675 1674/1674/1674 
f 1674/1674/1674 1675/1675/1675 1675/1675/1675 
f 1675/1675/1675 1676/1676/1676 1675/1675/1675 
f 1675/1675/1675 1676/1676/1676 1676/1676/1676 
f 1676/1676/1676 1677/1677/1677 1676/1676/1676 
f 1676/1676/1676 1677/1677/1677 1678/1678/1678 
f 1677/1677/1677 1679/1679/1679 1678/1678/1678 
f 1678/1678/1678 1679/1679/1679 1679/1679/1679 
f 1679/1679/1679 1680/1680/1680 1679/1679/1679 
f 1679/1679/1679 1680/1680/1680 1680/1680/1680 
f 1680/1680/1680 1681/1681/1681 1680/1680/1680 
f 1680/1680/1680 1681/1681/1681 1682/1682/1682 
f 1681/1681/1681 1683/1683/1683 1682/1682/1682 
f 1682/1682/1682 1683/1683/1683 1683/1683/1683 
f 1683/1683/1683 1684/1684/1684 1683/1683/1683 
f 1683/1683/1683 1684/1684/1684 1684/1684/1684 
f 1684/1684/1684 1685/1685/1685 1684/1684/1684 
f 1684/1684/1684 1685/1685/1685 1686/1686/1686 
f 1685/1685/1685 1687/1687/1687 1686/1686/1686 
f 1686/1686/1686 1687/1687/1687 1687/1687/1687 
f 1687/1687/1687 1688/1688/1688 1687/1687/1687 
f 1687/1687/1687 1688/1688/1688 1688/1688/1688 
f 1688/1688/1688 1689/1689/1689 1688/1688/1688 
f 1688/1688/1688 1689/1689/1689 1690/1690/1690 
f 1689/1689/1689 1691/1691/1691 1690/1690/1690 
f 1690/1690/1690 1691/1691/1691 1691/1691/1691 
f 1691/1691/1691 1692/1692/1692 1691/1691/1691 
f 1691/1691/1691 1692/1692/1692 1692/1692/1692 
f 1692/1692/1692 1693/1693/1693 1692/1692/1692 
f 1692/1692/1692 1693/1693/1693 1694/1694/1694 
f 1693/1693/1693 1695/1695/1695 1694/1694/1694 
f 1694/1694/1694 1695/1695/1695 1695/1695/1695 
f 1695/1695/1695 1696/1696/1696 1695/1695/1695 
f 1695/1695/1695 1696/1696/1696 1696/1696/1696 
f 1696/1696/1696 1697/1697/1697 1696/1696/1696 
f 1696/1696/1696 1697/1697/1697 1698/1698/1698 
f 1697/1697/1697 1699/1699/1699 1698/1698/1698 
f 1698/1698/1698 1699/1699/1699 1699/1699/1699 
f 1699/1699/1699 1700/1700/1700 1699/1699/1699 
f 1699/1699/1699 1700/1700/1700 1700/1700/1700 
f 1700/1700/1700 1701/1701/1701 1700/1700/1700 
f 1700/1700/1700 1701/1701/1701 1702/1702/1702 
f 1701/1701/1701 1703/1703/1703 1702/1702/1702 
f 1702/1702/1702 1703/1703/1703 1703/1703/1703 
f 1703/1703/1703 1704/1704/1704 1703/1703/1703 
f 1703/1703/1703 1704/1704/1704 1704/1704/1704 
f 1704/1704/1704 1705/1705/1705 1704/1704/1704 
f 1704/1704/1704 1705/1705/1705 1706/1706/1706 
f 1705/1705/1705 1707/1707/1707 1706/1706/1706 
f 1706/1706/1706 1707/1707/1707 1707/1707/1707 
f 1707/1707/1707 1708/1708/1708 1707/1707/1707 
f 1707/1707/1707 1708/1708/1708 1708/1708/1708 
f 1708/1708/1708 1709/1709/1709 1708/1708/1708 
f 1708/1708/1708 1709/1709/1709 1710/1710/1710 
f 1709/1709/1709 1711/1711/1711 1710/1710/1710 
f 1710/1710/1710 1711/1711/1711 1711/1711/1711 
f 1711/1711/1711 1712/1712/1712 1711/1711/1711 
f 1711/1711/1711 1712/1712/1712 1712/1712/1712 
f 1712/1712/1712 1713/1713/1713 1712/1712/1712 
f 1712/1712/1712 1713/1713/1713 1714/1714/1714 
f 1713/1713/1713 1715/1715/1715 1714/1714/1714 
f 1714/1714/1714 1715/1715/1715 1715/1715/1715 
f 1715/1715/1715 1716/1716/1716 1715/1715/1715 
f 1715/1715/1715 1716/1716/1716 1716/1716/1716 
f 1716/1716/1716 1717/1717/1717 1716/1716/1716 
f 1716/1716/1716 1717/1717/1717 1718/1718/1718 
f 1717/1717/1717 1719/1719/1719 1718/1718/1718 
f 1718/1718/1718 1719/1719/1719 1719/1719/1719 
f 1719/1719/1719 1720/1720/1720 1719/1719/1719 
f 1719/1719/1719 1720/1720/1720 1720/1720/1720 
f 1720/1720/1720 1721/1721/1721 1720/1720/1720 
f 1720/1720/1720 1721/1721/1721 1722/1722/1722 
f 1721/1721/1721 1723/1723/1723 1722/1722/1722 
f 1722/1722/1722 1723/1723/1723 1723/1723/1723 
f 1723/1723/1723 1724/1724/1724 1723/1723/1723 
f 1723/1723/1723 1724/1724/1724 1724/1724/1724 
f 1724/1724/1724 1725/1725/1725 1724/1724/1724 
f 1724/1724/1724 1725/1725/1725 1726/1726/1726 
f 1725/1725/1725 1727/1727/1727 1726/1726/1726 
f 1726/1726/1726 1727/1727/1727 1727/1727/1727 
f 1727/1727/1727 1728/1728/1728 1727/1727/1727 
f 1727/1727/1727 1728/1728/1728 1728/1728/1728 
f 1728/1728/1728 1729/1729/1729 1728/1728/1728 
f 1728/1728/1728 1729/1729/1729 1730/1730/1730 
f 1729/1729/1729 1731/1731/1731 1730/1730/1730 
f 1730/1730/1730 1731/1731/1731 1731/1731/1731 
f 1731/1731/1731 1732/1732/1732 1731/1731/1731 
f 1731/1731/1731 1732/1732/1732 1732/1732/1732 
f 1732/1732/1732 1733/1733/1733 1732/1732/1732 
f 1732/1732/1732 1733/1733/1733 1734/1734/1734 
f 1733/1733/1733 1735/1735/1735 1734/1734/1734 
f 1734/1734/1734 1735/1735/1735 1735/1735/1735 
f 1735/1735/1735 1736/1736/1736 1735/1735/1735 
f 1735/1735/1735 1736/1736/1736 1736/1736/1736 
f 1736/1736/1736 1737/1737/1737 1736/1736/1736 
f 1736/1736/1736 1737/1737/1737 1738/1738/1738 
f 1737/1737/1737 1739/1739/1739 1738/1738/1738 
f 1738/1738/1738 1739/1739/1739 1739/1739/1739 
f 1739/1739/1739 1740/1740/1740 1739/1739/1739 
f 1739/1739/1739 1740/1740/1740 1740/1740/1740 
f 1740/1740/1740 1741/1741/1741 1740/1740/1740 
f 1740/1740/1740 1741/1741/1741 1742/1742/1742 
f 1741/1741/1741 1743/1743/1743 1742/1742/1742 
f 1742/1742/1742 1743/1743/1743 1743/1743/1743 
f 1743/1743/1743 1744/1744/1744 1743/1743/1743 
f 1743/1743/1743 1744/1744/1744 1744/1744/1744 
f 1744/1744/1744 1745/1745/1745 1744/1744/1744 
f 1744/1744/1744 1745/1745/1745 1746/1746/1746 
f 1745/1745/1745 1747/1747/1747 1746/1746/1746 
f 1746/1746/1746 1747/1747/1747 1747/1747/1747 
f 1747/1747/1747 1748/1748/1748 1747/1747/1747 
f 1747/1747/1747 1748/1748/1748 1748/1748/1748 
f 1748/1748/1748 1749/1749/1749 1748/1748/1748 
f 1748/1748/1748 1749/1749/1749 1750/1750/1750 
f 1749/1749/1749 1751/1751/1751 1750/1750/1750 
f 1750/1750/1750 1751/1751/1751 1751/1751/1751 
f 1751/1751/1751 1752/1752/1752 1751/1751/1751 
f 1751/1751/1751 1752/1752/1752 1752/1752/1752 
f 1752/1752/1752 1753/1753/1753 1752/1752/1752 
f 1752/1752/1752 1753/1753/1753 1754/1754/1754 
f 1753/1753/1753 1755/1755/1755 1754/1754/1754 
f 1754/1754/1754 1755/1755/1755 1755/1755/1755 
f 1755/1755/1755 1756/1756/1756 1755/1755/1755 
f 1755/1755/1755 1756/1756/1756 1756/1756/1756 
f 1756/1756/1756 1757/1757/1757 1756/1756/1756 
f 1756/1756/1756 1757/1757/1757 1758/1758/1758 
f 1757/1757/1757 1759/1759/1759 1758/1758/1758 
f 1758/1758/1758 1759/1759/1759 1759/1759/1759 
f 1759/1759/1759 1760/1760/1760 1759/1759/1759 
f 1759/1759/1759 1760/1760/1760 1760/1760/1760 
f 1760/1760/1760 1761/1761/1761 1760/1760/1760 
f 1760/1760/1760 1761/1761/1761 1762/1762/1762 
f 1761/1761/1761 1763/1763/1763 1762/1762/1762 
f 1762/1762/1762 1763/1763/1763 1763/1763/1763 
f 1763/1763/1763 1764/1764/1764 1763/1763/1763 
f 1763/1763/1763 1764/1764/1764 1764/1764/1764 
f 1764/1764/1764 1765/1765/1765 1764/1764/1764 
f 1764/1764/1764 1765/1765/1765 1766/1766/1766 
f 1765/1765/1765 1767/1767/1767 1766/1766/1766 
f 1766/1766/1766 1767/1767/1767 1767/1767/1767 
f 1767/1767/1767 1768/1768/1768 1767/1767/1767 
f 1767/1767/1767 1768/1768/1768 1768/1768/1768 
f 1768/1768/1768 1769/1769/1769 1768/1768/1768 
f 1768/1768/1768 1769/1769/1769 1770/1770/1770 
f 1769/1769/1769 1771/1771/1771 1770/1770/1770 
f 1770/1770/1770 1771/1771/1771 1771/1771/1771 
f 1771/1771/1771 1772/1772/1772 1771/1771/1771 
f 1771/1771/1771 1772/1772/1772 1772/1772/1772 
f 1772/1772/1772 1773/1773/1773 1772/1772/1772 
f 1772/1772/1772 1773/1773/1773 1774/1774/1774 
f 1773/1773/1773 1775/1775/1775 1774/1774/1774 
f 1774/1774/1774 1775/1775/1775 1775/1775/1775 
f 1775/1775/1775 1776/1776/1776 1775/1775/1775 
f 1775/1775/1775 1776/1776/1776 1776/1776/1776 
f 1776/1776/1776 1777/1777/1777 1776/1776/1776 
f 1776/1776/1776 1777/1777/1777 1778/1778/1778 
f 1777/1777/1777 1779/1779/1779 1778/1778/1778 
f 1778/1778/1778 1779/1779/1779 1779/1779/1779 
f 1779/1779/1779 1780/1780/1780 1779/1779/1779 
f 1779/1779/1779 1780/1780/1780 1780/1780/1780 
f 1780/1780/1780 1781/1781/1781 1780/1780/1780 
f 1780/1780/1780 1781/1781/1781 1782/1782/1782 
f 1781/1781/1781 1783/1783/1783 1782/1782/1782 
f 1782/1782/1782 1783/1783/1783 1783/1783/1783 
f 1783/1783/1783 1784/1784/1784 1783/1783/1783 
f 1783/1783/1783 1784/1784/1784 1784/1784/1784 
f 1784/1784/1784 1785/1785/1785 1784/1784/1784 
f 1784/1784/1784 1785/1785/1785 1786/1786/1786 
f 1785/1785/1785 1787/1787/1787 1786/1786/1786 
f 1786/1786/1786 1787/1787/1787 1787/1787/1787 
f 1787/1787/1787 1788/1788/1788 1787/1787/1787 
f 1787/1787/1787 1788/1788/1788 1788/1788/1788 
f 1788/1788/1788 1789/1789/1789 1788/1788/1788 
f 1788/1788/1788 1789/1789/1789 1790/1790/1790 
f 1789/1789/1789 1791/1791/1791 1790/1790/1790 
f 1790/1790/1790 1791/1791/1791 1791/1791/1791 
f 1791/1791/1791 1792/1792/1792 1791/1791/1791 
f 1791/1791/1791 1792/1792/1792 1792/1792/1792 
f 1792/1792/1792 1793/1793/1793 1792/1792/1792 
f 1792/1792/1792 1793/1793/1793 1794/1794/1794 
f 1793/1793/1793 1795/1795/1795 1794/1794/1794 
f 1794/1794/1794 1795/1795/1795 1795/1795/1795 
f 1795/1795/1795 1796/1796/1796 1795/1795/1795 
f 1795/1795/1795 1796/1796/1796 1796/1796/1796 
f 1796/1796/1796 1797/1797/1797 1796/1796/1796 
f 1796/1796/1796 1797/1797/1797 1798/1798/1798 
f 1797/1797/1797 1799/1799/1799 1798/1798/1798 
f 1798/1798/1798 1799/1799/1799 1799/1799/1799 
f 1799/1799/1799 1800/1800/1800 1799/1799/1799 
f 1799/1799/1799 1800/1800/1800 1800/1800/1800 
f 1800/1800/1800 1801/1801/1801 1800/1800/1800 
f 1800/1800/1800 1801/1801/1801 1802/1802/1802 
f 1801/1801/1801 1803/1803/1803 1802/1802/1802 
f 1802/1802/1802 1803/1803/1803 1803/1803/1803 
f 1803/1803/1803 1804/1804/1804 1803/1803/1803 
f 1803/1803/1803 1804/1804/1804 1804/1804/1804 
f 1804/1804/1804 1805/1805/1805 1804/1804/1804 
f 1804/1804/1804 1805/1805/1805 1806/1806/1806 
f 1805/1805/1805 1807/1807/1807 1806/1806/1806 
f 1806/1806/1806 1807/1807/1807 1807/1807/1807 
f 1807/1807/1807 1808/1808/1808 1807/1807/1807 
f 1807/1807/1807 1808/1808/1808 1808/1808/1808 
f 1808/1808/1808 1809/1809/1809 1808/1808/1808 
f 1808/1808/1808 1809/1809/1809 1810/1810/1810 
f 1809/1809/1809 1811/1811/1811 1810/1810/1810 
f 1810/1810/1810 1811/1811/1811 1811/1811/1811 
f 1811/1811/1811 1812/1812/1812 1811/1811/1811 
f 1811/1811/1811 1812/1812/1812 1812/1812/1812 
f 1812/1812/1812 1813/1813/1813 1812/1812/1812 
f 1812/1812/1812 1813/1813/1813 1814/1814/1814 
f 1813/1813/1813 1815/1815/1815 1814/1814/1814 
f 1814/1814/1814 1815/1815/1815 1815/1815/1815 
f 1815/1815/1815 1816/1816/1816 1815/1815/1815 
f 1815/1815/1815 1816/1816/1816 1816/1816/1816 
f 1816/1816/1816 1817/1817/1817 1816/1816/1816 
f 1816/1816/1816 1817/1817/1817 1818/1818/1818 
f 1817/1817/1817 1819/1819/1819 1818/1818/1818 
f 1818/1818/1818 1819/1819/1819 1819/1819/1819 
f 1819/1819/1819 1820/1820/1820 1819/1819/1819 
f 1819/1819/1819 1820/1820/1820 1820/1820/1820 
f 1820/1820/1820 1821/1821/1821 1820/1820/1820 
f 1820/1820/1820 1821/1821/1821 1822/1822/1822 
f 1821/1821/1821 1823/1823/1823 1822/1822/1822 
f 1822/1822/1822 1823/1823/1823 1823/1823/1823 
f 1823/1823/1823 1824/1824/1824 1823/1823/1823 
f 1823/1823/1823 1824/1824/1824 1824/1824/1824 
f 1824/1824/1824 1825/1825/1825 1824/1824/1824 
f 1824/1824/1824 1825/1825/1825 1826/1826/1826 
f 1825/1825/1825 1827/1827/1827 1826/1826/1826 
f 1826/1826/1826 1827/1827/1827 1827/1827/1827 
f 1827/1827/1827 1828/1828/1828 1827/1827/1827 
f 1827/1827/1827 1828/1828/1828 1828/1828/1828 
f 1828/1828/1828 1829/1829/1829 1828/1828/1828 
f 1828/1828/1828 1829/1829/1829 1830/1830/1830 
f 1829/1829/1829 1831/1831/1831 1830/1830/1830 
f 1830/1830/1830 1831/1831/1831 1831/1831/1831 
f 1831/1831/1831 1832/1832/1832 1831/1831/1831 
f 1831/1831/1831 1832/1832/1832 1832/1832/1832 
f 1832/1832/1832 1833/1833/1833 1832/1832/1832 
f 1832/1832/1832 1833/1833/1833 1834/1834/1834 
f 1833/1833/1833 1835/1835/1835 1834/1834/1834 
f 1834/1834/1834 1835/1835/1835 1835/1835/1835 
f 1835/1835/1835 1836/1836/1836 1835/1835/1835 
f 1835/1835/1835 1836/1836/1836 1836/1836/1836 
f 1836/1836/1836 1837/1837/1837 1836/1836/1836 
f 1836/1836/1836 1837/1837/1837 1838/1838/1838 
f 1837/1837/1837 1839/1839/1839 1838/1838/1838 
f 1838/1838/1838 1839/1839/1839 1839/1839/1839 
f 1839/1839/1839 1840/1840/1840 1839/1839/1839 
f 1839/1839/1839 1840/1840/1840 1840/1840/1840 
f 1840/1840/1840 1841/1841/1841 1840/1840/1840 
f 1840/1840/1840 1841/1841/1841 1842/1842/1842 
f 1841/1841/1841 1843/1843/1843 1842/1842/1842 
f 1842/1842/1842 1843/1843/1843 1843/1843/1843 
f 1843/1843/1843 1844/1844/1844 1843/1843/1843 
f 1843/1843/1843 1844/1844/1844 1844/1844/1844 
f 1844/1844/1844 1845/1845/1845 1844/1844/1844 
f 1844/1844/1844 1845/1845/1845 1846/1846/1846 
f 1845/1845/1845 1847/1847/1847 1846/1846/1846 
f 1846/1846/1846 1847/1847/1847 1847/1847/1847 
f 1847/1847/1847 1848/1848/1848 1847/1847/1847 
f 1847/1847/1847 1848/1848/1848 1848/1848/1848 
f 1848/1848/1848 1849/1849/1849 1848/1848/1848 
f 1848/1848/1848 1849/1849/1849 1850/1850/1850 
f 1849/1849/1849 1851/1851/1851 1850/1850/1850 
f 1850/1850/1850 1851/1851/1851 1851/1851/1851 
f 1851/1851/1851 1852/1852/1852 1851/1851/1851 
f 1851/1851/1851 1852/1852/1852 1852/1852/1852 
f 1852/1852/1852 1853/1853/1853 1852/1852/1852 
f 1852/1852/1852 1853/1853/1853 1854/1854/1854 
f 1853/1853/1853 1855/1855/1855 1854/1854/1854 
f 1854/1854/1854 1855/1855/1855 1855/1855/1855 
f 1855/1855/1855 1856/1856/1856 1855/1855/1855 
f 1855/1855/1855 1856/1856/1856 1856/1856/1856 
f 1856/1856/1856 1857/1857/1857 1856/1856/1856 
f 1856/1856/1856 1857/1857/1857 1858/1858/1858 
f 1857/1857/1857 1859/1859/1859 1858/1858/1858 
f 1858/1858/1858 1859/1859/1859 1859/1859/1859 
f 1859/1859/1859 1860/1860/1860 1859/1859/1859 
f 1859/1859/1859 1860/1860/1860 1860/1860/1860 
f 1860/1860/1860 1861/1861/1861 1860/1860/1860 
f 1860/1860/1860 1861/1861/1861 1862/1862/1862 
f 1861/1861/1861 1863/1863/1863 1862/1862/1862 
f 1862/1862/1862 1863/1863/1863 1863/1863/1863 
f 1863/1863/1863 1864/1864/1864 1863/1863/1863 
f 1863/1863/1863 1864/1864/1864 1864/1864/1864 
f 1864/1864/1864 1865/1865/1865 1864/1864/1864 
f 1864/1864/1864 1865/1865/1865 1866/1866/1866 
f 1865/1865/1865 1865/1865/1865 1866/1866/1866 
f 1866/1866/1866 1865/1865/1865 1867/1867/1867 
f 1865/1865/1865 1868/1868/1868 1867/1867/1867 
f 1867/1867/1867 1868/1868/1868 1869/1869/1869 
f 1868/1868/1868 1870/1870/1870 1869/1869/1869 
f 1869/1869/1869 1870/1870/1870 1871/1871/1871 
f 1870/1870/1870 1872/1872/1872 1871/1871/1871 
f 1871/1871/1871 1872/1872/1872 1873/1873/1873 
f 1872/1872/1872 1874/1874/1874 1873/1873/1873 
f 1873/1873/1873 1874/1874/1874 1875/1875/1875 
f 1874/1874/1874 1876/1876/1876 1875/1875/1875 
f 1875/1875/1875 1876/1876/1876 1877/1877/1877 
f 1876/1876/1876 1878/1878/1878 1877/1877/1877 
f 1877/1877/1877 1878/1878/1878 1879/1879/1879 
f 1878/1878/1878 1879/1879/1879 1879/1879/1879 
f 1879/1879/1879 1879/1879/1879 1880/1880/1880 
f 1879/1879/1879 1880/1880/1880 1880/1880/1880 
f 1880/1880/1880 1880/1880/1880 1880/1880/1880 
f 1880/1880/1880 1881/1881/1881 1880/1880/1880 
f 1880/1880/1880 1881/1881/1881 1882/1882/1882 
f 1881/1881/1881 1883/1883/1883 1882/1882/1882 
f 1882/1882/1882 1883/1883/1883 1884/1884/1884 
f 1883/1883/1883 1883/1883/1883 1884/1884/1884 
f 1884/1884/1884 1883/1883/1883 1885/1885/1885 
f 1883/1883/1883 1883/1883/1883 1885/1885/1885 
f 1885/1885/1885 1883/1883/1883 1886/1886/1886 
f 1883/1883/1883 1887/1887/1887 1886/1886/1886 
f 1886/1886/1886 1887/1887/1887 1886/1886/1886 
f 1887/1887/1887 1888/1888/1888 1886/1886/1886 
f 1886/1886/1886 1888/1888/1888 1889/1889/1889 
f 1888/1888/1888 1890/1890/1890 1889/1889/1889 
f 1889/1889/1889 1890/1890/1890 1891/1891/1891 
f 1890/1890/1890 1891/1891/1891 1891/1891/1891 
f 1891/1891/1891 1891/1891/1891 1883/1883/1883 
f 1891/1891/1891 1883/1883/1883 1883/1883/1883 
f 1883/1883/1883 1883/1883/1883 1887/1887/1887 
f 1883/1883/1883 1881/1881/1881 1887/1887/1887 
f 1887/1887/1887 1881/1881/1881 1881/1881/1881 
f 1881/1881/1881 1884/1884/1884 1881/1881/1881 
f 1881/1881/1881 1884/1884/1884 1884/1884/1884 
f 1884/1884/1884 1885/1885/1885 1884/1884/1884 
f 1884/1884/1884 1885/1885/1885 1892/1892/1892 
f 1885/1885/1885 1893/1893/1893 1892/1892/1892 
f 1892/1892/1892 1893/1893/1893 1894/1894/1894 
f 1893/1893/1893 1895/1895/1895 1894/1894/1894 
f 1894/1894/1894 1895/1895/1895 1896/1896/1896 
f 1895/1895/1895 1897/1897/1897 1896/1896/1896 
f 1896/1896/1896 1897/1897/1897 1898/1898/1898 
f 1897/1897/1897 1899/1899/1899 1898/1898/1898 
f 1898/1898/1898 1899/1899/1899 1900/1900/1900 
f 1899/1899/1899 1901/1901/1901 1900/1900/1900 
f 1900/1900/1900 1901/1901/1901 1902/1902/1902 
f 1901/1901/1901 1903/1903/1903 1902/1902/1902 
f 1902/1902/1902 1903/1903/1903 1904/1904/1904 
f 1903/1903/1903 1903/1903/1903 1904/1904/1904 
f 1904/1904/1904 1903/1903/1903 1905/1905/1905 
f 1903/1903/1903 1906/1906/1906 1905/1905/1905 
f 1905/1905/1905 1906/1906/1906 1907/1907/1907 
f 1906/1906/1906 1907/1907/1907 1907/1907/1907 
f 1907/1907/1907 1907/1907/1907 1906/1906/1906 
f 1907/1907/1907 1906/1906/1906 1906/1906/1906 
f 1906/1906/1906 1906/1906/1906 1908/1908/1908 
f 1906/1906/1906 1903/1903/1903 1908/1908/1908 
f 1908/1908/1908 1903/1903/1903 1908/1908/1908 
f 1903/1903/1903 1901/1901/1901 1908/1908/1908 
f 1908/1908/1908 1901/1901/1901 1909/1909/1909 
f 1901/1901/1901 1899/1899/1899 1909/1909/1909 
f 1909/1909/1909 1899/1899/1899 1910/1910/1910 
f 1899/1899/1899 1897/1897/1897 1910/1910/1910 
f 1910/1910/1910 1897/1897/1897 1911/1911/1911 
f 1897/1897/1897 1895/1895/1895 1911/1911/1911 
f 1911/1911/1911 1895/1895/1895 1912/1912/1912 
f 1895/1895/1895 1893/1893/1893 1912/1912/1912 
f 1912/1912/1912 1893/1893/1893 1913/1913/1913 
f 1893/1893/1893 1885/1885/1885 1913/1913/1913 
f 1913/1913/1913 1885/1885/1885 1913/1913/1913 
f 1885/1885/1885 1886/1886/1886 1913/1913/1913 
f 1913/1913/1913 1886/1886/1886 1913/1913/1913 
f 1886/1886/1886 1889/1889/1889 1913/1913/1913 
f 1913/1913/1913 1889/1889/1889 1914/1914/1914 
f 1889/1889/1889 1891/1891/1891 1914/1914/1914 
f 1914/1914/1914 1891/1891/1891 1914/1914/1914 
f 1891/1891/1891 1915/1915/1915 1914/1914/1914 
f 1914/1914/1914 1915/1915/1915 1914/1914/1914 
f 1915/1915/1915 1916/1916/1916 1914/1914/1914 
f 1914/1914/1914 1916/1916/1916 1914/1914/1914 
f 1916/1916/1916 1917/1917/1917 1914/1914/1914 
f 1914/1914/1914 1917/1917/1917 1912/1912/1912 
f 1917/1917/1917 1917/1917/1917 1912/1912/1912 
f 1912/1912/1912 1917/1917/1917 1911/1911/1911 
f 1917/1917/1917 1918/1918/1918 1911/1911/1911 
f 1911/1911/1911 1918/1918/1918 1910/1910/1910 
f 1918/1918/1918 1919/1919/1919 1910/1910/1910 
f 1910/1910/1910 1919/1919/1919 1909/1909/1909 
f 1919/1919/1919 1920/1920/1920 1909/1909/1909 
f 1909/1909/1909 1920/1920/1920 1908/1908/1908 
f 1920/1920/1920 1921/1921/1921 1908/1908/1908 
f 1908/1908/1908 1921/1921/1921 1906/1906/1906 
f 1921/1921/1921 1922/1922/1922 1906/1906/1906 
f 1906/1906/1906 1922/1922/1922 1907/1907/1907 
f 1922/1922/1922 1922/1922/1922 1907/1907/1907 
f 1907/1907/1907 1922/1922/1922 1923/1923/1923 
f 1922/1922/1922 1924/1924/1924 1923/1923/1923 
f 1923/1923/1923 1924/1924/1924 1925/1925/1925 
f 1924/1924/1924 1925/1925/1925 1925/1925/1925 
f 1925/1925/1925 1925/1925/1925 1912/1912/1912 
f 1925/1925/1925 1912/1912/1912 1912/1912/1912 
f 1912/1912/1912 1912/1912/1912 1914/1914/1914 
f 1912/1912/1912 1913/1913/1913 1914/1914/1914 
f 1914/1914/1914 1913/1913/1913 1913/1913/1913 
f 1913/1913/1913 1924/1924/1924 1913/1913/1913 
f 1913/1913/1913 1924/1924/1924 1924/1924/1924 
f 1924/1924/1924 1922/1922/1922 1924/1924/1924 
f 1924/1924/1924 1922/1922/1922 1926/1926/1926 
f 1922/1922/1922 1921/1921/1921 1926/1926/1926 
f 1926/1926/1926 1921/1921/1921 1927/1927/1927 
f 1921/1921/1921 1920/1920/1920 1927/1927/1927 
f 1927/1927/1927 1920/1920/1920 1927/1927/1927 
f 1920/1920/1920 1919/1919/1919 1927/1927/1927 
f 1927/1927/1927 1919/1919/1919 1928/1928/1928 
f 1919/1919/1919 1918/1918/1918 1928/1928/1928 
f 1928/1928/1928 1918/1918/1918 1929/1929/1929 
f 1918/1918/1918 1917/1917/1917 1929/1929/1929 
f 1929/1929/1929 1917/1917/1917 1916/1916/1916 
f 1917/1917/1917 1916/1916/1916 1916/1916/1916 
f 1916/1916/1916 1916/1916/1916 1930/1930/1930 
f 1916/1916/1916 1930/1930/1930 1930/1930/1930 
f 1930/1930/1930 1930/1930/1930 1931/1931/1931 
f 1930/1930/1930 1932/1932/1932 1931/1931/1931 
f 1931/1931/1931 1932/1932/1932 1931/1931/1931 
f 1932/1932/1932 1933/1933/1933 1931/1931/1931 
f 1931/1931/1931 1933/1933/1933 1931/1931/1931 
f 1933/1933/1933 1934/1934/1934 1931/1931/1931 
f 1931/1931/1931 1934/1934/1934 1935/1935/1935 
f 1934/1934/1934 1936/1936/1936 1935/1935/1935 
f 1935/1935/1935 1936/1936/1936 1937/1937/1937 
f 1936/1936/1936 1938/1938/1938 1937/1937/1937 
f 1937/1937/1937 1938/1938/1938 1939/1939/1939 
f 1938/1938/1938 1940/1940/1940 1939/1939/1939 
f 1939/1939/1939 1940/1940/1940 1941/1941/1941 
f 1940/1940/1940 1940/1940/1940 1941/1941/1941 
f 1941/1941/1941 1940/1940/1940 1942/1942/1942 
f 1940/1940/1940 1943/1943/1943 1942/1942/1942 
f 1942/1942/1942 1943/1943/1943 1944/1944/1944 
f 1943/1943/1943 1943/1943/1943 1944/1944/1944 
f 1944/1944/1944 1943/1943/1943 1945/1945/1945 
f 1943/1943/1943 1946/1946/1946 1945/1945/1945 
f 1945/1945/1945 1946/1946/1946 1947/1947/1947 
f 1946/1946/1946 1947/1947/1947 1947/1947/1947 
f 1947/1947/1947 1947/1947/1947 1946/1946/1946 
f 1947/1947/1947 1946/1946/1946 1946/1946/1946 
f 1946/1946/1946 1946/1946/1946 1948/1948/1948 
f 1946/1946/1946 1943/1943/1943 1948/1948/1948 
f 1948/1948/1948 1943/1943/1943 1948/1948/1948 
f 1943/1943/1943 1940/1940/1940 1948/1948/1948 
f 1948/1948/1948 1940/1940/1940 1949/1949/1949 
f 1940/1940/1940 1938/1938/1938 1949/1949/1949 
f 1949/1949/1949 1938/1938/1938 1950/1950/1950 
f 1938/1938/1938 1936/1936/1936 1950/1950/1950 
f 1950/1950/1950 1936/1936/1936 1951/1951/1951 
f 1936/1936/1936 1934/1934/1934 1951/1951/1951 
f 1951/1951/1951 1934/1934/1934 1952/1952/1952 
f 1934/1934/1934 1933/1933/1933 1952/1952/1952 
f 1952/1952/1952 1933/1933/1933 1953/1953/1953 
f 1933/1933/1933 1932/1932/1932 1953/1953/1953 
f 1953/1953/1953 1932/1932/1932 1954/1954/1954 
f 1932/1932/1932 1955/1955/1955 1954/1954/1954 
f 1954/1954/1954 1955/1955/1955 1956/1956/1956 
f 1955/1955/1955 1955/1955/1955 1956/1956/1956 
f 1956/1956/1956 1955/1955/1955 1957/1957/1957 
f 1955/1955/1955 1958/1958/1958 1957/1957/1957 
f 1957/1957/1957 1958/1958/1958 1959/1959/1959 
f 1958/1958/1958 1959/1959/1959 1959/1959/1959 
f 1959/1959/1959 1959/1959/1959 1932/1932/1932 
f 1959/1959/1959 1932/1932/1932 1932/1932/1932 
f 1932/1932/1932 1932/1932/1932 1955/1955/1955 
f 1932/1932/1932 1930/1930/1930 1955/1955/1955 
f 1955/1955/1955 1930/1930/1930 1958/1958/1958 
f 1930/1930/1930 1958/1958/1958 1958/1958/1958 
f 1958/1958/1958 1958/1958/1958 1956/1956/1956 
f 1958/1958/1958 1956/1956/1956 1956/1956/1956 
f 1956/1956/1956 1956/1956/1956 1954/1954/1954 
f 1956/1956/1956 1960/1960/1960 1954/1954/1954 
f 1954/1954/1954 1960/1960/1960 1961/1961/1961 
f 1960/1960/1960 1962/1962/1962 1961/1961/1961 
f 1961/1961/1961 1962/1962/1962 1961/1961/1961 
f 1962/1962/1962 1963/1963/1963 1961/1961/1961 
f 1961/1961/1961 1963/1963/1963 1964/1964/1964 
f 1963/1963/1963 1965/1965/1965 1964/1964/1964 
f 1964/1964/1964 1965/1965/1965 1966/1966/1966 
f 1965/1965/1965 1967/1967/1967 1966/1966/1966 
f 1966/1966/1966 1967/1967/1967 1968/1968/1968 
f 1967/1967/1967 1969/1969/1969 1968/1968/1968 
f 1968/1968/1968 1969/1969/1969 1969/1969/1969 
f 1969/1969/1969 1954/1954/1954 1969/1969/1969 
f 1969/1969/1969 1954/1954/1954 1954/1954/1954 
f 1954/1954/1954 1961/1961/1961 1954/1954/1954 
f 1954/1954/1954 1961/1961/1961 1953/1953/1953 
f 1961/1961/1961 1964/1964/1964 1953/1953/1953 
f 1953/1953/1953 1964/1964/1964 1952/1952/1952 
f 1964/1964/1964 1966/1966/1966 1952/1952/1952 
f 1952/1952/1952 1966/1966/1966 1951/1951/1951 
f 1966/1966/1966 1968/1968/1968 1951/1951/1951 
f 1951/1951/1951 1968/1968/1968 1950/1950/1950 
f 1968/1968/1968 1970/1970/1970 1950/1950/1950 
f 1950/1950/1950 1970/1970/1970 1949/1949/1949 
f 1970/1970/1970 1971/1971/1971 1949/1949/1949 
f 1949/1949/1949 1971/1971/1971 1948/1948/1948 
f 1971/1971/1971 1972/1972/1972 1948/1948/1948 
f 1948/1948/1948 1972/1972/1972 1946/1946/1946 
f 1972/1972/1972 1946/1946/1946 1946/1946/1946 
f 1946/1946/1946 1946/1946/1946 1968/1968/1968 
f 1946/1946/1946 1968/1968/1968 1968/1968/1968 
f 1968/1968/1968 1968/1968/1968 1970/1970/1970 
f 1968/1968/1968 1969/1969/1969 1970/1970/1970 
f 1970/1970/1970 1969/1969/1969 1970/1970/1970 
f 1969/1969/1969 1973/1973/1973 1970/1970/1970 
f 1970/1970/1970 1973/1973/1973 1971/1971/1971 
f 1973/1973/1973 1974/1974/1974 1971/1971/1971 
f 1971/1971/1971 1974/1974/1974 1972/1972/1972 
f 1974/1974/1974 1975/1975/1975 1972/1972/1972 
f 1972/1972/1972 1975/1975/1975 1976/1976/1976 
f 1975/1975/1975 1977/1977/1977 1976/1976/1976 
f 1976/1976/1976 1977/1977/1977 1978/1978/1978 
f 1977/1977/1977 1979/1979/1979 1978/1978/1978 
f 1978/1978/1978 1979/1979/1979 1979/1979/1979 
f 1979/1979/1979 1972/1972/1972 1979/1979/1979 
f 1979/1979/1979 1972/1972/1972 1972/1972/1972 
f 1972/1972/1972 1976/1976/1976 1972/1972/1972 
f 1972/1972/1972 1976/1976/1976 1946/1946/1946 
f 1976/1976/1976 1976/1976/1976 1946/1946/1946 
f 1946/1946/1946 1976/1976/1976 1947/1947/1947 
f 1976/1976/1976 1978/1978/1978 1947/1947/1947 
f 1947/1947/1947 1978/1978/1978 1978/1978/1978 
f 1978/1978/1978 1980/1980/1980 1978/1978/1978 
f 1978/1978/1978 1980/1980/1980 1980/1980/1980 
f 1980/1980/1980 1981/1981/1981 1980/1980/1980 
f 1980/1980/1980 1981/1981/1981 1982/1982/1982 
f 1981/1981/1981 1983/1983/1983 1982/1982/1982 
f 1982/1982/1982 1983/1983/1983 1984/1984/1984 
f 1983/1983/1983 1985/1985/1985 1984/1984/1984 
f 1984/1984/1984 1985/1985/1985 1984/1984/1984 
f 1985/1985/1985 1986/1986/1986 1984/1984/1984 
f 1984/1984/1984 1986/1986/1986 1987/1987/1987 
f 1986/1986/1986 1986/1986/1986 1987/1987/1987 
f 1987/1987/1987 1986/1986/1986 1988/1988/1988 
f 1986/1986/1986 1989/1989/1989 1988/1988/1988 
f 1988/1988/1988 1989/1989/1989 1990/1990/1990 
f 1989/1989/1989 1991/1991/1991 1990/1990/1990 
f 1990/1990/1990 1991/1991/1991 1992/1992/1992 
f 1991/1991/1991 1993/1993/1993 1992/1992/1992 
f 1992/1992/1992 1993/1993/1993 1994/1994/1994 
f 1993/1993/1993 1995/1995/1995 1994/1994/1994 
f 1994/1994/1994 1995/1995/1995 1996/1996/1996 
f 1995/1995/1995 1997/1997/1997 1996/1996/1996 
f 1996/1996/1996 1997/1997/1997 1998/1998/1998 
f 1997/1997/1997 1999/1999/1999 1998/1998/1998 
f 1998/1998/1998 1999/1999/1999 2000/2000/2000 
f 1999/1999/1999 1999/1999/1999 2000/2000/2000 
f 2000/2000/2000 1999/1999/1999 2001/2001/2001 
f 1999/1999/1999 1997/1997/1997 2001/2001/2001 
f 2001/2001/2001 1997/1997/1997 1997/1997/1997 
f 1997/1997/1997 1987/1987/1987 1997/1997/1997 
f 1997/1997/1997 1987/1987/1987 1987/1987/1987 
f 1987/1987/1987 2002/2002/2002 1987/1987/1987 
f 1987/1987/1987 2002/2002/2002 1984/1984/1984 
f 2002/2002/2002 1982/1982/1982 1984/1984/1984 
f 1984/1984/1984 1982/1982/1982 1982/1982/1982 
f 1982/1982/1982 1986/1986/1986 1982/1982/1982 
f 1982/1982/1982 1986/1986/1986 1986/1986/1986 
f 1986/1986/1986 1985/1985/1985 1986/1986/1986 
f 1986/1986/1986 1985/1985/1985 1989/1989/1989 
f 1985/1985/1985 1989/1989/1989 1989/1989/1989 
f 1989/1989/1989 1989/1989/1989 2000/2000/2000 
f 1989/1989/1989 2000/2000/2000 2000/2000/2000 
f 2000/2000/2000 2000/2000/2000 2003/2003/2003 
f 2000/2000/2000 2001/2001/2001 2003/2003/2003 
f 2003/2003/2003 2001/2001/2001 2004/2004/2004 
f 2001/2001/2001 2001/2001/2001 2004/2004/2004 
f 2004/2004/2004 2001/2001/2001 2005/2005/2005 
f 2001/2001/2001 1997/1997/1997 2005/2005/2005 
f 2005/2005/2005 1997/1997/1997 1995/1995/1995 
f 1997/1997/1997 1995/1995/1995 1995/1995/1995 
f 1995/1995/1995 1995/1995/1995 2003/2003/2003 
f 1995/1995/1995 2003/2003/2003 2003/2003/2003 
f 2003/2003/2003 2003/2003/2003 2006/2006/2006 
f 2003/2003/2003 2004/2004/2004 2006/2006/2006 
f 2006/2006/2006 2004/2004/2004 2007/2007/2007 
f 2004/2004/2004 2004/2004/2004 2007/2007/2007 
f 2007/2007/2007 2004/2004/2004 2008/2008/2008 
f 2004/2004/2004 2005/2005/2005 2008/2008/2008 
f 2008/2008/2008 2005/2005/2005 2009/2009/2009 
f 2005/2005/2005 1995/1995/1995 2009/2009/2009 
f 2009/2009/2009 1995/1995/1995 2010/2010/2010 
f 1995/1995/1995 1995/1995/1995 2010/2010/2010 
f 2010/2010/2010 1995/1995/1995 2011/2011/2011 
f 1995/1995/1995 1993/1993/1993 2011/2011/2011 
f 2011/2011/2011 1993/1993/1993 2012/2012/2012 
f 1993/1993/1993 1991/1991/1991 2012/2012/2012 
f 2012/2012/2012 1991/1991/1991 2013/2013/2013 
f 1991/1991/1991 1991/1991/1991 2013/2013/2013 
f 2013/2013/2013 1991/1991/1991 2014/2014/2014 
f 1991/1991/1991 1989/1989/1989 2014/2014/2014 
f 2014/2014/2014 1989/1989/1989 2014/2014/2014 
f 1989/1989/1989 1985/1985/1985 2014/2014/2014 
f 2014/2014/2014 1985/1985/1985 2015/2015/2015 
f 1985/1985/1985 1983/1983/1983 2015/2015/2015 
f 2015/2015/2015 1983/1983/1983 2016/2016/2016 
f 1983/1983/1983 1981/1981/1981 2016/2016/2016 
f 2016/2016/2016 1981/1981/1981 2017/2017/2017 
f 1981/1981/1981 1981/1981/1981 2017/2017/2017 
f 2017/2017/2017 1981/1981/1981 2018/2018/2018 
f 1981/1981/1981 1980/1980/1980 2018/2018/2018 
f 2018/2018/2018 1980/1980/1980 2019/2019/2019 
f 1980/1980/1980 1982/1982/1982 2019/2019/2019 
f 2019/2019/2019 1982/1982/1982 2002/2002/2002 
f 1982/1982/1982 2002/2002/2002 2002/2002/2002 
f 2002/2002/2002 2002/2002/2002 2007/2007/2007 
f 2002/2002/2002 2007/2007/2007 2007/2007/2007 
f 2007/2007/2007 2007/2007/2007 2006/2006/2006 
f 2007/2007/2007 2020/2020/2020 2006/2006/2006 
f 2006/2006/2006 2020/2020/2020 2020/2020/2020 
f 2020/2020/2020 2017/2017/2017 2020/2020/2020 
f 2020/2020/2020 2017/2017/2017 2017/2017/2017 
f 2017/2017/2017 2021/2021/2021 2017/2017/2017 
f 2017/2017/2017 2021/2021/2021 2016/2016/2016 
f 2021/2021/2021 2022/2022/2022 2016/2016/2016 
f 2016/2016/2016 2022/2022/2022 2015/2015/2015 
f 2022/2022/2022 2023/2023/2023 2015/2015/2015 
f 2015/2015/2015 2023/2023/2023 2014/2014/2014 
f 2023/2023/2023 2014/2014/2014 2014/2014/2014 
f 2014/2014/2014 2014/2014/2014 2021/2021/2021 
f 2014/2014/2014 2021/2021/2021 2021/2021/2021 
f 2021/2021/2021 2021/2021/2021 2022/2022/2022 
f 2021/2021/2021 2024/2024/2024 2022/2022/2022 
f 2022/2022/2022 2024/2024/2024 2025/2025/2025 
f 2024/2024/2024 2026/2026/2026 2025/2025/2025 
f 2025/2025/2025 2026/2026/2026 2027/2027/2027 
f 2026/2026/2026 2020/2020/2020 2027/2027/2027 
f 2027/2027/2027 2020/2020/2020 2027/2027/2027 
f 2020/2020/2020 2007/2007/2007 2027/2027/2027 
f 2027/2027/2027 2007/2007/2007 2027/2027/2027 
f 2007/2007/2007 2008/2008/2008 2027/2027/2027 
f 2027/2027/2027 2008/2008/2008 2027/2027/2027 
f 2008/2008/2008 2028/2028/2028 2027/2027/2027 
f 2027/2027/2027 2028/2028/2028 2025/2025/2025 
f 2028/2028/2028 2023/2023/2023 2025/2025/2025 
f 2025/2025/2025 2023/2023/2023 2022/2022/2022 
f 2023/2023/2023 2022/2022/2022 2022/2022/2022 
f 2022/2022/2022 2022/2022/2022 2028/2028/2028 
f 2022/2022/2022 2028/2028/2028 2028/2028/2028 
f 2028/2028/2028 2028/2028/2028 2023/2023/2023 
f 2028/2028/2028 2029/2029/2029 2023/2023/2023 
f 2023/2023/2023 2029/2029/2029 2014/2014/2014 
f 2029/2029/2029 2030/2030/2030 2014/2014/2014 
f 2014/2014/2014 2030/2030/2030 2013/2013/2013 
f 2030/2030/2030 2031/2031/2031 2013/2013/2013 
f 2013/2013/2013 2031/2031/2031 2013/2013/2013 
f 2031/2031/2031 2032/2032/2032 2013/2013/2013 
f 2013/2013/2013 2032/2032/2032 2012/2012/2012 
f 2032/2032/2032 2033/2033/2033 2012/2012/2012 
f 2012/2012/2012 2033/2033/2033 2011/2011/2011 
f 2033/2033/2033 2034/2034/2034 2011/2011/2011 
f 2011/2011/2011 2034/2034/2034 2010/2010/2010 
f 2034/2034/2034 2010/2010/2010 2010/2010/2010 
f 2010/2010/2010 2010/2010/2010 2034/2034/2034 
f 2010/2010/2010 2034/2034/2034 2034/2034/2034 
f 2034/2034/2034 2034/2034/2034 2035/2035/2035 
f 2034/2034/2034 2033/2033/2033 2035/2035/2035 
f 2035/2035/2035 2033/2033/2033 2036/2036/2036 
f 2033/2033/2033 2032/2032/2032 2036/2036/2036 
f 2036/2036/2036 2032/2032/2032 2037/2037/2037 
f 2032/2032/2032 2031/2031/2031 2037/2037/2037 
f 2037/2037/2037 2031/2031/2031 2038/2038/2038 
f 2031/2031/2031 2031/2031/2031 2038/2038/2038 
f 2038/2038/2038 2031/2031/2031 2039/2039/2039 
f 2031/2031/2031 2030/2030/2030 2039/2039/2039 
f 2039/2039/2039 2030/2030/2030 2040/2040/2040 
f 2030/2030/2030 2029/2029/2029 2040/2040/2040 
f 2040/2040/2040 2029/2029/2029 2009/2009/2009 
f 2029/2029/2029 2028/2028/2028 2009/2009/2009 
f 2009/2009/2009 2028/2028/2028 2008/2008/2008 
f 2028/2028/2028 2008/2008/2008 2008/2008/2008 
f 2008/2008/2008 2008/2008/2008 2036/2036/2036 
f 2008/2008/2008 2036/2036/2036 2036/2036/2036 
f 2036/2036/2036 2036/2036/2036 2035/2035/2035 
f 2036/2036/2036 2037/2037/2037 2035/2035/2035 
f 2035/2035/2035 2037/2037/2037 2041/2041/2041 
f 2037/2037/2037 2038/2038/2038 2041/2041/2041 
f 2041/2041/2041 2038/2038/2038 2038/2038/2038 
f 2038/2038/2038 2035/2035/2035 2038/2038/2038 
f 2038/2038/2038 2035/2035/2035 2035/2035/2035 
f 2035/2035/2035 2041/2041/2041 2035/2035/2035 
f 2035/2035/2035 2041/2041/2041 2034/2034/2034 
f 2041/2041/2041 2042/2042/2042 2034/2034/2034 
f 2034/2034/2034 2042/2042/2042 2010/2010/2010 
f 2042/2042/2042 2040/2040/2040 2010/2010/2010 
f 2010/2010/2010 2040/2040/2040 2009/2009/2009 
f 2040/2040/2040 2009/2009/2009 2009/2009/2009 
f 2009/2009/2009 2009/2009/2009 2040/2040/2040 
f 2009/2009/2009 2040/2040/2040 2040/2040/2040 
f 2040/2040/2040 2040/2040/2040 2039/2039/2039 
f 2040/2040/2040 2042/2042/2042 2039/2039/2039 
f 2039/2039/2039 2042/2042/2042 2043/2043/2043 
f 2042/2042/2042 2041/2041/2041 2043/2043/2043 
f 2043/2043/2043 2041/2041/2041 2043/2043/2043 
f 2041/2041/2041 2038/2038/2038 2043/2043/2043 
f 2043/2043/2043 2038/2038/2038 2039/2039/2039 
f 2038/2038/2038 2039/2039/2039 2039/2039/2039 
f 2039/2039/2039 2039/2039/2039 2044/2044/2044 
f 2039/2039/2039 2044/2044/2044 2044/2044/2044 
f 2044/2044/2044 2044/2044/2044 2045/2045/2045 
f 2044/2044/2044 2046/2046/2046 2045/2045/2045 
f 2045/2045/2045 2046/2046/2046 2047/2047/2047 
f 2046/2046/2046 2048/2048/2048 2047/2047/2047 
f 2047/2047/2047 2048/2048/2048 2047/2047/2047 
f 2048/2048/2048 2049/2049/2049 2047/2047/2047 
f 2047/2047/2047 2049/2049/2049 2050/2050/2050 
f 2049/2049/2049 2051/2051/2051 2050/2050/2050 
f 2050/2050/2050 2051/2051/2051 2052/2052/2052 
f 2051/2051/2051 2053/2053/2053 2052/2052/2052 
f 2052/2052/2052 2053/2053/2053 2052/2052/2052 
f 2053/2053/2053 2054/2054/2054 2052/2052/2052 
f 2052/2052/2052 2054/2054/2054 2052/2052/2052 
f 2054/2054/2054 2055/2055/2055 2052/2052/2052 
f 2052/2052/2052 2055/2055/2055 2056/2056/2056 
f 2055/2055/2055 2055/2055/2055 2056/2056/2056 
f 2056/2056/2056 2055/2055/2055 2057/2057/2057 
f 2055/2055/2055 2058/2058/2058 2057/2057/2057 
f 2057/2057/2057 2058/2058/2058 2059/2059/2059 
f 2058/2058/2058 2058/2058/2058 2059/2059/2059 
f 2059/2059/2059 2058/2058/2058 2060/2060/2060 
f 2058/2058/2058 2061/2061/2061 2060/2060/2060 
f 2060/2060/2060 2061/2061/2061 2062/2062/2062 
f 2061/2061/2061 2061/2061/2061 2062/2062/2062 
f 2062/2062/2062 2061/2061/2061 2063/2063/2063 
f 2061/2061/2061 2061/2061/2061 2063/2063/2063 
f 2063/2063/2063 2061/2061/2061 2064/2064/2064 
f 2061/2061/2061 2061/2061/2061 2064/2064/2064 
f 2064/2064/2064 2061/2061/2061 2065/2065/2065 
f 2061/2061/2061 2058/2058/2058 2065/2065/2065 
f 2065/2065/2065 2058/2058/2058 2065/2065/2065 
f 2058/2058/2058 2055/2055/2055 2065/2065/2065 
f 2065/2065/2065 2055/2055/2055 2054/2054/2054 
f 2055/2055/2055 2054/2054/2054 2054/2054/2054 
f 2054/2054/2054 2054/2054/2054 2045/2045/2045 
f 2054/2054/2054 2045/2045/2045 2045/2045/2045 
f 2045/2045/2045 2045/2045/2045 2066/2066/2066 
f 2045/2045/2045 2047/2047/2047 2066/2066/2066 
f 2066/2066/2066 2047/2047/2047 2066/2066/2066 
f 2047/2047/2047 2050/2050/2050 2066/2066/2066 
f 2066/2066/2066 2050/2050/2050 2056/2056/2056 
f 2050/2050/2050 2052/2052/2052 2056/2056/2056 
f 2056/2056/2056 2052/2052/2052 2052/2052/2052 
f 2052/2052/2052 2060/2060/2060 2052/2052/2052 
f 2052/2052/2052 2060/2060/2060 2060/2060/2060 
f 2060/2060/2060 2062/2062/2062 2060/2060/2060 
f 2060/2060/2060 2062/2062/2062 2067/2067/2067 
f 2062/2062/2062 2067/2067/2067 2067/2067/2067 
f 2067/2067/2067 2067/2067/2067 2068/2068/2068 
f 2067/2067/2067 2068/2068/2068 2068/2068/2068 
f 2068/2068/2068 2068/2068/2068 2069/2069/2069 
f 2068/2068/2068 2070/2070/2070 2069/2069/2069 
f 2069/2069/2069 2070/2070/2070 2069/2069/2069 
f 2070/2070/2070 2071/2071/2071 2069/2069/2069 
f 2069/2069/2069 2071/2071/2071 2072/2072/2072 
f 2071/2071/2071 2071/2071/2071 2072/2072/2072 
f 2072/2072/2072 2071/2071/2071 2073/2073/2073 
f 2071/2071/2071 2074/2074/2074 2073/2073/2073 
f 2073/2073/2073 2074/2074/2074 2075/2075/2075 
f 2074/2074/2074 2076/2076/2076 2075/2075/2075 
f 2075/2075/2075 2076/2076/2076 2077/2077/2077 
f 2076/2076/2076 2078/2078/2078 2077/2077/2077 
f 2077/2077/2077 2078/2078/2078 2079/2079/2079 
f 2078/2078/2078 2080/2080/2080 2079/2079/2079 
f 2079/2079/2079 2080/2080/2080 2081/2081/2081 
f 2080/2080/2080 2082/2082/2082 2081/2081/2081 
f 2081/2081/2081 2082/2082/2082 2083/2083/2083 
f 2082/2082/2082 2084/2084/2084 2083/2083/2083 
f 2083/2083/2083 2084/2084/2084 2085/2085/2085 
f 2084/2084/2084 2086/2086/2086 2085/2085/2085 
f 2085/2085/2085 2086/2086/2086 2087/2087/2087 
f 2086/2086/2086 2086/2086/2086 2087/2087/2087 
f 2087/2087/2087 2086/2086/2086 2088/2088/2088 
f 2086/2086/2086 2084/2084/2084 2088/2088/2088 
f 2088/2088/2088 2084/2084/2084 2088/2088/2088 
f 2084/2084/2084 2082/2082/2082 2088/2088/2088 
f 2088/2088/2088 2082/2082/2082 2088/2088/2088 
f 2082/2082/2082 2080/2080/2080 2088/2088/2088 
f 2088/2088/2088 2080/2080/2080 2089/2089/2089 
f 2080/2080/2080 2071/2071/2071 2089/2089/2089 
f 2089/2089/2089 2071/2071/2071 2090/2090/2090 
f 2071/2071/2071 2071/2071/2071 2090/2090/2090 
f 2090/2090/2090 2071/2071/2071 2091/2091/2091 
f 2071/2071/2071 2070/2070/2070 2091/2091/2091 
f 2091/2091/2091 2070/2070/2070 2092/2092/2092 
f 2070/2070/2070 2068/2068/2068 2092/2092/2092 
f 2092/2092/2092 2068/2068/2068 2068/2068/2068 
f 2068/2068/2068 2069/2069/2069 2068/2068/2068 
f 2068/2068/2068 2069/2069/2069 2069/2069/2069 
f 2069/2069/2069 2072/2072/2072 2069/2069/2069 
f 2069/2069/2069 2072/2072/2072 2068/2068/2068 
f 2072/2072/2072 2068/2068/2068 2068/2068/2068 
f 2068/2068/2068 2068/2068/2068 2076/2076/2076 
f 2068/2068/2068 2076/2076/2076 2076/2076/2076 
f 2076/2076/2076 2076/2076/2076 2078/2078/2078 
f 2076/2076/2076 2074/2074/2074 2078/2078/2078 
f 2078/2078/2078 2074/2074/2074 2078/2078/2078 
f 2074/2074/2074 2071/2071/2071 2078/2078/2078 
f 2078/2078/2078 2071/2071/2071 2080/2080/2080 
f 2071/2071/2071 2080/2080/2080 2080/2080/2080 
f 2080/2080/2080 2080/2080/2080 2089/2089/2089 
f 2080/2080/2080 2089/2089/2089 2089/2089/2089 
f 2089/2089/2089 2089/2089/2089 2088/2088/2088 
f 2089/2089/2089 2090/2090/2090 2088/2088/2088 
f 2088/2088/2088 2090/2090/2090 2093/2093/2093 
f 2090/2090/2090 2094/2094/2094 2093/2093/2093 
f 2093/2093/2093 2094/2094/2094 2093/2093/2093 
f 2094/2094/2094 2095/2095/2095 2093/2093/2093 
f 2093/2093/2093 2095/2095/2095 2096/2096/2096 
f 2095/2095/2095 2097/2097/2097 2096/2096/2096 
f 2096/2096/2096 2097/2097/2097 2097/2097/2097 
f 2097/2097/2097 2092/2092/2092 2097/2097/2097 
f 2097/2097/2097 2092/2092/2092 2092/2092/2092 
f 2092/2092/2092 2098/2098/2098 2092/2092/2092 
f 2092/2092/2092 2098/2098/2098 2091/2091/2091 
f 2098/2098/2098 2098/2098/2098 2091/2091/2091 
f 2091/2091/2091 2098/2098/2098 2090/2090/2090 
f 2098/2098/2098 2094/2094/2094 2090/2090/2090 
f 2090/2090/2090 2094/2094/2094 2094/2094/2094 
f 2094/2094/2094 2087/2087/2087 2094/2094/2094 
f 2094/2094/2094 2087/2087/2087 2087/2087/2087 
f 2087/2087/2087 2088/2088/2088 2087/2087/2087 
f 2087/2087/2087 2088/2088/2088 2099/2099/2099 
f 2088/2088/2088 2100/2100/2100 2099/2099/2099 
f 2099/2099/2099 2100/2100/2100 2101/2101/2101 
f 2100/2100/2100 2100/2100/2100 2101/2101/2101 
f 2101/2101/2101 2100/2100/2100 2096/2096/2096 
f 2100/2100/2100 2100/2100/2100 2096/2096/2096 
f 2096/2096/2096 2100/2100/2100 2093/2093/2093 
f 2100/2100/2100 2088/2088/2088 2093/2093/2093 
f 2093/2093/2093 2088/2088/2088 2088/2088/2088 
f 2088/2088/2088 2102/2102/2102 2088/2088/2088 
f 2088/2088/2088 2102/2102/2102 2102/2102/2102 
f 2102/2102/2102 2103/2103/2103 2102/2102/2102 
f 2102/2102/2102 2103/2103/2103 2104/2104/2104 
f 2103/2103/2103 2103/2103/2103 2104/2104/2104 
f 2104/2104/2104 2103/2103/2103 2105/2105/2105 
f 2103/2103/2103 2106/2106/2106 2105/2105/2105 
f 2105/2105/2105 2106/2106/2106 2107/2107/2107 
f 2106/2106/2106 2108/2108/2108 2107/2107/2107 
f 2107/2107/2107 2108/2108/2108 2107/2107/2107 
f 2108/2108/2108 2109/2109/2109 2107/2107/2107 
f 2107/2107/2107 2109/2109/2109 2107/2107/2107 
f 2109/2109/2109 2110/2110/2110 2107/2107/2107 
f 2107/2107/2107 2110/2110/2110 2107/2107/2107 
f 2110/2110/2110 2111/2111/2111 2107/2107/2107 
f 2107/2107/2107 2111/2111/2111 2105/2105/2105 
f 2111/2111/2111 2112/2112/2112 2105/2105/2105 
f 2105/2105/2105 2112/2112/2112 2104/2104/2104 
f 2112/2112/2112 2113/2113/2113 2104/2104/2104 
f 2104/2104/2104 2113/2113/2113 2114/2114/2114 
f 2113/2113/2113 2115/2115/2115 2114/2114/2114 
f 2114/2114/2114 2115/2115/2115 2115/2115/2115 
f 2115/2115/2115 2104/2104/2104 2115/2115/2115 
f 2115/2115/2115 2104/2104/2104 2104/2104/2104 
f 2104/2104/2104 2114/2114/2114 2104/2104/2104 
f 2104/2104/2104 2114/2114/2114 2102/2102/2102 
f 2114/2114/2114 2102/2102/2102 2102/2102/2102 
f 2102/2102/2102 2102/2102/2102 2111/2111/2111 
f 2102/2102/2102 2111/2111/2111 2111/2111/2111 
f 2111/2111/2111 2111/2111/2111 2116/2116/2116 
f 2111/2111/2111 2110/2110/2110 2116/2116/2116 
f 2116/2116/2116 2110/2110/2110 2117/2117/2117 
f 2110/2110/2110 2118/2118/2118 2117/2117/2117 
f 2117/2117/2117 2118/2118/2118 2119/2119/2119 
f 2118/2118/2118 2118/2118/2118 2119/2119/2119 
f 2119/2119/2119 2118/2118/2118 2120/2120/2120 
f 2118/2118/2118 2121/2121/2121 2120/2120/2120 
f 2120/2120/2120 2121/2121/2121 2120/2120/2120 
f 2121/2121/2121 2122/2122/2122 2120/2120/2120 
f 2120/2120/2120 2122/2122/2122 2123/2123/2123 
f 2122/2122/2122 2124/2124/2124 2123/2123/2123 
f 2123/2123/2123 2124/2124/2124 2125/2125/2125 
f 2124/2124/2124 2126/2126/2126 2125/2125/2125 
f 2125/2125/2125 2126/2126/2126 2125/2125/2125 
f 2126/2126/2126 2048/2048/2048 2125/2125/2125 
f 2125/2125/2125 2048/2048/2048 2125/2125/2125 
f 2048/2048/2048 2046/2046/2046 2125/2125/2125 
f 2125/2125/2125 2046/2046/2046 2127/2127/2127 
f 2046/2046/2046 2044/2044/2044 2127/2127/2127 
f 2127/2127/2127 2044/2044/2044 2044/2044/2044 
f 2044/2044/2044 2110/2110/2110 2044/2044/2044 
f 2044/2044/2044 2110/2110/2110 2110/2110/2110 
f 2110/2110/2110 2109/2109/2109 2110/2110/2110 
f 2110/2110/2110 2109/2109/2109 2118/2118/2118 
f 2109/2109/2109 2121/2121/2121 2118/2118/2118 
f 2118/2118/2118 2121/2121/2121 2121/2121/2121 
f 2121/2121/2121 2125/2125/2125 2121/2121/2121 
f 2121/2121/2121 2125/2125/2125 2125/2125/2125 
f 2125/2125/2125 2127/2127/2127 2125/2125/2125 
f 2125/2125/2125 2127/2127/2127 2123/2123/2123 
f 2127/2127/2127 2128/2128/2128 2123/2123/2123 
f 2123/2123/2123 2128/2128/2128 2120/2120/2120 
f 2128/2128/2128 2119/2119/2119 2120/2120/2120 
f 2120/2120/2120 2119/2119/2119 2119/2119/2119 
f 2119/2119/2119 2129/2129/2129 2119/2119/2119 
f 2119/2119/2119 2129/2129/2129 2129/2129/2129 
f 2129/2129/2129 2130/2130/2130 2129/2129/2129 
f 2129/2129/2129 2130/2130/2130 2131/2131/2131 
f 2130/2130/2130 2132/2132/2132 2131/2131/2131 
f 2131/2131/2131 2132/2132/2132 2132/2132/2132 
f 2132/2132/2132 2130/2130/2130 2132/2132/2132 
f 2132/2132/2132 2130/2130/2130 2130/2130/2130 
f 2130/2130/2130 2129/2129/2129 2130/2130/2130 
f 2130/2130/2130 2129/2129/2129 2133/2133/2133 
f 2129/2129/2129 2134/2134/2134 2133/2133/2133 
f 2133/2133/2133 2134/2134/2134 2135/2135/2135 
f 2134/2134/2134 2136/2136/2136 2135/2135/2135 
f 2135/2135/2135 2136/2136/2136 2137/2137/2137 
f 2136/2136/2136 2138/2138/2138 2137/2137/2137 
f 2137/2137/2137 2138/2138/2138 2139/2139/2139 
f 2138/2138/2138 2139/2139/2139 2139/2139/2139 
f 2139/2139/2139 2139/2139/2139 2138/2138/2138 
f 2139/2139/2139 2138/2138/2138 2138/2138/2138 
f 2138/2138/2138 2138/2138/2138 2140/2140/2140 
f 2138/2138/2138 2136/2136/2136 2140/2140/2140 
f 2140/2140/2140 2136/2136/2136 2141/2141/2141 
f 2136/2136/2136 2134/2134/2134 2141/2141/2141 
f 2141/2141/2141 2134/2134/2134 2142/2142/2142 
f 2134/2134/2134 2129/2129/2129 2142/2142/2142 
f 2142/2142/2142 2129/2129/2129 2131/2131/2131 
f 2129/2129/2129 2131/2131/2131 2131/2131/2131 
f 2131/2131/2131 2131/2131/2131 2140/2140/2140 
f 2131/2131/2131 2140/2140/2140 2140/2140/2140 
f 2140/2140/2140 2140/2140/2140 2143/2143/2143 
f 2140/2140/2140 2141/2141/2141 2143/2143/2143 
f 2143/2143/2143 2141/2141/2141 2144/2144/2144 
f 2141/2141/2141 2142/2142/2142 2144/2144/2144 
f 2144/2144/2144 2142/2142/2142 2142/2142/2142 
f 2142/2142/2142 2143/2143/2143 2142/2142/2142 
f 2142/2142/2142 2143/2143/2143 2143/2143/2143 
f 2143/2143/2143 2144/2144/2144 2143/2143/2143 
f 2143/2143/2143 2144/2144/2144 2145/2145/2145 
f 2144/2144/2144 2146/2146/2146 2145/2145/2145 
f 2145/2145/2145 2146/2146/2146 2147/2147/2147 
f 2146/2146/2146 2146/2146/2146 2147/2147/2147 
f 2147/2147/2147 2146/2146/2146 2148/2148/2148 
f 2146/2146/2146 2149/2149/2149 2148/2148/2148 
f 2148/2148/2148 2149/2149/2149 2150/2150/2150 
f 2149/2149/2149 2151/2151/2151 2150/2150/2150 
f 2150/2150/2150 2151/2151/2151 2152/2152/2152 
f 2151/2151/2151 2153/2153/2153 2152/2152/2152 
f 2152/2152/2152 2153/2153/2153 2132/2132/2132 
f 2153/2153/2153 2153/2153/2153 2132/2132/2132 
f 2132/2132/2132 2153/2153/2153 2131/2131/2131 
f 2153/2153/2153 2154/2154/2154 2131/2131/2131 
f 2131/2131/2131 2154/2154/2154 2142/2142/2142 
f 2154/2154/2154 2154/2154/2154 2142/2142/2142 
f 2142/2142/2142 2154/2154/2154 2144/2144/2144 
f 2154/2154/2154 2154/2154/2154 2144/2144/2144 
f 2144/2144/2144 2154/2154/2154 2146/2146/2146 
f 2154/2154/2154 2154/2154/2154 2146/2146/2146 
f 2146/2146/2146 2154/2154/2154 2149/2149/2149 
f 2154/2154/2154 2153/2153/2153 2149/2149/2149 
f 2149/2149/2149 2153/2153/2153 2151/2151/2151 
f 2153/2153/2153 2151/2151/2151 2151/2151/2151 
f 2151/2151/2151 2151/2151/2151 2155/2155/2155 
f 2151/2151/2151 2155/2155/2155 2155/2155/2155 
f 2155/2155/2155 2155/2155/2155 2156/2156/2156 
f 2155/2155/2155 2157/2157/2157 2156/2156/2156 
f 2156/2156/2156 2157/2157/2157 2158/2158/2158 
f 2157/2157/2157 2158/2158/2158 2158/2158/2158 
f 2158/2158/2158 2158/2158/2158 2157/2157/2157 
f 2158/2158/2158 2157/2157/2157 2157/2157/2157 
f 2157/2157/2157 2157/2157/2157 2159/2159/2159 
f 2157/2157/2157 2155/2155/2155 2159/2159/2159 
f 2159/2159/2159 2155/2155/2155 2160/2160/2160 
f 2155/2155/2155 2156/2156/2156 2160/2160/2160 
f 2160/2160/2160 2156/2156/2156 2156/2156/2156 
f 2156/2156/2156 2159/2159/2159 2156/2156/2156 
f 2156/2156/2156 2159/2159/2159 2159/2159/2159 
f 2159/2159/2159 2160/2160/2160 2159/2159/2159 
f 2159/2159/2159 2160/2160/2160 2161/2161/2161 
f 2160/2160/2160 2162/2162/2162 2161/2161/2161 
f 2161/2161/2161 2162/2162/2162 2163/2163/2163 
f 2162/2162/2162 2164/2164/2164 2163/2163/2163 
f 2163/2163/2163 2164/2164/2164 2165/2165/2165 
f 2164/2164/2164 2166/2166/2166 2165/2165/2165 
f 2165/2165/2165 2166/2166/2166 2167/2167/2167 
f 2166/2166/2166 2168/2168/2168 2167/2167/2167 
f 2167/2167/2167 2168/2168/2168 2169/2169/2169 
f 2168/2168/2168 2170/2170/2170 2169/2169/2169 
f 2169/2169/2169 2170/2170/2170 2171/2171/2171 
f 2170/2170/2170 2171/2171/2171 2171/2171/2171 
f 2171/2171/2171 2171/2171/2171 2170/2170/2170 
f 2171/2171/2171 2170/2170/2170 2170/2170/2170 
f 2170/2170/2170 2170/2170/2170 2172/2172/2172 
f 2170/2170/2170 2168/2168/2168 2172/2172/2172 
f 2172/2172/2172 2168/2168/2168 2173/2173/2173 
f 2168/2168/2168 2166/2166/2166 2173/2173/2173 
f 2173/2173/2173 2166/2166/2166 2174/2174/2174 
f 2166/2166/2166 2164/2164/2164 2174/2174/2174 
f 2174/2174/2174 2164/2164/2164 2174/2174/2174 
f 2164/2164/2164 2162/2162/2162 2174/2174/2174 
f 2174/2174/2174 2162/2162/2162 2175/2175/2175 
f 2162/2162/2162 2160/2160/2160 2175/2175/2175 
f 2175/2175/2175 2160/2160/2160 2175/2175/2175 
f 2160/2160/2160 2156/2156/2156 2175/2175/2175 
f 2175/2175/2175 2156/2156/2156 2176/2176/2176 
f 2156/2156/2156 2158/2158/2158 2176/2176/2176 
f 2176/2176/2176 2158/2158/2158 2176/2176/2176 
f 2158/2158/2158 2177/2177/2177 2176/2176/2176 
f 2176/2176/2176 2177/2177/2177 2176/2176/2176 
f 2177/2177/2177 2178/2178/2178 2176/2176/2176 
f 2176/2176/2176 2178/2178/2178 2179/2179/2179 
f 2178/2178/2178 2180/2180/2180 2179/2179/2179 
f 2179/2179/2179 2180/2180/2180 2173/2173/2173 
f 2180/2180/2180 2172/2172/2172 2173/2173/2173 
f 2173/2173/2173 2172/2172/2172 2172/2172/2172 
f 2172/2172/2172 2176/2176/2176 2172/2172/2172 
f 2172/2172/2172 2176/2176/2176 2176/2176/2176 
f 2176/2176/2176 2179/2179/2179 2176/2176/2176 
f 2176/2176/2176 2179/2179/2179 2175/2175/2175 
f 2179/2179/2179 2181/2181/2181 2175/2175/2175 
f 2175/2175/2175 2181/2181/2181 2182/2182/2182 
f 2181/2181/2181 2183/2183/2183 2182/2182/2182 
f 2182/2182/2182 2183/2183/2183 2174/2174/2174 
f 2183/2183/2183 2183/2183/2183 2174/2174/2174 
f 2174/2174/2174 2183/2183/2183 2173/2173/2173 
f 2183/2183/2183 2184/2184/2184 2173/2173/2173 
f 2173/2173/2173 2184/2184/2184 2179/2179/2179 
f 2184/2184/2184 2184/2184/2184 2179/2179/2179 
f 2179/2179/2179 2184/2184/2184 2181/2181/2181 
f 2184/2184/2184 2183/2183/2183 2181/2181/2181 
f 2181/2181/2181 2183/2183/2183 2183/2183/2183 
f 2183/2183/2183 2174/2174/2174 2183/2183/2183 
f 2183/2183/2183 2174/2174/2174 2174/2174/2174 
f 2174/2174/2174 2175/2175/2175 2174/2174/2174 
f 2174/2174/2174 2175/2175/2175 2182/2182/2182 
f 2175/2175/2175 2182/2182/2182 2182/2182/2182 
f 2182/2182/2182 2182/2182/2182 2185/2185/2185 
f 2182/2182/2182 2185/2185/2185 2185/2185/2185 
f 2185/2185/2185 2185/2185/2185 2185/2185/2185 
f 2185/2185/2185 2186/2186/2186 2185/2185/2185 
f 2185/2185/2185 2186/2186/2186 2187/2187/2187 
f 2186/2186/2186 2188/2188/2188 2187/2187/2187 
f 2187/2187/2187 2188/2188/2188 2189/2189/2189 
f 2188/2188/2188 2188/2188/2188 2189/2189/2189 
f 2189/2189/2189 2188/2188/2188 2190/2190/2190 
f 2188/2188/2188 2188/2188/2188 2190/2190/2190 
f 2190/2190/2190 2188/2188/2188 2191/2191/2191 
f 2188/2188/2188 2192/2192/2192 2191/2191/2191 
f 2191/2191/2191 2192/2192/2192 2191/2191/2191 
f 2192/2192/2192 2193/2193/2193 2191/2191/2191 
f 2191/2191/2191 2193/2193/2193 2194/2194/2194 
f 2193/2193/2193 2195/2195/2195 2194/2194/2194 
f 2194/2194/2194 2195/2195/2195 2196/2196/2196 
f 2195/2195/2195 2196/2196/2196 2196/2196/2196 
f 2196/2196/2196 2196/2196/2196 2188/2188/2188 
f 2196/2196/2196 2188/2188/2188 2188/2188/2188 
f 2188/2188/2188 2188/2188/2188 2192/2192/2192 
f 2188/2188/2188 2186/2186/2186 2192/2192/2192 
f 2192/2192/2192 2186/2186/2186 2186/2186/2186 
f 2186/2186/2186 2189/2189/2189 2186/2186/2186 
f 2186/2186/2186 2189/2189/2189 2189/2189/2189 
f 2189/2189/2189 2190/2190/2190 2189/2189/2189 
f 2189/2189/2189 2190/2190/2190 2197/2197/2197 
f 2190/2190/2190 2198/2198/2198 2197/2197/2197 
f 2197/2197/2197 2198/2198/2198 2199/2199/2199 
f 2198/2198/2198 2200/2200/2200 2199/2199/2199 
f 2199/2199/2199 2200/2200/2200 2201/2201/2201 
f 2200/2200/2200 2202/2202/2202 2201/2201/2201 
f 2201/2201/2201 2202/2202/2202 2203/2203/2203 
f 2202/2202/2202 2204/2204/2204 2203/2203/2203 
f 2203/2203/2203 2204/2204/2204 2205/2205/2205 
f 2204/2204/2204 2206/2206/2206 2205/2205/2205 
f 2205/2205/2205 2206/2206/2206 2207/2207/2207 
f 2206/2206/2206 2208/2208/2208 2207/2207/2207 
f 2207/2207/2207 2208/2208/2208 2209/2209/2209 
f 2208/2208/2208 2208/2208/2208 2209/2209/2209 
f 2209/2209/2209 2208/2208/2208 2210/2210/2210 
f 2208/2208/2208 2211/2211/2211 2210/2210/2210 
f 2210/2210/2210 2211/2211/2211 2212/2212/2212 
f 2211/2211/2211 2212/2212/2212 2212/2212/2212 
f 2212/2212/2212 2212/2212/2212 2211/2211/2211 
f 2212/2212/2212 2211/2211/2211 2211/2211/2211 
f 2211/2211/2211 2211/2211/2211 2213/2213/2213 
f 2211/2211/2211 2208/2208/2208 2213/2213/2213 
f 2213/2213/2213 2208/2208/2208 2213/2213/2213 
f 2208/2208/2208 2206/2206/2206 2213/2213/2213 
f 2213/2213/2213 2206/2206/2206 2214/2214/2214 
f 2206/2206/2206 2204/2204/2204 2214/2214/2214 
f 2214/2214/2214 2204/2204/2204 2215/2215/2215 
f 2204/2204/2204 2202/2202/2202 2215/2215/2215 
f 2215/2215/2215 2202/2202/2202 2216/2216/2216 
f 2202/2202/2202 2200/2200/2200 2216/2216/2216 
f 2216/2216/2216 2200/2200/2200 2217/2217/2217 
f 2200/2200/2200 2198/2198/2198 2217/2217/2217 
f 2217/2217/2217 2198/2198/2198 2218/2218/2218 
f 2198/2198/2198 2190/2190/2190 2218/2218/2218 
f 2218/2218/2218 2190/2190/2190 2218/2218/2218 
f 2190/2190/2190 2191/2191/2191 2218/2218/2218 
f 2218/2218/2218 2191/2191/2191 2218/2218/2218 
f 2191/2191/2191 2194/2194/2194 2218/2218/2218 
f 2218/2218/2218 2194/2194/2194 2219/2219/2219 
f 2194/2194/2194 2196/2196/2196 2219/2219/2219 
f 2219/2219/2219 2196/2196/2196 2219/2219/2219 
f 2196/2196/2196 2220/2220/2220 2219/2219/2219 
f 2219/2219/2219 2220/2220/2220 2219/2219/2219 
f 2220/2220/2220 2221/2221/2221 2219/2219/2219 
f 2219/2219/2219 2221/2221/2221 2219/2219/2219 
f 2221/2221/2221 2222/2222/2222 2219/2219/2219 
f 2219/2219/2219 2222/2222/2222 2217/2217/2217 
f 2222/2222/2222 2222/2222/2222 2217/2217/2217 
f 2217/2217/2217 2222/2222/2222 2216/2216/2216 
f 2222/2222/2222 2223/2223/2223 2216/2216/2216 
f 2216/2216/2216 2223/2223/2223 2215/2215/2215 
f 2223/2223/2223 2224/2224/2224 2215/2215/2215 
f 2215/2215/2215 2224/2224/2224 2214/2214/2214 
f 2224/2224/2224 2225/2225/2225 2214/2214/2214 
f 2214/2214/2214 2225/2225/2225 2213/2213/2213 
f 2225/2225/2225 2226/2226/2226 2213/2213/2213 
f 2213/2213/2213 2226/2226/2226 2211/2211/2211 
f 2226/2226/2226 2227/2227/2227 2211/2211/2211 
f 2211/2211/2211 2227/2227/2227 2212/2212/2212 
f 2227/2227/2227 2227/2227/2227 2212/2212/2212 
f 2212/2212/2212 2227/2227/2227 2228/2228/2228 
f 2227/2227/2227 2229/2229/2229 2228/2228/2228 
f 2228/2228/2228 2229/2229/2229 2230/2230/2230 
f 2229/2229/2229 2230/2230/2230 2230/2230/2230 
f 2230/2230/2230 2230/2230/2230 2217/2217/2217 
f 2230/2230/2230 2217/2217/2217 2217/2217/2217 
f 2217/2217/2217 2217/2217/2217 2219/2219/2219 
f 2217/2217/2217 2218/2218/2218 2219/2219/2219 
f 2219/2219/2219 2218/2218/2218 2218/2218/2218 
f 2218/2218/2218 2229/2229/2229 2218/2218/2218 
f 2218/2218/2218 2229/2229/2229 2229/2229/2229 
f 2229/2229/2229 2227/2227/2227 2229/2229/2229 
f 2229/2229/2229 2227/2227/2227 2231/2231/2231 
f 2227/2227/2227 2226/2226/2226 2231/2231/2231 
f 2231/2231/2231 2226/2226/2226 2232/2232/2232 
f 2226/2226/2226 2225/2225/2225 2232/2232/2232 
f 2232/2232/2232 2225/2225/2225 2232/2232/2232 
f 2225/2225/2225 2224/2224/2224 2232/2232/2232 
f 2232/2232/2232 2224/2224/2224 2233/2233/2233 
f 2224/2224/2224 2223/2223/2223 2233/2233/2233 
f 2233/2233/2233 2223/2223/2223 2234/2234/2234 
f 2223/2223/2223 2222/2222/2222 2234/2234/2234 
f 2234/2234/2234 2222/2222/2222 2221/2221/2221 
f 2222/2222/2222 2221/2221/2221 2221/2221/2221 
f 2221/2221/2221 2221/2221/2221 2235/2235/2235 
f 2221/2221/2221 2235/2235/2235 2235/2235/2235 
f 2235/2235/2235 2235/2235/2235 2236/2236/2236 
f 2235/2235/2235 2237/2237/2237 2236/2236/2236 
f 2236/2236/2236 2237/2237/2237 2236/2236/2236 
f 2237/2237/2237 2238/2238/2238 2236/2236/2236 
f 2236/2236/2236 2238/2238/2238 2236/2236/2236 
f 2238/2238/2238 2239/2239/2239 2236/2236/2236 
f 2236/2236/2236 2239/2239/2239 2240/2240/2240 
f 2239/2239/2239 2241/2241/2241 2240/2240/2240 
f 2240/2240/2240 2241/2241/2241 2242/2242/2242 
f 2241/2241/2241 2243/2243/2243 2242/2242/2242 
f 2242/2242/2242 2243/2243/2243 2244/2244/2244 
f 2243/2243/2243 2245/2245/2245 2244/2244/2244 
f 2244/2244/2244 2245/2245/2245 2246/2246/2246 
f 2245/2245/2245 2245/2245/2245 2246/2246/2246 
f 2246/2246/2246 2245/2245/2245 2247/2247/2247 
f 2245/2245/2245 2248/2248/2248 2247/2247/2247 
f 2247/2247/2247 2248/2248/2248 2249/2249/2249 
f 2248/2248/2248 2248/2248/2248 2249/2249/2249 
f 2249/2249/2249 2248/2248/2248 2250/2250/2250 
f 2248/2248/2248 2251/2251/2251 2250/2250/2250 
f 2250/2250/2250 2251/2251/2251 2252/2252/2252 
f 2251/2251/2251 2252/2252/2252 2252/2252/2252 
f 2252/2252/2252 2252/2252/2252 2251/2251/2251 
f 2252/2252/2252 2251/2251/2251 2251/2251/2251 
f 2251/2251/2251 2251/2251/2251 2253/2253/2253 
f 2251/2251/2251 2248/2248/2248 2253/2253/2253 
f 2253/2253/2253 2248/2248/2248 2253/2253/2253 
f 2248/2248/2248 2245/2245/2245 2253/2253/2253 
f 2253/2253/2253 2245/2245/2245 2254/2254/2254 
f 2245/2245/2245 2243/2243/2243 2254/2254/2254 
f 2254/2254/2254 2243/2243/2243 2255/2255/2255 
f 2243/2243/2243 2241/2241/2241 2255/2255/2255 
f 2255/2255/2255 2241/2241/2241 2256/2256/2256 
f 2241/2241/2241 2239/2239/2239 2256/2256/2256 
f 2256/2256/2256 2239/2239/2239 2257/2257/2257 
f 2239/2239/2239 2238/2238/2238 2257/2257/2257 
f 2257/2257/2257 2238/2238/2238 2258/2258/2258 
f 2238/2238/2238 2237/2237/2237 2258/2258/2258 
f 2258/2258/2258 2237/2237/2237 2259/2259/2259 
f 2237/2237/2237 2260/2260/2260 2259/2259/2259 
f 2259/2259/2259 2260/2260/2260 2261/2261/2261 
f 2260/2260/2260 2260/2260/2260 2261/2261/2261 
f 2261/2261/2261 2260/2260/2260 2262/2262/2262 
f 2260/2260/2260 2263/2263/2263 2262/2262/2262 
f 2262/2262/2262 2263/2263/2263 2264/2264/2264 
f 2263/2263/2263 2264/2264/2264 2264/2264/2264 
f 2264/2264/2264 2264/2264/2264 2237/2237/2237 
f 2264/2264/2264 2237/2237/2237 2237/2237/2237 
f 2237/2237/2237 2237/2237/2237 2260/2260/2260 
f 2237/2237/2237 2235/2235/2235 2260/2260/2260 
f 2260/2260/2260 2235/2235/2235 2263/2263/2263 
f 2235/2235/2235 2263/2263/2263 2263/2263/2263 
f 2263/2263/2263 2263/2263/2263 2261/2261/2261 
f 2263/2263/2263 2261/2261/2261 2261/2261/2261 
f 2261/2261/2261 2261/2261/2261 2259/2259/2259 
f 2261/2261/2261 2265/2265/2265 2259/2259/2259 
f 2259/2259/2259 2265/2265/2265 2266/2266/2266 
f 2265/2265/2265 2267/2267/2267 2266/2266/2266 
f 2266/2266/2266 2267/2267/2267 2266/2266/2266 
f 2267/2267/2267 2268/2268/2268 2266/2266/2266 
f 2266/2266/2266 2268/2268/2268 2269/2269/2269 
f 2268/2268/2268 2270/2270/2270 2269/2269/2269 
f 2269/2269/2269 2270/2270/2270 2271/2271/2271 
f 2270/2270/2270 2272/2272/2272 2271/2271/2271 
f 2271/2271/2271 2272/2272/2272 2273/2273/2273 
f 2272/2272/2272 2274/2274/2274 2273/2273/2273 
f 2273/2273/2273 2274/2274/2274 2274/2274/2274 
f 2274/2274/2274 2259/2259/2259 2274/2274/2274 
f 2274/2274/2274 2259/2259/2259 2259/2259/2259 
f 2259/2259/2259 2266/2266/2266 2259/2259/2259 
f 2259/2259/2259 2266/2266/2266 2258/2258/2258 
f 2266/2266/2266 2269/2269/2269 2258/2258/2258 
f 2258/2258/2258 2269/2269/2269 2257/2257/2257 
f 2269/2269/2269 2271/2271/2271 2257/2257/2257 
f 2257/2257/2257 2271/2271/2271 2256/2256/2256 
f 2271/2271/2271 2273/2273/2273 2256/2256/2256 
f 2256/2256/2256 2273/2273/2273 2255/2255/2255 
f 2273/2273/2273 2275/2275/2275 2255/2255/2255 
f 2255/2255/2255 2275/2275/2275 2254/2254/2254 
f 2275/2275/2275 2276/2276/2276 2254/2254/2254 
f 2254/2254/2254 2276/2276/2276 2253/2253/2253 
f 2276/2276/2276 2277/2277/2277 2253/2253/2253 
f 2253/2253/2253 2277/2277/2277 2251/2251/2251 
f 2277/2277/2277 2251/2251/2251 2251/2251/2251 
f 2251/2251/2251 2251/2251/2251 2273/2273/2273 
f 2251/2251/2251 2273/2273/2273 2273/2273/2273 
f 2273/2273/2273 2273/2273/2273 2275/2275/2275 
f 2273/2273/2273 2274/2274/2274 2275/2275/2275 
f 2275/2275/2275 2274/2274/2274 2275/2275/2275 
f 2274/2274/2274 2278/2278/2278 2275/2275/2275 
f 2275/2275/2275 2278/2278/2278 2276/2276/2276 
f 2278/2278/2278 2279/2279/2279 2276/2276/2276 
f 2276/2276/2276 2279/2279/2279 2277/2277/2277 
f 2279/2279/2279 2280/2280/2280 2277/2277/2277 
f 2277/2277/2277 2280/2280/2280 2281/2281/2281 
f 2280/2280/2280 2282/2282/2282 2281/2281/2281 
f 2281/2281/2281 2282/2282/2282 2283/2283/2283 
f 2282/2282/2282 2284/2284/2284 2283/2283/2283 
f 2283/2283/2283 2284/2284/2284 2284/2284/2284 
f 2284/2284/2284 2277/2277/2277 2284/2284/2284 
f 2284/2284/2284 2277/2277/2277 2277/2277/2277 
f 2277/2277/2277 2281/2281/2281 2277/2277/2277 
f 2277/2277/2277 2281/2281/2281 2251/2251/2251 
f 2281/2281/2281 2281/2281/2281 2251/2251/2251 
f 2251/2251/2251 2281/2281/2281 2252/2252/2252 
f 2281/2281/2281 2283/2283/2283 2252/2252/2252 
f 2252/2252/2252 2283/2283/2283 2283/2283/2283 
f 2283/2283/2283 2285/2285/2285 2283/2283/2283 
f 2283/2283/2283 2285/2285/2285 2285/2285/2285 
f 2285/2285/2285 2286/2286/2286 2285/2285/2285 
f 2285/2285/2285 2286/2286/2286 2287/2287/2287 
f 2286/2286/2286 2288/2288/2288 2287/2287/2287 
f 2287/2287/2287 2288/2288/2288 2289/2289/2289 
f 2288/2288/2288 2290/2290/2290 2289/2289/2289 
f 2289/2289/2289 2290/2290/2290 2289/2289/2289 
f 2290/2290/2290 2291/2291/2291 2289/2289/2289 
f 2289/2289/2289 2291/2291/2291 2292/2292/2292 
f 2291/2291/2291 2291/2291/2291 2292/2292/2292 
f 2292/2292/2292 2291/2291/2291 2293/2293/2293 
f 2291/2291/2291 2294/2294/2294 2293/2293/2293 
f 2293/2293/2293 2294/2294/2294 2295/2295/2295 
f 2294/2294/2294 2296/2296/2296 2295/2295/2295 
f 2295/2295/2295 2296/2296/2296 2297/2297/2297 
f 2296/2296/2296 2298/2298/2298 2297/2297/2297 
f 2297/2297/2297 2298/2298/2298 2299/2299/2299 
f 2298/2298/2298 2300/2300/2300 2299/2299/2299 
f 2299/2299/2299 2300/2300/2300 2301/2301/2301 
f 2300/2300/2300 2302/2302/2302 2301/2301/2301 
f 2301/2301/2301 2302/2302/2302 2303/2303/2303 
f 2302/2302/2302 2304/2304/2304 2303/2303/2303 
f 2303/2303/2303 2304/2304/2304 2305/2305/2305 
f 2304/2304/2304 2304/2304/2304 2305/2305/2305 
f 2305/2305/2305 2304/2304/2304 2306/2306/2306 
f 2304/2304/2304 2302/2302/2302 2306/2306/2306 
f 2306/2306/2306 2302/2302/2302 2302/2302/2302 
f 2302/2302/2302 2292/2292/2292 2302/2302/2302 
f 2302/2302/2302 2292/2292/2292 2292/2292/2292 
f 2292/2292/2292 2307/2307/2307 2292/2292/2292 
f 2292/2292/2292 2307/2307/2307 2289/2289/2289 
f 2307/2307/2307 2287/2287/2287 2289/2289/2289 
f 2289/2289/2289 2287/2287/2287 2287/2287/2287 
f 2287/2287/2287 2291/2291/2291 2287/2287/2287 
f 2287/2287/2287 2291/2291/2291 2291/2291/2291 
f 2291/2291/2291 2290/2290/2290 2291/2291/2291 
f 2291/2291/2291 2290/2290/2290 2294/2294/2294 
f 2290/2290/2290 2294/2294/2294 2294/2294/2294 
f 2294/2294/2294 2294/2294/2294 2305/2305/2305 
f 2294/2294/2294 2305/2305/2305 2305/2305/2305 
f 2305/2305/2305 2305/2305/2305 2308/2308/2308 
f 2305/2305/2305 2306/2306/2306 2308/2308/2308 
f 2308/2308/2308 2306/2306/2306 2309/2309/2309 
f 2306/2306/2306 2306/2306/2306 2309/2309/2309 
f 2309/2309/2309 2306/2306/2306 2310/2310/2310 
f 2306/2306/2306 2302/2302/2302 2310/2310/2310 
f 2310/2310/2310 2302/2302/2302 2300/2300/2300 
f 2302/2302/2302 2300/2300/2300 2300/2300/2300 
f 2300/2300/2300 2300/2300/2300 2308/2308/2308 
f 2300/2300/2300 2308/2308/2308 2308/2308/2308 
f 2308/2308/2308 2308/2308/2308 2311/2311/2311 
f 2308/2308/2308 2309/2309/2309 2311/2311/2311 
f 2311/2311/2311 2309/2309/2309 2312/2312/2312 
f 2309/2309/2309 2309/2309/2309 2312/2312/2312 
f 2312/2312/2312 2309/2309/2309 2313/2313/2313 
f 2309/2309/2309 2310/2310/2310 2313/2313/2313 
f 2313/2313/2313 2310/2310/2310 2314/2314/2314 
f 2310/2310/2310 2300/2300/2300 2314/2314/2314 
f 2314/2314/2314 2300/2300/2300 2315/2315/2315 
f 2300/2300/2300 2300/2300/2300 2315/2315/2315 
f 2315/2315/2315 2300/2300/2300 2316/2316/2316 
f 2300/2300/2300 2298/2298/2298 2316/2316/2316 
f 2316/2316/2316 2298/2298/2298 2317/2317/2317 
f 2298/2298/2298 2296/2296/2296 2317/2317/2317 
f 2317/2317/2317 2296/2296/2296 2318/2318/2318 
f 2296/2296/2296 2296/2296/2296 2318/2318/2318 
f 2318/2318/2318 2296/2296/2296 2319/2319/2319 
f 2296/2296/2296 2294/2294/2294 2319/2319/2319 
f 2319/2319/2319 2294/2294/2294 2319/2319/2319 
f 2294/2294/2294 2290/2290/2290 2319/2319/2319 
f 2319/2319/2319 2290/2290/2290 2320/2320/2320 
f 2290/2290/2290 2288/2288/2288 2320/2320/2320 
f 2320/2320/2320 2288/2288/2288 2321/2321/2321 
f 2288/2288/2288 2286/2286/2286 2321/2321/2321 
f 2321/2321/2321 2286/2286/2286 2322/2322/2322 
f 2286/2286/2286 2286/2286/2286 2322/2322/2322 
f 2322/2322/2322 2286/2286/2286 2323/2323/2323 
f 2286/2286/2286 2285/2285/2285 2323/2323/2323 
f 2323/2323/2323 2285/2285/2285 2324/2324/2324 
f 2285/2285/2285 2287/2287/2287 2324/2324/2324 
f 2324/2324/2324 2287/2287/2287 2307/2307/2307 
f 2287/2287/2287 2307/2307/2307 2307/2307/2307 
f 2307/2307/2307 2307/2307/2307 2312/2312/2312 
f 2307/2307/2307 2312/2312/2312 2312/2312/2312 
f 2312/2312/2312 2312/2312/2312 2311/2311/2311 
f 2312/2312/2312 2325/2325/2325 2311/2311/2311 
f 2311/2311/2311 2325/2325/2325 2325/2325/2325 
f 2325/2325/2325 2322/2322/2322 2325/2325/2325 
f 2325/2325/2325 2322/2322/2322 2322/2322/2322 
f 2322/2322/2322 2326/2326/2326 2322/2322/2322 
f 2322/2322/2322 2326/2326/2326 2321/2321/2321 
f 2326/2326/2326 2327/2327/2327 2321/2321/2321 
f 2321/2321/2321 2327/2327/2327 2320/2320/2320 
f 2327/2327/2327 2328/2328/2328 2320/2320/2320 
f 2320/2320/2320 2328/2328/2328 2319/2319/2319 
f 2328/2328/2328 2319/2319/2319 2319/2319/2319 
f 2319/2319/2319 2319/2319/2319 2326/2326/2326 
f 2319/2319/2319 2326/2326/2326 2326/2326/2326 
f 2326/2326/2326 2326/2326/2326 2327/2327/2327 
f 2326/2326/2326 2329/2329/2329 2327/2327/2327 
f 2327/2327/2327 2329/2329/2329 2330/2330/2330 
f 2329/2329/2329 2331/2331/2331 2330/2330/2330 
f 2330/2330/2330 2331/2331/2331 2332/2332/2332 
f 2331/2331/2331 2325/2325/2325 2332/2332/2332 
f 2332/2332/2332 2325/2325/2325 2332/2332/2332 
f 2325/2325/2325 2312/2312/2312 2332/2332/2332 
f 2332/2332/2332 2312/2312/2312 2332/2332/2332 
f 2312/2312/2312 2313/2313/2313 2332/2332/2332 
f 2332/2332/2332 2313/2313/2313 2332/2332/2332 
f 2313/2313/2313 2333/2333/2333 2332/2332/2332 
f 2332/2332/2332 2333/2333/2333 2330/2330/2330 
f 2333/2333/2333 2328/2328/2328 2330/2330/2330 
f 2330/2330/2330 2328/2328/2328 2327/2327/2327 
f 2328/2328/2328 2327/2327/2327 2327/2327/2327 
f 2327/2327/2327 2327/2327/2327 2333/2333/2333 
f 2327/2327/2327 2333/2333/2333 2333/2333/2333 
f 2333/2333/2333 2333/2333/2333 2328/2328/2328 
f 2333/2333/2333 2334/2334/2334 2328/2328/2328 
f 2328/2328/2328 2334/2334/2334 2319/2319/2319 
f 2334/2334/2334 2335/2335/2335 2319/2319/2319 
f 2319/2319/2319 2335/2335/2335 2318/2318/2318 
f 2335/2335/2335 2336/2336/2336 2318/2318/2318 
f 2318/2318/2318 2336/2336/2336 2318/2318/2318 
f 2336/2336/2336 2337/2337/2337 2318/2318/2318 
f 2318/2318/2318 2337/2337/2337 2317/2317/2317 
f 2337/2337/2337 2338/2338/2338 2317/2317/2317 
f 2317/2317/2317 2338/2338/2338 2316/2316/2316 
f 2338/2338/2338 2339/2339/2339 2316/2316/2316 
f 2316/2316/2316 2339/2339/2339 2315/2315/2315 
f 2339/2339/2339 2315/2315/2315 2315/2315/2315 
f 2315/2315/2315 2315/2315/2315 2339/2339/2339 
f 2315/2315/2315 2339/2339/2339 2339/2339/2339 
f 2339/2339/2339 2339/2339/2339 2340/2340/2340 
f 2339/2339/2339 2338/2338/2338 2340/2340/2340 
f 2340/2340/2340 2338/2338/2338 2341/2341/2341 
f 2338/2338/2338 2337/2337/2337 2341/2341/2341 
f 2341/2341/2341 2337/2337/2337 2342/2342/2342 
f 2337/2337/2337 2336/2336/2336 2342/2342/2342 
f 2342/2342/2342 2336/2336/2336 2343/2343/2343 
f 2336/2336/2336 2336/2336/2336 2343/2343/2343 
f 2343/2343/2343 2336/2336/2336 2344/2344/2344 
f 2336/2336/2336 2335/2335/2335 2344/2344/2344 
f 2344/2344/2344 2335/2335/2335 2345/2345/2345 
f 2335/2335/2335 2334/2334/2334 2345/2345/2345 
f 2345/2345/2345 2334/2334/2334 2314/2314/2314 
f 2334/2334/2334 2333/2333/2333 2314/2314/2314 
f 2314/2314/2314 2333/2333/2333 2313/2313/2313 
f 2333/2333/2333 2313/2313/2313 2313/2313/2313 
f 2313/2313/2313 2313/2313/2313 2341/2341/2341 
f 2313/2313/2313 2341/2341/2341 2341/2341/2341 
f 2341/2341/2341 2341/2341/2341 2340/2340/2340 
f 2341/2341/2341 2342/2342/2342 2340/2340/2340 
f 2340/2340/2340 2342/2342/2342 2346/2346/2346 
f 2342/2342/2342 2343/2343/2343 2346/2346/2346 
f 2346/2346/2346 2343/2343/2343 2343/2343/2343 
f 2343/2343/2343 2340/2340/2340 2343/2343/2343 
f 2343/2343/2343 2340/2340/2340 2340/2340/2340 
f 2340/2340/2340 2346/2346/2346 2340/2340/2340 
f 2340/2340/2340 2346/2346/2346 2339/2339/2339 
f 2346/2346/2346 2347/2347/2347 2339/2339/2339 
f 2339/2339/2339 2347/2347/2347 2315/2315/2315 
f 2347/2347/2347 2345/2345/2345 2315/2315/2315 
f 2315/2315/2315 2345/2345/2345 2314/2314/2314 
f 2345/2345/2345 2314/2314/2314 2314/2314/2314 
f 2314/2314/2314 2314/2314/2314 2345/2345/2345 
f 2314/2314/2314 2345/2345/2345 2345/2345/2345 
f 2345/2345/2345 2345/2345/2345 2344/2344/2344 
f 2345/2345/2345 2347/2347/2347 2344/2344/2344 
f 2344/2344/2344 2347/2347/2347 2348/2348/2348 
f 2347/2347/2347 2346/2346/2346 2348/2348/2348 
f 2348/2348/2348 2346/2346/2346 2348/2348/2348 
f 2346/2346/2346 2343/2343/2343 2348/2348/2348 
f 2348/2348/2348 2343/2343/2343 2344/2344/2344 
f 2343/2343/2343 2344/2344/2344 2344/2344/2344 
f 2344/2344/2344 2344/2344/2344 2349/2349/2349 
f 2344/2344/2344 2349/2349/2349 2349/2349/2349 
f 2349/2349/2349 2349/2349/2349 2350/2350/2350 
f 2349/2349/2349 2351/2351/2351 2350/2350/2350 
f 2350/2350/2350 2351/2351/2351 2352/2352/2352 
f 2351/2351/2351 2353/2353/2353 2352/2352/2352 
f 2352/2352/2352 2353/2353/2353 2352/2352/2352 
f 2353/2353/2353 2354/2354/2354 2352/2352/2352 
f 2352/2352/2352 2354/2354/2354 2355/2355/2355 
f 2354/2354/2354 2356/2356/2356 2355/2355/2355 
f 2355/2355/2355 2356/2356/2356 2357/2357/2357 
f 2356/2356/2356 2358/2358/2358 2357/2357/2357 
f 2357/2357/2357 2358/2358/2358 2357/2357/2357 
f 2358/2358/2358 2359/2359/2359 2357/2357/2357 
f 2357/2357/2357 2359/2359/2359 2357/2357/2357 
f 2359/2359/2359 2360/2360/2360 2357/2357/2357 
f 2357/2357/2357 2360/2360/2360 2361/2361/2361 
f 2360/2360/2360 2360/2360/2360 2361/2361/2361 
f 2361/2361/2361 2360/2360/2360 2362/2362/2362 
f 2360/2360/2360 2363/2363/2363 2362/2362/2362 
f 2362/2362/2362 2363/2363/2363 2364/2364/2364 
f 2363/2363/2363 2363/2363/2363 2364/2364/2364 
f 2364/2364/2364 2363/2363/2363 2365/2365/2365 
f 2363/2363/2363 2366/2366/2366 2365/2365/2365 
f 2365/2365/2365 2366/2366/2366 2367/2367/2367 
f 2366/2366/2366 2366/2366/2366 2367/2367/2367 
f 2367/2367/2367 2366/2366/2366 2368/2368/2368 
f 2366/2366/2366 2366/2366/2366 2368/2368/2368 
f 2368/2368/2368 2366/2366/2366 2369/2369/2369 
f 2366/2366/2366 2366/2366/2366 2369/2369/2369 
f 2369/2369/2369 2366/2366/2366 2370/2370/2370 
f 2366/2366/2366 2363/2363/2363 2370/2370/2370 
f 2370/2370/2370 2363/2363/2363 2370/2370/2370 
f 2363/2363/2363 2360/2360/2360 2370/2370/2370 
f 2370/2370/2370 2360/2360/2360 2359/2359/2359 
f 2360/2360/2360 2359/2359/2359 2359/2359/2359 
f 2359/2359/2359 2359/2359/2359 2350/2350/2350 
f 2359/2359/2359 2350/2350/2350 2350/2350/2350 
f 2350/2350/2350 2350/2350/2350 2371/2371/2371 
f 2350/2350/2350 2352/2352/2352 2371/2371/2371 
f 2371/2371/2371 2352/2352/2352 2371/2371/2371 
f 2352/2352/2352 2355/2355/2355 2371/2371/2371 
f 2371/2371/2371 2355/2355/2355 2361/2361/2361 
f 2355/2355/2355 2357/2357/2357 2361/2361/2361 
f 2361/2361/2361 2357/2357/2357 2357/2357/2357 
f 2357/2357/2357 2365/2365/2365 2357/2357/2357 
f 2357/2357/2357 2365/2365/2365 2365/2365/2365 
f 2365/2365/2365 2367/2367/2367 2365/2365/2365 
f 2365/2365/2365 2367/2367/2367 2372/2372/2372 
f 2367/2367/2367 2372/2372/2372 2372/2372/2372 
f 2372/2372/2372 2372/2372/2372 2373/2373/2373 
f 2372/2372/2372 2373/2373/2373 2373/2373/2373 
f 2373/2373/2373 2373/2373/2373 2374/2374/2374 
f 2373/2373/2373 2375/2375/2375 2374/2374/2374 
f 2374/2374/2374 2375/2375/2375 2374/2374/2374 
f 2375/2375/2375 2376/2376/2376 2374/2374/2374 
f 2374/2374/2374 2376/2376/2376 2377/2377/2377 
f 2376/2376/2376 2376/2376/2376 2377/2377/2377 
f 2377/2377/2377 2376/2376/2376 2378/2378/2378 
f 2376/2376/2376 2379/2379/2379 2378/2378/2378 
f 2378/2378/2378 2379/2379/2379 2380/2380/2380 
f 2379/2379/2379 2381/2381/2381 2380/2380/2380 
f 2380/2380/2380 2381/2381/2381 2382/2382/2382 
f 2381/2381/2381 2383/2383/2383 2382/2382/2382 
f 2382/2382/2382 2383/2383/2383 2384/2384/2384 
f 2383/2383/2383 2385/2385/2385 2384/2384/2384 
f 2384/2384/2384 2385/2385/2385 2386/2386/2386 
f 2385/2385/2385 2387/2387/2387 2386/2386/2386 
f 2386/2386/2386 2387/2387/2387 2388/2388/2388 
f 2387/2387/2387 2389/2389/2389 2388/2388/2388 
f 2388/2388/2388 2389/2389/2389 2390/2390/2390 
f 2389/2389/2389 2391/2391/2391 2390/2390/2390 
f 2390/2390/2390 2391/2391/2391 2392/2392/2392 
f 2391/2391/2391 2391/2391/2391 2392/2392/2392 
f 2392/2392/2392 2391/2391/2391 2393/2393/2393 
f 2391/2391/2391 2389/2389/2389 2393/2393/2393 
f 2393/2393/2393 2389/2389/2389 2393/2393/2393 
f 2389/2389/2389 2387/2387/2387 2393/2393/2393 
f 2393/2393/2393 2387/2387/2387 2393/2393/2393 
f 2387/2387/2387 2385/2385/2385 2393/2393/2393 
f 2393/2393/2393 2385/2385/2385 2394/2394/2394 
f 2385/2385/2385 2376/2376/2376 2394/2394/2394 
f 2394/2394/2394 2376/2376/2376 2395/2395/2395 
f 2376/2376/2376 2376/2376/2376 2395/2395/2395 
f 2395/2395/2395 2376/2376/2376 2396/2396/2396 
f 2376/2376/2376 2375/2375/2375 2396/2396/2396 
f 2396/2396/2396 2375/2375/2375 2397/2397/2397 
f 2375/2375/2375 2373/2373/2373 2397/2397/2397 
f 2397/2397/2397 2373/2373/2373 2373/2373/2373 
f 2373/2373/2373 2374/2374/2374 2373/2373/2373 
f 2373/2373/2373 2374/2374/2374 2374/2374/2374 
f 2374/2374/2374 2377/2377/2377 2374/2374/2374 
f 2374/2374/2374 2377/2377/2377 2373/2373/2373 
f 2377/2377/2377 2373/2373/2373 2373/2373/2373 
f 2373/2373/2373 2373/2373/2373 2381/2381/2381 
f 2373/2373/2373 2381/2381/2381 2381/2381/2381 
f 2381/2381/2381 2381/2381/2381 2383/2383/2383 
f 2381/2381/2381 2379/2379/2379 2383/2383/2383 
f 2383/2383/2383 2379/2379/2379 2383/2383/2383 
f 2379/2379/2379 2376/2376/2376 2383/2383/2383 
f 2383/2383/2383 2376/2376/2376 2385/2385/2385 
f 2376/2376/2376 2385/2385/2385 2385/2385/2385 
f 2385/2385/2385 2385/2385/2385 2394/2394/2394 
f 2385/2385/2385 2394/2394/2394 2394/2394/2394 
f 2394/2394/2394 2394/2394/2394 2393/2393/2393 
f 2394/2394/2394 2395/2395/2395 2393/2393/2393 
f 2393/2393/2393 2395/2395/2395 2398/2398/2398 
f 2395/2395/2395 2399/2399/2399 2398/2398/2398 
f 2398/2398/2398 2399/2399/2399 2398/2398/2398 
f 2399/2399/2399 2400/2400/2400 2398/2398/2398 
f 2398/2398/2398 2400/2400/2400 2401/2401/2401 
f 2400/2400/2400 2402/2402/2402 2401/2401/2401 
f 2401/2401/2401 2402/2402/2402 2402/2402/2402 
f 2402/2402/2402 2397/2397/2397 2402/2402/2402 
f 2402/2402/2402 2397/2397/2397 2397/2397/2397 
f 2397/2397/2397 2403/2403/2403 2397/2397/2397 
f 2397/2397/2397 2403/2403/2403 2396/2396/2396 
f 2403/2403/2403 2403/2403/2403 2396/2396/2396 
f 2396/2396/2396 2403/2403/2403 2395/2395/2395 
f 2403/2403/2403 2399/2399/2399 2395/2395/2395 
f 2395/2395/2395 2399/2399/2399 2399/2399/2399 
f 2399/2399/2399 2392/2392/2392 2399/2399/2399 
f 2399/2399/2399 2392/2392/2392 2392/2392/2392 
f 2392/2392/2392 2393/2393/2393 2392/2392/2392 
f 2392/2392/2392 2393/2393/2393 2404/2404/2404 
f 2393/2393/2393 2405/2405/2405 2404/2404/2404 
f 2404/2404/2404 2405/2405/2405 2406/2406/2406 
f 2405/2405/2405 2405/2405/2405 2406/2406/2406 
f 2406/2406/2406 2405/2405/2405 2401/2401/2401 
f 2405/2405/2405 2405/2405/2405 2401/2401/2401 
f 2401/2401/2401 2405/2405/2405 2398/2398/2398 
f 2405/2405/2405 2393/2393/2393 2398/2398/2398 
f 2398/2398/2398 2393/2393/2393 2393/2393/2393 
f 2393/2393/2393 2407/2407/2407 2393/2393/2393 
f 2393/2393/2393 2407/2407/2407 2407/2407/2407 
f 2407/2407/2407 2408/2408/2408 2407/2407/2407 
f 2407/2407/2407 2408/2408/2408 2409/2409/2409 
f 2408/2408/2408 2408/2408/2408 2409/2409/2409 
f 2409/2409/2409 2408/2408/2408 2410/2410/2410 
f 2408/2408/2408 2411/2411/2411 2410/2410/2410 
f 2410/2410/2410 2411/2411/2411 2412/2412/2412 
f 2411/2411/2411 2413/2413/2413 2412/2412/2412 
f 2412/2412/2412 2413/2413/2413 2412/2412/2412 
f 2413/2413/2413 2414/2414/2414 2412/2412/2412 
f 2412/2412/2412 2414/2414/2414 2412/2412/2412 
f 2414/2414/2414 2415/2415/2415 2412/2412/2412 
f 2412/2412/2412 2415/2415/2415 2412/2412/2412 
f 2415/2415/2415 2416/2416/2416 2412/2412/2412 
f 2412/2412/2412 2416/2416/2416 2410/2410/2410 
f 2416/2416/2416 2417/2417/2417 2410/2410/2410 
f 2410/2410/2410 2417/2417/2417 2409/2409/2409 
f 2417/2417/2417 2418/2418/2418 2409/2409/2409 
f 2409/2409/2409 2418/2418/2418 2419/2419/2419 
f 2418/2418/2418 2420/2420/2420 2419/2419/2419 
f 2419/2419/2419 2420/2420/2420 2420/2420/2420 
f 2420/2420/2420 2409/2409/2409 2420/2420/2420 
f 2420/2420/2420 2409/2409/2409 2409/2409/2409 
f 2409/2409/2409 2419/2419/2419 2409/2409/2409 
f 2409/2409/2409 2419/2419/2419 2407/2407/2407 
f 2419/2419/2419 2407/2407/2407 2407/2407/2407 
f 2407/2407/2407 2407/2407/2407 2416/2416/2416 
f 2407/2407/2407 2416/2416/2416 2416/2416/2416 
f 2416/2416/2416 2416/2416/2416 2421/2421/2421 
f 2416/2416/2416 2415/2415/2415 2421/2421/2421 
f 2421/2421/2421 2415/2415/2415 2422/2422/2422 
f 2415/2415/2415 2423/2423/2423 2422/2422/2422 
f 2422/2422/2422 2423/2423/2423 2424/2424/2424 
f 2423/2423/2423 2423/2423/2423 2424/2424/2424 
f 2424/2424/2424 2423/2423/2423 2425/2425/2425 
f 2423/2423/2423 2426/2426/2426 2425/2425/2425 
f 2425/2425/2425 2426/2426/2426 2425/2425/2425 
f 2426/2426/2426 2427/2427/2427 2425/2425/2425 
f 2425/2425/2425 2427/2427/2427 2428/2428/2428 
f 2427/2427/2427 2429/2429/2429 2428/2428/2428 
f 2428/2428/2428 2429/2429/2429 2430/2430/2430 
f 2429/2429/2429 2431/2431/2431 2430/2430/2430 
f 2430/2430/2430 2431/2431/2431 2430/2430/2430 
f 2431/2431/2431 2353/2353/2353 2430/2430/2430 
f 2430/2430/2430 2353/2353/2353 2430/2430/2430 
f 2353/2353/2353 2351/2351/2351 2430/2430/2430 
f 2430/2430/2430 2351/2351/2351 2432/2432/2432 
f 2351/2351/2351 2349/2349/2349 2432/2432/2432 
f 2432/2432/2432 2349/2349/2349 2349/2349/2349 
f 2349/2349/2349 2415/2415/2415 2349/2349/2349 
f 2349/2349/2349 2415/2415/2415 2415/2415/2415 
f 2415/2415/2415 2414/2414/2414 2415/2415/2415 
f 2415/2415/2415 2414/2414/2414 2423/2423/2423 
f 2414/2414/2414 2426/2426/2426 2423/2423/2423 
f 2423/2423/2423 2426/2426/2426 2426/2426/2426 
f 2426/2426/2426 2430/2430/2430 2426/2426/2426 
f 2426/2426/2426 2430/2430/2430 2430/2430/2430 
f 2430/2430/2430 2432/2432/2432 2430/2430/2430 
f 2430/2430/2430 2432/2432/2432 2428/2428/2428 
f 2432/2432/2432 2433/2433/2433 2428/2428/2428 
f 2428/2428/2428 2433/2433/2433 2425/2425/2425 
f 2433/2433/2433 2424/2424/2424 2425/2425/2425 
f 2425/2425/2425 2424/2424/2424 2424/2424/2424 
f 2424/2424/2424 2434/2434/2434 2424/2424/2424 
f 2424/2424/2424 2434/2434/2434 2434/2434/2434 
f 2434/2434/2434 2435/2435/2435 2434/2434/2434 
f 2434/2434/2434 2435/2435/2435 2436/2436/2436 
f 2435/2435/2435 2437/2437/2437 2436/2436/2436 
f 2436/2436/2436 2437/2437/2437 2437/2437/2437 
f 2437/2437/2437 2435/2435/2435 2437/2437/2437 
f 2437/2437/2437 2435/2435/2435 2435/2435/2435 
f 2435/2435/2435 2434/2434/2434 2435/2435/2435 
f 2435/2435/2435 2434/2434/2434 2438/2438/2438 
f 2434/2434/2434 2439/2439/2439 2438/2438/2438 
f 2438/2438/2438 2439/2439/2439 2440/2440/2440 
f 2439/2439/2439 2441/2441/2441 2440/2440/2440 
f 2440/2440/2440 2441/2441/2441 2442/2442/2442 
f 2441/2441/2441 2443/2443/2443 2442/2442/2442 
f 2442/2442/2442 2443/2443/2443 2444/2444/2444 
f 2443/2443/2443 2444/2444/2444 2444/2444/2444 
f 2444/2444/2444 2444/2444/2444 2443/2443/2443 
f 2444/2444/2444 2443/2443/2443 2443/2443/2443 
f 2443/2443/2443 2443/2443/2443 2445/2445/2445 
f 2443/2443/2443 2441/2441/2441 2445/2445/2445 
f 2445/2445/2445 2441/2441/2441 2446/2446/2446 
f 2441/2441/2441 2439/2439/2439 2446/2446/2446 
f 2446/2446/2446 2439/2439/2439 2447/2447/2447 
f 2439/2439/2439 2434/2434/2434 2447/2447/2447 
f 2447/2447/2447 2434/2434/2434 2436/2436/2436 
f 2434/2434/2434 2436/2436/2436 2436/2436/2436 
f 2436/2436/2436 2436/2436/2436 2445/2445/2445 
f 2436/2436/2436 2445/2445/2445 2445/2445/2445 
f 2445/2445/2445 2445/2445/2445 2448/2448/2448 
f 2445/2445/2445 2446/2446/2446 2448/2448/2448 
f 2448/2448/2448 2446/2446/2446 2449/2449/2449 
f 2446/2446/2446 2447/2447/2447 2449/2449/2449 
f 2449/2449/2449 2447/2447/2447 2447/2447/2447 
f 2447/2447/2447 2448/2448/2448 2447/2447/2447 
f 2447/2447/2447 2448/2448/2448 2448/2448/2448 
f 2448/2448/2448 2449/2449/2449 2448/2448/2448 
f 2448/2448/2448 2449/2449/2449 2450/2450/2450 
f 2449/2449/2449 2451/2451/2451 2450/2450/2450 
f 2450/2450/2450 2451/2451/2451 2452/2452/2452 
f 2451/2451/2451 2451/2451/2451 2452/2452/2452 
f 2452/2452/2452 2451/2451/2451 2453/2453/2453 
f 2451/2451/2451 2454/2454/2454 2453/2453/2453 
f 2453/2453/2453 2454/2454/2454 2455/2455/2455 
f 2454/2454/2454 2456/2456/2456 2455/2455/2455 
f 2455/2455/2455 2456/2456/2456 2457/2457/2457 
f 2456/2456/2456 2458/2458/2458 2457/2457/2457 
f 2457/2457/2457 2458/2458/2458 2437/2437/2437 
f 2458/2458/2458 2458/2458/2458 2437/2437/2437 
f 2437/2437/2437 2458/2458/2458 2436/2436/2436 
f 2458/2458/2458 2459/2459/2459 2436/2436/2436 
f 2436/2436/2436 2459/2459/2459 2447/2447/2447 
f 2459/2459/2459 2459/2459/2459 2447/2447/2447 
f 2447/2447/2447 2459/2459/2459 2449/2449/2449 
f 2459/2459/2459 2459/2459/2459 2449/2449/2449 
f 2449/2449/2449 2459/2459/2459 2451/2451/2451 
f 2459/2459/2459 2459/2459/2459 2451/2451/2451 
f 2451/2451/2451 2459/2459/2459 2454/2454/2454 
f 2459/2459/2459 2458/2458/2458 2454/2454/2454 
f 2454/2454/2454 2458/2458/2458 2456/2456/2456 
f 2458/2458/2458 2456/2456/2456 2456/2456/2456 
f 2456/2456/2456 2456/2456/2456 2460/2460/2460 
f 2456/2456/2456 2460/2460/2460 2460/2460/2460 
f 2460/2460/2460 2460/2460/2460 2461/2461/2461 
f 2460/2460/2460 2462/2462/2462 2461/2461/2461 
f 2461/2461/2461 2462/2462/2462 2463/2463/2463 
f 2462/2462/2462 2463/2463/2463 2463/2463/2463 
f 2463/2463/2463 2463/2463/2463 2462/2462/2462 
f 2463/2463/2463 2462/2462/2462 2462/2462/2462 
f 2462/2462/2462 2462/2462/2462 2464/2464/2464 
f 2462/2462/2462 2460/2460/2460 2464/2464/2464 
f 2464/2464/2464 2460/2460/2460 2465/2465/2465 
f 2460/2460/2460 2461/2461/2461 2465/2465/2465 
f 2465/2465/2465 2461/2461/2461 2461/2461/2461 
f 2461/2461/2461 2464/2464/2464 2461/2461/2461 
f 2461/2461/2461 2464/2464/2464 2464/2464/2464 
f 2464/2464/2464 2465/2465/2465 2464/2464/2464 
f 2464/2464/2464 2465/2465/2465 2466/2466/2466 
f 2465/2465/2465 2467/2467/2467 2466/2466/2466 
f 2466/2466/2466 2467/2467/2467 2468/2468/2468 
f 2467/2467/2467 2469/2469/2469 2468/2468/2468 
f 2468/2468/2468 2469/2469/2469 2470/2470/2470 
f 2469/2469/2469 2471/2471/2471 2470/2470/2470 
f 2470/2470/2470 2471/2471/2471 2472/2472/2472 
f 2471/2471/2471 2473/2473/2473 2472/2472/2472 
f 2472/2472/2472 2473/2473/2473 2474/2474/2474 
f 2473/2473/2473 2475/2475/2475 2474/2474/2474 
f 2474/2474/2474 2475/2475/2475 2476/2476/2476 
f 2475/2475/2475 2476/2476/2476 2476/2476/2476 
f 2476/2476/2476 2476/2476/2476 2475/2475/2475 
f 2476/2476/2476 2475/2475/2475 2475/2475/2475 
f 2475/2475/2475 2475/2475/2475 2477/2477/2477 
f 2475/2475/2475 2473/2473/2473 2477/2477/2477 
f 2477/2477/2477 2473/2473/2473 2478/2478/2478 
f 2473/2473/2473 2471/2471/2471 2478/2478/2478 
f 2478/2478/2478 2471/2471/2471 2479/2479/2479 
f 2471/2471/2471 2469/2469/2469 2479/2479/2479 
f 2479/2479/2479 2469/2469/2469 2479/2479/2479 
f 2469/2469/2469 2467/2467/2467 2479/2479/2479 
f 2479/2479/2479 2467/2467/2467 2480/2480/2480 
f 2467/2467/2467 2465/2465/2465 2480/2480/2480 
f 2480/2480/2480 2465/2465/2465 2480/2480/2480 
f 2465/2465/2465 2461/2461/2461 2480/2480/2480 
f 2480/2480/2480 2461/2461/2461 2481/2481/2481 
f 2461/2461/2461 2463/2463/2463 2481/2481/2481 
f 2481/2481/2481 2463/2463/2463 2481/2481/2481 
f 2463/2463/2463 2482/2482/2482 2481/2481/2481 
f 2481/2481/2481 2482/2482/2482 2481/2481/2481 
f 2482/2482/2482 2483/2483/2483 2481/2481/2481 
f 2481/2481/2481 2483/2483/2483 2484/2484/2484 
f 2483/2483/2483 2485/2485/2485 2484/2484/2484 
f 2484/2484/2484 2485/2485/2485 2478/2478/2478 
f 2485/2485/2485 2477/2477/2477 2478/2478/2478 
f 2478/2478/2478 2477/2477/2477 2477/2477/2477 
f 2477/2477/2477 2481/2481/2481 2477/2477/2477 
f 2477/2477/2477 2481/2481/2481 2481/2481/2481 
f 2481/2481/2481 2484/2484/2484 2481/2481/2481 
f 2481/2481/2481 2484/2484/2484 2480/2480/2480 
f 2484/2484/2484 2486/2486/2486 2480/2480/2480 
f 2480/2480/2480 2486/2486/2486 2487/2487/2487 
f 2486/2486/2486 2488/2488/2488 2487/2487/2487 
f 2487/2487/2487 2488/2488/2488 2479/2479/2479 
f 2488/2488/2488 2488/2488/2488 2479/2479/2479 
f 2479/2479/2479 2488/2488/2488 2478/2478/2478 
f 2488/2488/2488 2489/2489/2489 2478/2478/2478 
f 2478/2478/2478 2489/2489/2489 2484/2484/2484 
f 2489/2489/2489 2489/2489/2489 2484/2484/2484 
f 2484/2484/2484 2489/2489/2489 2486/2486/2486 
f 2489/2489/2489 2488/2488/2488 2486/2486/2486 
f 2486/2486/2486 2488/2488/2488 2488/2488/2488 
f 2488/2488/2488 2479/2479/2479 2488/2488/2488 
f 2488/2488/2488 2479/2479/2479 2479/2479/2479 
f 2479/2479/2479 2480/2480/2480 2479/2479/2479 
f 2479/2479/2479 2480/2480/2480 2487/2487/2487 
f 2480/2480/2480 2487/2487/2487 2487/2487/2487 
f 2487/2487/2487 2487/2487/2487 2490/2490/2490 
f 2487/2487/2487 2490/2490/2490 2490/2490/2490 
f 2490/2490/2490 2490/2490/2490 2490/2490/2490 
f 2490/2490/2490 2491/2491/2491 2490/2490/2490 
f 2490/2490/2490 2491/2491/2491 2492/2492/2492 
f 2491/2491/2491 2493/2493/2493 2492/2492/2492 
f 2492/2492/2492 2493/2493/2493 2494/2494/2494 
f 2493/2493/2493 2493/2493/2493 2494/2494/2494 
f 2494/2494/2494 2493/2493/2493 2495/2495/2495 
f 2493/2493/2493 2493/2493/2493 2495/2495/2495 
f 2495/2495/2495 2493/2493/2493 2496/2496/2496 
f 2493/2493/2493 2497/2497/2497 2496/2496/2496 
f 2496/2496/2496 2497/2497/2497 2496/2496/2496 
f 2497/2497/2497 2498/2498/2498 2496/2496/2496 
f 2496/2496/2496 2498/2498/2498 2499/2499/2499 
f 2498/2498/2498 2500/2500/2500 2499/2499/2499 
f 2499/2499/2499 2500/2500/2500 2501/2501/2501 
f 2500/2500/2500 2501/2501/2501 2501/2501/2501 
f 2501/2501/2501 2501/2501/2501 2493/2493/2493 
f 2501/2501/2501 2493/2493/2493 2493/2493/2493 
f 2493/2493/2493 2493/2493/2493 2497/2497/2497 
f 2493/2493/2493 2491/2491/2491 2497/2497/2497 
f 2497/2497/2497 2491/2491/2491 2491/2491/2491 
f 2491/2491/2491 2494/2494/2494 2491/2491/2491 
f 2491/2491/2491 2494/2494/2494 2494/2494/2494 
f 2494/2494/2494 2495/2495/2495 2494/2494/2494 
f 2494/2494/2494 2495/2495/2495 2502/2502/2502 
f 2495/2495/2495 2503/2503/2503 2502/2502/2502 
f 2502/2502/2502 2503/2503/2503 2504/2504/2504 
f 2503/2503/2503 2505/2505/2505 2504/2504/2504 
f 2504/2504/2504 2505/2505/2505 2506/2506/2506 
f 2505/2505/2505 2507/2507/2507 2506/2506/2506 
f 2506/2506/2506 2507/2507/2507 2508/2508/2508 
f 2507/2507/2507 2509/2509/2509 2508/2508/2508 
f 2508/2508/2508 2509/2509/2509 2510/2510/2510 
f 2509/2509/2509 2511/2511/2511 2510/2510/2510 
f 2510/2510/2510 2511/2511/2511 2512/2512/2512 
f 2511/2511/2511 2513/2513/2513 2512/2512/2512 
f 2512/2512/2512 2513/2513/2513 2514/2514/2514 
f 2513/2513/2513 2513/2513/2513 2514/2514/2514 
f 2514/2514/2514 2513/2513/2513 2515/2515/2515 
f 2513/2513/2513 2516/2516/2516 2515/2515/2515 
f 2515/2515/2515 2516/2516/2516 2517/2517/2517 
f 2516/2516/2516 2517/2517/2517 2517/2517/2517 
f 2517/2517/2517 2517/2517/2517 2516/2516/2516 
f 2517/2517/2517 2516/2516/2516 2516/2516/2516 
f 2516/2516/2516 2516/2516/2516 2518/2518/2518 
f 2516/2516/2516 2513/2513/2513 2518/2518/2518 
f 2518/2518/2518 2513/2513/2513 2518/2518/2518 
f 2513/2513/2513 2511/2511/2511 2518/2518/2518 
f 2518/2518/2518 2511/2511/2511 2519/2519/2519 
f 2511/2511/2511 2509/2509/2509 2519/2519/2519 
f 2519/2519/2519 2509/2509/2509 2520/2520/2520 
f 2509/2509/2509 2507/2507/2507 2520/2520/2520 
f 2520/2520/2520 2507/2507/2507 2521/2521/2521 
f 2507/2507/2507 2505/2505/2505 2521/2521/2521 
f 2521/2521/2521 2505/2505/2505 2522/2522/2522 
f 2505/2505/2505 2503/2503/2503 2522/2522/2522 
f 2522/2522/2522 2503/2503/2503 2523/2523/2523 
f 2503/2503/2503 2495/2495/2495 2523/2523/2523 
f 2523/2523/2523 2495/2495/2495 2523/2523/2523 
f 2495/2495/2495 2496/2496/2496 2523/2523/2523 
f 2523/2523/2523 2496/2496/2496 2523/2523/2523 
f 2496/2496/2496 2499/2499/2499 2523/2523/2523 
f 2523/2523/2523 2499/2499/2499 2524/2524/2524 
f 2499/2499/2499 2501/2501/2501 2524/2524/2524 
f 2524/2524/2524 2501/2501/2501 2524/2524/2524 
f 2501/2501/2501 2525/2525/2525 2524/2524/2524 
f 2524/2524/2524 2525/2525/2525 2524/2524/2524 
f 2525/2525/2525 2526/2526/2526 2524/2524/2524 
f 2524/2524/2524 2526/2526/2526 2524/2524/2524 
f 2526/2526/2526 2527/2527/2527 2524/2524/2524 
f 2524/2524/2524 2527/2527/2527 2522/2522/2522 
f 2527/2527/2527 2527/2527/2527 2522/2522/2522 
f 2522/2522/2522 2527/2527/2527 2521/2521/2521 
f 2527/2527/2527 2528/2528/2528 2521/2521/2521 
f 2521/2521/2521 2528/2528/2528 2520/2520/2520 
f 2528/2528/2528 2529/2529/2529 2520/2520/2520 
f 2520/2520/2520 2529/2529/2529 2519/2519/2519 
f 2529/2529/2529 2530/2530/2530 2519/2519/2519 
f 2519/2519/2519 2530/2530/2530 2518/2518/2518 
f 2530/2530/2530 2531/2531/2531 2518/2518/2518 
f 2518/2518/2518 2531/2531/2531 2516/2516/2516 
f 2531/2531/2531 2532/2532/2532 2516/2516/2516 
f 2516/2516/2516 2532/2532/2532 2517/2517/2517 
f 2532/2532/2532 2532/2532/2532 2517/2517/2517 
f 2517/2517/2517 2532/2532/2532 2533/2533/2533 
f 2532/2532/2532 2534/2534/2534 2533/2533/2533 
f 2533/2533/2533 2534/2534/2534 2535/2535/2535 
f 2534/2534/2534 2535/2535/2535 2535/2535/2535 
f 2535/2535/2535 2535/2535/2535 2522/2522/2522 
f 2535/2535/2535 2522/2522/2522 2522/2522/2522 
f 2522/2522/2522 2522/2522/2522 2524/2524/2524 
f 2522/2522/2522 2523/2523/2523 2524/2524/2524 
f 2524/2524/2524 2523/2523/2523 2523/2523/2523 
f 2523/2523/2523 2534/2534/2534 2523/2523/2523 
f 2523/2523/2523 2534/2534/2534 2534/2534/2534 
f 2534/2534/2534 2532/2532/2532 2534/2534/2534 
f 2534/2534/2534 2532/2532/2532 2536/2536/2536 
f 2532/2532/2532 2531/2531/2531 2536/2536/2536 
f 2536/2536/2536 2531/2531/2531 2537/2537/2537 
f 2531/2531/2531 2530/2530/2530 2537/2537/2537 
f 2537/2537/2537 2530/2530/2530 2537/2537/2537 
f 2530/2530/2530 2529/2529/2529 2537/2537/2537 
f 2537/2537/2537 2529/2529/2529 2538/2538/2538 
f 2529/2529/2529 2528/2528/2528 2538/2538/2538 
f 2538/2538/2538 2528/2528/2528 2539/2539/2539 
f 2528/2528/2528 2527/2527/2527 2539/2539/2539 
f 2539/2539/2539 2527/2527/2527 2526/2526/2526 
f 2527/2527/2527 2526/2526/2526 2526/2526/2526 
f 2526/2526/2526 2526/2526/2526 2540/2540/2540 
f 2526/2526/2526 2540/2540/2540 2540/2540/2540 
f 2540/2540/2540 2540/2540/2540 2541/2541/2541 
f 2540/2540/2540 2542/2542/2542 2541/2541/2541 
f 2541/2541/2541 2542/2542/2542 2541/2541/2541 
f 2542/2542/2542 2543/2543/2543 2541/2541/2541 
f 2541/2541/2541 2543/2543/2543 2541/2541/2541 
f 2543/2543/2543 2544/2544/2544 2541/2541/2541 
f 2541/2541/2541 2544/2544/2544 2545/2545/2545 
f 2544/2544/2544 2546/2546/2546 2545/2545/2545 
f 2545/2545/2545 2546/2546/2546 2547/2547/2547 
f 2546/2546/2546 2548/2548/2548 2547/2547/2547 
f 2547/2547/2547 2548/2548/2548 2549/2549/2549 
f 2548/2548/2548 2550/2550/2550 2549/2549/2549 
f 2549/2549/2549 2550/2550/2550 2551/2551/2551 
f 2550/2550/2550 2550/2550/2550 2551/2551/2551 
f 2551/2551/2551 2550/2550/2550 2552/2552/2552 
f 2550/2550/2550 2553/2553/2553 2552/2552/2552 
f 2552/2552/2552 2553/2553/2553 2554/2554/2554 
f 2553/2553/2553 2553/2553/2553 2554/2554/2554 
f 2554/2554/2554 2553/2553/2553 2555/2555/2555 
f 2553/2553/2553 2556/2556/2556 2555/2555/2555 
f 2555/2555/2555 2556/2556/2556 2557/2557/2557 
f 2556/2556/2556 2557/2557/2557 2557/2557/2557 
f 2557/2557/2557 2557/2557/2557 2556/2556/2556 
f 2557/2557/2557 2556/2556/2556 2556/2556/2556 
f 2556/2556/2556 2556/2556/2556 2558/2558/2558 
f 2556/2556/2556 2553/2553/2553 2558/2558/2558 
f 2558/2558/2558 2553/2553/2553 2558/2558/2558 
f 2553/2553/2553 2550/2550/2550 2558/2558/2558 
f 2558/2558/2558 2550/2550/2550 2559/2559/2559 
f 2550/2550/2550 2548/2548/2548 2559/2559/2559 
f 2559/2559/2559 2548/2548/2548 2560/2560/2560 
f 2548/2548/2548 2546/2546/2546 2560/2560/2560 
f 2560/2560/2560 2546/2546/2546 2561/2561/2561 
f 2546/2546/2546 2544/2544/2544 2561/2561/2561 
f 2561/2561/2561 2544/2544/2544 2562/2562/2562 
f 2544/2544/2544 2543/2543/2543 2562/2562/2562 
f 2562/2562/2562 2543/2543/2543 2563/2563/2563 
f 2543/2543/2543 2542/2542/2542 2563/2563/2563 
f 2563/2563/2563 2542/2542/2542 2564/2564/2564 
f 2542/2542/2542 2565/2565/2565 2564/2564/2564 
f 2564/2564/2564 2565/2565/2565 2566/2566/2566 
f 2565/2565/2565 2565/2565/2565 2566/2566/2566 
f 2566/2566/2566 2565/2565/2565 2567/2567/2567 
f 2565/2565/2565 2568/2568/2568 2567/2567/2567 
f 2567/2567/2567 2568/2568/2568 2569/2569/2569 
f 2568/2568/2568 2569/2569/2569 2569/2569/2569 
f 2569/2569/2569 2569/2569/2569 2542/2542/2542 
f 2569/2569/2569 2542/2542/2542 2542/2542/2542 
f 2542/2542/2542 2542/2542/2542 2565/2565/2565 
f 2542/2542/2542 2540/2540/2540 2565/2565/2565 
f 2565/2565/2565 2540/2540/2540 2568/2568/2568 
f 2540/2540/2540 2568/2568/2568 2568/2568/2568 
f 2568/2568/2568 2568/2568/2568 2566/2566/2566 
f 2568/2568/2568 2566/2566/2566 2566/2566/2566 
f 2566/2566/2566 2566/2566/2566 2564/2564/2564 
f 2566/2566/2566 2570/2570/2570 2564/2564/2564 
f 2564/2564/2564 2570/2570/2570 2571/2571/2571 
f 2570/2570/2570 2572/2572/2572 2571/2571/2571 
f 2571/2571/2571 2572/2572/2572 2571/2571/2571 
f 2572/2572/2572 2573/2573/2573 2571/2571/2571 
f 2571/2571/2571 2573/2573/2573 2574/2574/2574 
f 2573/2573/2573 2575/2575/2575 2574/2574/2574 
f 2574/2574/2574 2575/2575/2575 2576/2576/2576 
f 2575/2575/2575 2577/2577/2577 2576/2576/2576 
f 2576/2576/2576 2577/2577/2577 2578/2578/2578 
f 2577/2577/2577 2579/2579/2579 2578/2578/2578 
f 2578/2578/2578 2579/2579/2579 2579/2579/2579 
f 2579/2579/2579 2564/2564/2564 2579/2579/2579 
f 2579/2579/2579 2564/2564/2564 2564/2564/2564 
f 2564/2564/2564 2571/2571/2571 2564/2564/2564 
f 2564/2564/2564 2571/2571/2571 2563/2563/2563 
f 2571/2571/2571 2574/2574/2574 2563/2563/2563 
f 2563/2563/2563 2574/2574/2574 2562/2562/2562 
f 2574/2574/2574 2576/2576/2576 2562/2562/2562 
f 2562/2562/2562 2576/2576/2576 2561/2561/2561 
f 2576/2576/2576 2578/2578/2578 2561/2561/2561 
f 2561/2561/2561 2578/2578/2578 2560/2560/2560 
f 2578/2578/2578 2580/2580/2580 2560/2560/2560 
f 2560/2560/2560 2580/2580/2580 2559/2559/2559 
f 2580/2580/2580 2581/2581/2581 2559/2559/2559 
f 2559/2559/2559 2581/2581/2581 2558/2558/2558 
f 2581/2581/2581 2582/2582/2582 2558/2558/2558 
f 2558/2558/2558 2582/2582/2582 2556/2556/2556 
f 2582/2582/2582 2556/2556/2556 2556/2556/2556 
f 2556/2556/2556 2556/2556/2556 2578/2578/2578 
f 2556/2556/2556 2578/2578/2578 2578/2578/2578 
f 2578/2578/2578 2578/2578/2578 2580/2580/2580 
f 2578/2578/2578 2579/2579/2579 2580/2580/2580 
f 2580/2580/2580 2579/2579/2579 2580/2580/2580 
f 2579/2579/2579 2583/2583/2583 2580/2580/2580 
f 2580/2580/2580 2583/2583/2583 2581/2581/2581 
f 2583/2583/2583 2584/2584/2584 2581/2581/2581 
f 2581/2581/2581 2584/2584/2584 2582/2582/2582 
f 2584/2584/2584 2585/2585/2585 2582/2582/2582 
f 2582/2582/2582 2585/2585/2585 2586/2586/2586 
f 2585/2585/2585 2587/2587/2587 2586/2586/2586 
f 2586/2586/2586 2587/2587/2587 2588/2588/2588 
f 2587/2587/2587 2589/2589/2589 2588/2588/2588 
f 2588/2588/2588 2589/2589/2589 2589/2589/2589 
f 2589/2589/2589 2582/2582/2582 2589/2589/2589 
f 2589/2589/2589 2582/2582/2582 2582/2582/2582 
f 2582/2582/2582 2586/2586/2586 2582/2582/2582 
f 2582/2582/2582 2586/2586/2586 2556/2556/2556 
f 2586/2586/2586 2586/2586/2586 2556/2556/2556 
f 2556/2556/2556 2586/2586/2586 2557/2557/2557 
f 2586/2586/2586 2588/2588/2588 2557/2557/2557 
f 2557/2557/2557 2588/2588/2588 2588/2588/2588 
f 2588/2588/2588 2590/2590/2590 2588/2588/2588 
f 2588/2588/2588 2590/2590/2590 2590/2590/2590 
f 2590/2590/2590 2591/2591/2591 2590/2590/2590 
f 2590/2590/2590 2591/2591/2591 2592/2592/2592 
f 2591/2591/2591 2593/2593/2593 2592/2592/2592 
f 2592/2592/2592 2593/2593/2593 2594/2594/2594 
f 2593/2593/2593 2595/2595/2595 2594/2594/2594 
f 2594/2594/2594 2595/2595/2595 2594/2594/2594 
f 2595/2595/2595 2596/2596/2596 2594/2594/2594 
f 2594/2594/2594 2596/2596/2596 2597/2597/2597 
f 2596/2596/2596 2596/2596/2596 2597/2597/2597 
f 2597/2597/2597 2596/2596/2596 2598/2598/2598 
f 2596/2596/2596 2599/2599/2599 2598/2598/2598 
f 2598/2598/2598 2599/2599/2599 2600/2600/2600 
f 2599/2599/2599 2601/2601/2601 2600/2600/2600 
f 2600/2600/2600 2601/2601/2601 2602/2602/2602 
f 2601/2601/2601 2603/2603/2603 2602/2602/2602 
f 2602/2602/2602 2603/2603/2603 2604/2604/2604 
f 2603/2603/2603 2605/2605/2605 2604/2604/2604 
f 2604/2604/2604 2605/2605/2605 2606/2606/2606 
f 2605/2605/2605 2607/2607/2607 2606/2606/2606 
f 2606/2606/2606 2607/2607/2607 2608/2608/2608 
f 2607/2607/2607 2609/2609/2609 2608/2608/2608 
f 2608/2608/2608 2609/2609/2609 2610/2610/2610 
f 2609/2609/2609 2609/2609/2609 2610/2610/2610 
f 2610/2610/2610 2609/2609/2609 2611/2611/2611 
f 2609/2609/2609 2607/2607/2607 2611/2611/2611 
f 2611/2611/2611 2607/2607/2607 2607/2607/2607 
f 2607/2607/2607 2597/2597/2597 2607/2607/2607 
f 2607/2607/2607 2597/2597/2597 2597/2597/2597 
f 2597/2597/2597 2612/2612/2612 2597/2597/2597 
f 2597/2597/2597 2612/2612/2612 2594/2594/2594 
f 2612/2612/2612 2592/2592/2592 2594/2594/2594 
f 2594/2594/2594 2592/2592/2592 2592/2592/2592 
f 2592/2592/2592 2596/2596/2596 2592/2592/2592 
f 2592/2592/2592 2596/2596/2596 2596/2596/2596 
f 2596/2596/2596 2595/2595/2595 2596/2596/2596 
f 2596/2596/2596 2595/2595/2595 2599/2599/2599 
f 2595/2595/2595 2599/2599/2599 2599/2599/2599 
f 2599/2599/2599 2599/2599/2599 2610/2610/2610 
f 2599/2599/2599 2610/2610/2610 2610/2610/2610 
f 2610/2610/2610 2610/2610/2610 2613/2613/2613 
f 2610/2610/2610 2611/2611/2611 2613/2613/2613 
f 2613/2613/2613 2611/2611/2611 2614/2614/2614 
f 2611/2611/2611 2611/2611/2611 2614/2614/2614 
f 2614/2614/2614 2611/2611/2611 2615/2615/2615 
f 2611/2611/2611 2607/2607/2607 2615/2615/2615 
f 2615/2615/2615 2607/2607/2607 2605/2605/2605 
f 2607/2607/2607 2605/2605/2605 2605/2605/2605 
f 2605/2605/2605 2605/2605/2605 2613/2613/2613 
f 2605/2605/2605 2613/2613/2613 2613/2613/2613 
f 2613/2613/2613 2613/2613/2613 2616/2616/2616 
f 2613/2613/2613 2614/2614/2614 2616/2616/2616 
f 2616/2616/2616 2614/2614/2614 2617/2617/2617 
f 2614/2614/2614 2614/2614/2614 2617/2617/2617 
f 2617/2617/2617 2614/2614/2614 2618/2618/2618 
f 2614/2614/2614 2615/2615/2615 2618/2618/2618 
f 2618/2618/2618 2615/2615/2615 2619/2619/2619 
f 2615/2615/2615 2605/2605/2605 2619/2619/2619 
f 2619/2619/2619 2605/2605/2605 2620/2620/2620 
f 2605/2605/2605 2605/2605/2605 2620/2620/2620 
f 2620/2620/2620 2605/2605/2605 2621/2621/2621 
f 2605/2605/2605 2603/2603/2603 2621/2621/2621 
f 2621/2621/2621 2603/2603/2603 2622/2622/2622 
f 2603/2603/2603 2601/2601/2601 2622/2622/2622 
f 2622/2622/2622 2601/2601/2601 2623/2623/2623 
f 2601/2601/2601 2601/2601/2601 2623/2623/2623 
f 2623/2623/2623 2601/2601/2601 2624/2624/2624 
f 2601/2601/2601 2599/2599/2599 2624/2624/2624 
f 2624/2624/2624 2599/2599/2599 2624/2624/2624 
f 2599/2599/2599 2595/2595/2595 2624/2624/2624 
f 2624/2624/2624 2595/2595/2595 2625/2625/2625 
f 2595/2595/2595 2593/2593/2593 2625/2625/2625 
f 2625/2625/2625 2593/2593/2593 2626/2626/2626 
f 2593/2593/2593 2591/2591/2591 2626/2626/2626 
f 2626/2626/2626 2591/2591/2591 2627/2627/2627 
f 2591/2591/2591 2591/2591/2591 2627/2627/2627 
f 2627/2627/2627 2591/2591/2591 2628/2628/2628 
f 2591/2591/2591 2590/2590/2590 2628/2628/2628 
f 2628/2628/2628 2590/2590/2590 2629/2629/2629 
f 2590/2590/2590 2592/2592/2592 2629/2629/2629 
f 2629/2629/2629 2592/2592/2592 2612/2612/2612 
f 2592/2592/2592 2612/2612/2612 2612/2612/2612 
f 2612/2612/2612 2612/2612/2612 2617/2617/2617 
f 2612/2612/2612 2617/2617/2617 2617/2617/2617 
f 2617/2617/2617 2617/2617/2617 2616/2616/2616 
f 2617/2617/2617 2630/2630/2630 2616/2616/2616 
f 2616/2616/2616 2630/2630/2630 2630/2630/2630 
f 2630/2630/2630 2627/2627/2627 2630/2630/2630 
f 2630/2630/2630 2627/2627/2627 2627/2627/2627 
f 2627/2627/2627 2631/2631/2631 2627/2627/2627 
f 2627/2627/2627 2631/2631/2631 2626/2626/2626 
f 2631/2631/2631 2632/2632/2632 2626/2626/2626 
f 2626/2626/2626 2632/2632/2632 2625/2625/2625 
f 2632/2632/2632 2633/2633/2633 2625/2625/2625 
f 2625/2625/2625 2633/2633/2633 2624/2624/2624 
f 2633/2633/2633 2624/2624/2624 2624/2624/2624 
f 2624/2624/2624 2624/2624/2624 2631/2631/2631 
f 2624/2624/2624 2631/2631/2631 2631/2631/2631 
f 2631/2631/2631 2631/2631/2631 2632/2632/2632 
f 2631/2631/2631 2634/2634/2634 2632/2632/2632 
f 2632/2632/2632 2634/2634/2634 2635/2635/2635 
f 2634/2634/2634 2636/2636/2636 2635/2635/2635 
f 2635/2635/2635 2636/2636/2636 2637/2637/2637 
f 2636/2636/2636 2630/2630/2630 2637/2637/2637 
f 2637/2637/2637 2630/2630/2630 2637/2637/2637 
f 2630/2630/2630 2617/2617/2617 2637/2637/2637 
f 2637/2637/2637 2617/2617/2617 2637/2637/2637 
f 2617/2617/2617 2618/2618/2618 2637/2637/2637 
f 2637/2637/2637 2618/2618/2618 2637/2637/2637 
f 2618/2618/2618 2638/2638/2638 2637/2637/2637 
f 2637/2637/2637 2638/2638/2638 2635/2635/2635 
f 2638/2638/2638 2633/2633/2633 2635/2635/2635 
f 2635/2635/2635 2633/2633/2633 2632/2632/2632 
f 2633/2633/2633 2632/2632/2632 2632/2632/2632 
f 2632/2632/2632 2632/2632/2632 2638/2638/2638 
f 2632/2632/2632 2638/2638/2638 2638/2638/2638 
f 2638/2638/2638 2638/2638/2638 2633/2633/2633 
f 2638/2638/2638 2639/2639/2639 2633/2633/2633 
f 2633/2633/2633 2639/2639/2639 2624/2624/2624 
f 2639/2639/2639 2640/2640/2640 2624/2624/2624 
f 2624/2624/2624 2640/2640/2640 2623/2623/2623 
f 2640/2640/2640 2641/2641/2641 2623/2623/2623 
f 2623/2623/2623 2641/2641/2641 2623/2623/2623 
f 2641/2641/2641 2642/2642/2642 2623/2623/2623 
f 2623/2623/2623 2642/2642/2642 2622/2622/2622 
f 2642/2642/2642 2643/2643/2643 2622/2622/2622 
f 2622/2622/2622 2643/2643/2643 2621/2621/2621 
f 2643/2643/2643 2644/2644/2644 2621/2621/2621 
f 2621/2621/2621 2644/2644/2644 2620/2620/2620 
f 2644/2644/2644 2620/2620/2620 2620/2620/2620 
f 2620/2620/2620 2620/2620/2620 2644/2644/2644 
f 2620/2620/2620 2644/2644/2644 2644/2644/2644 
f 2644/2644/2644 2644/2644/2644 2645/2645/2645 
f 2644/2644/2644 2643/2643/2643 2645/2645/2645 
f 2645/2645/2645 2643/2643/2643 2646/2646/2646 
f 2643/2643/2643 2642/2642/2642 2646/2646/2646 
f 2646/2646/2646 2642/2642/2642 2647/2647/2647 
f 2642/2642/2642 2641/2641/2641 2647/2647/2647 
f 2647/2647/2647 2641/2641/2641 2648/2648/2648 
f 2641/2641/2641 2641/2641/2641 2648/2648/2648 
f 2648/2648/2648 2641/2641/2641 2649/2649/2649 
f 2641/2641/2641 2640/2640/2640 2649/2649/2649 
f 2649/2649/2649 2640/2640/2640 2650/2650/2650 
f 2640/2640/2640 2639/2639/2639 2650/2650/2650 
f 2650/2650/2650 2639/2639/2639 2619/2619/2619 
f 2639/2639/2639 2638/2638/2638 2619/2619/2619 
f 2619/2619/2619 2638/2638/2638 2618/2618/2618 
f 2638/2638/2638 2618/2618/2618 2618/2618/2618 
f 2618/2618/2618 2618/2618/2618 2646/2646/2646 
f 2618/2618/2618 2646/2646/2646 2646/2646/2646 
f 2646/2646/2646 2646/2646/2646 2645/2645/2645 
f 2646/2646/2646 2647/2647/2647 2645/2645/2645 
f 2645/2645/2645 2647/2647/2647 2651/2651/2651 
f 2647/2647/2647 2648/2648/2648 2651/2651/2651 
f 2651/2651/2651 2648/2648/2648 2648/2648/2648 
f 2648/2648/2648 2645/2645/2645 2648/2648/2648 
f 2648/2648/2648 2645/2645/2645 2645/2645/2645 
f 2645/2645/2645 2651/2651/2651 2645/2645/2645 
f 2645/2645/2645 2651/2651/2651 2644/2644/2644 
f 2651/2651/2651 2652/2652/2652 2644/2644/2644 
f 2644/2644/2644 2652/2652/2652 2620/2620/2620 
f 2652/2652/2652 2650/2650/2650 2620/2620/2620 
f 2620/2620/2620 2650/2650/2650 2619/2619/2619 
f 2650/2650/2650 2619/2619/2619 2619/2619/2619 
f 2619/2619/2619 2619/2619/2619 2650/2650/2650 
f 2619/2619/2619 2650/2650/2650 2650/2650/2650 
f 2650/2650/2650 2650/2650/2650 2649/2649/2649 
f 2650/2650/2650 2652/2652/2652 2649/2649/2649 
f 2649/2649/2649 2652/2652/2652 2653/2653/2653 
f 2652/2652/2652 2651/2651/2651 2653/2653/2653 
f 2653/2653/2653 2651/2651/2651 2653/2653/2653 
f 2651/2651/2651 2648/2648/2648 2653/2653/2653 
f 2653/2653/2653 2648/2648/2648 2649/2649/2649 
f 2648/2648/2648 2649/2649/2649 2649/2649/2649 
f 2649/2649/2649 2649/2649/2649 2654/2654/2654 
f 2649/2649/2649 2654/2654/2654 2654/2654/2654 
f 2654/2654/2654 2654/2654/2654 2655/2655/2655 
f 2654/2654/2654 2656/2656/2656 2655/2655/2655 
f 2655/2655/2655 2656/2656/2656 2657/2657/2657 
f 2656/2656/2656 2658/2658/2658 2657/2657/2657 
f 2657/2657/2657 2658/2658/2658 2657/2657/2657 
f 2658/2658/2658 2659/2659/2659 2657/2657/2657 
f 2657/2657/2657 2659/2659/2659 2660/2660/2660 
f 2659/2659/2659 2661/2661/2661 2660/2660/2660 
f 2660/2660/2660 2661/2661/2661 2662/2662/2662 
f 2661/2661/2661 2663/2663/2663 2662/2662/2662 
f 2662/2662/2662 2663/2663/2663 2662/2662/2662 
f 2663/2663/2663 2664/2664/2664 2662/2662/2662 
f 2662/2662/2662 2664/2664/2664 2662/2662/2662 
f 2664/2664/2664 2665/2665/2665 2662/2662/2662 
f 2662/2662/2662 2665/2665/2665 2666/2666/2666 
f 2665/2665/2665 2665/2665/2665 2666/2666/2666 
f 2666/2666/2666 2665/2665/2665 2667/2667/2667 
f 2665/2665/2665 2668/2668/2668 2667/2667/2667 
f 2667/2667/2667 2668/2668/2668 2669/2669/2669 
f 2668/2668/2668 2668/2668/2668 2669/2669/2669 
f 2669/2669/2669 2668/2668/2668 2670/2670/2670 
f 2668/2668/2668 2671/2671/2671 2670/2670/2670 
f 2670/2670/2670 2671/2671/2671 2672/2672/2672 
f 2671/2671/2671 2671/2671/2671 2672/2672/2672 
f 2672/2672/2672 2671/2671/2671 2673/2673/2673 
f 2671/2671/2671 2671/2671/2671 2673/2673/2673 
f 2673/2673/2673 2671/2671/2671 2674/2674/2674 
f 2671/2671/2671 2671/2671/2671 2674/2674/2674 
f 2674/2674/2674 2671/2671/2671 2675/2675/2675 
f 2671/2671/2671 2668/2668/2668 2675/2675/2675 
f 2675/2675/2675 2668/2668/2668 2675/2675/2675 
f 2668/2668/2668 2665/2665/2665 2675/2675/2675 
f 2675/2675/2675 2665/2665/2665 2664/2664/2664 
f 2665/2665/2665 2664/2664/2664 2664/2664/2664 
f 2664/2664/2664 2664/2664/2664 2655/2655/2655 
f 2664/2664/2664 2655/2655/2655 2655/2655/2655 
f 2655/2655/2655 2655/2655/2655 2676/2676/2676 
f 2655/2655/2655 2657/2657/2657 2676/2676/2676 
f 2676/2676/2676 2657/2657/2657 2676/2676/2676 
f 2657/2657/2657 2660/2660/2660 2676/2676/2676 
f 2676/2676/2676 2660/2660/2660 2666/2666/2666 
f 2660/2660/2660 2662/2662/2662 2666/2666/2666 
f 2666/2666/2666 2662/2662/2662 2662/2662/2662 
f 2662/2662/2662 2670/2670/2670 2662/2662/2662 
f 2662/2662/2662 2670/2670/2670 2670/2670/2670 
f 2670/2670/2670 2672/2672/2672 2670/2670/2670 
f 2670/2670/2670 2672/2672/2672 2677/2677/2677 
f 2672/2672/2672 2677/2677/2677 2677/2677/2677 
f 2677/2677/2677 2677/2677/2677 2678/2678/2678 
f 2677/2677/2677 2678/2678/2678 2678/2678/2678 
f 2678/2678/2678 2678/2678/2678 2679/2679/2679 
f 2678/2678/2678 2680/2680/2680 2679/2679/2679 
f 2679/2679/2679 2680/2680/2680 2679/2679/2679 
f 2680/2680/2680 2681/2681/2681 2679/2679/2679 
f 2679/2679/2679 2681/2681/2681 2682/2682/2682 
f 2681/2681/2681 2681/2681/2681 2682/2682/2682 
f 2682/2682/2682 2681/2681/2681 2683/2683/2683 
f 2681/2681/2681 2684/2684/2684 2683/2683/2683 
f 2683/2683/2683 2684/2684/2684 2685/2685/2685 
f 2684/2684/2684 2686/2686/2686 2685/2685/2685 
f 2685/2685/2685 2686/2686/2686 2687/2687/2687 
f 2686/2686/2686 2688/2688/2688 2687/2687/2687 
f 2687/2687/2687 2688/2688/2688 2689/2689/2689 
f 2688/2688/2688 2690/2690/2690 2689/2689/2689 
f 2689/2689/2689 2690/2690/2690 2691/2691/2691 
f 2690/2690/2690 2692/2692/2692 2691/2691/2691 
f 2691/2691/2691 2692/2692/2692 2693/2693/2693 
f 2692/2692/2692 2694/2694/2694 2693/2693/2693 
f 2693/2693/2693 2694/2694/2694 2695/2695/2695 
f 2694/2694/2694 2696/2696/2696 2695/2695/2695 
f 2695/2695/2695 2696/2696/2696 2697/2697/2697 
f 2696/2696/2696 2696/2696/2696 2697/2697/2697 
f 2697/2697/2697 2696/2696/2696 2698/2698/2698 
f 2696/2696/2696 2694/2694/2694 2698/2698/2698 
f 2698/2698/2698 2694/2694/2694 2698/2698/2698 
f 2694/2694/2694 2692/2692/2692 2698/2698/2698 
f 2698/2698/2698 2692/2692/2692 2698/2698/2698 
f 2692/2692/2692 2690/2690/2690 2698/2698/2698 
f 2698/2698/2698 2690/2690/2690 2699/2699/2699 
f 2690/2690/2690 2681/2681/2681 2699/2699/2699 
f 2699/2699/2699 2681/2681/2681 2700/2700/2700 
f 2681/2681/2681 2681/2681/2681 2700/2700/2700 
f 2700/2700/2700 2681/2681/2681 2701/2701/2701 
f 2681/2681/2681 2680/2680/2680 2701/2701/2701 
f 2701/2701/2701 2680/2680/2680 2702/2702/2702 
f 2680/2680/2680 2678/2678/2678 2702/2702/2702 
f 2702/2702/2702 2678/2678/2678 2678/2678/2678 
f 2678/2678/2678 2679/2679/2679 2678/2678/2678 
f 2678/2678/2678 2679/2679/2679 2679/2679/2679 
f 2679/2679/2679 2682/2682/2682 2679/2679/2679 
f 2679/2679/2679 2682/2682/2682 2678/2678/2678 
f 2682/2682/2682 2678/2678/2678 2678/2678/2678 
f 2678/2678/2678 2678/2678/2678 2686/2686/2686 
f 2678/2678/2678 2686/2686/2686 2686/2686/2686 
f 2686/2686/2686 2686/2686/2686 2688/2688/2688 
f 2686/2686/2686 2684/2684/2684 2688/2688/2688 
f 2688/2688/2688 2684/2684/2684 2688/2688/2688 
f 2684/2684/2684 2681/2681/2681 2688/2688/2688 
f 2688/2688/2688 2681/2681/2681 2690/2690/2690 
f 2681/2681/2681 2690/2690/2690 2690/2690/2690 
f 2690/2690/2690 2690/2690/2690 2699/2699/2699 
f 2690/2690/2690 2699/2699/2699 2699/2699/2699 
f 2699/2699/2699 2699/2699/2699 2698/2698/2698 
f 2699/2699/2699 2700/2700/2700 2698/2698/2698 
f 2698/2698/2698 2700/2700/2700 2703/2703/2703 
f 2700/2700/2700 2704/2704/2704 2703/2703/2703 
f 2703/2703/2703 2704/2704/2704 2703/2703/2703 
f 2704/2704/2704 2705/2705/2705 2703/2703/2703 
f 2703/2703/2703 2705/2705/2705 2706/2706/2706 
f 2705/2705/2705 2707/2707/2707 2706/2706/2706 
f 2706/2706/2706 2707/2707/2707 2707/2707/2707 
f 2707/2707/2707 2702/2702/2702 2707/2707/2707 
f 2707/2707/2707 2702/2702/2702 2702/2702/2702 
f 2702/2702/2702 2708/2708/2708 2702/2702/2702 
f 2702/2702/2702 2708/2708/2708 2701/2701/2701 
f 2708/2708/2708 2708/2708/2708 2701/2701/2701 
f 2701/2701/2701 2708/2708/2708 2700/2700/2700 
f 2708/2708/2708 2704/2704/2704 2700/2700/2700 
f 2700/2700/2700 2704/2704/2704 2704/2704/2704 
f 2704/2704/2704 2697/2697/2697 2704/2704/2704 
f 2704/2704/2704 2697/2697/2697 2697/2697/2697 
f 2697/2697/2697 2698/2698/2698 2697/2697/2697 
f 2697/2697/2697 2698/2698/2698 2709/2709/2709 
f 2698/2698/2698 2710/2710/2710 2709/2709/2709 
f 2709/2709/2709 2710/2710/2710 2711/2711/2711 
f 2710/2710/2710 2710/2710/2710 2711/2711/2711 
f 2711/2711/2711 2710/2710/2710 2706/2706/2706 
f 2710/2710/2710 2710/2710/2710 2706/2706/2706 
f 2706/2706/2706 2710/2710/2710 2703/2703/2703 
f 2710/2710/2710 2698/2698/2698 2703/2703/2703 
f 2703/2703/2703 2698/2698/2698 2698/2698/2698 
f 2698/2698/2698 2712/2712/2712 2698/2698/2698 
f 2698/2698/2698 2712/2712/2712 2712/2712/2712 
f 2712/2712/2712 2713/2713/2713 2712/2712/2712 
f 2712/2712/2712 2713/2713/2713 2714/2714/2714 
f 2713/2713/2713 2713/2713/2713 2714/2714/2714 
f 2714/2714/2714 2713/2713/2713 2715/2715/2715 
f 2713/2713/2713 2716/2716/2716 2715/2715/2715 
f 2715/2715/2715 2716/2716/2716 2717/2717/2717 
f 2716/2716/2716 2718/2718/2718 2717/2717/2717 
f 2717/2717/2717 2718/2718/2718 2717/2717/2717 
f 2718/2718/2718 2719/2719/2719 2717/2717/2717 
f 2717/2717/2717 2719/2719/2719 2717/2717/2717 
f 2719/2719/2719 2720/2720/2720 2717/2717/2717 
f 2717/2717/2717 2720/2720/2720 2717/2717/2717 
f 2720/2720/2720 2721/2721/2721 2717/2717/2717 
f 2717/2717/2717 2721/2721/2721 2715/2715/2715 
f 2721/2721/2721 2722/2722/2722 2715/2715/2715 
f 2715/2715/2715 2722/2722/2722 2714/2714/2714 
f 2722/2722/2722 2723/2723/2723 2714/2714/2714 
f 2714/2714/2714 2723/2723/2723 2724/2724/2724 
f 2723/2723/2723 2725/2725/2725 2724/2724/2724 
f 2724/2724/2724 2725/2725/2725 2725/2725/2725 
f 2725/2725/2725 2714/2714/2714 2725/2725/2725 
f 2725/2725/2725 2714/2714/2714 2714/2714/2714 
f 2714/2714/2714 2724/2724/2724 2714/2714/2714 
f 2714/2714/2714 2724/2724/2724 2712/2712/2712 
f 2724/2724/2724 2712/2712/2712 2712/2712/2712 
f 2712/2712/2712 2712/2712/2712 2721/2721/2721 
f 2712/2712/2712 2721/2721/2721 2721/2721/2721 
f 2721/2721/2721 2721/2721/2721 2726/2726/2726 
f 2721/2721/2721 2720/2720/2720 2726/2726/2726 
f 2726/2726/2726 2720/2720/2720 2727/2727/2727 
f 2720/2720/2720 2728/2728/2728 2727/2727/2727 
f 2727/2727/2727 2728/2728/2728 2729/2729/2729 
f 2728/2728/2728 2728/2728/2728 2729/2729/2729 
f 2729/2729/2729 2728/2728/2728 2730/2730/2730 
f 2728/2728/2728 2731/2731/2731 2730/2730/2730 
f 2730/2730/2730 2731/2731/2731 2730/2730/2730 
f 2731/2731/2731 2732/2732/2732 2730/2730/2730 
f 2730/2730/2730 2732/2732/2732 2733/2733/2733 
f 2732/2732/2732 2734/2734/2734 2733/2733/2733 
f 2733/2733/2733 2734/2734/2734 2735/2735/2735 
f 2734/2734/2734 2736/2736/2736 2735/2735/2735 
f 2735/2735/2735 2736/2736/2736 2735/2735/2735 
f 2736/2736/2736 2658/2658/2658 2735/2735/2735 
f 2735/2735/2735 2658/2658/2658 2735/2735/2735 
f 2658/2658/2658 2656/2656/2656 2735/2735/2735 
f 2735/2735/2735 2656/2656/2656 2737/2737/2737 
f 2656/2656/2656 2654/2654/2654 2737/2737/2737 
f 2737/2737/2737 2654/2654/2654 2654/2654/2654 
f 2654/2654/2654 2720/2720/2720 2654/2654/2654 
f 2654/2654/2654 2720/2720/2720 2720/2720/2720 
f 2720/2720/2720 2719/2719/2719 2720/2720/2720 
f 2720/2720/2720 2719/2719/2719 2728/2728/2728 
f 2719/2719/2719 2731/2731/2731 2728/2728/2728 
f 2728/2728/2728 2731/2731/2731 2731/2731/2731 
f 2731/2731/2731 2735/2735/2735 2731/2731/2731 
f 2731/2731/2731 2735/2735/2735 2735/2735/2735 
f 2735/2735/2735 2737/2737/2737 2735/2735/2735 
f 2735/2735/2735 2737/2737/2737 2733/2733/2733 
f 2737/2737/2737 2738/2738/2738 2733/2733/2733 
f 2733/2733/2733 2738/2738/2738 2730/2730/2730 
f 2738/2738/2738 2729/2729/2729 2730/2730/2730 
f 2730/2730/2730 2729/2729/2729 2729/2729/2729 
f 2729/2729/2729 2739/2739/2739 2729/2729/2729 
f 2729/2729/2729 2739/2739/2739 2739/2739/2739 
f 2739/2739/2739 2740/2740/2740 2739/2739/2739 
f 2739/2739/2739 2740/2740/2740 2741/2741/2741 
f 2740/2740/2740 2742/2742/2742 2741/2741/2741 
f 2741/2741/2741 2742/2742/2742 2742/2742/2742 
f 2742/2742/2742 2740/2740/2740 2742/2742/2742 
f 2742/2742/2742 2740/2740/2740 2740/2740/2740 
f 2740/2740/2740 2739/2739/2739 2740/2740/2740 
f 2740/2740/2740 2739/2739/2739 2743/2743/2743 
f 2739/2739/2739 2744/2744/2744 2743/2743/2743 
f 2743/2743/2743 2744/2744/2744 2745/2745/2745 
f 2744/2744/2744 2746/2746/2746 2745/2745/2745 
f 2745/2745/2745 2746/2746/2746 2747/2747/2747 
f 2746/2746/2746 2748/2748/2748 2747/2747/2747 
f 2747/2747/2747 2748/2748/2748 2749/2749/2749 
f 2748/2748/2748 2749/2749/2749 2749/2749/2749 
f 2749/2749/2749 2749/2749/2749 2748/2748/2748 
f 2749/2749/2749 2748/2748/2748 2748/2748/2748 
f 2748/2748/2748 2748/2748/2748 2750/2750/2750 
f 2748/2748/2748 2746/2746/2746 2750/2750/2750 
f 2750/2750/2750 2746/2746/2746 2751/2751/2751 
f 2746/2746/2746 2744/2744/2744 2751/2751/2751 
f 2751/2751/2751 2744/2744/2744 2752/2752/2752 
f 2744/2744/2744 2739/2739/2739 2752/2752/2752 
f 2752/2752/2752 2739/2739/2739 2741/2741/2741 
f 2739/2739/2739 2741/2741/2741 2741/2741/2741 
f 2741/2741/2741 2741/2741/2741 2750/2750/2750 
f 2741/2741/2741 2750/2750/2750 2750/2750/2750 
f 2750/2750/2750 2750/2750/2750 2753/2753/2753 
f 2750/2750/2750 2751/2751/2751 2753/2753/2753 
f 2753/2753/2753 2751/2751/2751 2754/2754/2754 
f 2751/2751/2751 2752/2752/2752 2754/2754/2754 
f 2754/2754/2754 2752/2752/2752 2752/2752/2752 
f 2752/2752/2752 2753/2753/2753 2752/2752/2752 
f 2752/2752/2752 2753/2753/2753 2753/2753/2753 
f 2753/2753/2753 2754/2754/2754 2753/2753/2753 
f 2753/2753/2753 2754/2754/2754 2755/2755/2755 
f 2754/2754/2754 2756/2756/2756 2755/2755/2755 
f 2755/2755/2755 2756/2756/2756 2757/2757/2757 
f 2756/2756/2756 2756/2756/2756 2757/2757/2757 
f 2757/2757/2757 2756/2756/2756 2758/2758/2758 
f 2756/2756/2756 2759/2759/2759 2758/2758/2758 
f 2758/2758/2758 2759/2759/2759 2760/2760/2760 
f 2759/2759/2759 2761/2761/2761 2760/2760/2760 
f 2760/2760/2760 2761/2761/2761 2762/2762/2762 
f 2761/2761/2761 2763/2763/2763 2762/2762/2762 
f 2762/2762/2762 2763/2763/2763 2742/2742/2742 
f 2763/2763/2763 2763/2763/2763 2742/2742/2742 
f 2742/2742/2742 2763/2763/2763 2741/2741/2741 
f 2763/2763/2763 2764/2764/2764 2741/2741/2741 
f 2741/2741/2741 2764/2764/2764 2752/2752/2752 
f 2764/2764/2764 2764/2764/2764 2752/2752/2752 
f 2752/2752/2752 2764/2764/2764 2754/2754/2754 
f 2764/2764/2764 2764/2764/2764 2754/2754/2754 
f 2754/2754/2754 2764/2764/2764 2756/2756/2756 
f 2764/2764/2764 2764/2764/2764 2756/2756/2756 
f 2756/2756/2756 2764/2764/2764 2759/2759/2759 
f 2764/2764/2764 2763/2763/2763 2759/2759/2759 
f 2759/2759/2759 2763/2763/2763 2761/2761/2761 
f 2763/2763/2763 2761/2761/2761 2761/2761/2761 
f 2761/2761/2761 2761/2761/2761 2765/2765/2765 
f 2761/2761/2761 2765/2765/2765 2765/2765/2765 
f 2765/2765/2765 2765/2765/2765 2766/2766/2766 
f 2765/2765/2765 2767/2767/2767 2766/2766/2766 
f 2766/2766/2766 2767/2767/2767 2768/2768/2768 
f 2767/2767/2767 2768/2768/2768 2768/2768/2768 
f 2768/2768/2768 2768/2768/2768 2767/2767/2767 
f 2768/2768/2768 2767/2767/2767 2767/2767/2767 
f 2767/2767/2767 2767/2767/2767 2769/2769/2769 
f 2767/2767/2767 2765/2765/2765 2769/2769/2769 
f 2769/2769/2769 2765/2765/2765 2770/2770/2770 
f 2765/2765/2765 2766/2766/2766 2770/2770/2770 
f 2770/2770/2770 2766/2766/2766 2766/2766/2766 
f 2766/2766/2766 2769/2769/2769 2766/2766/2766 
f 2766/2766/2766 2769/2769/2769 2769/2769/2769 
f 2769/2769/2769 2770/2770/2770 2769/2769/2769 
f 2769/2769/2769 2770/2770/2770 2771/2771/2771 
f 2770/2770/2770 2772/2772/2772 2771/2771/2771 
f 2771/2771/2771 2772/2772/2772 2773/2773/2773 
f 2772/2772/2772 2774/2774/2774 2773/2773/2773 
f 2773/2773/2773 2774/2774/2774 2775/2775/2775 
f 2774/2774/2774 2776/2776/2776 2775/2775/2775 
f 2775/2775/2775 2776/2776/2776 2777/2777/2777 
f 2776/2776/2776 2778/2778/2778 2777/2777/2777 
f 2777/2777/2777 2778/2778/2778 2779/2779/2779 
f 2778/2778/2778 2780/2780/2780 2779/2779/2779 
f 2779/2779/2779 2780/2780/2780 2781/2781/2781 
f 2780/2780/2780 2781/2781/2781 2781/2781/2781 
f 2781/2781/2781 2781/2781/2781 2780/2780/2780 
f 2781/2781/2781 2780/2780/2780 2780/2780/2780 
f 2780/2780/2780 2780/2780/2780 2782/2782/2782 
f 2780/2780/2780 2778/2778/2778 2782/2782/2782 
f 2782/2782/2782 2778/2778/2778 2783/2783/2783 
f 2778/2778/2778 2776/2776/2776 2783/2783/2783 
f 2783/2783/2783 2776/2776/2776 2784/2784/2784 
f 2776/2776/2776 2774/2774/2774 2784/2784/2784 
f 2784/2784/2784 2774/2774/2774 2784/2784/2784 
f 2774/2774/2774 2772/2772/2772 2784/2784/2784 
f 2784/2784/2784 2772/2772/2772 2785/2785/2785 
f 2772/2772/2772 2770/2770/2770 2785/2785/2785 
f 2785/2785/2785 2770/2770/2770 2785/2785/2785 
f 2770/2770/2770 2766/2766/2766 2785/2785/2785 
f 2785/2785/2785 2766/2766/2766 2786/2786/2786 
f 2766/2766/2766 2768/2768/2768 2786/2786/2786 
f 2786/2786/2786 2768/2768/2768 2786/2786/2786 
f 2768/2768/2768 2787/2787/2787 2786/2786/2786 
f 2786/2786/2786 2787/2787/2787 2786/2786/2786 
f 2787/2787/2787 2788/2788/2788 2786/2786/2786 
f 2786/2786/2786 2788/2788/2788 2789/2789/2789 
f 2788/2788/2788 2790/2790/2790 2789/2789/2789 
f 2789/2789/2789 2790/2790/2790 2783/2783/2783 
f 2790/2790/2790 2782/2782/2782 2783/2783/2783 
f 2783/2783/2783 2782/2782/2782 2782/2782/2782 
f 2782/2782/2782 2786/2786/2786 2782/2782/2782 
f 2782/2782/2782 2786/2786/2786 2786/2786/2786 
f 2786/2786/2786 2789/2789/2789 2786/2786/2786 
f 2786/2786/2786 2789/2789/2789 2785/2785/2785 
f 2789/2789/2789 2791/2791/2791 2785/2785/2785 
f 2785/2785/2785 2791/2791/2791 2792/2792/2792 
f 2791/2791/2791 2793/2793/2793 2792/2792/2792 
f 2792/2792/2792 2793/2793/2793 2784/2784/2784 
f 2793/2793/2793 2793/2793/2793 2784/2784/2784 
f 2784/2784/2784 2793/2793/2793 2783/2783/2783 
f 2793/2793/2793 2794/2794/2794 2783/2783/2783 
f 2783/2783/2783 2794/2794/2794 2789/2789/2789 
f 2794/2794/2794 2794/2794/2794 2789/2789/2789 
f 2789/2789/2789 2794/2794/2794 2791/2791/2791 
f 2794/2794/2794 2793/2793/2793 2791/2791/2791 
f 2791/2791/2791 2793/2793/2793 2793/2793/2793 
f 2793/2793/2793 2784/2784/2784 2793/2793/2793 
f 2793/2793/2793 2784/2784/2784 2784/2784/2784 
f 2784/2784/2784 2785/2785/2785 2784/2784/2784 
f 2784/2784/2784 2785/2785/2785 2792/2792/2792 
f 2785/2785/2785 2792/2792/2792 2792/2792/2792 
f 2792/2792/2792 2792/2792/2792 2795/2795/2795 
f 2792/2792/2792 2795/2795/2795 2795/2795/2795 
f 2795/2795/2795 2795/2795/2795 2795/2795/2795 
f 2795/2795/2795 2796/2796/2796 2795/2795/2795 
f 2795/2795/2795 2796/2796/2796 2797/2797/2797 
f 2796/2796/2796 2798/2798/2798 2797/2797/2797 
f 2797/2797/2797 2798/2798/2798 2799/2799/2799 
f 2798/2798/2798 2798/2798/2798 2799/2799/2799 
f 2799/2799/2799 2798/2798/2798 2800/2800/2800 
f 2798/2798/2798 2798/2798/2798 2800/2800/2800 
f 2800/2800/2800 2798/2798/2798 2801/2801/2801 
f 2798/2798/2798 2802/2802/2802 2801/2801/2801 
f 2801/2801/2801 2802/2802/2802 2801/2801/2801 
f 2802/2802/2802 2803/2803/2803 2801/2801/2801 
f 2801/2801/2801 2803/2803/2803 2804/2804/2804 
f 2803/2803/2803 2805/2805/2805 2804/2804/2804 
f 2804/2804/2804 2805/2805/2805 2806/2806/2806 
f 2805/2805/2805 2806/2806/2806 2806/2806/2806 
f 2806/2806/2806 2806/2806/2806 2798/2798/2798 
f 2806/2806/2806 2798/2798/2798 2798/2798/2798 
f 2798/2798/2798 2798/2798/2798 2802/2802/2802 
f 2798/2798/2798 2796/2796/2796 2802/2802/2802 
f 2802/2802/2802 2796/2796/2796 2796/2796/2796 
f 2796/2796/2796 2799/2799/2799 2796/2796/2796 
f 2796/2796/2796 2799/2799/2799 2799/2799/2799 
f 2799/2799/2799 2800/2800/2800 2799/2799/2799 
f 2799/2799/2799 2800/2800/2800 2807/2807/2807 
f 2800/2800/2800 2808/2808/2808 2807/2807/2807 
f 2807/2807/2807 2808/2808/2808 2809/2809/2809 
f 2808/2808/2808 2810/2810/2810 2809/2809/2809 
f 2809/2809/2809 2810/2810/2810 2811/2811/2811 
f 2810/2810/2810 2812/2812/2812 2811/2811/2811 
f 2811/2811/2811 2812/2812/2812 2813/2813/2813 
f 2812/2812/2812 2814/2814/2814 2813/2813/2813 
f 2813/2813/2813 2814/2814/2814 2815/2815/2815 
f 2814/2814/2814 2816/2816/2816 2815/2815/2815 
f 2815/2815/2815 2816/2816/2816 2817/2817/2817 
f 2816/2816/2816 2818/2818/2818 2817/2817/2817 
f 2817/2817/2817 2818/2818/2818 2819/2819/2819 
f 2818/2818/2818 2818/2818/2818 2819/2819/2819 
f 2819/2819/2819 2818/2818/2818 2820/2820/2820 
f 2818/2818/2818 2821/2821/2821 2820/2820/2820 
f 2820/2820/2820 2821/2821/2821 2822/2822/2822 
f 2821/2821/2821 2822/2822/2822 2822/2822/2822 
f 2822/2822/2822 2822/2822/2822 2821/2821/2821 
f 2822/2822/2822 2821/2821/2821 2821/2821/2821 
f 2821/2821/2821 2821/2821/2821 2823/2823/2823 
f 2821/2821/2821 2818/2818/2818 2823/2823/2823 
f 2823/2823/2823 2818/2818/2818 2823/2823/2823 
f 2818/2818/2818 2816/2816/2816 2823/2823/2823 
f 2823/2823/2823 2816/2816/2816 2824/2824/2824 
f 2816/2816/2816 2814/2814/2814 2824/2824/2824 
f 2824/2824/2824 2814/2814/2814 2825/2825/2825 
f 2814/2814/2814 2812/2812/2812 2825/2825/2825 
f 2825/2825/2825 2812/2812/2812 2826/2826/2826 
f 2812/2812/2812 2810/2810/2810 2826/2826/2826 
f 2826/2826/2826 2810/2810/2810 2827/2827/2827 
f 2810/2810/2810 2808/2808/2808 2827/2827/2827 
f 2827/2827/2827 2808/2808/2808 2828/2828/2828 
f 2808/2808/2808 2800/2800/2800 2828/2828/2828 
f 2828/2828/2828 2800/2800/2800 2828/2828/2828 
f 2800/2800/2800 2801/2801/2801 2828/2828/2828 
f 2828/2828/2828 2801/2801/2801 2828/2828/2828 
f 2801/2801/2801 2804/2804/2804 2828/2828/2828 
f 2828/2828/2828 2804/2804/2804 2829/2829/2829 
f 2804/2804/2804 2806/2806/2806 2829/2829/2829 
f 2829/2829/2829 2806/2806/2806 2829/2829/2829 
f 2806/2806/2806 2830/2830/2830 2829/2829/2829 
f 2829/2829/2829 2830/2830/2830 2829/2829/2829 
f 2830/2830/2830 2831/2831/2831 2829/2829/2829 
f 2829/2829/2829 2831/2831/2831 2829/2829/2829 
f 2831/2831/2831 2832/2832/2832 2829/2829/2829 
f 2829/2829/2829 2832/2832/2832 2827/2827/2827 
f 2832/2832/2832 2832/2832/2832 2827/2827/2827 
f 2827/2827/2827 2832/2832/2832 2826/2826/2826 
f 2832/2832/2832 2833/2833/2833 2826/2826/2826 
f 2826/2826/2826 2833/2833/2833 2825/2825/2825 
f 2833/2833/2833 2834/2834/2834 2825/2825/2825 
f 2825/2825/2825 2834/2834/2834 2824/2824/2824 
f 2834/2834/2834 2835/2835/2835 2824/2824/2824 
f 2824/2824/2824 2835/2835/2835 2823/2823/2823 
f 2835/2835/2835 2836/2836/2836 2823/2823/2823 
f 2823/2823/2823 2836/2836/2836 2821/2821/2821 
f 2836/2836/2836 2837/2837/2837 2821/2821/2821 
f 2821/2821/2821 2837/2837/2837 2822/2822/2822 
f 2837/2837/2837 2837/2837/2837 2822/2822/2822 
f 2822/2822/2822 2837/2837/2837 2838/2838/2838 
f 2837/2837/2837 2839/2839/2839 2838/2838/2838 
f 2838/2838/2838 2839/2839/2839 2840/2840/2840 
f 2839/2839/2839 2840/2840/2840 2840/2840/2840 
f 2840/2840/2840 2840/2840/2840 2827/2827/2827 
f 2840/2840/2840 2827/2827/2827 2827/2827/2827 
f 2827/2827/2827 2827/2827/2827 2829/2829/2829 
f 2827/2827/2827 2828/2828/2828 2829/2829/2829 
f 2829/2829/2829 2828/2828/2828 2828/2828/2828 
f 2828/2828/2828 2839/2839/2839 2828/2828/2828 
f 2828/2828/2828 2839/2839/2839 2839/2839/2839 
f 2839/2839/2839 2837/2837/2837 2839/2839/2839 
f 2839/2839/2839 2837/2837/2837 2841/2841/2841 
f 2837/2837/2837 2836/2836/2836 2841/2841/2841 
f 2841/2841/2841 2836/2836/2836 2842/2842/2842 
f 2836/2836/2836 2835/2835/2835 2842/2842/2842 
f 2842/2842/2842 2835/2835/2835 2842/2842/2842 
f 2835/2835/2835 2834/2834/2834 2842/2842/2842 
f 2842/2842/2842 2834/2834/2834 2843/2843/2843 
f 2834/2834/2834 2833/2833/2833 2843/2843/2843 
f 2843/2843/2843 2833/2833/2833 2844/2844/2844 
f 2833/2833/2833 2832/2832/2832 2844/2844/2844 
f 2844/2844/2844 2832/2832/2832 2831/2831/2831 
f 2832/2832/2832 2831/2831/2831 2831/2831/2831 
f 2831/2831/2831 2831/2831/2831 2845/2845/2845 
f 2831/2831/2831 2845/2845/2845 2845/2845/2845 
f 2845/2845/2845 2845/2845/2845 2846/2846/2846 
f 2845/2845/2845 2847/2847/2847 2846/2846/2846 
f 2846/2846/2846 2847/2847/2847 2846/2846/2846 
f 2847/2847/2847 2848/2848/2848 2846/2846/2846 
f 2846/2846/2846 2848/2848/2848 2846/2846/2846 
f 2848/2848/2848 2849/2849/2849 2846/2846/2846 
f 2846/2846/2846 2849/2849/2849 2850/2850/2850 
f 2849/2849/2849 2851/2851/2851 2850/2850/2850 
f 2850/2850/2850 2851/2851/2851 2852/2852/2852 
f 2851/2851/2851 2853/2853/2853 2852/2852/2852 
f 2852/2852/2852 2853/2853/2853 2854/2854/2854 
f 2853/2853/2853 2855/2855/2855 2854/2854/2854 
f 2854/2854/2854 2855/2855/2855 2856/2856/2856 
f 2855/2855/2855 2855/2855/2855 2856/2856/2856 
f 2856/2856/2856 2855/2855/2855 2857/2857/2857 
f 2855/2855/2855 2858/2858/2858 2857/2857/2857 
f 2857/2857/2857 2858/2858/2858 2859/2859/2859 
f 2858/2858/2858 2858/2858/2858 2859/2859/2859 
f 2859/2859/2859 2858/2858/2858 2860/2860/2860 
f 2858/2858/2858 2861/2861/2861 2860/2860/2860 
f 2860/2860/2860 2861/2861/2861 2862/2862/2862 
f 2861/2861/2861 2862/2862/2862 2862/2862/2862 
f 2862/2862/2862 2862/2862/2862 2861/2861/2861 
f 2862/2862/2862 2861/2861/2861 2861/2861/2861 
f 2861/2861/2861 2861/2861/2861 2863/2863/2863 
f 2861/2861/2861 2858/2858/2858 2863/2863/2863 
f 2863/2863/2863 2858/2858/2858 2863/2863/2863 
f 2858/2858/2858 2855/2855/2855 2863/2863/2863 
f 2863/2863/2863 2855/2855/2855 2864/2864/2864 
f 2855/2855/2855 2853/2853/2853 2864/2864/2864 
f 2864/2864/2864 2853/2853/2853 2865/2865/2865 
f 2853/2853/2853 2851/2851/2851 2865/2865/2865 
f 2865/2865/2865 2851/2851/2851 2866/2866/2866 
f 2851/2851/2851 2849/2849/2849 2866/2866/2866 
f 2866/2866/2866 2849/2849/2849 2867/2867/2867 
f 2849/2849/2849 2848/2848/2848 2867/2867/2867 
f 2867/2867/2867 2848/2848/2848 2868/2868/2868 
f 2848/2848/2848 2847/2847/2847 2868/2868/2868 
f 2868/2868/2868 2847/2847/2847 2869/2869/2869 
f 2847/2847/2847 2870/2870/2870 2869/2869/2869 
f 2869/2869/2869 2870/2870/2870 2871/2871/2871 
f 2870/2870/2870 2870/2870/2870 2871/2871/2871 
f 2871/2871/2871 2870/2870/2870 2872/2872/2872 
f 2870/2870/2870 2873/2873/2873 2872/2872/2872 
f 2872/2872/2872 2873/2873/2873 2874/2874/2874 
f 2873/2873/2873 2874/2874/2874 2874/2874/2874 
f 2874/2874/2874 2874/2874/2874 2847/2847/2847 
f 2874/2874/2874 2847/2847/2847 2847/2847/2847 
f 2847/2847/2847 2847/2847/2847 2870/2870/2870 
f 2847/2847/2847 2845/2845/2845 2870/2870/2870 
f 2870/2870/2870 2845/2845/2845 2873/2873/2873 
f 2845/2845/2845 2873/2873/2873 2873/2873/2873 
f 2873/2873/2873 2873/2873/2873 2871/2871/2871 
f 2873/2873/2873 2871/2871/2871 2871/2871/2871 
f 2871/2871/2871 2871/2871/2871 2869/2869/2869 
f 2871/2871/2871 2875/2875/2875 2869/2869/2869 
f 2869/2869/2869 2875/2875/2875 2876/2876/2876 
f 2875/2875/2875 2877/2877/2877 2876/2876/2876 
f 2876/2876/2876 2877/2877/2877 2876/2876/2876 
f 2877/2877/2877 2878/2878/2878 2876/2876/2876 
f 2876/2876/2876 2878/2878/2878 2879/2879/2879 
f 2878/2878/2878 2880/2880/2880 2879/2879/2879 
f 2879/2879/2879 2880/2880/2880 2881/2881/2881 
f 2880/2880/2880 2882/2882/2882 2881/2881/2881 
f 2881/2881/2881 2882/2882/2882 2883/2883/2883 
f 2882/2882/2882 2884/2884/2884 2883/2883/2883 
f 2883/2883/2883 2884/2884/2884 2884/2884/2884 
f 2884/2884/2884 2869/2869/2869 2884/2884/2884 
f 2884/2884/2884 2869/2869/2869 2869/2869/2869 
f 2869/2869/2869 2876/2876/2876 2869/2869/2869 
f 2869/2869/2869 2876/2876/2876 2868/2868/2868 
f 2876/2876/2876 2879/2879/2879 2868/2868/2868 
f 2868/2868/2868 2879/2879/2879 2867/2867/2867 
f 2879/2879/2879 2881/2881/2881 2867/2867/2867 
f 2867/2867/2867 2881/2881/2881 2866/2866/2866 
f 2881/2881/2881 2883/2883/2883 2866/2866/2866 
f 2866/2866/2866 2883/2883/2883 2865/2865/2865 
f 2883/2883/2883 2885/2885/2885 2865/2865/2865 
f 2865/2865/2865 2885/2885/2885 2864/2864/2864 
f 2885/2885/2885 2886/2886/2886 2864/2864/2864 
f 2864/2864/2864 2886/2886/2886 2863/2863/2863 
f 2886/2886/2886 2887/2887/2887 2863/2863/2863 
f 2863/2863/2863 2887/2887/2887 2861/2861/2861 
f 2887/2887/2887 2861/2861/2861 2861/2861/2861 
f 2861/2861/2861 2861/2861/2861 2883/2883/2883 
f 2861/2861/2861 2883/2883/2883 2883/2883/2883 
f 2883/2883/2883 2883/2883/2883 2885/2885/2885 
f 2883/2883/2883 2884/2884/2884 2885/2885/2885 
f 2885/2885/2885 2884/2884/2884 2885/2885/2885 
f 2884/2884/2884 2888/2888/2888 2885/2885/2885 
f 2885/2885/2885 2888/2888/2888 2886/2886/2886 
f 2888/2888/2888 2889/2889/2889 2886/2886/2886 
f 2886/2886/2886 2889/2889/2889 2887/2887/2887 
f 2889/2889/2889 2890/2890/2890 2887/2887/2887 
f 2887/2887/2887 2890/2890/2890 2891/2891/2891 
f 2890/2890/2890 2892/2892/2892 2891/2891/2891 
f 2891/2891/2891 2892/2892/2892 2893/2893/2893 
f 2892/2892/2892 2894/2894/2894 2893/2893/2893 
f 2893/2893/2893 2894/2894/2894 2894/2894/2894 
f 2894/2894/2894 2887/2887/2887 2894/2894/2894 
f 2894/2894/2894 2887/2887/2887 2887/2887/2887 
f 2887/2887/2887 2891/2891/2891 2887/2887/2887 
f 2887/2887/2887 2891/2891/2891 2861/2861/2861 
f 2891/2891/2891 2891/2891/2891 2861/2861/2861 
f 2861/2861/2861 2891/2891/2891 2862/2862/2862 
f 2891/2891/2891 2893/2893/2893 2862/2862/2862 
f 2862/2862/2862 2893/2893/2893 2893/2893/2893 
f 2893/2893/2893 2895/2895/2895 2893/2893/2893 
f 2893/2893/2893 2895/2895/2895 2895/2895/2895 
f 2895/2895/2895 2896/2896/2896 2895/2895/2895 
f 2895/2895/2895 2896/2896/2896 2897/2897/2897 
f 2896/2896/2896 2898/2898/2898 2897/2897/2897 
f 2897/2897/2897 2898/2898/2898 2899/2899/2899 
f 2898/2898/2898 2900/2900/2900 2899/2899/2899 
f 2899/2899/2899 2900/2900/2900 2899/2899/2899 
f 2900/2900/2900 2901/2901/2901 2899/2899/2899 
f 2899/2899/2899 2901/2901/2901 2902/2902/2902 
f 2901/2901/2901 2901/2901/2901 2902/2902/2902 
f 2902/2902/2902 2901/2901/2901 2903/2903/2903 
f 2901/2901/2901 2904/2904/2904 2903/2903/2903 
f 2903/2903/2903 2904/2904/2904 2905/2905/2905 
f 2904/2904/2904 2906/2906/2906 2905/2905/2905 
f 2905/2905/2905 2906/2906/2906 2907/2907/2907 
f 2906/2906/2906 2908/2908/2908 2907/2907/2907 
f 2907/2907/2907 2908/2908/2908 2909/2909/2909 
f 2908/2908/2908 2910/2910/2910 2909/2909/2909 
f 2909/2909/2909 2910/2910/2910 2911/2911/2911 
f 2910/2910/2910 2912/2912/2912 2911/2911/2911 
f 2911/2911/2911 2912/2912/2912 2913/2913/2913 
f 2912/2912/2912 2914/2914/2914 2913/2913/2913 
f 2913/2913/2913 2914/2914/2914 2915/2915/2915 
f 2914/2914/2914 2914/2914/2914 2915/2915/2915 
f 2915/2915/2915 2914/2914/2914 2916/2916/2916 
f 2914/2914/2914 2912/2912/2912 2916/2916/2916 
f 2916/2916/2916 2912/2912/2912 2912/2912/2912 
f 2912/2912/2912 2902/2902/2902 2912/2912/2912 
f 2912/2912/2912 2902/2902/2902 2902/2902/2902 
f 2902/2902/2902 2917/2917/2917 2902/2902/2902 
f 2902/2902/2902 2917/2917/2917 2899/2899/2899 
f 2917/2917/2917 2897/2897/2897 2899/2899/2899 
f 2899/2899/2899 2897/2897/2897 2897/2897/2897 
f 2897/2897/2897 2901/2901/2901 2897/2897/2897 
f 2897/2897/2897 2901/2901/2901 2901/2901/2901 
f 2901/2901/2901 2900/2900/2900 2901/2901/2901 
f 2901/2901/2901 2900/2900/2900 2904/2904/2904 
f 2900/2900/2900 2904/2904/2904 2904/2904/2904 
f 2904/2904/2904 2904/2904/2904 2915/2915/2915 
f 2904/2904/2904 2915/2915/2915 2915/2915/2915 
f 2915/2915/2915 2915/2915/2915 2918/2918/2918 
f 2915/2915/2915 2916/2916/2916 2918/2918/2918 
f 2918/2918/2918 2916/2916/2916 2919/2919/2919 
f 2916/2916/2916 2916/2916/2916 2919/2919/2919 
f 2919/2919/2919 2916/2916/2916 2920/2920/2920 
f 2916/2916/2916 2912/2912/2912 2920/2920/2920 
f 2920/2920/2920 2912/2912/2912 2910/2910/2910 
f 2912/2912/2912 2910/2910/2910 2910/2910/2910 
f 2910/2910/2910 2910/2910/2910 2918/2918/2918 
f 2910/2910/2910 2918/2918/2918 2918/2918/2918 
f 2918/2918/2918 2918/2918/2918 2921/2921/2921 
f 2918/2918/2918 2919/2919/2919 2921/2921/2921 
f 2921/2921/2921 2919/2919/2919 2922/2922/2922 
f 2919/2919/2919 2919/2919/2919 2922/2922/2922 
f 2922/2922/2922 2919/2919/2919 2923/2923/2923 
f 2919/2919/2919 2920/2920/2920 2923/2923/2923 
f 2923/2923/2923 2920/2920/2920 2924/2924/2924 
f 2920/2920/2920 2910/2910/2910 2924/2924/2924 
f 2924/2924/2924 2910/2910/2910 2925/2925/2925 
f 2910/2910/2910 2910/2910/2910 2925/2925/2925 
f 2925/2925/2925 2910/2910/2910 2926/2926/2926 
f 2910/2910/2910 2908/2908/2908 2926/2926/2926 
f 2926/2926/2926 2908/2908/2908 2927/2927/2927 
f 2908/2908/2908 2906/2906/2906 2927/2927/2927 
f 2927/2927/2927 2906/2906/2906 2928/2928/2928 
f 2906/2906/2906 2906/2906/2906 2928/2928/2928 
f 2928/2928/2928 2906/2906/2906 2929/2929/2929 
f 2906/2906/2906 2904/2904/2904 2929/2929/2929 
f 2929/2929/2929 2904/2904/2904 2929/2929/2929 
f 2904/2904/2904 2900/2900/2900 2929/2929/2929 
f 2929/2929/2929 2900/2900/2900 2930/2930/2930 
f 2900/2900/2900 2898/2898/2898 2930/2930/2930 
f 2930/2930/2930 2898/2898/2898 2931/2931/2931 
f 2898/2898/2898 2896/2896/2896 2931/2931/2931 
f 2931/2931/2931 2896/2896/2896 2932/2932/2932 
f 2896/2896/2896 2896/2896/2896 2932/2932/2932 
f 2932/2932/2932 2896/2896/2896 2933/2933/2933 
f 2896/2896/2896 2895/2895/2895 2933/2933/2933 
f 2933/2933/2933 2895/2895/2895 2934/2934/2934 
f 2895/2895/2895 2897/2897/2897 2934/2934/2934 
f 2934/2934/2934 2897/2897/2897 2917/2917/2917 
f 2897/2897/2897 2917/2917/2917 2917/2917/2917 
f 2917/2917/2917 2917/2917/2917 2922/2922/2922 
f 2917/2917/2917 2922/2922/2922 2922/2922/2922 
f 2922/2922/2922 2922/2922/2922 2921/2921/2921 
f 2922/2922/2922 2935/2935/2935 2921/2921/2921 
f 2921/2921/2921 2935/2935/2935 2935/2935/2935 
f 2935/2935/2935 2932/2932/2932 2935/2935/2935 
f 2935/2935/2935 2932/2932/2932 2932/2932/2932 
f 2932/2932/2932 2936/2936/2936 2932/2932/2932 
f 2932/2932/2932 2936/2936/2936 2931/2931/2931 
f 2936/2936/2936 2937/2937/2937 2931/2931/2931 
f 2931/2931/2931 2937/2937/2937 2930/2930/2930 
f 2937/2937/2937 2938/2938/2938 2930/2930/2930 
f 2930/2930/2930 2938/2938/2938 2929/2929/2929 
f 2938/2938/2938 2929/2929/2929 2929/2929/2929 
f 2929/2929/2929 2929/2929/2929 2936/2936/2936 
f 2929/2929/2929 2936/2936/2936 2936/2936/2936 
f 2936/2936/2936 2936/2936/2936 2937/2937/2937 
f 2936/2936/2936 2939/2939/2939 2937/2937/2937 
f 2937/2937/2937 2939/2939/2939 2940/2940/2940 
f 2939/2939/2939 2941/2941/2941 2940/2940/2940 
f 2940/2940/2940 2941/2941/2941 2942/2942/2942 
f 2941/2941/2941 2935/2935/2935 2942/2942/2942 
f 2942/2942/2942 2935/2935/2935 2942/2942/2942 
f 2935/2935/2935 2922/2922/2922 2942/2942/2942 
f 2942/2942/2942 2922/2922/2922 2942/2942/2942 
f 2922/2922/2922 2923/2923/2923 2942/2942/2942 
f 2942/2942/2942 2923/2923/2923 2942/2942/2942 
f 2923/2923/2923 2943/2943/2943 2942/2942/2942 
f 2942/2942/2942 2943/2943/2943 2940/2940/2940 
f 2943/2943/2943 2938/2938/2938 2940/2940/2940 
f 2940/2940/2940 2938/2938/2938 2937/2937/2937 
f 2938/2938/2938 2937/2937/2937 2937/2937/2937 
f 2937/2937/2937 2937/2937/2937 2943/2943/2943 
f 2937/2937/2937 2943/2943/2943 2943/2943/2943 
f 2943/2943/2943 2943/2943/2943 2938/2938/2938 
f 2943/2943/2943 2944/2944/2944 2938/2938/2938 
f 2938/2938/2938 2944/2944/2944 2929/2929/2929 
f 2944/2944/2944 2945/2945/2945 2929/2929/2929 
f 2929/2929/2929 2945/2945/2945 2928/2928/2928 
f 2945/2945/2945 2946/2946/2946 2928/2928/2928 
f 2928/2928/2928 2946/2946/2946 2928/2928/2928 
f 2946/2946/2946 2947/2947/2947 2928/2928/2928 
f 2928/2928/2928 2947/2947/2947 2927/2927/2927 
f 2947/2947/2947 2948/2948/2948 2927/2927/2927 
f 2927/2927/2927 2948/2948/2948 2926/2926/2926 
f 2948/2948/2948 2949/2949/2949 2926/2926/2926 
f 2926/2926/2926 2949/2949/2949 2925/2925/2925 
f 2949/2949/2949 2925/2925/2925 2925/2925/2925 
f 2925/2925/2925 2925/2925/2925 2949/2949/2949 
f 2925/2925/2925 2949/2949/2949 2949/2949/2949 
f 2949/2949/2949 2949/2949/2949 2950/2950/2950 
f 2949/2949/2949 2948/2948/2948 2950/2950/2950 
f 2950/2950/2950 2948/2948/2948 2951/2951/2951 
f 2948/2948/2948 2947/2947/2947 2951/2951/2951 
f 2951/2951/2951 2947/2947/2947 2952/2952/2952 
f 2947/2947/2947 2946/2946/2946 2952/2952/2952 
f 2952/2952/2952 2946/2946/2946 2953/2953/2953 
f 2946/2946/2946 2946/2946/2946 2953/2953/2953 
f 2953/2953/2953 2946/2946/2946 2954/2954/2954 
f 2946/2946/2946 2945/2945/2945 2954/2954/2954 
f 2954/2954/2954 2945/2945/2945 2955/2955/2955 
f 2945/2945/2945 2944/2944/2944 2955/2955/2955 
f 2955/2955/2955 2944/2944/2944 2924/2924/2924 
f 2944/2944/2944 2943/2943/2943 2924/2924/2924 
f 2924/2924/2924 2943/2943/2943 2923/2923/2923 
f 2943/2943/2943 2923/2923/2923 2923/2923/2923 
f 2923/2923/2923 2923/2923/2923 2951/2951/2951 
f 2923/2923/2923 2951/2951/2951 2951/2951/2951 
f 2951/2951/2951 2951/2951/2951 2950/2950/2950 
f 2951/2951/2951 2952/2952/2952 2950/2950/2950 
f 2950/2950/2950 2952/2952/2952 2956/2956/2956 
f 2952/2952/2952 2953/2953/2953 2956/2956/2956 
f 2956/2956/2956 2953/2953/2953 2953/2953/2953 
f 2953/2953/2953 2950/2950/2950 2953/2953/2953 
f 2953/2953/2953 2950/2950/2950 2950/2950/2950 
f 2950/2950/2950 2956/2956/2956 2950/2950/2950 
f 2950/2950/2950 2956/2956/2956 2949/2949/2949 
f 2956/2956/2956 2957/2957/2957 2949/2949/2949 
f 2949/2949/2949 2957/2957/2957 2925/2925/2925 
f 2957/2957/2957 2955/2955/2955 2925/2925/2925 
f 2925/2925/2925 2955/2955/2955 2924/2924/2924 
f 2955/2955/2955 2924/2924/2924 2924/2924/2924 
f 2924/2924/2924 2924/2924/2924 2955/2955/2955 
f 2924/2924/2924 2955/2955/2955 2955/2955/2955 
f 2955/2955/2955 2955/2955/2955 2954/2954/2954 
f 2955/2955/2955 2957/2957/2957 2954/2954/2954 
f 2954/2954/2954 2957/2957/2957 2958/2958/2958 
f 2957/2957/2957 2956/2956/2956 2958/2958/2958 
f 2958/2958/2958 2956/2956/2956 2958/2958/2958 
f 2956/2956/2956 2953/2953/2953 2958/2958/2958 
f 2958/2958/2958 2953/2953/2953 2954/2954/2954 
f 2953/2953/2953 2954/2954/2954 2954/2954/2954 
f 2954/2954/2954 2954/2954/2954 2959/2959/2959 
f 2954/2954/2954 2959/2959/2959 2959/2959/2959 
f 2959/2959/2959 2959/2959/2959 2960/2960/2960 
f 2959/2959/2959 2961/2961/2961 2960/2960/2960 
f 2960/2960/2960 2961/2961/2961 2962/2962/2962 
f 2961/2961/2961 2963/2963/2963 2962/2962/2962 
f 2962/2962/2962 2963/2963/2963 2962/2962/2962 
f 2963/2963/2963 2964/2964/2964 2962/2962/2962 
f 2962/2962/2962 2964/2964/2964 2965/2965/2965 
f 2964/2964/2964 2966/2966/2966 2965/2965/2965 
f 2965/2965/2965 2966/2966/2966 2967/2967/2967 
f 2966/2966/2966 2968/2968/2968 2967/2967/2967 
f 2967/2967/2967 2968/2968/2968 2967/2967/2967 
f 2968/2968/2968 2969/2969/2969 2967/2967/2967 
f 2967/2967/2967 2969/2969/2969 2967/2967/2967 
f 2969/2969/2969 2970/2970/2970 2967/2967/2967 
f 2967/2967/2967 2970/2970/2970 2971/2971/2971 
f 2970/2970/2970 2970/2970/2970 2971/2971/2971 
f 2971/2971/2971 2970/2970/2970 2972/2972/2972 
f 2970/2970/2970 2973/2973/2973 2972/2972/2972 
f 2972/2972/2972 2973/2973/2973 2974/2974/2974 
f 2973/2973/2973 2973/2973/2973 2974/2974/2974 
f 2974/2974/2974 2973/2973/2973 2975/2975/2975 
f 2973/2973/2973 2976/2976/2976 2975/2975/2975 
f 2975/2975/2975 2976/2976/2976 2977/2977/2977 
f 2976/2976/2976 2976/2976/2976 2977/2977/2977 
f 2977/2977/2977 2976/2976/2976 2978/2978/2978 
f 2976/2976/2976 2976/2976/2976 2978/2978/2978 
f 2978/2978/2978 2976/2976/2976 2979/2979/2979 
f 2976/2976/2976 2976/2976/2976 2979/2979/2979 
f 2979/2979/2979 2976/2976/2976 2980/2980/2980 
f 2976/2976/2976 2973/2973/2973 2980/2980/2980 
f 2980/2980/2980 2973/2973/2973 2980/2980/2980 
f 2973/2973/2973 2970/2970/2970 2980/2980/2980 
f 2980/2980/2980 2970/2970/2970 2969/2969/2969 
f 2970/2970/2970 2969/2969/2969 2969/2969/2969 
f 2969/2969/2969 2969/2969/2969 2960/2960/2960 
f 2969/2969/2969 2960/2960/2960 2960/2960/2960 
f 2960/2960/2960 2960/2960/2960 2981/2981/2981 
f 2960/2960/2960 2962/2962/2962 2981/2981/2981 
f 2981/2981/2981 2962/2962/2962 2981/2981/2981 
f 2962/2962/2962 2965/2965/2965 2981/2981/2981 
f 2981/2981/2981 2965/2965/2965 2971/2971/2971 
f 2965/2965/2965 2967/2967/2967 2971/2971/2971 
f 2971/2971/2971 2967/2967/2967 2967/2967/2967 
f 2967/2967/2967 2975/2975/2975 2967/2967/2967 
f 2967/2967/2967 2975/2975/2975 2975/2975/2975 
f 2975/2975/2975 2977/2977/2977 2975/2975/2975 
f 2975/2975/2975 2977/2977/2977 2982/2982/2982 
f 2977/2977/2977 2982/2982/2982 2982/2982/2982 
f 2982/2982/2982 2982/2982/2982 2983/2983/2983 
f 2982/2982/2982 2983/2983/2983 2983/2983/2983 
f 2983/2983/2983 2983/2983/2983 2984/2984/2984 
f 2983/2983/2983 2985/2985/2985 2984/2984/2984 
f 2984/2984/2984 2985/2985/2985 2984/2984/2984 
f 2985/2985/2985 2986/2986/2986 2984/2984/2984 
f 2984/2984/2984 2986/2986/2986 2987/2987/2987 
f 2986/2986/2986 2986/2986/2986 2987/2987/2987 
f 2987/2987/2987 2986/2986/2986 2988/2988/2988 
f 2986/2986/2986 2989/2989/2989 2988/2988/2988 
f 2988/2988/2988 2989/2989/2989 2990/2990/2990 
f 2989/2989/2989 2991/2991/2991 2990/2990/2990 
f 2990/2990/2990 2991/2991/2991 2992/2992/2992 
f 2991/2991/2991 2993/2993/2993 2992/2992/2992 
f 2992/2992/2992 2993/2993/2993 2994/2994/2994 
f 2993/2993/2993 2995/2995/2995 2994/2994/2994 
f 2994/2994/2994 2995/2995/2995 2996/2996/2996 
f 2995/2995/2995 2997/2997/2997 2996/2996/2996 
f 2996/2996/2996 2997/2997/2997 2998/2998/2998 
f 2997/2997/2997 2999/2999/2999 2998/2998/2998 
f 2998/2998/2998 2999/2999/2999 3000/3000/3000 
f 2999/2999/2999 3001/3001/3001 3000/3000/3000 
f 3000/3000/3000 3001/3001/3001 3002/3002/3002 
f 3001/3001/3001 3001/3001/3001 3002/3002/3002 
f 3002/3002/3002 3001/3001/3001 3003/3003/3003 
f 3001/3001/3001 2999/2999/2999 3003/3003/3003 
f 3003/3003/3003 2999/2999/2999 3003/3003/3003 
f 2999/2999/2999 2997/2997/2997 3003/3003/3003 
f 3003/3003/3003 2997/2997/2997 3003/3003/3003 
f 2997/2997/2997 2995/2995/2995 3003/3003/3003 
f 3003/3003/3003 2995/2995/2995 3004/3004/3004 
f 2995/2995/2995 2986/2986/2986 3004/3004/3004 
f 3004/3004/3004 2986/2986/2986 3005/3005/3005 
f 2986/2986/2986 2986/2986/2986 3005/3005/3005 
f 3005/3005/3005 2986/2986/2986 3006/3006/3006 
f 2986/2986/2986 2985/2985/2985 3006/3006/3006 
f 3006/3006/3006 2985/2985/2985 3007/3007/3007 
f 2985/2985/2985 2983/2983/2983 3007/3007/3007 
f 3007/3007/3007 2983/2983/2983 2983/2983/2983 
f 2983/2983/2983 2984/2984/2984 2983/2983/2983 
f 2983/2983/2983 2984/2984/2984 2984/2984/2984 
f 2984/2984/2984 2987/2987/2987 2984/2984/2984 
f 2984/2984/2984 2987/2987/2987 2983/2983/2983 
f 2987/2987/2987 2983/2983/2983 2983/2983/2983 
f 2983/2983/2983 2983/2983/2983 2991/2991/2991 
f 2983/2983/2983 2991/2991/2991 2991/2991/2991 
f 2991/2991/2991 2991/2991/2991 2993/2993/2993 
f 2991/2991/2991 2989/2989/2989 2993/2993/2993 
f 2993/2993/2993 2989/2989/2989 2993/2993/2993 
f 2989/2989/2989 2986/2986/2986 2993/2993/2993 
f 2993/2993/2993 2986/2986/2986 2995/2995/2995 
f 2986/2986/2986 2995/2995/2995 2995/2995/2995 
f 2995/2995/2995 2995/2995/2995 3004/3004/3004 
f 2995/2995/2995 3004/3004/3004 3004/3004/3004 
f 3004/3004/3004 3004/3004/3004 3003/3003/3003 
f 3004/3004/3004 3005/3005/3005 3003/3003/3003 
f 3003/3003/3003 3005/3005/3005 3008/3008/3008 
f 3005/3005/3005 3009/3009/3009 3008/3008/3008 
f 3008/3008/3008 3009/3009/3009 3008/3008/3008 
f 3009/3009/3009 3010/3010/3010 3008/3008/3008 
f 3008/3008/3008 3010/3010/3010 3011/3011/3011 
f 3010/3010/3010 3012/3012/3012 3011/3011/3011 
f 3011/3011/3011 3012/3012/3012 3012/3012/3012 
f 3012/3012/3012 3007/3007/3007 3012/3012/3012 
f 3012/3012/3012 3007/3007/3007 3007/3007/3007 
f 3007/3007/3007 3013/3013/3013 3007/3007/3007 
f 3007/3007/3007 3013/3013/3013 3006/3006/3006 
f 3013/3013/3013 3013/3013/3013 3006/3006/3006 
f 3006/3006/3006 3013/3013/3013 3005/3005/3005 
f 3013/3013/3013 3009/3009/3009 3005/3005/3005 
f 3005/3005/3005 3009/3009/3009 3009/3009/3009 
f 3009/3009/3009 3002/3002/3002 3009/3009/3009 
f 3009/3009/3009 3002/3002/3002 3002/3002/3002 
f 3002/3002/3002 3003/3003/3003 3002/3002/3002 
f 3002/3002/3002 3003/3003/3003 3014/3014/3014 
f 3003/3003/3003 3015/3015/3015 3014/3014/3014 
f 3014/3014/3014 3015/3015/3015 3016/3016/3016 
f 3015/3015/3015 3015/3015/3015 3016/3016/3016 
f 3016/3016/3016 3015/3015/3015 3011/3011/3011 
f 3015/3015/3015 3015/3015/3015 3011/3011/3011 
f 3011/3011/3011 3015/3015/3015 3008/3008/3008 
f 3015/3015/3015 3003/3003/3003 3008/3008/3008 
f 3008/3008/3008 3003/3003/3003 3003/3003/3003 
f 3003/3003/3003 3017/3017/3017 3003/3003/3003 
f 3003/3003/3003 3017/3017/3017 3017/3017/3017 
f 3017/3017/3017 3018/3018/3018 3017/3017/3017 
f 3017/3017/3017 3018/3018/3018 3019/3019/3019 
f 3018/3018/3018 3018/3018/3018 3019/3019/3019 
f 3019/3019/3019 3018/3018/3018 3020/3020/3020 
f 3018/3018/3018 3021/3021/3021 3020/3020/3020 
f 3020/3020/3020 3021/3021/3021 3022/3022/3022 
f 3021/3021/3021 3023/3023/3023 3022/3022/3022 
f 3022/3022/3022 3023/3023/3023 3022/3022/3022 
f 3023/3023/3023 3024/3024/3024 3022/3022/3022 
f 3022/3022/3022 3024/3024/3024 3022/3022/3022 
f 3024/3024/3024 3025/3025/3025 3022/3022/3022 
f 3022/3022/3022 3025/3025/3025 3022/3022/3022 
f 3025/3025/3025 3026/3026/3026 3022/3022/3022 
f 3022/3022/3022 3026/3026/3026 3020/3020/3020 
f 3026/3026/3026 3027/3027/3027 3020/3020/3020 
f 3020/3020/3020 3027/3027/3027 3019/3019/3019 
f 3027/3027/3027 3028/3028/3028 3019/3019/3019 
f 3019/3019/3019 3028/3028/3028 3029/3029/3029 
f 3028/3028/3028 3030/3030/3030 3029/3029/3029 
f 3029/3029/3029 3030/3030/3030 3030/3030/3030 
f 3030/3030/3030 3019/3019/3019 3030/3030/3030 
f 3030/3030/3030 3019/3019/3019 3019/3019/3019 
f 3019/3019/3019 3029/3029/3029 3019/3019/3019 
f 3019/3019/3019 3029/3029/3029 3017/3017/3017 
f 3029/3029/3029 3017/3017/3017 3017/3017/3017 
f 3017/3017/3017 3017/3017/3017 3026/3026/3026 
f 3017/3017/3017 3026/3026/3026 3026/3026/3026 
f 3026/3026/3026 3026/3026/3026 3031/3031/3031 
f 3026/3026/3026 3025/3025/3025 3031/3031/3031 
f 3031/3031/3031 3025/3025/3025 3032/3032/3032 
f 3025/3025/3025 3033/3033/3033 3032/3032/3032 
f 3032/3032/3032 3033/3033/3033 3034/3034/3034 
f 3033/3033/3033 3033/3033/3033 3034/3034/3034 
f 3034/3034/3034 3033/3033/3033 3035/3035/3035 
f 3033/3033/3033 3036/3036/3036 3035/3035/3035 
f 3035/3035/3035 3036/3036/3036 3035/3035/3035 
f 3036/3036/3036 3037/3037/3037 3035/3035/3035 
f 3035/3035/3035 3037/3037/3037 3038/3038/3038 
f 3037/3037/3037 3039/3039/3039 3038/3038/3038 
f 3038/3038/3038 3039/3039/3039 3040/3040/3040 
f 3039/3039/3039 3041/3041/3041 3040/3040/3040 
f 3040/3040/3040 3041/3041/3041 3040/3040/3040 
f 3041/3041/3041 2963/2963/2963 3040/3040/3040 
f 3040/3040/3040 2963/2963/2963 3040/3040/3040 
f 2963/2963/2963 2961/2961/2961 3040/3040/3040 
f 3040/3040/3040 2961/2961/2961 3042/3042/3042 
f 2961/2961/2961 2959/2959/2959 3042/3042/3042 
f 3042/3042/3042 2959/2959/2959 2959/2959/2959 
f 2959/2959/2959 3025/3025/3025 2959/2959/2959 
f 2959/2959/2959 3025/3025/3025 3025/3025/3025 
f 3025/3025/3025 3024/3024/3024 3025/3025/3025 
f 3025/3025/3025 3024/3024/3024 3033/3033/3033 
f 3024/3024/3024 3036/3036/3036 3033/3033/3033 
f 3033/3033/3033 3036/3036/3036 3036/3036/3036 
f 3036/3036/3036 3040/3040/3040 3036/3036/3036 
f 3036/3036/3036 3040/3040/3040 3040/3040/3040 
f 3040/3040/3040 3042/3042/3042 3040/3040/3040 
f 3040/3040/3040 3042/3042/3042 3038/3038/3038 
f 3042/3042/3042 3043/3043/3043 3038/3038/3038 
f 3038/3038/3038 3043/3043/3043 3035/3035/3035 
f 3043/3043/3043 3034/3034/3034 3035/3035/3035 
f 3035/3035/3035 3034/3034/3034 3034/3034/3034 
f 3034/3034/3034 3044/3044/3044 3034/3034/3034 
f 3034/3034/3034 3044/3044/3044 3044/3044/3044 
f 3044/3044/3044 3045/3045/3045 3044/3044/3044 
f 3044/3044/3044 3045/3045/3045 3046/3046/3046 
f 3045/3045/3045 3047/3047/3047 3046/3046/3046 
f 3046/3046/3046 3047/3047/3047 3047/3047/3047 
f 3047/3047/3047 3045/3045/3045 3047/3047/3047 
f 3047/3047/3047 3045/3045/3045 3045/3045/3045 
f 3045/3045/3045 3044/3044/3044 3045/3045/3045 
f 3045/3045/3045 3044/3044/3044 3048/3048/3048 
f 3044/3044/3044 3049/3049/3049 3048/3048/3048 
f 3048/3048/3048 3049/3049/3049 3050/3050/3050 
f 3049/3049/3049 3051/3051/3051 3050/3050/3050 
f 3050/3050/3050 3051/3051/3051 3052/3052/3052 
f 3051/3051/3051 3053/3053/3053 3052/3052/3052 
f 3052/3052/3052 3053/3053/3053 3054/3054/3054 
f 3053/3053/3053 3054/3054/3054 3054/3054/3054 
f 3054/3054/3054 3054/3054/3054 3053/3053/3053 
f 3054/3054/3054 3053/3053/3053 3053/3053/3053 
f 3053/3053/3053 3053/3053/3053 3055/3055/3055 
f 3053/3053/3053 3051/3051/3051 3055/3055/3055 
f 3055/3055/3055 3051/3051/3051 3056/3056/3056 
f 3051/3051/3051 3049/3049/3049 3056/3056/3056 
f 3056/3056/3056 3049/3049/3049 3057/3057/3057 
f 3049/3049/3049 3044/3044/3044 3057/3057/3057 
f 3057/3057/3057 3044/3044/3044 3046/3046/3046 
f 3044/3044/3044 3046/3046/3046 3046/3046/3046 
f 3046/3046/3046 3046/3046/3046 3055/3055/3055 
f 3046/3046/3046 3055/3055/3055 3055/3055/3055 
f 3055/3055/3055 3055/3055/3055 3058/3058/3058 
f 3055/3055/3055 3056/3056/3056 3058/3058/3058 
f 3058/3058/3058 3056/3056/3056 3059/3059/3059 
f 3056/3056/3056 3057/3057/3057 3059/3059/3059 
f 3059/3059/3059 3057/3057/3057 3057/3057/3057 
f 3057/3057/3057 3058/3058/3058 3057/3057/3057 
f 3057/3057/3057 3058/3058/3058 3058/3058/3058 
f 3058/3058/3058 3059/3059/3059 3058/3058/3058 
f 3058/3058/3058 3059/3059/3059 3060/3060/3060 
f 3059/3059/3059 3061/3061/3061 3060/3060/3060 
f 3060/3060/3060 3061/3061/3061 3062/3062/3062 
f 3061/3061/3061 3061/3061/3061 3062/3062/3062 
f 3062/3062/3062 3061/3061/3061 3063/3063/3063 
f 3061/3061/3061 3064/3064/3064 3063/3063/3063 
f 3063/3063/3063 3064/3064/3064 3065/3065/3065 
f 3064/3064/3064 3066/3066/3066 3065/3065/3065 
f 3065/3065/3065 3066/3066/3066 3067/3067/3067 
f 3066/3066/3066 3068/3068/3068 3067/3067/3067 
f 3067/3067/3067 3068/3068/3068 3047/3047/3047 
f 3068/3068/3068 3068/3068/3068 3047/3047/3047 
f 3047/3047/3047 3068/3068/3068 3046/3046/3046 
f 3068/3068/3068 3069/3069/3069 3046/3046/3046 
f 3046/3046/3046 3069/3069/3069 3057/3057/3057 
f 3069/3069/3069 3069/3069/3069 3057/3057/3057 
f 3057/3057/3057 3069/3069/3069 3059/3059/3059 
f 3069/3069/3069 3069/3069/3069 3059/3059/3059 
f 3059/3059/3059 3069/3069/3069 3061/3061/3061 
f 3069/3069/3069 3069/3069/3069 3061/3061/3061 
f 3061/3061/3061 3069/3069/3069 3064/3064/3064 
f 3069/3069/3069 3068/3068/3068 3064/3064/3064 
f 3064/3064/3064 3068/3068/3068 3066/3066/3066 
f 3068/3068/3068 3066/3066/3066 3066/3066/3066 
f 3066/3066/3066 3066/3066/3066 3070/3070/3070 
f 3066/3066/3066 3070/3070/3070 3070/3070/3070 
f 3070/3070/3070 3070/3070/3070 3071/3071/3071 
f 3070/3070/3070 3072/3072/3072 3071/3071/3071 
f 3071/3071/3071 3072/3072/3072 3073/3073/3073 
f 3072/3072/3072 3073/3073/3073 3073/3073/3073 
f 3073/3073/3073 3073/3073/3073 3072/3072/3072 
f 3073/3073/3073 3072/3072/3072 3072/3072/3072 
f 3072/3072/3072 3072/3072/3072 3074/3074/3074 
f 3072/3072/3072 3070/3070/3070 3074/3074/3074 
f 3074/3074/3074 3070/3070/3070 3075/3075/3075 
f 3070/3070/3070 3071/3071/3071 3075/3075/3075 
f 3075/3075/3075 3071/3071/3071 3071/3071/3071 
f 3071/3071/3071 3074/3074/3074 3071/3071/3071 
f 3071/3071/3071 3074/3074/3074 3074/3074/3074 
f 3074/3074/3074 3075/3075/3075 3074/3074/3074 
f 3074/3074/3074 3075/3075/3075 3076/3076/3076 
f 3075/3075/3075 3077/3077/3077 3076/3076/3076 
f 3076/3076/3076 3077/3077/3077 3078/3078/3078 
f 3077/3077/3077 3079/3079/3079 3078/3078/3078 
f 3078/3078/3078 3079/3079/3079 3080/3080/3080 
f 3079/3079/3079 3081/3081/3081 3080/3080/3080 
f 3080/3080/3080 3081/3081/3081 3082/3082/3082 
f 3081/3081/3081 3083/3083/3083 3082/3082/3082 
f 3082/3082/3082 3083/3083/3083 3084/3084/3084 
f 3083/3083/3083 3085/3085/3085 3084/3084/3084 
f 3084/3084/3084 3085/3085/3085 3086/3086/3086 
f 3085/3085/3085 3086/3086/3086 3086/3086/3086 
f 3086/3086/3086 3086/3086/3086 3085/3085/3085 
f 3086/3086/3086 3085/3085/3085 3085/3085/3085 
f 3085/3085/3085 3085/3085/3085 3087/3087/3087 
f 3085/3085/3085 3083/3083/3083 3087/3087/3087 
f 3087/3087/3087 3083/3083/3083 3088/3088/3088 
f 3083/3083/3083 3081/3081/3081 3088/3088/3088 
f 3088/3088/3088 3081/3081/3081 3089/3089/3089 
f 3081/3081/3081 3079/3079/3079 3089/3089/3089 
f 3089/3089/3089 3079/3079/3079 3089/3089/3089 
f 3079/3079/3079 3077/3077/3077 3089/3089/3089 
f 3089/3089/3089 3077/3077/3077 3090/3090/3090 
f 3077/3077/3077 3075/3075/3075 3090/3090/3090 
f 3090/3090/3090 3075/3075/3075 3090/3090/3090 
f 3075/3075/3075 3071/3071/3071 3090/3090/3090 
f 3090/3090/3090 3071/3071/3071 3091/3091/3091 
f 3071/3071/3071 3073/3073/3073 3091/3091/3091 
f 3091/3091/3091 3073/3073/3073 3091/3091/3091 
f 3073/3073/3073 3092/3092/3092 3091/3091/3091 
f 3091/3091/3091 3092/3092/3092 3091/3091/3091 
f 3092/3092/3092 3093/3093/3093 3091/3091/3091 
f 3091/3091/3091 3093/3093/3093 3094/3094/3094 
f 3093/3093/3093 3095/3095/3095 3094/3094/3094 
f 3094/3094/3094 3095/3095/3095 3088/3088/3088 
f 3095/3095/3095 3087/3087/3087 3088/3088/3088 
f 3088/3088/3088 3087/3087/3087 3087/3087/3087 
f 3087/3087/3087 3091/3091/3091 3087/3087/3087 
f 3087/3087/3087 3091/3091/3091 3091/3091/3091 
f 3091/3091/3091 3094/3094/3094 3091/3091/3091 
f 3091/3091/3091 3094/3094/3094 3090/3090/3090 
f 3094/3094/3094 3096/3096/3096 3090/3090/3090 
f 3090/3090/3090 3096/3096/3096 3097/3097/3097 
f 3096/3096/3096 3098/3098/3098 3097/3097/3097 
f 3097/3097/3097 3098/3098/3098 3089/3089/3089 
f 3098/3098/3098 3098/3098/3098 3089/3089/3089 
f 3089/3089/3089 3098/3098/3098 3088/3088/3088 
f 3098/3098/3098 3099/3099/3099 3088/3088/3088 
f 3088/3088/3088 3099/3099/3099 3094/3094/3094 
f 3099/3099/3099 3099/3099/3099 3094/3094/3094 
f 3094/3094/3094 3099/3099/3099 3096/3096/3096 
f 3099/3099/3099 3098/3098/3098 3096/3096/3096 
f 3096/3096/3096 3098/3098/3098 3098/3098/3098 
f 3098/3098/3098 3089/3089/3089 3098/3098/3098 
f 3098/3098/3098 3089/3089/3089 3089/3089/3089 
f 3089/3089/3089 3090/3090/3090 3089/3089/3089 
f 3089/3089/3089 3090/3090/3090 3097/3097/3097 
f 3090/3090/3090 3097/3097/3097 3097/3097/3097 
f 3097/3097/3097 3097/3097/3097 3100/3100/3100 
f 3097/3097/3097 3100/3100/3100 3100/3100/3100 
f 3100/3100/3100 3100/3100/3100 3100/3100/3100 
f 3100/3100/3100 3101/3101/3101 3100/3100/3100 
f 3100/3100/3100 3101/3101/3101 3102/3102/3102 
f 3101/3101/3101 3103/3103/3103 3102/3102/3102 
f 3102/3102/3102 3103/3103/3103 3104/3104/3104 
f 3103/3103/3103 3103/3103/3103 3104/3104/3104 
f 3104/3104/3104 3103/3103/3103 3105/3105/3105 
f 3103/3103/3103 3103/3103/3103 3105/3105/3105 
f 3105/3105/3105 3103/3103/3103 3106/3106/3106 
f 3103/3103/3103 3107/3107/3107 3106/3106/3106 
f 3106/3106/3106 3107/3107/3107 3106/3106/3106 
f 3107/3107/3107 3108/3108/3108 3106/3106/3106 
f 3106/3106/3106 3108/3108/3108 3109/3109/3109 
f 3108/3108/3108 3110/3110/3110 3109/3109/3109 
f 3109/3109/3109 3110/3110/3110 3111/3111/3111 
f 3110/3110/3110 3111/3111/3111 3111/3111/3111 
f 3111/3111/3111 3111/3111/3111 3103/3103/3103 
f 3111/3111/3111 3103/3103/3103 3103/3103/3103 
f 3103/3103/3103 3103/3103/3103 3107/3107/3107 
f 3103/3103/3103 3101/3101/3101 3107/3107/3107 
f 3107/3107/3107 3101/3101/3101 3101/3101/3101 
f 3101/3101/3101 3104/3104/3104 3101/3101/3101 
f 3101/3101/3101 3104/3104/3104 3104/3104/3104 
f 3104/3104/3104 3105/3105/3105 3104/3104/3104 
f 3104/3104/3104 3105/3105/3105 3112/3112/3112 
f 3105/3105/3105 3113/3113/3113 3112/3112/3112 
f 3112/3112/3112 3113/3113/3113 3114/3114/3114 
f 3113/3113/3113 3115/3115/3115 3114/3114/3114 
f 3114/3114/3114 3115/3115/3115 3116/3116/3116 
f 3115/3115/3115 3117/3117/3117 3116/3116/3116 
f 3116/3116/3116 3117/3117/3117 3118/3118/3118 
f 3117/3117/3117 3119/3119/3119 3118/3118/3118 
f 3118/3118/3118 3119/3119/3119 3120/3120/3120 
f 3119/3119/3119 3121/3121/3121 3120/3120/3120 
f 3120/3120/3120 3121/3121/3121 3122/3122/3122 
f 3121/3121/3121 3123/3123/3123 3122/3122/3122 
f 3122/3122/3122 3123/3123/3123 3124/3124/3124 
f 3123/3123/3123 3123/3123/3123 3124/3124/3124 
f 3124/3124/3124 3123/3123/3123 3125/3125/3125 
f 3123/3123/3123 3126/3126/3126 3125/3125/3125 
f 3125/3125/3125 3126/3126/3126 3127/3127/3127 
f 3126/3126/3126 3127/3127/3127 3127/3127/3127 
f 3127/3127/3127 3127/3127/3127 3126/3126/3126 
f 3127/3127/3127 3126/3126/3126 3126/3126/3126 
f 3126/3126/3126 3126/3126/3126 3128/3128/3128 
f 3126/3126/3126 3123/3123/3123 3128/3128/3128 
f 3128/3128/3128 3123/3123/3123 3128/3128/3128 
f 3123/3123/3123 3121/3121/3121 3128/3128/3128 
f 3128/3128/3128 3121/3121/3121 3129/3129/3129 
f 3121/3121/3121 3119/3119/3119 3129/3129/3129 
f 3129/3129/3129 3119/3119/3119 3130/3130/3130 
f 3119/3119/3119 3117/3117/3117 3130/3130/3130 
f 3130/3130/3130 3117/3117/3117 3131/3131/3131 
f 3117/3117/3117 3115/3115/3115 3131/3131/3131 
f 3131/3131/3131 3115/3115/3115 3132/3132/3132 
f 3115/3115/3115 3113/3113/3113 3132/3132/3132 
f 3132/3132/3132 3113/3113/3113 3133/3133/3133 
f 3113/3113/3113 3105/3105/3105 3133/3133/3133 
f 3133/3133/3133 3105/3105/3105 3133/3133/3133 
f 3105/3105/3105 3106/3106/3106 3133/3133/3133 
f 3133/3133/3133 3106/3106/3106 3133/3133/3133 
f 3106/3106/3106 3109/3109/3109 3133/3133/3133 
f 3133/3133/3133 3109/3109/3109 3134/3134/3134 
f 3109/3109/3109 3111/3111/3111 3134/3134/3134 
f 3134/3134/3134 3111/3111/3111 3134/3134/3134 
f 3111/3111/3111 3135/3135/3135 3134/3134/3134 
f 3134/3134/3134 3135/3135/3135 3134/3134/3134 
f 3135/3135/3135 3136/3136/3136 3134/3134/3134 
f 3134/3134/3134 3136/3136/3136 3134/3134/3134 
f 3136/3136/3136 3137/3137/3137 3134/3134/3134 
f 3134/3134/3134 3137/3137/3137 3132/3132/3132 
f 3137/3137/3137 3137/3137/3137 3132/3132/3132 
f 3132/3132/3132 3137/3137/3137 3131/3131/3131 
f 3137/3137/3137 3138/3138/3138 3131/3131/3131 
f 3131/3131/3131 3138/3138/3138 3130/3130/3130 
f 3138/3138/3138 3139/3139/3139 3130/3130/3130 
f 3130/3130/3130 3139/3139/3139 3129/3129/3129 
f 3139/3139/3139 3140/3140/3140 3129/3129/3129 
f 3129/3129/3129 3140/3140/3140 3128/3128/3128 
f 3140/3140/3140 3141/3141/3141 3128/3128/3128 
f 3128/3128/3128 3141/3141/3141 3126/3126/3126 
f 3141/3141/3141 3142/3142/3142 3126/3126/3126 
f 3126/3126/3126 3142/3142/3142 3127/3127/3127 
f 3142/3142/3142 3142/3142/3142 3127/3127/3127 
f 3127/3127/3127 3142/3142/3142 3143/3143/3143 
f 3142/3142/3142 3144/3144/3144 3143/3143/3143 
f 3143/3143/3143 3144/3144/3144 3145/3145/3145 
f 3144/3144/3144 3145/3145/3145 3145/3145/3145 
f 3145/3145/3145 3145/3145/3145 3132/3132/3132 
f 3145/3145/3145 3132/3132/3132 3132/3132/3132 
f 3132/3132/3132 3132/3132/3132 3134/3134/3134 
f 3132/3132/3132 3133/3133/3133 3134/3134/3134 
f 3134/3134/3134 3133/3133/3133 3133/3133/3133 
f 3133/3133/3133 3144/3144/3144 3133/3133/3133 
f 3133/3133/3133 3144/3144/3144 3144/3144/3144 
f 3144/3144/3144 3142/3142/3142 3144/3144/3144 
f 3144/3144/3144 3142/3142/3142 3146/3146/3146 
f 3142/3142/3142 3141/3141/3141 3146/3146/3146 
f 3146/3146/3146 3141/3141/3141 3147/3147/3147 
f 3141/3141/3141 3140/3140/3140 3147/3147/3147 
f 3147/3147/3147 3140/3140/3140 3147/3147/3147 
f 3140/3140/3140 3139/3139/3139 3147/3147/3147 
f 3147/3147/3147 3139/3139/3139 3148/3148/3148 
f 3139/3139/3139 3138/3138/3138 3148/3148/3148 
f 3148/3148/3148 3138/3138/3138 3149/3149/3149 
f 3138/3138/3138 3137/3137/3137 3149/3149/3149 
f 3149/3149/3149 3137/3137/3137 3136/3136/3136 
f 3137/3137/3137 3136/3136/3136 3136/3136/3136 
f 3136/3136/3136 3136/3136/3136 3150/3150/3150 
f 3136/3136/3136 3150/3150/3150 3150/3150/3150 
f 3150/3150/3150 3150/3150/3150 3151/3151/3151 
f 3150/3150/3150 3152/3152/3152 3151/3151/3151 
f 3151/3151/3151 3152/3152/3152 3151/3151/3151 
f 3152/3152/3152 3153/3153/3153 3151/3151/3151 
f 3151/3151/3151 3153/3153/3153 3151/3151/3151 
f 3153/3153/3153 3154/3154/3154 3151/3151/3151 
f 3151/3151/3151 3154/3154/3154 3155/3155/3155 
f 3154/3154/3154 3156/3156/3156 3155/3155/3155 
f 3155/3155/3155 3156/3156/3156 3157/3157/3157 
f 3156/3156/3156 3158/3158/3158 3157/3157/3157 
f 3157/3157/3157 3158/3158/3158 3159/3159/3159 
f 3158/3158/3158 3160/3160/3160 3159/3159/3159 
f 3159/3159/3159 3160/3160/3160 3161/3161/3161 
f 3160/3160/3160 3160/3160/3160 3161/3161/3161 
f 3161/3161/3161 3160/3160/3160 3162/3162/3162 
f 3160/3160/3160 3163/3163/3163 3162/3162/3162 
f 3162/3162/3162 3163/3163/3163 3164/3164/3164 
f 3163/3163/3163 3163/3163/3163 3164/3164/3164 
f 3164/3164/3164 3163/3163/3163 3165/3165/3165 
f 3163/3163/3163 3166/3166/3166 3165/3165/3165 
f 3165/3165/3165 3166/3166/3166 3167/3167/3167 
f 3166/3166/3166 3167/3167/3167 3167/3167/3167 
f 3167/3167/3167 3167/3167/3167 3166/3166/3166 
f 3167/3167/3167 3166/3166/3166 3166/3166/3166 
f 3166/3166/3166 3166/3166/3166 3168/3168/3168 
f 3166/3166/3166 3163/3163/3163 3168/3168/3168 
f 3168/3168/3168 3163/3163/3163 3168/3168/3168 
f 3163/3163/3163 3160/3160/3160 3168/3168/3168 
f 3168/3168/3168 3160/3160/3160 3169/3169/3169 
f 3160/3160/3160 3158/3158/3158 3169/3169/3169 
f 3169/3169/3169 3158/3158/3158 3170/3170/3170 
f 3158/3158/3158 3156/3156/3156 3170/3170/3170 
f 3170/3170/3170 3156/3156/3156 3171/3171/3171 
f 3156/3156/3156 3154/3154/3154 3171/3171/3171 
f 3171/3171/3171 3154/3154/3154 3172/3172/3172 
f 3154/3154/3154 3153/3153/3153 3172/3172/3172 
f 3172/3172/3172 3153/3153/3153 3173/3173/3173 
f 3153/3153/3153 3152/3152/3152 3173/3173/3173 
f 3173/3173/3173 3152/3152/3152 3174/3174/3174 
f 3152/3152/3152 3175/3175/3175 3174/3174/3174 
f 3174/3174/3174 3175/3175/3175 3176/3176/3176 
f 3175/3175/3175 3175/3175/3175 3176/3176/3176 
f 3176/3176/3176 3175/3175/3175 3177/3177/3177 
f 3175/3175/3175 3178/3178/3178 3177/3177/3177 
f 3177/3177/3177 3178/3178/3178 3179/3179/3179 
f 3178/3178/3178 3179/3179/3179 3179/3179/3179 
f 3179/3179/3179 3179/3179/3179 3152/3152/3152 
f 3179/3179/3179 3152/3152/3152 3152/3152/3152 
f 3152/3152/3152 3152/3152/3152 3175/3175/3175 
f 3152/3152/3152 3150/3150/3150 3175/3175/3175 
f 3175/3175/3175 3150/3150/3150 3178/3178/3178 
f 3150/3150/3150 3178/3178/3178 3178/3178/3178 
f 3178/3178/3178 3178/3178/3178 3176/3176/3176 
f 3178/3178/3178 3176/3176/3176 3176/3176/3176 
f 3176/3176/3176 3176/3176/3176 3174/3174/3174 
f 3176/3176/3176 3180/3180/3180 3174/3174/3174 
f 3174/3174/3174 3180/3180/3180 3181/3181/3181 
f 3180/3180/3180 3182/3182/3182 3181/3181/3181 
f 3181/3181/3181 3182/3182/3182 3181/3181/3181 
f 3182/3182/3182 3183/3183/3183 3181/3181/3181 
f 3181/3181/3181 3183/3183/3183 3184/3184/3184 
f 3183/3183/3183 3185/3185/3185 3184/3184/3184 
f 3184/3184/3184 3185/3185/3185 3186/3186/3186 
f 3185/3185/3185 3187/3187/3187 3186/3186/3186 
f 3186/3186/3186 3187/3187/3187 3188/3188/3188 
f 3187/3187/3187 3189/3189/3189 3188/3188/3188 
f 3188/3188/3188 3189/3189/3189 3189/3189/3189 
f 3189/3189/3189 3174/3174/3174 3189/3189/3189 
f 3189/3189/3189 3174/3174/3174 3174/3174/3174 
f 3174/3174/3174 3181/3181/3181 3174/3174/3174 
f 3174/3174/3174 3181/3181/3181 3173/3173/3173 
f 3181/3181/3181 3184/3184/3184 3173/3173/3173 
f 3173/3173/3173 3184/3184/3184 3172/3172/3172 
f 3184/3184/3184 3186/3186/3186 3172/3172/3172 
f 3172/3172/3172 3186/3186/3186 3171/3171/3171 
f 3186/3186/3186 3188/3188/3188 3171/3171/3171 
f 3171/3171/3171 3188/3188/3188 3170/3170/3170 
f 3188/3188/3188 3190/3190/3190 3170/3170/3170 
f 3170/3170/3170 3190/3190/3190 3169/3169/3169 
f 3190/3190/3190 3191/3191/3191 3169/3169/3169 
f 3169/3169/3169 3191/3191/3191 3168/3168/3168 
f 3191/3191/3191 3192/3192/3192 3168/3168/3168 
f 3168/3168/3168 3192/3192/3192 3166/3166/3166 
f 3192/3192/3192 3166/3166/3166 3166/3166/3166 
f 3166/3166/3166 3166/3166/3166 3188/3188/3188 
f 3166/3166/3166 3188/3188/3188 3188/3188/3188 
f 3188/3188/3188 3188/3188/3188 3190/3190/3190 
f 3188/3188/3188 3189/3189/3189 3190/3190/3190 
f 3190/3190/3190 3189/3189/3189 3190/3190/3190 
f 3189/3189/3189 3193/3193/3193 3190/3190/3190 
f 3190/3190/3190 3193/3193/3193 3191/3191/3191 
f 3193/3193/3193 3194/3194/3194 3191/3191/3191 
f 3191/3191/3191 3194/3194/3194 3192/3192/3192 
f 3194/3194/3194 3195/3195/3195 3192/3192/3192 
f 3192/3192/3192 3195/3195/3195 3196/3196/3196 
f 3195/3195/3195 3197/3197/3197 3196/3196/3196 
f 3196/3196/3196 3197/3197/3197 3198/3198/3198 
f 3197/3197/3197 3199/3199/3199 3198/3198/3198 
f 3198/3198/3198 3199/3199/3199 3199/3199/3199 
f 3199/3199/3199 3192/3192/3192 3199/3199/3199 
f 3199/3199/3199 3192/3192/3192 3192/3192/3192 
f 3192/3192/3192 3196/3196/3196 3192/3192/3192 
f 3192/3192/3192 3196/3196/3196 3166/3166/3166 
f 3196/3196/3196 3196/3196/3196 3166/3166/3166 
f 3166/3166/3166 3196/3196/3196 3167/3167/3167 
f 3196/3196/3196 3198/3198/3198 3167/3167/3167 
f 3167/3167/3167 3198/3198/3198 3198/3198/3198 
f 3198/3198/3198 3200/3200/3200 3198/3198/3198 
f 3198/3198/3198 3200/3200/3200 3200/3200/3200 
f 3200/3200/3200 3201/3201/3201 3200/3200/3200 
f 3200/3200/3200 3201/3201/3201 3202/3202/3202 
f 3201/3201/3201 3203/3203/3203 3202/3202/3202 
f 3202/3202/3202 3203/3203/3203 3204/3204/3204 
f 3203/3203/3203 3205/3205/3205 3204/3204/3204 
f 3204/3204/3204 3205/3205/3205 3204/3204/3204 
f 3205/3205/3205 3206/3206/3206 3204/3204/3204 
f 3204/3204/3204 3206/3206/3206 3207/3207/3207 
f 3206/3206/3206 3206/3206/3206 3207/3207/3207 
f 3207/3207/3207 3206/3206/3206 3208/3208/3208 
f 3206/3206/3206 3209/3209/3209 3208/3208/3208 
f 3208/3208/3208 3209/3209/3209 3210/3210/3210 
f 3209/3209/3209 3211/3211/3211 3210/3210/3210 
f 3210/3210/3210 3211/3211/3211 3212/3212/3212 
f 3211/3211/3211 3213/3213/3213 3212/3212/3212 
f 3212/3212/3212 3213/3213/3213 3214/3214/3214 
f 3213/3213/3213 3215/3215/3215 3214/3214/3214 
f 3214/3214/3214 3215/3215/3215 3216/3216/3216 
f 3215/3215/3215 3217/3217/3217 3216/3216/3216 
f 3216/3216/3216 3217/3217/3217 3218/3218/3218 
f 3217/3217/3217 3219/3219/3219 3218/3218/3218 
f 3218/3218/3218 3219/3219/3219 3220/3220/3220 
f 3219/3219/3219 3219/3219/3219 3220/3220/3220 
f 3220/3220/3220 3219/3219/3219 3221/3221/3221 
f 3219/3219/3219 3217/3217/3217 3221/3221/3221 
f 3221/3221/3221 3217/3217/3217 3217/3217/3217 
f 3217/3217/3217 3207/3207/3207 3217/3217/3217 
f 3217/3217/3217 3207/3207/3207 3207/3207/3207 
f 3207/3207/3207 3222/3222/3222 3207/3207/3207 
f 3207/3207/3207 3222/3222/3222 3204/3204/3204 
f 3222/3222/3222 3202/3202/3202 3204/3204/3204 
f 3204/3204/3204 3202/3202/3202 3202/3202/3202 
f 3202/3202/3202 3206/3206/3206 3202/3202/3202 
f 3202/3202/3202 3206/3206/3206 3206/3206/3206 
f 3206/3206/3206 3205/3205/3205 3206/3206/3206 
f 3206/3206/3206 3205/3205/3205 3209/3209/3209 
f 3205/3205/3205 3209/3209/3209 3209/3209/3209 
f 3209/3209/3209 3209/3209/3209 3220/3220/3220 
f 3209/3209/3209 3220/3220/3220 3220/3220/3220 
f 3220/3220/3220 3220/3220/3220 3223/3223/3223 
f 3220/3220/3220 3221/3221/3221 3223/3223/3223 
f 3223/3223/3223 3221/3221/3221 3224/3224/3224 
f 3221/3221/3221 3221/3221/3221 3224/3224/3224 
f 3224/3224/3224 3221/3221/3221 3225/3225/3225 
f 3221/3221/3221 3217/3217/3217 3225/3225/3225 
f 3225/3225/3225 3217/3217/3217 3215/3215/3215 
f 3217/3217/3217 3215/3215/3215 3215/3215/3215 
f 3215/3215/3215 3215/3215/3215 3223/3223/3223 
f 3215/3215/3215 3223/3223/3223 3223/3223/3223 
f 3223/3223/3223 3223/3223/3223 3226/3226/3226 
f 3223/3223/3223 3224/3224/3224 3226/3226/3226 
f 3226/3226/3226 3224/3224/3224 3227/3227/3227 
f 3224/3224/3224 3224/3224/3224 3227/3227/3227 
f 3227/3227/3227 3224/3224/3224 3228/3228/3228 
f 3224/3224/3224 3225/3225/3225 3228/3228/3228 
f 3228/3228/3228 3225/3225/3225 3229/3229/3229 
f 3225/3225/3225 3215/3215/3215 3229/3229/3229 
f 3229/3229/3229 3215/3215/3215 3230/3230/3230 
f 3215/3215/3215 3215/3215/3215 3230/3230/3230 
f 3230/3230/3230 3215/3215/3215 3231/3231/3231 
f 3215/3215/3215 3213/3213/3213 3231/3231/3231 
f 3231/3231/3231 3213/3213/3213 3232/3232/3232 
f 3213/3213/3213 3211/3211/3211 3232/3232/3232 
f 3232/3232/3232 3211/3211/3211 3233/3233/3233 
f 3211/3211/3211 3211/3211/3211 3233/3233/3233 
f 3233/3233/3233 3211/3211/3211 3234/3234/3234 
f 3211/3211/3211 3209/3209/3209 3234/3234/3234 
f 3234/3234/3234 3209/3209/3209 3234/3234/3234 
f 3209/3209/3209 3205/3205/3205 3234/3234/3234 
f 3234/3234/3234 3205/3205/3205 3235/3235/3235 
f 3205/3205/3205 3203/3203/3203 3235/3235/3235 
f 3235/3235/3235 3203/3203/3203 3236/3236/3236 
f 3203/3203/3203 3201/3201/3201 3236/3236/3236 
f 3236/3236/3236 3201/3201/3201 3237/3237/3237 
f 3201/3201/3201 3201/3201/3201 3237/3237/3237 
f 3237/3237/3237 3201/3201/3201 3238/3238/3238 
f 3201/3201/3201 3200/3200/3200 3238/3238/3238 
f 3238/3238/3238 3200/3200/3200 3239/3239/3239 
f 3200/3200/3200 3202/3202/3202 3239/3239/3239 
f 3239/3239/3239 3202/3202/3202 3222/3222/3222 
f 3202/3202/3202 3222/3222/3222 3222/3222/3222 
f 3222/3222/3222 3222/3222/3222 3227/3227/3227 
f 3222/3222/3222 3227/3227/3227 3227/3227/3227 
f 3227/3227/3227 3227/3227/3227 3226/3226/3226 
f 3227/3227/3227 3240/3240/3240 3226/3226/3226 
f 3226/3226/3226 3240/3240/3240 3240/3240/3240 
f 3240/3240/3240 3237/3237/3237 3240/3240/3240 
f 3240/3240/3240 3237/3237/3237 3237/3237/3237 
f 3237/3237/3237 3241/3241/3241 3237/3237/3237 
f 3237/3237/3237 3241/3241/3241 3236/3236/3236 
f 3241/3241/3241 3242/3242/3242 3236/3236/3236 
f 3236/3236/3236 3242/3242/3242 3235/3235/3235 
f 3242/3242/3242 3243/3243/3243 3235/3235/3235 
f 3235/3235/3235 3243/3243/3243 3234/3234/3234 
f 3243/3243/3243 3234/3234/3234 3234/3234/3234 
f 3234/3234/3234 3234/3234/3234 3241/3241/3241 
f 3234/3234/3234 3241/3241/3241 3241/3241/3241 
f 3241/3241/3241 3241/3241/3241 3242/3242/3242 
f 3241/3241/3241 3244/3244/3244 3242/3242/3242 
f 3242/3242/3242 3244/3244/3244 3245/3245/3245 
f 3244/3244/3244 3246/3246/3246 3245/3245/3245 
f 3245/3245/3245 3246/3246/3246 3247/3247/3247 
f 3246/3246/3246 3240/3240/3240 3247/3247/3247 
f 3247/3247/3247 3240/3240/3240 3247/3247/3247 
f 3240/3240/3240 3227/3227/3227 3247/3247/3247 
f 3247/3247/3247 3227/3227/3227 3247/3247/3247 
f 3227/3227/3227 3228/3228/3228 3247/3247/3247 
f 3247/3247/3247 3228/3228/3228 3247/3247/3247 
f 3228/3228/3228 3248/3248/3248 3247/3247/3247 
f 3247/3247/3247 3248/3248/3248 3245/3245/3245 
f 3248/3248/3248 3243/3243/3243 3245/3245/3245 
f 3245/3245/3245 3243/3243/3243 3242/3242/3242 
f 3243/3243/3243 3242/3242/3242 3242/3242/3242 
f 3242/3242/3242 3242/3242/3242 3248/3248/3248 
f 3242/3242/3242 3248/3248/3248 3248/3248/3248 
f 3248/3248/3248 3248/3248/3248 3243/3243/3243 
f 3248/3248/3248 3249/3249/3249 3243/3243/3243 
f 3243/3243/3243 3249/3249/3249 3234/3234/3234 
f 3249/3249/3249 3250/3250/3250 3234/3234/3234 
f 3234/3234/3234 3250/3250/3250 3233/3233/3233 
f 3250/3250/3250 3251/3251/3251 3233/3233/3233 
f 3233/3233/3233 3251/3251/3251 3233/3233/3233 
f 3251/3251/3251 3252/3252/3252 3233/3233/3233 
f 3233/3233/3233 3252/3252/3252 3232/3232/3232 
f 3252/3252/3252 3253/3253/3253 3232/3232/3232 
f 3232/3232/3232 3253/3253/3253 3231/3231/3231 
f 3253/3253/3253 3254/3254/3254 3231/3231/3231 
f 3231/3231/3231 3254/3254/3254 3230/3230/3230 
f 3254/3254/3254 3230/3230/3230 3230/3230/3230 
f 3230/3230/3230 3230/3230/3230 3254/3254/3254 
f 3230/3230/3230 3254/3254/3254 3254/3254/3254 
f 3254/3254/3254 3254/3254/3254 3255/3255/3255 
f 3254/3254/3254 3253/3253/3253 3255/3255/3255 
f 3255/3255/3255 3253/3253/3253 3256/3256/3256 
f 3253/3253/3253 3252/3252/3252 3256/3256/3256 
f 3256/3256/3256 3252/3252/3252 3257/3257/3257 
f 3252/3252/3252 3251/3251/3251 3257/3257/3257 
f 3257/3257/3257 3251/3251/3251 3258/3258/3258 
f 3251/3251/3251 3251/3251/3251 3258/3258/3258 
f 3258/3258/3258 3251/3251/3251 3259/3259/3259 
f 3251/3251/3251 3250/3250/3250 3259/3259/3259 
f 3259/3259/3259 3250/3250/3250 3260/3260/3260 
f 3250/3250/3250 3249/3249/3249 3260/3260/3260 
f 3260/3260/3260 3249/3249/3249 3229/3229/3229 
f 3249/3249/3249 3248/3248/3248 3229/3229/3229 
f 3229/3229/3229 3248/3248/3248 3228/3228/3228 
f 3248/3248/3248 3228/3228/3228 3228/3228/3228 
f 3228/3228/3228 3228/3228/3228 3256/3256/3256 
f 3228/3228/3228 3256/3256/3256 3256/3256/3256 
f 3256/3256/3256 3256/3256/3256 3255/3255/3255 
f 3256/3256/3256 3257/3257/3257 3255/3255/3255 
f 3255/3255/3255 3257/3257/3257 3261/3261/3261 
f 3257/3257/3257 3258/3258/3258 3261/3261/3261 
f 3261/3261/3261 3258/3258/3258 3258/3258/3258 
f 3258/3258/3258 3255/3255/3255 3258/3258/3258 
f 3258/3258/3258 3255/3255/3255 3255/3255/3255 
f 3255/3255/3255 3261/3261/3261 3255/3255/3255 
f 3255/3255/3255 3261/3261/3261 3254/3254/3254 
f 3261/3261/3261 3262/3262/3262 3254/3254/3254 
f 3254/3254/3254 3262/3262/3262 3230/3230/3230 
f 3262/3262/3262 3260/3260/3260 3230/3230/3230 
f 3230/3230/3230 3260/3260/3260 3229/3229/3229 
f 3260/3260/3260 3229/3229/3229 3229/3229/3229 
f 3229/3229/3229 3229/3229/3229 3260/3260/3260 
f 3229/3229/3229 3260/3260/3260 3260/3260/3260 
f 3260/3260/3260 3260/3260/3260 3259/3259/3259 
f 3260/3260/3260 3262/3262/3262 3259/3259/3259 
f 3259/3259/3259 3262/3262/3262 3263/3263/3263 
f 3262/3262/3262 3261/3261/3261 3263/3263/3263 
f 3263/3263/3263 3261/3261/3261 3263/3263/3263 
f 3261/3261/3261 3258/3258/3258 3263/3263/3263 
f 3263/3263/3263 3258/3258/3258 3259/3259/3259 
f 3258/3258/3258 3259/3259/3259 3259/3259/3259 
f 3259/3259/3259 3259/3259/3259 3264/3264/3264 
f 3259/3259/3259 3264/3264/3264 3264/3264/3264 
f 3264/3264/3264 3264/3264/3264 3265/3265/3265 
f 3264/3264/3264 3266/3266/3266 3265/3265/3265 
f 3265/3265/3265 3266/3266/3266 3267/3267/3267 
f 3266/3266/3266 3268/3268/3268 3267/3267/3267 
f 3267/3267/3267 3268/3268/3268 3267/3267/3267 
f 3268/3268/3268 3269/3269/3269 3267/3267/3267 
f 3267/3267/3267 3269/3269/3269 3270/3270/3270 
f 3269/3269/3269 3271/3271/3271 3270/3270/3270 
f 3270/3270/3270 3271/3271/3271 3272/3272/3272 
f 3271/3271/3271 3273/3273/3273 3272/3272/3272 
f 3272/3272/3272 3273/3273/3273 3272/3272/3272 
f 3273/3273/3273 3274/3274/3274 3272/3272/3272 
f 3272/3272/3272 3274/3274/3274 3272/3272/3272 
f 3274/3274/3274 3275/3275/3275 3272/3272/3272 
f 3272/3272/3272 3275/3275/3275 3276/3276/3276 
f 3275/3275/3275 3275/3275/3275 3276/3276/3276 
f 3276/3276/3276 3275/3275/3275 3277/3277/3277 
f 3275/3275/3275 3278/3278/3278 3277/3277/3277 
f 3277/3277/3277 3278/3278/3278 3279/3279/3279 
f 3278/3278/3278 3278/3278/3278 3279/3279/3279 
f 3279/3279/3279 3278/3278/3278 3280/3280/3280 
f 3278/3278/3278 3281/3281/3281 3280/3280/3280 
f 3280/3280/3280 3281/3281/3281 3282/3282/3282 
f 3281/3281/3281 3281/3281/3281 3282/3282/3282 
f 3282/3282/3282 3281/3281/3281 3283/3283/3283 
f 3281/3281/3281 3281/3281/3281 3283/3283/3283 
f 3283/3283/3283 3281/3281/3281 3284/3284/3284 
f 3281/3281/3281 3281/3281/3281 3284/3284/3284 
f 3284/3284/3284 3281/3281/3281 3285/3285/3285 
f 3281/3281/3281 3278/3278/3278 3285/3285/3285 
f 3285/3285/3285 3278/3278/3278 3285/3285/3285 
f 3278/3278/3278 3275/3275/3275 3285/3285/3285 
f 3285/3285/3285 3275/3275/3275 3274/3274/3274 
f 3275/3275/3275 3274/3274/3274 3274/3274/3274 
f 3274/3274/3274 3274/3274/3274 3265/3265/3265 
f 3274/3274/3274 3265/3265/3265 3265/3265/3265 
f 3265/3265/3265 3265/3265/3265 3286/3286/3286 
f 3265/3265/3265 3267/3267/3267 3286/3286/3286 
f 3286/3286/3286 3267/3267/3267 3286/3286/3286 
f 3267/3267/3267 3270/3270/3270 3286/3286/3286 
f 3286/3286/3286 3270/3270/3270 3276/3276/3276 
f 3270/3270/3270 3272/3272/3272 3276/3276/3276 
f 3276/3276/3276 3272/3272/3272 3272/3272/3272 
f 3272/3272/3272 3280/3280/3280 3272/3272/3272 
f 3272/3272/3272 3280/3280/3280 3280/3280/3280 
f 3280/3280/3280 3282/3282/3282 3280/3280/3280 
f 3280/3280/3280 3282/3282/3282 3287/3287/3287 
f 3282/3282/3282 3287/3287/3287 3287/3287/3287 
f 3287/3287/3287 3287/3287/3287 3288/3288/3288 
f 3287/3287/3287 3288/3288/3288 3288/3288/3288 
f 3288/3288/3288 3288/3288/3288 3289/3289/3289 
f 3288/3288/3288 3290/3290/3290 3289/3289/3289 
f 3289/3289/3289 3290/3290/3290 3289/3289/3289 
f 3290/3290/3290 3291/3291/3291 3289/3289/3289 
f 3289/3289/3289 3291/3291/3291 3292/3292/3292 
f 3291/3291/3291 3291/3291/3291 3292/3292/3292 
f 3292/3292/3292 3291/3291/3291 3293/3293/3293 
f 3291/3291/3291 3294/3294/3294 3293/3293/3293 
f 3293/3293/3293 3294/3294/3294 3295/3295/3295 
f 3294/3294/3294 3296/3296/3296 3295/3295/3295 
f 3295/3295/3295 3296/3296/3296 3297/3297/3297 
f 3296/3296/3296 3298/3298/3298 3297/3297/3297 
f 3297/3297/3297 3298/3298/3298 3299/3299/3299 
f 3298/3298/3298 3300/3300/3300 3299/3299/3299 
f 3299/3299/3299 3300/3300/3300 3301/3301/3301 
f 3300/3300/3300 3302/3302/3302 3301/3301/3301 
f 3301/3301/3301 3302/3302/3302 3303/3303/3303 
f 3302/3302/3302 3304/3304/3304 3303/3303/3303 
f 3303/3303/3303 3304/3304/3304 3305/3305/3305 
f 3304/3304/3304 3306/3306/3306 3305/3305/3305 
f 3305/3305/3305 3306/3306/3306 3307/3307/3307 
f 3306/3306/3306 3306/3306/3306 3307/3307/3307 
f 3307/3307/3307 3306/3306/3306 3308/3308/3308 
f 3306/3306/3306 3304/3304/3304 3308/3308/3308 
f 3308/3308/3308 3304/3304/3304 3308/3308/3308 
f 3304/3304/3304 3302/3302/3302 3308/3308/3308 
f 3308/3308/3308 3302/3302/3302 3308/3308/3308 
f 3302/3302/3302 3300/3300/3300 3308/3308/3308 
f 3308/3308/3308 3300/3300/3300 3309/3309/3309 
f 3300/3300/3300 3291/3291/3291 3309/3309/3309 
f 3309/3309/3309 3291/3291/3291 3310/3310/3310 
f 3291/3291/3291 3291/3291/3291 3310/3310/3310 
f 3310/3310/3310 3291/3291/3291 3311/3311/3311 
f 3291/3291/3291 3290/3290/3290 3311/3311/3311 
f 3311/3311/3311 3290/3290/3290 3312/3312/3312 
f 3290/3290/3290 3288/3288/3288 3312/3312/3312 
f 3312/3312/3312 3288/3288/3288 3288/3288/3288 
f 3288/3288/3288 3289/3289/3289 3288/3288/3288 
f 3288/3288/3288 3289/3289/3289 3289/3289/3289 
f 3289/3289/3289 3292/3292/3292 3289/3289/3289 
f 3289/3289/3289 3292/3292/3292 3288/3288/3288 
f 3292/3292/3292 3288/3288/3288 3288/3288/3288 
f 3288/3288/3288 3288/3288/3288 3296/3296/3296 
f 3288/3288/3288 3296/3296/3296 3296/3296/3296 
f 3296/3296/3296 3296/3296/3296 3298/3298/3298 
f 3296/3296/3296 3294/3294/3294 3298/3298/3298 
f 3298/3298/3298 3294/3294/3294 3298/3298/3298 
f 3294/3294/3294 3291/3291/3291 3298/3298/3298 
f 3298/3298/3298 3291/3291/3291 3300/3300/3300 
f 3291/3291/3291 3300/3300/3300 3300/3300/3300 
f 3300/3300/3300 3300/3300/3300 3309/3309/3309 
f 3300/3300/3300 3309/3309/3309 3309/3309/3309 
f 3309/3309/3309 3309/3309/3309 3308/3308/3308 
f 3309/3309/3309 3310/3310/3310 3308/3308/3308 
f 3308/3308/3308 3310/3310/3310 3313/3313/3313 
f 3310/3310/3310 3314/3314/3314 3313/3313/3313 
f 3313/3313/3313 3314/3314/3314 3313/3313/3313 
f 3314/3314/3314 3315/3315/3315 3313/3313/3313 
f 3313/3313/3313 3315/3315/3315 3316/3316/3316 
f 3315/3315/3315 3317/3317/3317 3316/3316/3316 
f 3316/3316/3316 3317/3317/3317 3317/3317/3317 
f 3317/3317/3317 3312/3312/3312 3317/3317/3317 
f 3317/3317/3317 3312/3312/3312 3312/3312/3312 
f 3312/3312/3312 3318/3318/3318 3312/3312/3312 
f 3312/3312/3312 3318/3318/3318 3311/3311/3311 
f 3318/3318/3318 3318/3318/3318 3311/3311/3311 
f 3311/3311/3311 3318/3318/3318 3310/3310/3310 
f 3318/3318/3318 3314/3314/3314 3310/3310/3310 
f 3310/3310/3310 3314/3314/3314 3314/3314/3314 
f 3314/3314/3314 3307/3307/3307 3314/3314/3314 
f 3314/3314/3314 3307/3307/3307 3307/3307/3307 
f 3307/3307/3307 3308/3308/3308 3307/3307/3307 
f 3307/3307/3307 3308/3308/3308 3319/3319/3319 
f 3308/3308/3308 3320/3320/3320 3319/3319/3319 
f 3319/3319/3319 3320/3320/3320 3321/3321/3321 
f 3320/3320/3320 3320/3320/3320 3321/3321/3321 
f 3321/3321/3321 3320/3320/3320 3316/3316/3316 
f 3320/3320/3320 3320/3320/3320 3316/3316/3316 
f 3316/3316/3316 3320/3320/3320 3313/3313/3313 
f 3320/3320/3320 3308/3308/3308 3313/3313/3313 
f 3313/3313/3313 3308/3308/3308 3308/3308/3308 
f 3308/3308/3308 3322/3322/3322 3308/3308/3308 
f 3308/3308/3308 3322/3322/3322 3322/3322/3322 
f 3322/3322/3322 3323/3323/3323 3322/3322/3322 
f 3322/3322/3322 3323/3323/3323 3324/3324/3324 
f 3323/3323/3323 3323/3323/3323 3324/3324/3324 
f 3324/3324/3324 3323/3323/3323 3325/3325/3325 
f 3323/3323/3323 3326/3326/3326 3325/3325/3325 
f 3325/3325/3325 3326/3326/3326 3327/3327/3327 
f 3326/3326/3326 3328/3328/3328 3327/3327/3327 
f 3327/3327/3327 3328/3328/3328 3327/3327/3327 
f 3328/3328/3328 3329/3329/3329 3327/3327/3327 
f 3327/3327/3327 3329/3329/3329 3327/3327/3327 
f 3329/3329/3329 3330/3330/3330 3327/3327/3327 
f 3327/3327/3327 3330/3330/3330 3327/3327/3327 
f 3330/3330/3330 3331/3331/3331 3327/3327/3327 
f 3327/3327/3327 3331/3331/3331 3325/3325/3325 
f 3331/3331/3331 3332/3332/3332 3325/3325/3325 
f 3325/3325/3325 3332/3332/3332 3324/3324/3324 
f 3332/3332/3332 3333/3333/3333 3324/3324/3324 
f 3324/3324/3324 3333/3333/3333 3334/3334/3334 
f 3333/3333/3333 3335/3335/3335 3334/3334/3334 
f 3334/3334/3334 3335/3335/3335 3335/3335/3335 
f 3335/3335/3335 3324/3324/3324 3335/3335/3335 
f 3335/3335/3335 3324/3324/3324 3324/3324/3324 
f 3324/3324/3324 3334/3334/3334 3324/3324/3324 
f 3324/3324/3324 3334/3334/3334 3322/3322/3322 
f 3334/3334/3334 3322/3322/3322 3322/3322/3322 
f 3322/3322/3322 3322/3322/3322 3331/3331/3331 
f 3322/3322/3322 3331/3331/3331 3331/3331/3331 
f 3331/3331/3331 3331/3331/3331 3336/3336/3336 
f 3331/3331/3331 3330/3330/3330 3336/3336/3336 
f 3336/3336/3336 3330/3330/3330 3337/3337/3337 
f 3330/3330/3330 3338/3338/3338 3337/3337/3337 
f 3337/3337/3337 3338/3338/3338 3339/3339/3339 
f 3338/3338/3338 3338/3338/3338 3339/3339/3339 
f 3339/3339/3339 3338/3338/3338 3340/3340/3340 
f 3338/3338/3338 3341/3341/3341 3340/3340/3340 
f 3340/3340/3340 3341/3341/3341 3340/3340/3340 
f 3341/3341/3341 3342/3342/3342 3340/3340/3340 
f 3340/3340/3340 3342/3342/3342 3343/3343/3343 
f 3342/3342/3342 3344/3344/3344 3343/3343/3343 
f 3343/3343/3343 3344/3344/3344 3345/3345/3345 
f 3344/3344/3344 3346/3346/3346 3345/3345/3345 
f 3345/3345/3345 3346/3346/3346 3345/3345/3345 
f 3346/3346/3346 3268/3268/3268 3345/3345/3345 
f 3345/3345/3345 3268/3268/3268 3345/3345/3345 
f 3268/3268/3268 3266/3266/3266 3345/3345/3345 
f 3345/3345/3345 3266/3266/3266 3347/3347/3347 
f 3266/3266/3266 3264/3264/3264 3347/3347/3347 
f 3347/3347/3347 3264/3264/3264 3264/3264/3264 
f 3264/3264/3264 3330/3330/3330 3264/3264/3264 
f 3264/3264/3264 3330/3330/3330 3330/3330/3330 
f 3330/3330/3330 3329/3329/3329 3330/3330/3330 
f 3330/3330/3330 3329/3329/3329 3338/3338/3338 
f 3329/3329/3329 3341/3341/3341 3338/3338/3338 
f 3338/3338/3338 3341/3341/3341 3341/3341/3341 
f 3341/3341/3341 3345/3345/3345 3341/3341/3341 
f 3341/3341/3341 3345/3345/3345 3345/3345/3345 
f 3345/3345/3345 3347/3347/3347 3345/3345/3345 
f 3345/3345/3345 3347/3347/3347 3343/3343/3343 
f 3347/3347/3347 3348/3348/3348 3343/3343/3343 
f 3343/3343/3343 3348/3348/3348 3340/3340/3340 
f 3348/3348/3348 3339/3339/3339 3340/3340/3340 
f 3340/3340/3340 3339/3339/3339 3339/3339/3339 
f 3339/3339/3339 3349/3349/3349 3339/3339/3339 
f 3339/3339/3339 3349/3349/3349 3349/3349/3349 
f 3349/3349/3349 3350/3350/3350 3349/3349/3349 
f 3349/3349/3349 3350/3350/3350 3351/3351/3351 
f 3350/3350/3350 3352/3352/3352 3351/3351/3351 
f 3351/3351/3351 3352/3352/3352 3352/3352/3352 
f 3352/3352/3352 3350/3350/3350 3352/3352/3352 
f 3352/3352/3352 3350/3350/3350 3350/3350/3350 
f 3350/3350/3350 3349/3349/3349 3350/3350/3350 
f 3350/3350/3350 3349/3349/3349 3353/3353/3353 
f 3349/3349/3349 3354/3354/3354 3353/3353/3353 
f 3353/3353/3353 3354/3354/3354 3355/3355/3355 
f 3354/3354/3354 3356/3356/3356 3355/3355/3355 
f 3355/3355/3355 3356/3356/3356 3357/3357/3357 
f 3356/3356/3356 3358/3358/3358 3357/3357/3357 
f 3357/3357/3357 3358/3358/3358 3359/3359/3359 
f 3358/3358/3358 3359/3359/3359 3359/3359/3359 
f 3359/3359/3359 3359/3359/3359 3358/3358/3358 
f 3359/3359/3359 3358/3358/3358 3358/3358/3358 
f 3358/3358/3358 3358/3358/3358 3360/3360/3360 
f 3358/3358/3358 3356/3356/3356 3360/3360/3360 
f 3360/3360/3360 3356/3356/3356 3361/3361/3361 
f 3356/3356/3356 3354/3354/3354 3361/3361/3361 
f 3361/3361/3361 3354/3354/3354 3362/3362/3362 
f 3354/3354/3354 3349/3349/3349 3362/3362/3362 
f 3362/3362/3362 3349/3349/3349 3351/3351/3351 
f 3349/3349/3349 3351/3351/3351 3351/3351/3351 
f 3351/3351/3351 3351/3351/3351 3360/3360/3360 
f 3351/3351/3351 3360/3360/3360 3360/3360/3360 
f 3360/3360/3360 3360/3360/3360 3363/3363/3363 
f 3360/3360/3360 3361/3361/3361 3363/3363/3363 
f 3363/3363/3363 3361/3361/3361 3364/3364/3364 
f 3361/3361/3361 3362/3362/3362 3364/3364/3364 
f 3364/3364/3364 3362/3362/3362 3362/3362/3362 
f 3362/3362/3362 3363/3363/3363 3362/3362/3362 
f 3362/3362/3362 3363/3363/3363 3363/3363/3363 
f 3363/3363/3363 3364/3364/3364 3363/3363/3363 
f 3363/3363/3363 3364/3364/3364 3365/3365/3365 
f 3364/3364/3364 3366/3366/3366 3365/3365/3365 
f 3365/3365/3365 3366/3366/3366 3367/3367/3367 
f 3366/3366/3366 3366/3366/3366 3367/3367/3367 
f 3367/3367/3367 3366/3366/3366 3368/3368/3368 
f 3366/3366/3366 3369/3369/3369 3368/3368/3368 
f 3368/3368/3368 3369/3369/3369 3370/3370/3370 
f 3369/3369/3369 3371/3371/3371 3370/3370/3370 
f 3370/3370/3370 3371/3371/3371 3372/3372/3372 
f 3371/3371/3371 3373/3373/3373 3372/3372/3372 
f 3372/3372/3372 3373/3373/3373 3352/3352/3352 
f 3373/3373/3373 3373/3373/3373 3352/3352/3352 
f 3352/3352/3352 3373/3373/3373 3351/3351/3351 
f 3373/3373/3373 3374/3374/3374 3351/3351/3351 
f 3351/3351/3351 3374/3374/3374 3362/3362/3362 
f 3374/3374/3374 3374/3374/3374 3362/3362/3362 
f 3362/3362/3362 3374/3374/3374 3364/3364/3364 
f 3374/3374/3374 3374/3374/3374 3364/3364/3364 
f 3364/3364/3364 3374/3374/3374 3366/3366/3366 
f 3374/3374/3374 3374/3374/3374 3366/3366/3366 
f 3366/3366/3366 3374/3374/3374 3369/3369/3369 
f 3374/3374/3374 3373/3373/3373 3369/3369/3369 
f 3369/3369/3369 3373/3373/3373 3371/3371/3371 
f 3373/3373/3373 3371/3371/3371 3371/3371/3371 
f 3371/3371/3371 3371/3371/3371 3375/3375/3375 
f 3371/3371/3371 3375/3375/3375 3375/3375/3375 
f 3375/3375/3375 3375/3375/3375 3376/3376/3376 
f 3375/3375/3375 3377/3377/3377 3376/3376/3376 
f 3376/3376/3376 3377/3377/3377 3378/3378/3378 
f 3377/3377/3377 3378/3378/3378 3378/3378/3378 
f 3378/3378/3378 3378/3378/3378 3377/3377/3377 
f 3378/3378/3378 3377/3377/3377 3377/3377/3377 
f 3377/3377/3377 3377/3377/3377 3379/3379/3379 
f 3377/3377/3377 3375/3375/3375 3379/3379/3379 
f 3379/3379/3379 3375/3375/3375 3380/3380/3380 
f 3375/3375/3375 3376/3376/3376 3380/3380/3380 
f 3380/3380/3380 3376/3376/3376 3376/3376/3376 
f 3376/3376/3376 3379/3379/3379 3376/3376/3376 
f 3376/3376/3376 3379/3379/3379 3379/3379/3379 
f 3379/3379/3379 3380/3380/3380 3379/3379/3379 
f 3379/3379/3379 3380/3380/3380 3381/3381/3381 
f 3380/3380/3380 3382/3382/3382 3381/3381/3381 
f 3381/3381/3381 3382/3382/3382 3383/3383/3383 
f 3382/3382/3382 3384/3384/3384 3383/3383/3383 
f 3383/3383/3383 3384/3384/3384 3385/3385/3385 
f 3384/3384/3384 3386/3386/3386 3385/3385/3385 
f 3385/3385/3385 3386/3386/3386 3387/3387/3387 
f 3386/3386/3386 3388/3388/3388 3387/3387/3387 
f 3387/3387/3387 3388/3388/3388 3389/3389/3389 
f 3388/3388/3388 3390/3390/3390 3389/3389/3389 
f 3389/3389/3389 3390/3390/3390 3391/3391/3391 
f 3390/3390/3390 3391/3391/3391 3391/3391/3391 
f 3391/3391/3391 3391/3391/3391 3390/3390/3390 
f 3391/3391/3391 3390/3390/3390 3390/3390/3390 
f 3390/3390/3390 3390/3390/3390 3392/3392/3392 
f 3390/3390/3390 3388/3388/3388 3392/3392/3392 
f 3392/3392/3392 3388/3388/3388 3393/3393/3393 
f 3388/3388/3388 3386/3386/3386 3393/3393/3393 
f 3393/3393/3393 3386/3386/3386 3394/3394/3394 
f 3386/3386/3386 3384/3384/3384 3394/3394/3394 
f 3394/3394/3394 3384/3384/3384 3394/3394/3394 
f 3384/3384/3384 3382/3382/3382 3394/3394/3394 
f 3394/3394/3394 3382/3382/3382 3395/3395/3395 
f 3382/3382/3382 3380/3380/3380 3395/3395/3395 
f 3395/3395/3395 3380/3380/3380 3395/3395/3395 
f 3380/3380/3380 3376/3376/3376 3395/3395/3395 
f 3395/3395/3395 3376/3376/3376 3396/3396/3396 
f 3376/3376/3376 3378/3378/3378 3396/3396/3396 
f 3396/3396/3396 3378/3378/3378 3396/3396/3396 
f 3378/3378/3378 3397/3397/3397 3396/3396/3396 
f 3396/3396/3396 3397/3397/3397 3396/3396/3396 
f 3397/3397/3397 3398/3398/3398 3396/3396/3396 
f 3396/3396/3396 3398/3398/3398 3399/3399/3399 
f 3398/3398/3398 3400/3400/3400 3399/3399/3399 
f 3399/3399/3399 3400/3400/3400 3393/3393/3393 
f 3400/3400/3400 3392/3392/3392 3393/3393/3393 
f 3393/3393/3393 3392/3392/3392 3392/3392/3392 
f 3392/3392/3392 3396/3396/3396 3392/3392/3392 
f 3392/3392/3392 3396/3396/3396 3396/3396/3396 
f 3396/3396/3396 3399/3399/3399 3396/3396/3396 
f 3396/3396/3396 3399/3399/3399 3395/3395/3395 
f 3399/3399/3399 3401/3401/3401 3395/3395/3395 
f 3395/3395/3395 3401/3401/3401 3402/3402/3402 
f 3401/3401/3401 3403/3403/3403 3402/3402/3402 
f 3402/3402/3402 3403/3403/3403 3394/3394/3394 
f 3403/3403/3403 3403/3403/3403 3394/3394/3394 
f 3394/3394/3394 3403/3403/3403 3393/3393/3393 
f 3403/3403/3403 3404/3404/3404 3393/3393/3393 
f 3393/3393/3393 3404/3404/3404 3399/3399/3399 
f 3404/3404/3404 3404/3404/3404 3399/3399/3399 
f 3399/3399/3399 3404/3404/3404 3401/3401/3401 
f 3404/3404/3404 3403/3403/3403 3401/3401/3401 
f 3401/3401/3401 3403/3403/3403 3403/3403/3403 
f 3403/3403/3403 3394/3394/3394 3403/3403/3403 
f 3403/3403/3403 3394/3394/3394 3394/3394/3394 
f 3394/3394/3394 3395/3395/3395 3394/3394/3394 
f 3394/3394/3394 3395/3395/3395 3402/3402/3402 
f 3395/3395/3395 3402/3402/3402 3402/3402/3402 
f 3402/3402/3402 3402/3402/3402 3405/3405/3405 
f 3402/3402/3402 3405/3405/3405 3405/3405/3405 
f 3405/3405/3405 3405/3405/3405 3405/3405/3405 
f 3405/3405/3405 3406/3406/3406 3405/3405/3405 
f 3405/3405/3405 3406/3406/3406 3407/3407/3407 
f 3406/3406/3406 3408/3408/3408 3407/3407/3407 
f 3407/3407/3407 3408/3408/3408 3409/3409/3409 
f 3408/3408/3408 3408/3408/3408 3409/3409/3409 
f 3409/3409/3409 3408/3408/3408 3410/3410/3410 
f 3408/3408/3408 3408/3408/3408 3410/3410/3410 
f 3410/3410/3410 3408/3408/3408 3411/3411/3411 
f 3408/3408/3408 3412/3412/3412 3411/3411/3411 
f 3411/3411/3411 3412/3412/3412 3411/3411/3411 
f 3412/3412/3412 3413/3413/3413 3411/3411/3411 
f 3411/3411/3411 3413/3413/3413 3414/3414/3414 
f 3413/3413/3413 3415/3415/3415 3414/3414/3414 
f 3414/3414/3414 3415/3415/3415 3416/3416/3416 
f 3415/3415/3415 3416/3416/3416 3416/3416/3416 
f 3416/3416/3416 3416/3416/3416 3408/3408/3408 
f 3416/3416/3416 3408/3408/3408 3408/3408/3408 
f 3408/3408/3408 3408/3408/3408 3412/3412/3412 
f 3408/3408/3408 3406/3406/3406 3412/3412/3412 
f 3412/3412/3412 3406/3406/3406 3406/3406/3406 
f 3406/3406/3406 3409/3409/3409 3406/3406/3406 
f 3406/3406/3406 3409/3409/3409 3409/3409/3409 
f 3409/3409/3409 3410/3410/3410 3409/3409/3409 
f 3409/3409/3409 3410/3410/3410 3417/3417/3417 
f 3410/3410/3410 3418/3418/3418 3417/3417/3417 
f 3417/3417/3417 3418/3418/3418 3419/3419/3419 
f 3418/3418/3418 3420/3420/3420 3419/3419/3419 
f 3419/3419/3419 3420/3420/3420 3421/3421/3421 
f 3420/3420/3420 3422/3422/3422 3421/3421/3421 
f 3421/3421/3421 3422/3422/3422 3423/3423/3423 
f 3422/3422/3422 3424/3424/3424 3423/3423/3423 
f 3423/3423/3423 3424/3424/3424 3425/3425/3425 
f 3424/3424/3424 3426/3426/3426 3425/3425/3425 
f 3425/3425/3425 3426/3426/3426 3427/3427/3427 
f 3426/3426/3426 3428/3428/3428 3427/3427/3427 
f 3427/3427/3427 3428/3428/3428 3429/3429/3429 
f 3428/3428/3428 3428/3428/3428 3429/3429/3429 
f 3429/3429/3429 3428/3428/3428 3430/3430/3430 
f 3428/3428/3428 3431/3431/3431 3430/3430/3430 
f 3430/3430/3430 3431/3431/3431 3432/3432/3432 
f 3431/3431/3431 3432/3432/3432 3432/3432/3432 
f 3432/3432/3432 3432/3432/3432 3431/3431/3431 
f 3432/3432/3432 3431/3431/3431 3431/3431/3431 
f 3431/3431/3431 3431/3431/3431 3433/3433/3433 
f 3431/3431/3431 3428/3428/3428 3433/3433/3433 
f 3433/3433/3433 3428/3428/3428 3433/3433/3433 
f 3428/3428/3428 3426/3426/3426 3433/3433/3433 
f 3433/3433/3433 3426/3426/3426 3434/3434/3434 
f 3426/3426/3426 3424/3424/3424 3434/3434/3434 
f 3434/3434/3434 3424/3424/3424 3435/3435/3435 
f 3424/3424/3424 3422/3422/3422 3435/3435/3435 
f 3435/3435/3435 3422/3422/3422 3436/3436/3436 
f 3422/3422/3422 3420/3420/3420 3436/3436/3436 
f 3436/3436/3436 3420/3420/3420 3437/3437/3437 
f 3420/3420/3420 3418/3418/3418 3437/3437/3437 
f 3437/3437/3437 3418/3418/3418 3438/3438/3438 
f 3418/3418/3418 3410/3410/3410 3438/3438/3438 
f 3438/3438/3438 3410/3410/3410 3438/3438/3438 
f 3410/3410/3410 3411/3411/3411 3438/3438/3438 
f 3438/3438/3438 3411/3411/3411 3438/3438/3438 
f 3411/3411/3411 3414/3414/3414 3438/3438/3438 
f 3438/3438/3438 3414/3414/3414 3439/3439/3439 
f 3414/3414/3414 3416/3416/3416 3439/3439/3439 
f 3439/3439/3439 3416/3416/3416 3439/3439/3439 
f 3416/3416/3416 3440/3440/3440 3439/3439/3439 
f 3439/3439/3439 3440/3440/3440 3439/3439/3439 
f 3440/3440/3440 3441/3441/3441 3439/3439/3439 
f 3439/3439/3439 3441/3441/3441 3439/3439/3439 
f 3441/3441/3441 3442/3442/3442 3439/3439/3439 
f 3439/3439/3439 3442/3442/3442 3437/3437/3437 
f 3442/3442/3442 3442/3442/3442 3437/3437/3437 
f 3437/3437/3437 3442/3442/3442 3436/3436/3436 
f 3442/3442/3442 3443/3443/3443 3436/3436/3436 
f 3436/3436/3436 3443/3443/3443 3435/3435/3435 
f 3443/3443/3443 3444/3444/3444 3435/3435/3435 
f 3435/3435/3435 3444/3444/3444 3434/3434/3434 
f 3444/3444/3444 3445/3445/3445 3434/3434/3434 
f 3434/3434/3434 3445/3445/3445 3433/3433/3433 
f 3445/3445/3445 3446/3446/3446 3433/3433/3433 
f 3433/3433/3433 3446/3446/3446 3431/3431/3431 
f 3446/3446/3446 3447/3447/3447 3431/3431/3431 
f 3431/3431/3431 3447/3447/3447 3432/3432/3432 
f 3447/3447/3447 3447/3447/3447 3432/3432/3432 
f 3432/3432/3432 3447/3447/3447 3448/3448/3448 
f 3447/3447/3447 3449/3449/3449 3448/3448/3448 
f 3448/3448/3448 3449/3449/3449 3450/3450/3450 
f 3449/3449/3449 3450/3450/3450 3450/3450/3450 
f 3450/3450/3450 3450/3450/3450 3437/3437/3437 
f 3450/3450/3450 3437/3437/3437 3437/3437/3437 
f 3437/3437/3437 3437/3437/3437 3439/3439/3439 
f 3437/3437/3437 3438/3438/3438 3439/3439/3439 
f 3439/3439/3439 3438/3438/3438 3438/3438/3438 
f 3438/3438/3438 3449/3449/3449 3438/3438/3438 
f 3438/3438/3438 3449/3449/3449 3449/3449/3449 
f 3449/3449/3449 3447/3447/3447 3449/3449/3449 
f 3449/3449/3449 3447/3447/3447 3451/3451/3451 
f 3447/3447/3447 3446/3446/3446 3451/3451/3451 
f 3451/3451/3451 3446/3446/3446 3452/3452/3452 
f 3446/3446/3446 3445/3445/3445 3452/3452/3452 
f 3452/3452/3452 3445/3445/3445 3452/3452/3452 
f 3445/3445/3445 3444/3444/3444 3452/3452/3452 
f 3452/3452/3452 3444/3444/3444 3453/3453/3453 
f 3444/3444/3444 3443/3443/3443 3453/3453/3453 
f 3453/3453/3453 3443/3443/3443 3454/3454/3454 
f 3443/3443/3443 3442/3442/3442 3454/3454/3454 
f 3454/3454/3454 3442/3442/3442 3441/3441/3441 
f 3442/3442/3442 3441/3441/3441 3441/3441/3441 
f 3441/3441/3441 3441/3441/3441 3455/3455/3455 
f 3441/3441/3441 3455/3455/3455 3455/3455/3455 
f 3455/3455/3455 3455/3455/3455 3456/3456/3456 
f 3455/3455/3455 3457/3457/3457 3456/3456/3456 
f 3456/3456/3456 3457/3457/3457 3456/3456/3456 
f 3457/3457/3457 3458/3458/3458 3456/3456/3456 
f 3456/3456/3456 3458/3458/3458 3456/3456/3456 
f 3458/3458/3458 3459/3459/3459 3456/3456/3456 
f 3456/3456/3456 3459/3459/3459 3460/3460/3460 
f 3459/3459/3459 3461/3461/3461 3460/3460/3460 
f 3460/3460/3460 3461/3461/3461 3462/3462/3462 
f 3461/3461/3461 3463/3463/3463 3462/3462/3462 
f 3462/3462/3462 3463/3463/3463 3464/3464/3464 
f 3463/3463/3463 3465/3465/3465 3464/3464/3464 
f 3464/3464/3464 3465/3465/3465 3466/3466/3466 
f 3465/3465/3465 3465/3465/3465 3466/3466/3466 
f 3466/3466/3466 3465/3465/3465 3467/3467/3467 
f 3465/3465/3465 3468/3468/3468 3467/3467/3467 
f 3467/3467/3467 3468/3468/3468 3469/3469/3469 
f 3468/3468/3468 3468/3468/3468 3469/3469/3469 
f 3469/3469/3469 3468/3468/3468 3470/3470/3470 
f 3468/3468/3468 3471/3471/3471 3470/3470/3470 
f 3470/3470/3470 3471/3471/3471 3472/3472/3472 
f 3471/3471/3471 3472/3472/3472 3472/3472/3472 
f 3472/3472/3472 3472/3472/3472 3471/3471/3471 
f 3472/3472/3472 3471/3471/3471 3471/3471/3471 
f 3471/3471/3471 3471/3471/3471 3473/3473/3473 
f 3471/3471/3471 3468/3468/3468 3473/3473/3473 
f 3473/3473/3473 3468/3468/3468 3473/3473/3473 
f 3468/3468/3468 3465/3465/3465 3473/3473/3473 
f 3473/3473/3473 3465/3465/3465 3474/3474/3474 
f 3465/3465/3465 3463/3463/3463 3474/3474/3474 
f 3474/3474/3474 3463/3463/3463 3475/3475/3475 
f 3463/3463/3463 3461/3461/3461 3475/3475/3475 
f 3475/3475/3475 3461/3461/3461 3476/3476/3476 
f 3461/3461/3461 3459/3459/3459 3476/3476/3476 
f 3476/3476/3476 3459/3459/3459 3477/3477/3477 
f 3459/3459/3459 3458/3458/3458 3477/3477/3477 
f 3477/3477/3477 3458/3458/3458 3478/3478/3478 
f 3458/3458/3458 3457/3457/3457 3478/3478/3478 
f 3478/3478/3478 3457/3457/3457 3479/3479/3479 
f 3457/3457/3457 3480/3480/3480 3479/3479/3479 
f 3479/3479/3479 3480/3480/3480 3481/3481/3481 
f 3480/3480/3480 3480/3480/3480 3481/3481/3481 
f 3481/3481/3481 3480/3480/3480 3482/3482/3482 
f 3480/3480/3480 3483/3483/3483 3482/3482/3482 
f 3482/3482/3482 3483/3483/3483 3484/3484/3484 
f 3483/3483/3483 3484/3484/3484 3484/3484/3484 
f 3484/3484/3484 3484/3484/3484 3457/3457/3457 
f 3484/3484/3484 3457/3457/3457 3457/3457/3457 
f 3457/3457/3457 3457/3457/3457 3480/3480/3480 
f 3457/3457/3457 3455/3455/3455 3480/3480/3480 
f 3480/3480/3480 3455/3455/3455 3483/3483/3483 
f 3455/3455/3455 3483/3483/3483 3483/3483/3483 
f 3483/3483/3483 3483/3483/3483 3481/3481/3481 
f 3483/3483/3483 3481/3481/3481 3481/3481/3481 
f 3481/3481/3481 3481/3481/3481 3479/3479/3479 
f 3481/3481/3481 3485/3485/3485 3479/3479/3479 
f 3479/3479/3479 3485/3485/3485 3486/3486/3486 
f 3485/3485/3485 3487/3487/3487 3486/3486/3486 
f 3486/3486/3486 3487/3487/3487 3486/3486/3486 
f 3487/3487/3487 3488/3488/3488 3486/3486/3486 
f 3486/3486/3486 3488/3488/3488 3489/3489/3489 
f 3488/3488/3488 3490/3490/3490 3489/3489/3489 
f 3489/3489/3489 3490/3490/3490 3491/3491/3491 
f 3490/3490/3490 3492/3492/3492 3491/3491/3491 
f 3491/3491/3491 3492/3492/3492 3493/3493/3493 
f 3492/3492/3492 3494/3494/3494 3493/3493/3493 
f 3493/3493/3493 3494/3494/3494 3494/3494/3494 
f 3494/3494/3494 3479/3479/3479 3494/3494/3494 
f 3494/3494/3494 3479/3479/3479 3479/3479/3479 
f 3479/3479/3479 3486/3486/3486 3479/3479/3479 
f 3479/3479/3479 3486/3486/3486 3478/3478/3478 
f 3486/3486/3486 3489/3489/3489 3478/3478/3478 
f 3478/3478/3478 3489/3489/3489 3477/3477/3477 
f 3489/3489/3489 3491/3491/3491 3477/3477/3477 
f 3477/3477/3477 3491/3491/3491 3476/3476/3476 
f 3491/3491/3491 3493/3493/3493 3476/3476/3476 
f 3476/3476/3476 3493/3493/3493 3475/3475/3475 
f 3493/3493/3493 3495/3495/3495 3475/3475/3475 
f 3475/3475/3475 3495/3495/3495 3474/3474/3474 
f 3495/3495/3495 3496/3496/3496 3474/3474/3474 
f 3474/3474/3474 3496/3496/3496 3473/3473/3473 
f 3496/3496/3496 3497/3497/3497 3473/3473/3473 
f 3473/3473/3473 3497/3497/3497 3471/3471/3471 
f 3497/3497/3497 3471/3471/3471 3471/3471/3471 
f 3471/3471/3471 3471/3471/3471 3493/3493/3493 
f 3471/3471/3471 3493/3493/3493 3493/3493/3493 
f 3493/3493/3493 3493/3493/3493 3495/3495/3495 
f 3493/3493/3493 3494/3494/3494 3495/3495/3495 
f 3495/3495/3495 3494/3494/3494 3495/3495/3495 
f 3494/3494/3494 3498/3498/3498 3495/3495/3495 
f 3495/3495/3495 3498/3498/3498 3496/3496/3496 
f 3498/3498/3498 3499/3499/3499 3496/3496/3496 
f 3496/3496/3496 3499/3499/3499 3497/3497/3497 
f 3499/3499/3499 3500/3500/3500 3497/3497/3497 
f 3497/3497/3497 3500/3500/3500 3501/3501/3501 
f 3500/3500/3500 3502/3502/3502 3501/3501/3501 
f 3501/3501/3501 3502/3502/3502 3503/3503/3503 
f 3502/3502/3502 3504/3504/3504 3503/3503/3503 
f 3503/3503/3503 3504/3504/3504 3504/3504/3504 
f 3504/3504/3504 3497/3497/3497 3504/3504/3504 
f 3504/3504/3504 3497/3497/3497 3497/3497/3497 
f 3497/3497/3497 3501/3501/3501 3497/3497/3497 
f 3497/3497/3497 3501/3501/3501 3471/3471/3471 
f 3501/3501/3501 3501/3501/3501 3471/3471/3471 
f 3471/3471/3471 3501/3501/3501 3472/3472/3472 
f 3501/3501/3501 3503/3503/3503 3472/3472/3472 
f 3472/3472/3472 3503/3503/3503 3503/3503/3503 
f 3503/3503/3503 3505/3505/3505 3503/3503/3503 
f 3503/3503/3503 3505/3505/3505 3505/3505/3505 
f 3505/3505/3505 3506/3506/3506 3505/3505/3505 
f 3505/3505/3505 3506/3506/3506 3507/3507/3507 
f 3506/3506/3506 3508/3508/3508 3507/3507/3507 
f 3507/3507/3507 3508/3508/3508 3509/3509/3509 
f 3508/3508/3508 3510/3510/3510 3509/3509/3509 
f 3509/3509/3509 3510/3510/3510 3509/3509/3509 
f 3510/3510/3510 3511/3511/3511 3509/3509/3509 
f 3509/3509/3509 3511/3511/3511 3512/3512/3512 
f 3511/3511/3511 3511/3511/3511 3512/3512/3512 
f 3512/3512/3512 3511/3511/3511 3513/3513/3513 
f 3511/3511/3511 3514/3514/3514 3513/3513/3513 
f 3513/3513/3513 3514/3514/3514 3515/3515/3515 
f 3514/3514/3514 3516/3516/3516 3515/3515/3515 
f 3515/3515/3515 3516/3516/3516 3517/3517/3517 
f 3516/3516/3516 3518/3518/3518 3517/3517/3517 
f 3517/3517/3517 3518/3518/3518 3519/3519/3519 
f 3518/3518/3518 3520/3520/3520 3519/3519/3519 
f 3519/3519/3519 3520/3520/3520 3521/3521/3521 
f 3520/3520/3520 3522/3522/3522 3521/3521/3521 
f 3521/3521/3521 3522/3522/3522 3523/3523/3523 
f 3522/3522/3522 3524/3524/3524 3523/3523/3523 
f 3523/3523/3523 3524/3524/3524 3525/3525/3525 
f 3524/3524/3524 3524/3524/3524 3525/3525/3525 
f 3525/3525/3525 3524/3524/3524 3526/3526/3526 
f 3524/3524/3524 3522/3522/3522 3526/3526/3526 
f 3526/3526/3526 3522/3522/3522 3522/3522/3522 
f 3522/3522/3522 3512/3512/3512 3522/3522/3522 
f 3522/3522/3522 3512/3512/3512 3512/3512/3512 
f 3512/3512/3512 3527/3527/3527 3512/3512/3512 
f 3512/3512/3512 3527/3527/3527 3509/3509/3509 
f 3527/3527/3527 3507/3507/3507 3509/3509/3509 
f 3509/3509/3509 3507/3507/3507 3507/3507/3507 
f 3507/3507/3507 3511/3511/3511 3507/3507/3507 
f 3507/3507/3507 3511/3511/3511 3511/3511/3511 
f 3511/3511/3511 3510/3510/3510 3511/3511/3511 
f 3511/3511/3511 3510/3510/3510 3514/3514/3514 
f 3510/3510/3510 3514/3514/3514 3514/3514/3514 
f 3514/3514/3514 3514/3514/3514 3525/3525/3525 
f 3514/3514/3514 3525/3525/3525 3525/3525/3525 
f 3525/3525/3525 3525/3525/3525 3528/3528/3528 
f 3525/3525/3525 3526/3526/3526 3528/3528/3528 
f 3528/3528/3528 3526/3526/3526 3529/3529/3529 
f 3526/3526/3526 3526/3526/3526 3529/3529/3529 
f 3529/3529/3529 3526/3526/3526 3530/3530/3530 
f 3526/3526/3526 3522/3522/3522 3530/3530/3530 
f 3530/3530/3530 3522/3522/3522 3520/3520/3520 
f 3522/3522/3522 3520/3520/3520 3520/3520/3520 
f 3520/3520/3520 3520/3520/3520 3528/3528/3528 
f 3520/3520/3520 3528/3528/3528 3528/3528/3528 
f 3528/3528/3528 3528/3528/3528 3531/3531/3531 
f 3528/3528/3528 3529/3529/3529 3531/3531/3531 
f 3531/3531/3531 3529/3529/3529 3532/3532/3532 
f 3529/3529/3529 3529/3529/3529 3532/3532/3532 
f 3532/3532/3532 3529/3529/3529 3533/3533/3533 
f 3529/3529/3529 3530/3530/3530 3533/3533/3533 
f 3533/3533/3533 3530/3530/3530 3534/3534/3534 
f 3530/3530/3530 3520/3520/3520 3534/3534/3534 
f 3534/3534/3534 3520/3520/3520 3535/3535/3535 
f 3520/3520/3520 3520/3520/3520 3535/3535/3535 
f 3535/3535/3535 3520/3520/3520 3536/3536/3536 
f 3520/3520/3520 3518/3518/3518 3536/3536/3536 
f 3536/3536/3536 3518/3518/3518 3537/3537/3537 
f 3518/3518/3518 3516/3516/3516 3537/3537/3537 
f 3537/3537/3537 3516/3516/3516 3538/3538/3538 
f 3516/3516/3516 3516/3516/3516 3538/3538/3538 
f 3538/3538/3538 3516/3516/3516 3539/3539/3539 
f 3516/3516/3516 3514/3514/3514 3539/3539/3539 
f 3539/3539/3539 3514/3514/3514 3539/3539/3539 
f 3514/3514/3514 3510/3510/3510 3539/3539/3539 
f 3539/3539/3539 3510/3510/3510 3540/3540/3540 
f 3510/3510/3510 3508/3508/3508 3540/3540/3540 
f 3540/3540/3540 3508/3508/3508 3541/3541/3541 
f 3508/3508/3508 3506/3506/3506 3541/3541/3541 
f 3541/3541/3541 3506/3506/3506 3542/3542/3542 
f 3506/3506/3506 3506/3506/3506 3542/3542/3542 
f 3542/3542/3542 3506/3506/3506 3543/3543/3543 
f 3506/3506/3506 3505/3505/3505 3543/3543/3543 
f 3543/3543/3543 3505/3505/3505 3544/3544/3544 
f 3505/3505/3505 3507/3507/3507 3544/3544/3544 
f 3544/3544/3544 3507/3507/3507 3527/3527/3527 
f 3507/3507/3507 3527/3527/3527 3527/3527/3527 
f 3527/3527/3527 3527/3527/3527 3532/3532/3532 
f 3527/3527/3527 3532/3532/3532 3532/3532/3532 
f 3532/3532/3532 3532/3532/3532 3531/3531/3531 
f 3532/3532/3532 3545/3545/3545 3531/3531/3531 
f 3531/3531/3531 3545/3545/3545 3545/3545/3545 
f 3545/3545/3545 3542/3542/3542 3545/3545/3545 
f 3545/3545/3545 3542/3542/3542 3542/3542/3542 
f 3542/3542/3542 3546/3546/3546 3542/3542/3542 
f 3542/3542/3542 3546/3546/3546 3541/3541/3541 
f 3546/3546/3546 3547/3547/3547 3541/3541/3541 
f 3541/3541/3541 3547/3547/3547 3540/3540/3540 
f 3547/3547/3547 3548/3548/3548 3540/3540/3540 
f 3540/3540/3540 3548/3548/3548 3539/3539/3539 
f 3548/3548/3548 3539/3539/3539 3539/3539/3539 
f 3539/3539/3539 3539/3539/3539 3546/3546/3546 
f 3539/3539/3539 3546/3546/3546 3546/3546/3546 
f 3546/3546/3546 3546/3546/3546 3547/3547/3547 
f 3546/3546/3546 3549/3549/3549 3547/3547/3547 
f 3547/3547/3547 3549/3549/3549 3550/3550/3550 
f 3549/3549/3549 3551/3551/3551 3550/3550/3550 
f 3550/3550/3550 3551/3551/3551 3552/3552/3552 
f 3551/3551/3551 3545/3545/3545 3552/3552/3552 
f 3552/3552/3552 3545/3545/3545 3552/3552/3552 
f 3545/3545/3545 3532/3532/3532 3552/3552/3552 
f 3552/3552/3552 3532/3532/3532 3552/3552/3552 
f 3532/3532/3532 3533/3533/3533 3552/3552/3552 
f 3552/3552/3552 3533/3533/3533 3552/3552/3552 
f 3533/3533/3533 3553/3553/3553 3552/3552/3552 
f 3552/3552/3552 3553/3553/3553 3550/3550/3550 
f 3553/3553/3553 3548/3548/3548 3550/3550/3550 
f 3550/3550/3550 3548/3548/3548 3547/3547/3547 
f 3548/3548/3548 3547/3547/3547 3547/3547/3547 
f 3547/3547/3547 3547/3547/3547 3553/3553/3553 
f 3547/3547/3547 3553/3553/3553 3553/3553/3553 
f 3553/3553/3553 3553/3553/3553 3548/3548/3548 
f 3553/3553/3553 3554/3554/3554 3548/3548/3548 
f 3548/3548/3548 3554/3554/3554 3539/3539/3539 
f 3554/3554/3554 3555/3555/3555 3539/3539/3539 
f 3539/3539/3539 3555/3555/3555 3538/3538/3538 
f 3555/3555/3555 3556/3556/3556 3538/3538/3538 
f 3538/3538/3538 3556/3556/3556 3538/3538/3538 
f 3556/3556/3556 3557/3557/3557 3538/3538/3538 
f 3538/3538/3538 3557/3557/3557 3537/3537/3537 
f 3557/3557/3557 3558/3558/3558 3537/3537/3537 
f 3537/3537/3537 3558/3558/3558 3536/3536/3536 
f 3558/3558/3558 3559/3559/3559 3536/3536/3536 
f 3536/3536/3536 3559/3559/3559 3535/3535/3535 
f 3559/3559/3559 3535/3535/3535 3535/3535/3535 
f 3535/3535/3535 3535/3535/3535 3559/3559/3559 
f 3535/3535/3535 3559/3559/3559 3559/3559/3559 
f 3559/3559/3559 3559/3559/3559 3560/3560/3560 
f 3559/3559/3559 3558/3558/3558 3560/3560/3560 
f 3560/3560/3560 3558/3558/3558 3561/3561/3561 
f 3558/3558/3558 3557/3557/3557 3561/3561/3561 
f 3561/3561/3561 3557/3557/3557 3562/3562/3562 
f 3557/3557/3557 3556/3556/3556 3562/3562/3562 
f 3562/3562/3562 3556/3556/3556 3563/3563/3563 
f 3556/3556/3556 3556/3556/3556 3563/3563/3563 
f 3563/3563/3563 3556/3556/3556 3564/3564/3564 
f 3556/3556/3556 3555/3555/3555 3564/3564/3564 
f 3564/3564/3564 3555/3555/3555 3565/3565/3565 
f 3555/3555/3555 3554/3554/3554 3565/3565/3565 
f 3565/3565/3565 3554/3554/3554 3534/3534/3534 
f 3554/3554/3554 3553/3553/3553 3534/3534/3534 
f 3534/3534/3534 3553/3553/3553 3533/3533/3533 
f 3553/3553/3553 3533/3533/3533 3533/3533/3533 
f 3533/3533/3533 3533/3533/3533 3561/3561/3561 
f 3533/3533/3533 3561/3561/3561 3561/3561/3561 
f 3561/3561/3561 3561/3561/3561 3560/3560/3560 
f 3561/3561/3561 3562/3562/3562 3560/3560/3560 
f 3560/3560/3560 3562/3562/3562 3566/3566/3566 
f 3562/3562/3562 3563/3563/3563 3566/3566/3566 
f 3566/3566/3566 3563/3563/3563 3563/3563/3563 
f 3563/3563/3563 3560/3560/3560 3563/3563/3563 
f 3563/3563/3563 3560/3560/3560 3560/3560/3560 
f 3560/3560/3560 3566/3566/3566 3560/3560/3560 
f 3560/3560/3560 3566/3566/3566 3559/3559/3559 
f 3566/3566/3566 3567/3567/3567 3559/3559/3559 
f 3559/3559/3559 3567/3567/3567 3535/3535/3535 
f 3567/3567/3567 3565/3565/3565 3535/3535/3535 
f 3535/3535/3535 3565/3565/3565 3534/3534/3534 
f 3565/3565/3565 3534/3534/3534 3534/3534/3534 
f 3534/3534/3534 3534/3534/3534 3565/3565/3565 
f 3534/3534/3534 3565/3565/3565 3565/3565/3565 
f 3565/3565/3565 3565/3565/3565 3564/3564/3564 
f 3565/3565/3565 3567/3567/3567 3564/3564/3564 
f 3564/3564/3564 3567/3567/3567 3568/3568/3568 
f 3567/3567/3567 3566/3566/3566 3568/3568/3568 
f 3568/3568/3568 3566/3566/3566 3568/3568/3568 
f 3566/3566/3566 3563/3563/3563 3568/3568/3568 
f 3568/3568/3568 3563/3563/3563 3564/3564/3564 
f 3563/3563/3563 3564/3564/3564 3564/3564/3564 
f 3564/3564/3564 3564/3564/3564 3569/3569/3569 
f 3564/3564/3564 3569/3569/3569 3569/3569/3569 
f 3569/3569/3569 3569/3569/3569 3570/3570/3570 
f 3569/3569/3569 3571/3571/3571 3570/3570/3570 
f 3570/3570/3570 3571/3571/3571 3572/3572/3572 
f 3571/3571/3571 3573/3573/3573 3572/3572/3572 
f 3572/3572/3572 3573/3573/3573 3572/3572/3572 
f 3573/3573/3573 3574/3574/3574 3572/3572/3572 
f 3572/3572/3572 3574/3574/3574 3575/3575/3575 
f 3574/3574/3574 3576/3576/3576 3575/3575/3575 
f 3575/3575/3575 3576/3576/3576 3577/3577/3577 
f 3576/3576/3576 3578/3578/3578 3577/3577/3577 
f 3577/3577/3577 3578/3578/3578 3577/3577/3577 
f 3578/3578/3578 3579/3579/3579 3577/3577/3577 
f 3577/3577/3577 3579/3579/3579 3577/3577/3577 
f 3579/3579/3579 3580/3580/3580 3577/3577/3577 
f 3577/3577/3577 3580/3580/3580 3581/3581/3581 
f 3580/3580/3580 3580/3580/3580 3581/3581/3581 
f 3581/3581/3581 3580/3580/3580 3582/3582/3582 
f 3580/3580/3580 3583/3583/3583 3582/3582/3582 
f 3582/3582/3582 3583/3583/3583 3584/3584/3584 
f 3583/3583/3583 3583/3583/3583 3584/3584/3584 
f 3584/3584/3584 3583/3583/3583 3585/3585/3585 
f 3583/3583/3583 3586/3586/3586 3585/3585/3585 
f 3585/3585/3585 3586/3586/3586 3587/3587/3587 
f 3586/3586/3586 3586/3586/3586 3587/3587/3587 
f 3587/3587/3587 3586/3586/3586 3588/3588/3588 
f 3586/3586/3586 3586/3586/3586 3588/3588/3588 
f 3588/3588/3588 3586/3586/3586 3589/3589/3589 
f 3586/3586/3586 3586/3586/3586 3589/3589/3589 
f 3589/3589/3589 3586/3586/3586 3590/3590/3590 
f 3586/3586/3586 3583/3583/3583 3590/3590/3590 
f 3590/3590/3590 3583/3583/3583 3590/3590/3590 
f 3583/3583/3583 3580/3580/3580 3590/3590/3590 
f 3590/3590/3590 3580/3580/3580 3579/3579/3579 
f 3580/3580/3580 3579/3579/3579 3579/3579/3579 
f 3579/3579/3579 3579/3579/3579 3570/3570/3570 
f 3579/3579/3579 3570/3570/3570 3570/3570/3570 
f 3570/3570/3570 3570/3570/3570 3591/3591/3591 
f 3570/3570/3570 3572/3572/3572 3591/3591/3591 
f 3591/3591/3591 3572/3572/3572 3591/3591/3591 
f 3572/3572/3572 3575/3575/3575 3591/3591/3591 
f 3591/3591/3591 3575/3575/3575 3581/3581/3581 
f 3575/3575/3575 3577/3577/3577 3581/3581/3581 
f 3581/3581/3581 3577/3577/3577 3577/3577/3577 
f 3577/3577/3577 3585/3585/3585 3577/3577/3577 
f 3577/3577/3577 3585/3585/3585 3585/3585/3585 
f 3585/3585/3585 3587/3587/3587 3585/3585/3585 
f 3585/3585/3585 3587/3587/3587 3592/3592/3592 
f 3587/3587/3587 3592/3592/3592 3592/3592/3592 
f 3592/3592/3592 3592/3592/3592 3593/3593/3593 
f 3592/3592/3592 3593/3593/3593 3593/3593/3593 
f 3593/3593/3593 3593/3593/3593 3594/3594/3594 
f 3593/3593/3593 3595/3595/3595 3594/3594/3594 
f 3594/3594/3594 3595/3595/3595 3594/3594/3594 
f 3595/3595/3595 3596/3596/3596 3594/3594/3594 
f 3594/3594/3594 3596/3596/3596 3597/3597/3597 
f 3596/3596/3596 3596/3596/3596 3597/3597/3597 
f 3597/3597/3597 3596/3596/3596 3598/3598/3598 
f 3596/3596/3596 3599/3599/3599 3598/3598/3598 
f 3598/3598/3598 3599/3599/3599 3600/3600/3600 
f 3599/3599/3599 3601/3601/3601 3600/3600/3600 
f 3600/3600/3600 3601/3601/3601 3602/3602/3602 
f 3601/3601/3601 3603/3603/3603 3602/3602/3602 
f 3602/3602/3602 3603/3603/3603 3604/3604/3604 
f 3603/3603/3603 3605/3605/3605 3604/3604/3604 
f 3604/3604/3604 3605/3605/3605 3606/3606/3606 
f 3605/3605/3605 3607/3607/3607 3606/3606/3606 
f 3606/3606/3606 3607/3607/3607 3608/3608/3608 
f 3607/3607/3607 3609/3609/3609 3608/3608/3608 
f 3608/3608/3608 3609/3609/3609 3610/3610/3610 
f 3609/3609/3609 3611/3611/3611 3610/3610/3610 
f 3610/3610/3610 3611/3611/3611 3612/3612/3612 
f 3611/3611/3611 3611/3611/3611 3612/3612/3612 
f 3612/3612/3612 3611/3611/3611 3613/3613/3613 
f 3611/3611/3611 3609/3609/3609 3613/3613/3613 
f 3613/3613/3613 3609/3609/3609 3613/3613/3613 
f 3609/3609/3609 3607/3607/3607 3613/3613/3613 
f 3613/3613/3613 3607/3607/3607 3613/3613/3613 
f 3607/3607/3607 3605/3605/3605 3613/3613/3613 
f 3613/3613/3613 3605/3605/3605 3614/3614/3614 
f 3605/3605/3605 3596/3596/3596 3614/3614/3614 
f 3614/3614/3614 3596/3596/3596 3615/3615/3615 
f 3596/3596/3596 3596/3596/3596 3615/3615/3615 
f 3615/3615/3615 3596/3596/3596 3616/3616/3616 
f 3596/3596/3596 3595/3595/3595 3616/3616/3616 
f 3616/3616/3616 3595/3595/3595 3617/3617/3617 
f 3595/3595/3595 3593/3593/3593 3617/3617/3617 
f 3617/3617/3617 3593/3593/3593 3593/3593/3593 
f 3593/3593/3593 3594/3594/3594 3593/3593/3593 
f 3593/3593/3593 3594/3594/3594 3594/3594/3594 
f 3594/3594/3594 3597/3597/3597 3594/3594/3594 
f 3594/3594/3594 3597/3597/3597 3593/3593/3593 
f 3597/3597/3597 3593/3593/3593 3593/3593/3593 
f 3593/3593/3593 3593/3593/3593 3601/3601/3601 
f 3593/3593/3593 3601/3601/3601 3601/3601/3601 
f 3601/3601/3601 3601/3601/3601 3603/3603/3603 
f 3601/3601/3601 3599/3599/3599 3603/3603/3603 
f 3603/3603/3603 3599/3599/3599 3603/3603/3603 
f 3599/3599/3599 3596/3596/3596 3603/3603/3603 
f 3603/3603/3603 3596/3596/3596 3605/3605/3605 
f 3596/3596/3596 3605/3605/3605 3605/3605/3605 
f 3605/3605/3605 3605/3605/3605 3614/3614/3614 
f 3605/3605/3605 3614/3614/3614 3614/3614/3614 
f 3614/3614/3614 3614/3614/3614 3613/3613/3613 
f 3614/3614/3614 3615/3615/3615 3613/3613/3613 
f 3613/3613/3613 3615/3615/3615 3618/3618/3618 
f 3615/3615/3615 3619/3619/3619 3618/3618/3618 
f 3618/3618/3618 3619/3619/3619 3618/3618/3618 
f 3619/3619/3619 3620/3620/3620 3618/3618/3618 
f 3618/3618/3618 3620/3620/3620 3621/3621/3621 
f 3620/3620/3620 3622/3622/3622 3621/3621/3621 
f 3621/3621/3621 3622/3622/3622 3622/3622/3622 
f 3622/3622/3622 3617/3617/3617 3622/3622/3622 
f 3622/3622/3622 3617/3617/3617 3617/3617/3617 
f 3617/3617/3617 3623/3623/3623 3617/3617/3617 
f 3617/3617/3617 3623/3623/3623 3616/3616/3616 
f 3623/3623/3623 3623/3623/3623 3616/3616/3616 
f 3616/3616/3616 3623/3623/3623 3615/3615/3615 
f 3623/3623/3623 3619/3619/3619 3615/3615/3615 
f 3615/3615/3615 3619/3619/3619 3619/3619/3619 
f 3619/3619/3619 3612/3612/3612 3619/3619/3619 
f 3619/3619/3619 3612/3612/3612 3612/3612/3612 
f 3612/3612/3612 3613/3613/3613 3612/3612/3612 
f 3612/3612/3612 3613/3613/3613 3624/3624/3624 
f 3613/3613/3613 3625/3625/3625 3624/3624/3624 
f 3624/3624/3624 3625/3625/3625 3626/3626/3626 
f 3625/3625/3625 3625/3625/3625 3626/3626/3626 
f 3626/3626/3626 3625/3625/3625 3621/3621/3621 
f 3625/3625/3625 3625/3625/3625 3621/3621/3621 
f 3621/3621/3621 3625/3625/3625 3618/3618/3618 
f 3625/3625/3625 3613/3613/3613 3618/3618/3618 
f 3618/3618/3618 3613/3613/3613 3613/3613/3613 
f 3613/3613/3613 3627/3627/3627 3613/3613/3613 
f 3613/3613/3613 3627/3627/3627 3627/3627/3627 
f 3627/3627/3627 3628/3628/3628 3627/3627/3627 
f 3627/3627/3627 3628/3628/3628 3629/3629/3629 
f 3628/3628/3628 3628/3628/3628 3629/3629/3629 
f 3629/3629/3629 3628/3628/3628 3630/3630/3630 
f 3628/3628/3628 3631/3631/3631 3630/3630/3630 
f 3630/3630/3630 3631/3631/3631 3632/3632/3632 
f 3631/3631/3631 3633/3633/3633 3632/3632/3632 
f 3632/3632/3632 3633/3633/3633 3632/3632/3632 
f 3633/3633/3633 3634/3634/3634 3632/3632/3632 
f 3632/3632/3632 3634/3634/3634 3632/3632/3632 
f 3634/3634/3634 3635/3635/3635 3632/3632/3632 
f 3632/3632/3632 3635/3635/3635 3632/3632/3632 
f 3635/3635/3635 3636/3636/3636 3632/3632/3632 
f 3632/3632/3632 3636/3636/3636 3630/3630/3630 
f 3636/3636/3636 3637/3637/3637 3630/3630/3630 
f 3630/3630/3630 3637/3637/3637 3629/3629/3629 
f 3637/3637/3637 3638/3638/3638 3629/3629/3629 
f 3629/3629/3629 3638/3638/3638 3639/3639/3639 
f 3638/3638/3638 3640/3640/3640 3639/3639/3639 
f 3639/3639/3639 3640/3640/3640 3640/3640/3640 
f 3640/3640/3640 3629/3629/3629 3640/3640/3640 
f 3640/3640/3640 3629/3629/3629 3629/3629/3629 
f 3629/3629/3629 3639/3639/3639 3629/3629/3629 
f 3629/3629/3629 3639/3639/3639 3627/3627/3627 
f 3639/3639/3639 3627/3627/3627 3627/3627/3627 
f 3627/3627/3627 3627/3627/3627 3636/3636/3636 
f 3627/3627/3627 3636/3636/3636 3636/3636/3636 
f 3636/3636/3636 3636/3636/3636 3641/3641/3641 
f 3636/3636/3636 3635/3635/3635 3641/3641/3641 
f 3641/3641/3641 3635/3635/3635 3642/3642/3642 
f 3635/3635/3635 3643/3643/3643 3642/3642/3642 
f 3642/3642/3642 3643/3643/3643 3644/3644/3644 
f 3643/3643/3643 3643/3643/3643 3644/3644/3644 
f 3644/3644/3644 3643/3643/3643 3645/3645/3645 
f 3643/3643/3643 3646/3646/3646 3645/3645/3645 
f 3645/3645/3645 3646/3646/3646 3645/3645/3645 
f 3646/3646/3646 3647/3647/3647 3645/3645/3645 
f 3645/3645/3645 3647/3647/3647 3648/3648/3648 
f 3647/3647/3647 3649/3649/3649 3648/3648/3648 
f 3648/3648/3648 3649/3649/3649 3650/3650/3650 
f 3649/3649/3649 3651/3651/3651 3650/3650/3650 
f 3650/3650/3650 3651/3651/3651 3650/3650/3650 
f 3651/3651/3651 3573/3573/3573 3650/3650/3650 
f 3650/3650/3650 3573/3573/3573 3650/3650/3650 
f 3573/3573/3573 3571/3571/3571 3650/3650/3650 
f 3650/3650/3650 3571/3571/3571 3652/3652/3652 
f 3571/3571/3571 3569/3569/3569 3652/3652/3652 
f 3652/3652/3652 3569/3569/3569 3569/3569/3569 
f 3569/3569/3569 3635/3635/3635 3569/3569/3569 
f 3569/3569/3569 3635/3635/3635 3635/3635/3635 
f 3635/3635/3635 3634/3634/3634 3635/3635/3635 
f 3635/3635/3635 3634/3634/3634 3643/3643/3643 
f 3634/3634/3634 3646/3646/3646 3643/3643/3643 
f 3643/3643/3643 3646/3646/3646 3646/3646/3646 
f 3646/3646/3646 3650/3650/3650 3646/3646/3646 
f 3646/3646/3646 3650/3650/3650 3650/3650/3650 
f 3650/3650/3650 3652/3652/3652 3650/3650/3650 
f 3650/3650/3650 3652/3652/3652 3648/3648/3648 
f 3652/3652/3652 3653/3653/3653 3648/3648/3648 
f 3648/3648/3648 3653/3653/3653 3645/3645/3645 
f 3653/3653/3653 3644/3644/3644 3645/3645/3645 
f 3645/3645/3645 3644/3644/3644 3644/3644/3644 
f 3644/3644/3644 3654/3654/3654 3644/3644/3644 
f 3644/3644/3644 3654/3654/3654 3654/3654/3654 
f 3654/3654/3654 3655/3655/3655 3654/3654/3654 
f 3654/3654/3654 3655/3655/3655 3656/3656/3656 
f 3655/3655/3655 3657/3657/3657 3656/3656/3656 
f 3656/3656/3656 3657/3657/3657 3657/3657/3657 
f 3657/3657/3657 3655/3655/3655 3657/3657/3657 
f 3657/3657/3657 3655/3655/3655 3655/3655/3655 
f 3655/3655/3655 3654/3654/3654 3655/3655/3655 
f 3655/3655/3655 3654/3654/3654 3658/3658/3658 
f 3654/3654/3654 3659/3659/3659 3658/3658/3658 
f 3658/3658/3658 3659/3659/3659 3660/3660/3660 
f 3659/3659/3659 3661/3661/3661 3660/3660/3660 
f 3660/3660/3660 3661/3661/3661 3662/3662/3662 
f 3661/3661/3661 3663/3663/3663 3662/3662/3662 
f 3662/3662/3662 3663/3663/3663 3664/3664/3664 
f 3663/3663/3663 3664/3664/3664 3664/3664/3664 
f 3664/3664/3664 3664/3664/3664 3663/3663/3663 
f 3664/3664/3664 3663/3663/3663 3663/3663/3663 
f 3663/3663/3663 3663/3663/3663 3665/3665/3665 
f 3663/3663/3663 3661/3661/3661 3665/3665/3665 
f 3665/3665/3665 3661/3661/3661 3666/3666/3666 
f 3661/3661/3661 3659/3659/3659 3666/3666/3666 
f 3666/3666/3666 3659/3659/3659 3667/3667/3667 
f 3659/3659/3659 3654/3654/3654 3667/3667/3667 
f 3667/3667/3667 3654/3654/3654 3656/3656/3656 
f 3654/3654/3654 3656/3656/3656 3656/3656/3656 
f 3656/3656/3656 3656/3656/3656 3665/3665/3665 
f 3656/3656/3656 3665/3665/3665 3665/3665/3665 
f 3665/3665/3665 3665/3665/3665 3668/3668/3668 
f 3665/3665/3665 3666/3666/3666 3668/3668/3668 
f 3668/3668/3668 3666/3666/3666 3669/3669/3669 
f 3666/3666/3666 3667/3667/3667 3669/3669/3669 
f 3669/3669/3669 3667/3667/3667 3667/3667/3667 
f 3667/3667/3667 3668/3668/3668 3667/3667/3667 
f 3667/3667/3667 3668/3668/3668 3668/3668/3668 
f 3668/3668/3668 3669/3669/3669 3668/3668/3668 
f 3668/3668/3668 3669/3669/3669 3670/3670/3670 
f 3669/3669/3669 3671/3671/3671 3670/3670/3670 
f 3670/3670/3670 3671/3671/3671 3672/3672/3672 
f 3671/3671/3671 3671/3671/3671 3672/3672/3672 
f 3672/3672/3672 3671/3671/3671 3673/3673/3673 
f 3671/3671/3671 3674/3674/3674 3673/3673/3673 
f 3673/3673/3673 3674/3674/3674 3675/3675/3675 
f 3674/3674/3674 3676/3676/3676 3675/3675/3675 
f 3675/3675/3675 3676/3676/3676 3677/3677/3677 
f 3676/3676/3676 3678/3678/3678 3677/3677/3677 
f 3677/3677/3677 3678/3678/3678 3657/3657/3657 
f 3678/3678/3678 3678/3678/3678 3657/3657/3657 
f 3657/3657/3657 3678/3678/3678 3656/3656/3656 
f 3678/3678/3678 3679/3679/3679 3656/3656/3656 
f 3656/3656/3656 3679/3679/3679 3667/3667/3667 
f 3679/3679/3679 3679/3679/3679 3667/3667/3667 
f 3667/3667/3667 3679/3679/3679 3669/3669/3669 
f 3679/3679/3679 3679/3679/3679 3669/3669/3669 
f 3669/3669/3669 3679/3679/3679 3671/3671/3671 
f 3679/3679/3679 3679/3679/3679 3671/3671/3671 
f 3671/3671/3671 3679/3679/3679 3674/3674/3674 
f 3679/3679/3679 3678/3678/3678 3674/3674/3674 
f 3674/3674/3674 3678/3678/3678 3676/3676/3676 
f 3678/3678/3678 3676/3676/3676 3676/3676/3676 
f 3676/3676/3676 3676/3676/3676 3680/3680/3680 
f 3676/3676/3676 3680/3680/3680 3680/3680/3680 
f 3680/3680/3680 3680/3680/3680 3681/3681/3681 
f 3680/3680/3680 3682/3682/3682 3681/3681/3681 
f 3681/3681/3681 3682/3682/3682 3683/3683/3683 
f 3682/3682/3682 3683/3683/3683 3683/3683/3683 
f 3683/3683/3683 3683/3683/3683 3682/3682/3682 
f 3683/3683/3683 3682/3682/3682 3682/3682/3682 
f 3682/3682/3682 3682/3682/3682 3684/3684/3684 
f 3682/3682/3682 3680/3680/3680 3684/3684/3684 
f 3684/3684/3684 3680/3680/3680 3685/3685/3685 
f 3680/3680/3680 3681/3681/3681 3685/3685/3685 
f 3685/3685/3685 3681/3681/3681 3681/3681/3681 
f 3681/3681/3681 3684/3684/3684 3681/3681/3681 
f 3681/3681/3681 3684/3684/3684 3684/3684/3684 
f 3684/3684/3684 3685/3685/3685 3684/3684/3684 
f 3684/3684/3684 3685/3685/3685 3686/3686/3686 
f 3685/3685/3685 3687/3687/3687 3686/3686/3686 
f 3686/3686/3686 3687/3687/3687 3688/3688/3688 
f 3687/3687/3687 3689/3689/3689 3688/3688/3688 
f 3688/3688/3688 3689/3689/3689 3690/3690/3690 
f 3689/3689/3689 3691/3691/3691 3690/3690/3690 
f 3690/3690/3690 3691/3691/3691 3692/3692/3692 
f 3691/3691/3691 3693/3693/3693 3692/3692/3692 
f 3692/3692/3692 3693/3693/3693 3694/3694/3694 
f 3693/3693/3693 3695/3695/3695 3694/3694/3694 
f 3694/3694/3694 3695/3695/3695 3696/3696/3696 
f 3695/3695/3695 3696/3696/3696 3696/3696/3696 
f 3696/3696/3696 3696/3696/3696 3695/3695/3695 
f 3696/3696/3696 3695/3695/3695 3695/3695/3695 
f 3695/3695/3695 3695/3695/3695 3697/3697/3697 
f 3695/3695/3695 3693/3693/3693 3697/3697/3697 
f 3697/3697/3697 3693/3693/3693 3698/3698/3698 
f 3693/3693/3693 3691/3691/3691 3698/3698/3698 
f 3698/3698/3698 3691/3691/3691 3699/3699/3699 
f 3691/3691/3691 3689/3689/3689 3699/3699/3699 
f 3699/3699/3699 3689/3689/3689 3699/3699/3699 
f 3689/3689/3689 3687/3687/3687 3699/3699/3699 
f 3699/3699/3699 3687/3687/3687 3700/3700/3700 
f 3687/3687/3687 3685/3685/3685 3700/3700/3700 
f 3700/3700/3700 3685/3685/3685 3700/3700/3700 
f 3685/3685/3685 3681/3681/3681 3700/3700/3700 
f 3700/3700/3700 3681/3681/3681 3701/3701/3701 
f 3681/3681/3681 3683/3683/3683 3701/3701/3701 
f 3701/3701/3701 3683/3683/3683 3701/3701/3701 
f 3683/3683/3683 3702/3702/3702 3701/3701/3701 
f 3701/3701/3701 3702/3702/3702 3701/3701/3701 
f 3702/3702/3702 3703/3703/3703 3701/3701/3701 
f 3701/3701/3701 3703/3703/3703 3704/3704/3704 
f 3703/3703/3703 3705/3705/3705 3704/3704/3704 
f 3704/3704/3704 3705/3705/3705 3698/3698/3698 
f 3705/3705/3705 3697/3697/3697 3698/3698/3698 
f 3698/3698/3698 3697/3697/3697 3697/3697/3697 
f 3697/3697/3697 3701/3701/3701 3697/3697/3697 
f 3697/3697/3697 3701/3701/3701 3701/3701/3701 
f 3701/3701/3701 3704/3704/3704 3701/3701/3701 
f 3701/3701/3701 3704/3704/3704 3700/3700/3700 
f 3704/3704/3704 3706/3706/3706 3700/3700/3700 
f 3700/3700/3700 3706/3706/3706 3707/3707/3707 
f 3706/3706/3706 3708/3708/3708 3707/3707/3707 
f 3707/3707/3707 3708/3708/3708 3699/3699/3699 
f 3708/3708/3708 3708/3708/3708 3699/3699/3699 
f 3699/3699/3699 3708/3708/3708 3698/3698/3698 
f 3708/3708/3708 3709/3709/3709 3698/3698/3698 
f 3698/3698/3698 3709/3709/3709 3704/3704/3704 
f 3709/3709/3709 3709/3709/3709 3704/3704/3704 
f 3704/3704/3704 3709/3709/3709 3706/3706/3706 
f 3709/3709/3709 3708/3708/3708 3706/3706/3706 
f 3706/3706/3706 3708/3708/3708 3708/3708/3708 
f 3708/3708/3708 3699/3699/3699 3708/3708/3708 
f 3708/3708/3708 3699/3699/3699 3699/3699/3699 
f 3699/3699/3699 3700/3700/3700 3699/3699/3699 
f 3699/3699/3699 3700/3700/3700 3707/3707/3707 
f 3700/3700/3700 3707/3707/3707 3707/3707/3707 
f 3707/3707/3707 3707/3707/3707 3710/3710/3710 
f 3707/3707/3707 3710/3710/3710 3710/3710/3710 
f 3710/3710/3710 3710/3710/3710 3710/3710/3710 
f 3710/3710/3710 3711/3711/3711 3710/3710/3710 
f 3710/3710/3710 3711/3711/3711 3712/3712/3712 
f 3711/3711/3711 3713/3713/3713 3712/3712/3712 
f 3712/3712/3712 3713/3713/3713 3714/3714/3714 
f 3713/3713/3713 3715/3715/3715 3714/3714/3714 
f 3714/3714/3714 3715/3715/3715 3716/3716/3716 
f 3715/3715/3715 3717/3717/3717 3716/3716/3716 
f 3716/3716/3716 3717/3717/3717 3718/3718/3718 
f 3717/3717/3717 3719/3719/3719 3718/3718/3718 
f 3718/3718/3718 3719/3719/3719 3720/3720/3720 
f 3719/3719/3719 3721/3721/3721 3720/3720/3720 
f 3720/3720/3720 3721/3721/3721 3722/3722/3722 
f 3721/3721/3721 3723/3723/3723 3722/3722/3722 
f 3722/3722/3722 3723/3723/3723 3724/3724/3724 
f 3723/3723/3723 3725/3725/3725 3724/3724/3724 
f 3724/3724/3724 3725/3725/3725 3726/3726/3726 
f 3725/3725/3725 3727/3727/3727 3726/3726/3726 
f 3726/3726/3726 3727/3727/3727 3726/3726/3726 
f 3727/3727/3727 3728/3728/3728 3726/3726/3726 
f 3726/3726/3726 3728/3728/3728 3729/3729/3729 
f 3728/3728/3728 3730/3730/3730 3729/3729/3729 
f 3729/3729/3729 3730/3730/3730 3731/3731/3731 
f 3730/3730/3730 3732/3732/3732 3731/3731/3731 
f 3731/3731/3731 3732/3732/3732 3732/3732/3732 
f 3732/3732/3732 3720/3720/3720 3732/3732/3732 
f 3732/3732/3732 3720/3720/3720 3720/3720/3720 
f 3720/3720/3720 3722/3722/3722 3720/3720/3720 
f 3720/3720/3720 3722/3722/3722 3733/3733/3733 
f 3722/3722/3722 3734/3734/3734 3733/3733/3733 
f 3733/3733/3733 3734/3734/3734 3735/3735/3735 
f 3734/3734/3734 3734/3734/3734 3735/3735/3735 
f 3735/3735/3735 3734/3734/3734 3736/3736/3736 
f 3734/3734/3734 3737/3737/3737 3736/3736/3736 
f 3736/3736/3736 3737/3737/3737 3738/3738/3738 
f 3737/3737/3737 3729/3729/3729 3738/3738/3738 
f 3738/3738/3738 3729/3729/3729 3731/3731/3731 
f 3729/3729/3729 3731/3731/3731 3731/3731/3731 
f 3731/3731/3731 3731/3731/3731 3729/3729/3729 
f 3731/3731/3731 3729/3729/3729 3729/3729/3729 
f 3729/3729/3729 3729/3729/3729 3726/3726/3726 
f 3729/3729/3729 3737/3737/3737 3726/3726/3726 
f 3726/3726/3726 3737/3737/3737 3724/3724/3724 
f 3737/3737/3737 3734/3734/3734 3724/3724/3724 
f 3724/3724/3724 3734/3734/3734 3722/3722/3722 
f 3734/3734/3734 3722/3722/3722 3722/3722/3722 
f 3722/3722/3722 3722/3722/3722 3711/3711/3711 
f 3722/3722/3722 3711/3711/3711 3711/3711/3711 
f 3711/3711/3711 3711/3711/3711 3739/3739/3739 
f 3711/3711/3711 3710/3710/3710 3739/3739/3739 
f 3739/3739/3739 3710/3710/3710 3739/3739/3739 
f 3710/3710/3710 3740/3740/3740 3739/3739/3739 
f 3739/3739/3739 3740/3740/3740 3741/3741/3741 
f 3740/3740/3740 3742/3742/3742 3741/3741/3741 
f 3741/3741/3741 3742/3742/3742 3743/3743/3743 
f 3742/3742/3742 3744/3744/3744 3743/3743/3743 
f 3743/3743/3743 3744/3744/3744 3745/3745/3745 
f 3744/3744/3744 3745/3745/3745 3745/3745/3745 
f 3745/3745/3745 3745/3745/3745 3746/3746/3746 
f 3745/3745/3745 3746/3746/3746 3746/3746/3746 
f 3746/3746/3746 3746/3746/3746 3746/3746/3746 
f 3746/3746/3746 3747/3747/3747 3746/3746/3746 
f 3746/3746/3746 3747/3747/3747 3748/3748/3748 
f 3747/3747/3747 3749/3749/3749 3748/3748/3748 
f 3748/3748/3748 3749/3749/3749 3750/3750/3750 
f 3749/3749/3749 3751/3751/3751 3750/3750/3750 
f 3750/3750/3750 3751/3751/3751 3752/3752/3752 
f 3751/3751/3751 3753/3753/3753 3752/3752/3752 
f 3752/3752/3752 3753/3753/3753 3754/3754/3754 
f 3753/3753/3753 3755/3755/3755 3754/3754/3754 
f 3754/3754/3754 3755/3755/3755 3756/3756/3756 
f 3755/3755/3755 3757/3757/3757 3756/3756/3756 
f 3756/3756/3756 3757/3757/3757 3758/3758/3758 
f 3757/3757/3757 3759/3759/3759 3758/3758/3758 
f 3758/3758/3758 3759/3759/3759 3760/3760/3760 
f 3759/3759/3759 3761/3761/3761 3760/3760/3760 
f 3760/3760/3760 3761/3761/3761 3762/3762/3762 
f 3761/3761/3761 3763/3763/3763 3762/3762/3762 
f 3762/3762/3762 3763/3763/3763 3762/3762/3762 
f 3763/3763/3763 3764/3764/3764 3762/3762/3762 
f 3762/3762/3762 3764/3764/3764 3765/3765/3765 
f 3764/3764/3764 3766/3766/3766 3765/3765/3765 
f 3765/3765/3765 3766/3766/3766 3767/3767/3767 
f 3766/3766/3766 3768/3768/3768 3767/3767/3767 
f 3767/3767/3767 3768/3768/3768 3768/3768/3768 
f 3768/3768/3768 3756/3756/3756 3768/3768/3768 
f 3768/3768/3768 3756/3756/3756 3756/3756/3756 
f 3756/3756/3756 3758/3758/3758 3756/3756/3756 
f 3756/3756/3756 3758/3758/3758 3769/3769/3769 
f 3758/3758/3758 3770/3770/3770 3769/3769/3769 
f 3769/3769/3769 3770/3770/3770 3771/3771/3771 
f 3770/3770/3770 3770/3770/3770 3771/3771/3771 
f 3771/3771/3771 3770/3770/3770 3772/3772/3772 
f 3770/3770/3770 3773/3773/3773 3772/3772/3772 
f 3772/3772/3772 3773/3773/3773 3774/3774/3774 
f 3773/3773/3773 3765/3765/3765 3774/3774/3774 
f 3774/3774/3774 3765/3765/3765 3767/3767/3767 
f 3765/3765/3765 3767/3767/3767 3767/3767/3767 
f 3767/3767/3767 3767/3767/3767 3765/3765/3765 
f 3767/3767/3767 3765/3765/3765 3765/3765/3765 
f 3765/3765/3765 3765/3765/3765 3762/3762/3762 
f 3765/3765/3765 3773/3773/3773 3762/3762/3762 
f 3762/3762/3762 3773/3773/3773 3760/3760/3760 
f 3773/3773/3773 3770/3770/3770 3760/3760/3760 
f 3760/3760/3760 3770/3770/3770 3758/3758/3758 
f 3770/3770/3770 3758/3758/3758 3758/3758/3758 
f 3758/3758/3758 3758/3758/3758 3747/3747/3747 
f 3758/3758/3758 3747/3747/3747 3747/3747/3747 
f 3747/3747/3747 3747/3747/3747 3775/3775/3775 
f 3747/3747/3747 3746/3746/3746 3775/3775/3775 
f 3775/3775/3775 3746/3746/3746 3775/3775/3775 
f 3746/3746/3746 3776/3776/3776 3775/3775/3775 
f 3775/3775/3775 3776/3776/3776 3777/3777/3777 
f 3776/3776/3776 3778/3778/3778 3777/3777/3777 
f 3777/3777/3777 3778/3778/3778 3779/3779/3779 
f 3778/3778/3778 3780/3780/3780 3779/3779/3779 
f 3779/3779/3779 3780/3780/3780 3781/3781/3781 
f 3780/3780/3780 3781/3781/3781 3781/3781/3781 
f 3781/3781/3781 3781/3781/3781 3782/3782/3782 
f 3781/3781/3781 3782/3782/3782 3782/3782/3782 
f 3782/3782/3782 3782/3782/3782 3782/3782/3782 
f 3782/3782/3782 3783/3783/3783 3782/3782/3782 
f 3782/3782/3782 3783/3783/3783 3784/3784/3784 
f 3783/3783/3783 3785/3785/3785 3784/3784/3784 
f 3784/3784/3784 3785/3785/3785 3786/3786/3786 
f 3785/3785/3785 3787/3787/3787 3786/3786/3786 
f 3786/3786/3786 3787/3787/3787 3788/3788/3788 
f 3787/3787/3787 3789/3789/3789 3788/3788/3788 
f 3788/3788/3788 3789/3789/3789 3790/3790/3790 
f 3789/3789/3789 3791/3791/3791 3790/3790/3790 
f 3790/3790/3790 3791/3791/3791 3792/3792/3792 
f 3791/3791/3791 3793/3793/3793 3792/3792/3792 
f 3792/3792/3792 3793/3793/3793 3794/3794/3794 
f 3793/3793/3793 3795/3795/3795 3794/3794/3794 
f 3794/3794/3794 3795/3795/3795 3796/3796/3796 
f 3795/3795/3795 3797/3797/3797 3796/3796/3796 
f 3796/3796/3796 3797/3797/3797 3798/3798/3798 
f 3797/3797/3797 3799/3799/3799 3798/3798/3798 
f 3798/3798/3798 3799/3799/3799 3798/3798/3798 
f 3799/3799/3799 3800/3800/3800 3798/3798/3798 
f 3798/3798/3798 3800/3800/3800 3801/3801/3801 
f 3800/3800/3800 3802/3802/3802 3801/3801/3801 
f 3801/3801/3801 3802/3802/3802 3803/3803/3803 
f 3802/3802/3802 3804/3804/3804 3803/3803/3803 
f 3803/3803/3803 3804/3804/3804 3804/3804/3804 
f 3804/3804/3804 3792/3792/3792 3804/3804/3804 
f 3804/3804/3804 3792/3792/3792 3792/3792/3792 
f 3792/3792/3792 3794/3794/3794 3792/3792/3792 
f 3792/3792/3792 3794/3794/3794 3805/3805/3805 
f 3794/3794/3794 3806/3806/3806 3805/3805/3805 
f 3805/3805/3805 3806/3806/3806 3807/3807/3807 
f 3806/3806/3806 3806/3806/3806 3807/3807/3807 
f 3807/3807/3807 3806/3806/3806 3808/3808/3808 
f 3806/3806/3806 3809/3809/3809 3808/3808/3808 
f 3808/3808/3808 3809/3809/3809 3810/3810/3810 
f 3809/3809/3809 3801/3801/3801 3810/3810/3810 
f 3810/3810/3810 3801/3801/3801 3803/3803/3803 
f 3801/3801/3801 3803/3803/3803 3803/3803/3803 
f 3803/3803/3803 3803/3803/3803 3801/3801/3801 
f 3803/3803/3803 3801/3801/3801 3801/3801/3801 
f 3801/3801/3801 3801/3801/3801 3798/3798/3798 
f 3801/3801/3801 3809/3809/3809 3798/3798/3798 
f 3798/3798/3798 3809/3809/3809 3796/3796/3796 
f 3809/3809/3809 3806/3806/3806 3796/3796/3796 
f 3796/3796/3796 3806/3806/3806 3794/3794/3794 
f 3806/3806/3806 3794/3794/3794 3794/3794/3794 
f 3794/3794/3794 3794/3794/3794 3783/3783/3783 
f 3794/3794/3794 3783/3783/3783 3783/3783/3783 
f 3783/3783/3783 3783/3783/3783 3811/3811/3811 
f 3783/3783/3783 3782/3782/3782 3811/3811/3811 
f 3811/3811/3811 3782/3782/3782 3811/3811/3811 
f 3782/3782/3782 3812/3812/3812 3811/3811/3811 
f 3811/3811/3811 3812/3812/3812 3813/3813/3813 
f 3812/3812/3812 3814/3814/3814 3813/3813/3813 
f 3813/3813/3813 3814/3814/3814 3815/3815/3815 
f 3814/3814/3814 3816/3816/3816 3815/3815/3815 
f 3815/3815/3815 3816/3816/3816 3817/3817/3817 

